ISO-10303-21;
HEADER;
FILE_DESCRIPTION(('FreeCAD Model'),'2;1');
FILE_NAME('Open CASCADE Shape Model','2026-10-09T10:01:51',(''),(''),
  'Open CASCADE STEP processor 7.8','FreeCAD','Unknown');
FILE_SCHEMA(('AUTOMOTIVE_DESIGN { 1 0 10303 214 1 1 1 1 }'));
ENDSEC;
DATA;
#1 = APPLICATION_PROTOCOL_DEFINITION('international standard',
  'automotive_design',2000,#2);
#2 = APPLICATION_CONTEXT(
  'core data for automotive mechanical design processes');
#3 = SHAPE_DEFINITION_REPRESENTATION(#4,#10);
#4 = PRODUCT_DEFINITION_SHAPE('','',#5);
#5 = PRODUCT_DEFINITION('design','',#6,#9);
#6 = PRODUCT_DEFINITION_FORMATION('','',#7);
#7 = PRODUCT('W','W','',(#8));
#8 = PRODUCT_CONTEXT('',#2,'mechanical');
#9 = PRODUCT_DEFINITION_CONTEXT('part definition',#2,'design');
#10 = SHAPE_REPRESENTATION('',(#11,#15,#19,#23,#27),#31);
#11 = AXIS2_PLACEMENT_3D('',#12,#13,#14);
#12 = CARTESIAN_POINT('',(0.,0.,0.));
#13 = DIRECTION('',(0.,0.,1.));
#14 = DIRECTION('',(1.,0.,-0.));
#15 = AXIS2_PLACEMENT_3D('',#16,#17,#18);
#16 = CARTESIAN_POINT('',(0.,0.,0.));
#17 = DIRECTION('',(0.,0.,1.));
#18 = DIRECTION('',(1.,0.,0.));
#19 = AXIS2_PLACEMENT_3D('',#20,#21,#22);
#20 = CARTESIAN_POINT('',(0.,0.,0.));
#21 = DIRECTION('',(0.,0.,1.));
#22 = DIRECTION('',(1.,0.,0.));
#23 = AXIS2_PLACEMENT_3D('',#24,#25,#26);
#24 = CARTESIAN_POINT('',(0.,0.,0.));
#25 = DIRECTION('',(0.,0.,1.));
#26 = DIRECTION('',(1.,0.,0.));
#27 = AXIS2_PLACEMENT_3D('',#28,#29,#30);
#28 = CARTESIAN_POINT('',(0.,0.,0.));
#29 = DIRECTION('',(0.,0.,1.));
#30 = DIRECTION('',(1.,0.,0.));
#31 = ( GEOMETRIC_REPRESENTATION_CONTEXT(3) 
GLOBAL_UNCERTAINTY_ASSIGNED_CONTEXT((#35)) GLOBAL_UNIT_ASSIGNED_CONTEXT(
(#32,#33,#34)) REPRESENTATION_CONTEXT('Context #1',
  '3D Context with UNIT and UNCERTAINTY') );
#32 = ( LENGTH_UNIT() NAMED_UNIT(*) SI_UNIT(.MILLI.,.METRE.) );
#33 = ( NAMED_UNIT(*) PLANE_ANGLE_UNIT() SI_UNIT($,.RADIAN.) );
#34 = ( NAMED_UNIT(*) SI_UNIT($,.STERADIAN.) SOLID_ANGLE_UNIT() );
#35 = UNCERTAINTY_MEASURE_WITH_UNIT(LENGTH_MEASURE(1.E-07),#32,
  'distance_accuracy_value','confusion accuracy');
#36 = PRODUCT_RELATED_PRODUCT_CATEGORY('part',$,(#7));
#37 = SHAPE_DEFINITION_REPRESENTATION(#38,#44);
#38 = PRODUCT_DEFINITION_SHAPE('','',#39);
#39 = PRODUCT_DEFINITION('design','',#40,#43);
#40 = PRODUCT_DEFINITION_FORMATION('','',#41);
#41 = PRODUCT('Body','Body','',(#42));
#42 = PRODUCT_CONTEXT('',#2,'mechanical');
#43 = PRODUCT_DEFINITION_CONTEXT('part definition',#2,'design');
#44 = ADVANCED_BREP_SHAPE_REPRESENTATION('',(#11,#45),#3179);
#45 = MANIFOLD_SOLID_BREP('',#46);
#46 = CLOSED_SHELL('',(#47,#571,#647,#1474,#1523,#1572,#1599,#1648,#1697
    ,#1724,#1773,#1822,#1849,#1898,#1947,#1974,#2023,#2081,#2356,#2363,
    #2412,#2461,#2488,#2495,#2544,#2593,#2620,#2627,#2676,#2725,#2752,
    #2759,#2808,#2857,#2884,#2960,#3009,#3058,#3085,#3140,#3147,#3154,
    #3161,#3168,#3175));
#47 = ADVANCED_FACE('',(#48),#62,.F.);
#48 = FACE_BOUND('',#49,.F.);
#49 = EDGE_LOOP('',(#50,#85,#113,#141,#169,#195,#221,#247,#270,#296,#322
    ,#348,#371,#397,#423,#449,#472,#498,#524,#550));
#50 = ORIENTED_EDGE('',*,*,#51,.T.);
#51 = EDGE_CURVE('',#52,#54,#56,.T.);
#52 = VERTEX_POINT('',#53);
#53 = CARTESIAN_POINT('',(-1.5,1.5,2.E-02));
#54 = VERTEX_POINT('',#55);
#55 = CARTESIAN_POINT('',(-1.5,1.5,0.9));
#56 = SURFACE_CURVE('',#57,(#61,#73),.PCURVE_S1.);
#57 = LINE('',#58,#59);
#58 = CARTESIAN_POINT('',(-1.5,1.5,2.E-02));
#59 = VECTOR('',#60,1.);
#60 = DIRECTION('',(0.,0.,1.));
#61 = PCURVE('',#62,#67);
#62 = PLANE('',#63);
#63 = AXIS2_PLACEMENT_3D('',#64,#65,#66);
#64 = CARTESIAN_POINT('',(-1.5,-1.5,2.E-02));
#65 = DIRECTION('',(1.,0.,-0.));
#66 = DIRECTION('',(0.,0.,1.));
#67 = DEFINITIONAL_REPRESENTATION('',(#68),#72);
#68 = LINE('',#69,#70);
#69 = CARTESIAN_POINT('',(0.,-3.));
#70 = VECTOR('',#71,1.);
#71 = DIRECTION('',(1.,0.));
#72 = ( GEOMETRIC_REPRESENTATION_CONTEXT(2) 
PARAMETRIC_REPRESENTATION_CONTEXT() REPRESENTATION_CONTEXT('2D SPACE',''
  ) );
#73 = PCURVE('',#74,#79);
#74 = PLANE('',#75);
#75 = AXIS2_PLACEMENT_3D('',#76,#77,#78);
#76 = CARTESIAN_POINT('',(-1.5,1.5,2.E-02));
#77 = DIRECTION('',(-0.,1.,0.));
#78 = DIRECTION('',(0.,0.,1.));
#79 = DEFINITIONAL_REPRESENTATION('',(#80),#84);
#80 = LINE('',#81,#82);
#81 = CARTESIAN_POINT('',(0.,0.));
#82 = VECTOR('',#83,1.);
#83 = DIRECTION('',(1.,0.));
#84 = ( GEOMETRIC_REPRESENTATION_CONTEXT(2) 
PARAMETRIC_REPRESENTATION_CONTEXT() REPRESENTATION_CONTEXT('2D SPACE',''
  ) );
#85 = ORIENTED_EDGE('',*,*,#86,.F.);
#86 = EDGE_CURVE('',#87,#54,#89,.T.);
#87 = VERTEX_POINT('',#88);
#88 = CARTESIAN_POINT('',(-1.5,-1.5,0.9));
#89 = SURFACE_CURVE('',#90,(#94,#101),.PCURVE_S1.);
#90 = LINE('',#91,#92);
#91 = CARTESIAN_POINT('',(-1.5,-1.5,0.9));
#92 = VECTOR('',#93,1.);
#93 = DIRECTION('',(-0.,1.,0.));
#94 = PCURVE('',#62,#95);
#95 = DEFINITIONAL_REPRESENTATION('',(#96),#100);
#96 = LINE('',#97,#98);
#97 = CARTESIAN_POINT('',(0.88,0.));
#98 = VECTOR('',#99,1.);
#99 = DIRECTION('',(0.,-1.));
#100 = ( GEOMETRIC_REPRESENTATION_CONTEXT(2) 
PARAMETRIC_REPRESENTATION_CONTEXT() REPRESENTATION_CONTEXT('2D SPACE',''
  ) );
#101 = PCURVE('',#102,#107);
#102 = PLANE('',#103);
#103 = AXIS2_PLACEMENT_3D('',#104,#105,#106);
#104 = CARTESIAN_POINT('',(-1.5,-1.5,0.9));
#105 = DIRECTION('',(0.,0.,1.));
#106 = DIRECTION('',(1.,0.,-0.));
#107 = DEFINITIONAL_REPRESENTATION('',(#108),#112);
#108 = LINE('',#109,#110);
#109 = CARTESIAN_POINT('',(0.,0.));
#110 = VECTOR('',#111,1.);
#111 = DIRECTION('',(0.,1.));
#112 = ( GEOMETRIC_REPRESENTATION_CONTEXT(2) 
PARAMETRIC_REPRESENTATION_CONTEXT() REPRESENTATION_CONTEXT('2D SPACE',''
  ) );
#113 = ORIENTED_EDGE('',*,*,#114,.F.);
#114 = EDGE_CURVE('',#115,#87,#117,.T.);
#115 = VERTEX_POINT('',#116);
#116 = CARTESIAN_POINT('',(-1.5,-1.5,2.E-02));
#117 = SURFACE_CURVE('',#118,(#122,#129),.PCURVE_S1.);
#118 = LINE('',#119,#120);
#119 = CARTESIAN_POINT('',(-1.5,-1.5,2.E-02));
#120 = VECTOR('',#121,1.);
#121 = DIRECTION('',(0.,0.,1.));
#122 = PCURVE('',#62,#123);
#123 = DEFINITIONAL_REPRESENTATION('',(#124),#128);
#124 = LINE('',#125,#126);
#125 = CARTESIAN_POINT('',(0.,0.));
#126 = VECTOR('',#127,1.);
#127 = DIRECTION('',(1.,0.));
#128 = ( GEOMETRIC_REPRESENTATION_CONTEXT(2) 
PARAMETRIC_REPRESENTATION_CONTEXT() REPRESENTATION_CONTEXT('2D SPACE',''
  ) );
#129 = PCURVE('',#130,#135);
#130 = PLANE('',#131);
#131 = AXIS2_PLACEMENT_3D('',#132,#133,#134);
#132 = CARTESIAN_POINT('',(-1.5,-1.5,2.E-02));
#133 = DIRECTION('',(-0.,1.,0.));
#134 = DIRECTION('',(0.,0.,1.));
#135 = DEFINITIONAL_REPRESENTATION('',(#136),#140);
#136 = LINE('',#137,#138);
#137 = CARTESIAN_POINT('',(0.,0.));
#138 = VECTOR('',#139,1.);
#139 = DIRECTION('',(1.,0.));
#140 = ( GEOMETRIC_REPRESENTATION_CONTEXT(2) 
PARAMETRIC_REPRESENTATION_CONTEXT() REPRESENTATION_CONTEXT('2D SPACE',''
  ) );
#141 = ORIENTED_EDGE('',*,*,#142,.T.);
#142 = EDGE_CURVE('',#115,#143,#145,.T.);
#143 = VERTEX_POINT('',#144);
#144 = CARTESIAN_POINT('',(-1.5,-1.13,2.E-02));
#145 = SURFACE_CURVE('',#146,(#150,#157),.PCURVE_S1.);
#146 = LINE('',#147,#148);
#147 = CARTESIAN_POINT('',(-1.5,-1.5,2.E-02));
#148 = VECTOR('',#149,1.);
#149 = DIRECTION('',(-0.,1.,0.));
#150 = PCURVE('',#62,#151);
#151 = DEFINITIONAL_REPRESENTATION('',(#152),#156);
#152 = LINE('',#153,#154);
#153 = CARTESIAN_POINT('',(0.,0.));
#154 = VECTOR('',#155,1.);
#155 = DIRECTION('',(0.,-1.));
#156 = ( GEOMETRIC_REPRESENTATION_CONTEXT(2) 
PARAMETRIC_REPRESENTATION_CONTEXT() REPRESENTATION_CONTEXT('2D SPACE',''
  ) );
#157 = PCURVE('',#158,#163);
#158 = PLANE('',#159);
#159 = AXIS2_PLACEMENT_3D('',#160,#161,#162);
#160 = CARTESIAN_POINT('',(-1.5,-1.5,2.E-02));
#161 = DIRECTION('',(0.,0.,1.));
#162 = DIRECTION('',(1.,0.,-0.));
#163 = DEFINITIONAL_REPRESENTATION('',(#164),#168);
#164 = LINE('',#165,#166);
#165 = CARTESIAN_POINT('',(0.,0.));
#166 = VECTOR('',#167,1.);
#167 = DIRECTION('',(0.,1.));
#168 = ( GEOMETRIC_REPRESENTATION_CONTEXT(2) 
PARAMETRIC_REPRESENTATION_CONTEXT() REPRESENTATION_CONTEXT('2D SPACE',''
  ) );
#169 = ORIENTED_EDGE('',*,*,#170,.T.);
#170 = EDGE_CURVE('',#143,#171,#173,.T.);
#171 = VERTEX_POINT('',#172);
#172 = CARTESIAN_POINT('',(-1.5,-1.13,0.2));
#173 = SURFACE_CURVE('',#174,(#178,#184),.PCURVE_S1.);
#174 = LINE('',#175,#176);
#175 = CARTESIAN_POINT('',(-1.5,-1.13,1.5E-02));
#176 = VECTOR('',#177,1.);
#177 = DIRECTION('',(0.,0.,1.));
#178 = PCURVE('',#62,#179);
#179 = DEFINITIONAL_REPRESENTATION('',(#180),#183);
#180 = B_SPLINE_CURVE_WITH_KNOTS('',1,(#181,#182),.UNSPECIFIED.,.F.,.F.,
  (2,2),(5.E-03,0.185),.PIECEWISE_BEZIER_KNOTS.);
#181 = CARTESIAN_POINT('',(0.,-0.37));
#182 = CARTESIAN_POINT('',(0.18,-0.37));
#183 = ( GEOMETRIC_REPRESENTATION_CONTEXT(2) 
PARAMETRIC_REPRESENTATION_CONTEXT() REPRESENTATION_CONTEXT('2D SPACE',''
  ) );
#184 = PCURVE('',#185,#190);
#185 = PLANE('',#186);
#186 = AXIS2_PLACEMENT_3D('',#187,#188,#189);
#187 = CARTESIAN_POINT('',(-1.501,-1.13,1.E-02));
#188 = DIRECTION('',(-0.,1.,0.));
#189 = DIRECTION('',(0.,0.,1.));
#190 = DEFINITIONAL_REPRESENTATION('',(#191),#194);
#191 = B_SPLINE_CURVE_WITH_KNOTS('',1,(#192,#193),.UNSPECIFIED.,.F.,.F.,
  (2,2),(5.E-03,0.185),.PIECEWISE_BEZIER_KNOTS.);
#192 = CARTESIAN_POINT('',(1.E-02,9.999999999999E-04));
#193 = CARTESIAN_POINT('',(0.19,9.999999999999E-04));
#194 = ( GEOMETRIC_REPRESENTATION_CONTEXT(2) 
PARAMETRIC_REPRESENTATION_CONTEXT() REPRESENTATION_CONTEXT('2D SPACE',''
  ) );
#195 = ORIENTED_EDGE('',*,*,#196,.F.);
#196 = EDGE_CURVE('',#197,#171,#199,.T.);
#197 = VERTEX_POINT('',#198);
#198 = CARTESIAN_POINT('',(-1.5,-0.82,0.2));
#199 = SURFACE_CURVE('',#200,(#204,#210),.PCURVE_S1.);
#200 = LINE('',#201,#202);
#201 = CARTESIAN_POINT('',(-1.5,-1.315,0.2));
#202 = VECTOR('',#203,1.);
#203 = DIRECTION('',(0.,-1.,0.));
#204 = PCURVE('',#62,#205);
#205 = DEFINITIONAL_REPRESENTATION('',(#206),#209);
#206 = B_SPLINE_CURVE_WITH_KNOTS('',1,(#207,#208),.UNSPECIFIED.,.F.,.F.,
  (2,2),(-0.495,-0.185),.PIECEWISE_BEZIER_KNOTS.);
#207 = CARTESIAN_POINT('',(0.18,-0.68));
#208 = CARTESIAN_POINT('',(0.18,-0.37));
#209 = ( GEOMETRIC_REPRESENTATION_CONTEXT(2) 
PARAMETRIC_REPRESENTATION_CONTEXT() REPRESENTATION_CONTEXT('2D SPACE',''
  ) );
#210 = PCURVE('',#211,#216);
#211 = PLANE('',#212);
#212 = AXIS2_PLACEMENT_3D('',#213,#214,#215);
#213 = CARTESIAN_POINT('',(-1.501,-1.13,0.2));
#214 = DIRECTION('',(0.,0.,1.));
#215 = DIRECTION('',(1.,0.,-0.));
#216 = DEFINITIONAL_REPRESENTATION('',(#217),#220);
#217 = B_SPLINE_CURVE_WITH_KNOTS('',1,(#218,#219),.UNSPECIFIED.,.F.,.F.,
  (2,2),(-0.495,-0.185),.PIECEWISE_BEZIER_KNOTS.);
#218 = CARTESIAN_POINT('',(9.999999999999E-04,0.31));
#219 = CARTESIAN_POINT('',(9.999999999999E-04,0.));
#220 = ( GEOMETRIC_REPRESENTATION_CONTEXT(2) 
PARAMETRIC_REPRESENTATION_CONTEXT() REPRESENTATION_CONTEXT('2D SPACE',''
  ) );
#221 = ORIENTED_EDGE('',*,*,#222,.F.);
#222 = EDGE_CURVE('',#223,#197,#225,.T.);
#223 = VERTEX_POINT('',#224);
#224 = CARTESIAN_POINT('',(-1.5,-0.82,2.E-02));
#225 = SURFACE_CURVE('',#226,(#230,#236),.PCURVE_S1.);
#226 = LINE('',#227,#228);
#227 = CARTESIAN_POINT('',(-1.5,-0.82,1.5E-02));
#228 = VECTOR('',#229,1.);
#229 = DIRECTION('',(0.,0.,1.));
#230 = PCURVE('',#62,#231);
#231 = DEFINITIONAL_REPRESENTATION('',(#232),#235);
#232 = B_SPLINE_CURVE_WITH_KNOTS('',1,(#233,#234),.UNSPECIFIED.,.F.,.F.,
  (2,2),(5.E-03,0.185),.PIECEWISE_BEZIER_KNOTS.);
#233 = CARTESIAN_POINT('',(0.,-0.68));
#234 = CARTESIAN_POINT('',(0.18,-0.68));
#235 = ( GEOMETRIC_REPRESENTATION_CONTEXT(2) 
PARAMETRIC_REPRESENTATION_CONTEXT() REPRESENTATION_CONTEXT('2D SPACE',''
  ) );
#236 = PCURVE('',#237,#242);
#237 = PLANE('',#238);
#238 = AXIS2_PLACEMENT_3D('',#239,#240,#241);
#239 = CARTESIAN_POINT('',(-1.501,-0.82,1.E-02));
#240 = DIRECTION('',(-0.,1.,0.));
#241 = DIRECTION('',(0.,0.,1.));
#242 = DEFINITIONAL_REPRESENTATION('',(#243),#246);
#243 = B_SPLINE_CURVE_WITH_KNOTS('',1,(#244,#245),.UNSPECIFIED.,.F.,.F.,
  (2,2),(5.E-03,0.185),.PIECEWISE_BEZIER_KNOTS.);
#244 = CARTESIAN_POINT('',(1.E-02,9.999999999999E-04));
#245 = CARTESIAN_POINT('',(0.19,9.999999999999E-04));
#246 = ( GEOMETRIC_REPRESENTATION_CONTEXT(2) 
PARAMETRIC_REPRESENTATION_CONTEXT() REPRESENTATION_CONTEXT('2D SPACE',''
  ) );
#247 = ORIENTED_EDGE('',*,*,#248,.T.);
#248 = EDGE_CURVE('',#223,#249,#251,.T.);
#249 = VERTEX_POINT('',#250);
#250 = CARTESIAN_POINT('',(-1.5,-0.48,2.E-02));
#251 = SURFACE_CURVE('',#252,(#256,#263),.PCURVE_S1.);
#252 = LINE('',#253,#254);
#253 = CARTESIAN_POINT('',(-1.5,-1.5,2.E-02));
#254 = VECTOR('',#255,1.);
#255 = DIRECTION('',(-0.,1.,0.));
#256 = PCURVE('',#62,#257);
#257 = DEFINITIONAL_REPRESENTATION('',(#258),#262);
#258 = LINE('',#259,#260);
#259 = CARTESIAN_POINT('',(0.,0.));
#260 = VECTOR('',#261,1.);
#261 = DIRECTION('',(0.,-1.));
#262 = ( GEOMETRIC_REPRESENTATION_CONTEXT(2) 
PARAMETRIC_REPRESENTATION_CONTEXT() REPRESENTATION_CONTEXT('2D SPACE',''
  ) );
#263 = PCURVE('',#158,#264);
#264 = DEFINITIONAL_REPRESENTATION('',(#265),#269);
#265 = LINE('',#266,#267);
#266 = CARTESIAN_POINT('',(0.,0.));
#267 = VECTOR('',#268,1.);
#268 = DIRECTION('',(0.,1.));
#269 = ( GEOMETRIC_REPRESENTATION_CONTEXT(2) 
PARAMETRIC_REPRESENTATION_CONTEXT() REPRESENTATION_CONTEXT('2D SPACE',''
  ) );
#270 = ORIENTED_EDGE('',*,*,#271,.T.);
#271 = EDGE_CURVE('',#249,#272,#274,.T.);
#272 = VERTEX_POINT('',#273);
#273 = CARTESIAN_POINT('',(-1.5,-0.48,0.2));
#274 = SURFACE_CURVE('',#275,(#279,#285),.PCURVE_S1.);
#275 = LINE('',#276,#277);
#276 = CARTESIAN_POINT('',(-1.5,-0.48,1.5E-02));
#277 = VECTOR('',#278,1.);
#278 = DIRECTION('',(0.,0.,1.));
#279 = PCURVE('',#62,#280);
#280 = DEFINITIONAL_REPRESENTATION('',(#281),#284);
#281 = B_SPLINE_CURVE_WITH_KNOTS('',1,(#282,#283),.UNSPECIFIED.,.F.,.F.,
  (2,2),(5.E-03,0.185),.PIECEWISE_BEZIER_KNOTS.);
#282 = CARTESIAN_POINT('',(0.,-1.02));
#283 = CARTESIAN_POINT('',(0.18,-1.02));
#284 = ( GEOMETRIC_REPRESENTATION_CONTEXT(2) 
PARAMETRIC_REPRESENTATION_CONTEXT() REPRESENTATION_CONTEXT('2D SPACE',''
  ) );
#285 = PCURVE('',#286,#291);
#286 = PLANE('',#287);
#287 = AXIS2_PLACEMENT_3D('',#288,#289,#290);
#288 = CARTESIAN_POINT('',(-1.501,-0.48,1.E-02));
#289 = DIRECTION('',(-0.,1.,0.));
#290 = DIRECTION('',(0.,0.,1.));
#291 = DEFINITIONAL_REPRESENTATION('',(#292),#295);
#292 = B_SPLINE_CURVE_WITH_KNOTS('',1,(#293,#294),.UNSPECIFIED.,.F.,.F.,
  (2,2),(5.E-03,0.185),.PIECEWISE_BEZIER_KNOTS.);
#293 = CARTESIAN_POINT('',(1.E-02,9.999999999999E-04));
#294 = CARTESIAN_POINT('',(0.19,9.999999999999E-04));
#295 = ( GEOMETRIC_REPRESENTATION_CONTEXT(2) 
PARAMETRIC_REPRESENTATION_CONTEXT() REPRESENTATION_CONTEXT('2D SPACE',''
  ) );
#296 = ORIENTED_EDGE('',*,*,#297,.F.);
#297 = EDGE_CURVE('',#298,#272,#300,.T.);
#298 = VERTEX_POINT('',#299);
#299 = CARTESIAN_POINT('',(-1.5,-0.17,0.2));
#300 = SURFACE_CURVE('',#301,(#305,#311),.PCURVE_S1.);
#301 = LINE('',#302,#303);
#302 = CARTESIAN_POINT('',(-1.5,-0.99,0.2));
#303 = VECTOR('',#304,1.);
#304 = DIRECTION('',(0.,-1.,0.));
#305 = PCURVE('',#62,#306);
#306 = DEFINITIONAL_REPRESENTATION('',(#307),#310);
#307 = B_SPLINE_CURVE_WITH_KNOTS('',1,(#308,#309),.UNSPECIFIED.,.F.,.F.,
  (2,2),(-0.82,-0.51),.PIECEWISE_BEZIER_KNOTS.);
#308 = CARTESIAN_POINT('',(0.18,-1.33));
#309 = CARTESIAN_POINT('',(0.18,-1.02));
#310 = ( GEOMETRIC_REPRESENTATION_CONTEXT(2) 
PARAMETRIC_REPRESENTATION_CONTEXT() REPRESENTATION_CONTEXT('2D SPACE',''
  ) );
#311 = PCURVE('',#312,#317);
#312 = PLANE('',#313);
#313 = AXIS2_PLACEMENT_3D('',#314,#315,#316);
#314 = CARTESIAN_POINT('',(-1.501,-0.48,0.2));
#315 = DIRECTION('',(0.,0.,1.));
#316 = DIRECTION('',(1.,0.,-0.));
#317 = DEFINITIONAL_REPRESENTATION('',(#318),#321);
#318 = B_SPLINE_CURVE_WITH_KNOTS('',1,(#319,#320),.UNSPECIFIED.,.F.,.F.,
  (2,2),(-0.82,-0.51),.PIECEWISE_BEZIER_KNOTS.);
#319 = CARTESIAN_POINT('',(9.999999999999E-04,0.31));
#320 = CARTESIAN_POINT('',(9.999999999999E-04,0.));
#321 = ( GEOMETRIC_REPRESENTATION_CONTEXT(2) 
PARAMETRIC_REPRESENTATION_CONTEXT() REPRESENTATION_CONTEXT('2D SPACE',''
  ) );
#322 = ORIENTED_EDGE('',*,*,#323,.F.);
#323 = EDGE_CURVE('',#324,#298,#326,.T.);
#324 = VERTEX_POINT('',#325);
#325 = CARTESIAN_POINT('',(-1.5,-0.17,2.E-02));
#326 = SURFACE_CURVE('',#327,(#331,#337),.PCURVE_S1.);
#327 = LINE('',#328,#329);
#328 = CARTESIAN_POINT('',(-1.5,-0.17,1.5E-02));
#329 = VECTOR('',#330,1.);
#330 = DIRECTION('',(0.,0.,1.));
#331 = PCURVE('',#62,#332);
#332 = DEFINITIONAL_REPRESENTATION('',(#333),#336);
#333 = B_SPLINE_CURVE_WITH_KNOTS('',1,(#334,#335),.UNSPECIFIED.,.F.,.F.,
  (2,2),(5.E-03,0.185),.PIECEWISE_BEZIER_KNOTS.);
#334 = CARTESIAN_POINT('',(0.,-1.33));
#335 = CARTESIAN_POINT('',(0.18,-1.33));
#336 = ( GEOMETRIC_REPRESENTATION_CONTEXT(2) 
PARAMETRIC_REPRESENTATION_CONTEXT() REPRESENTATION_CONTEXT('2D SPACE',''
  ) );
#337 = PCURVE('',#338,#343);
#338 = PLANE('',#339);
#339 = AXIS2_PLACEMENT_3D('',#340,#341,#342);
#340 = CARTESIAN_POINT('',(-1.501,-0.17,1.E-02));
#341 = DIRECTION('',(-0.,1.,0.));
#342 = DIRECTION('',(0.,0.,1.));
#343 = DEFINITIONAL_REPRESENTATION('',(#344),#347);
#344 = B_SPLINE_CURVE_WITH_KNOTS('',1,(#345,#346),.UNSPECIFIED.,.F.,.F.,
  (2,2),(5.E-03,0.185),.PIECEWISE_BEZIER_KNOTS.);
#345 = CARTESIAN_POINT('',(1.E-02,9.999999999999E-04));
#346 = CARTESIAN_POINT('',(0.19,9.999999999999E-04));
#347 = ( GEOMETRIC_REPRESENTATION_CONTEXT(2) 
PARAMETRIC_REPRESENTATION_CONTEXT() REPRESENTATION_CONTEXT('2D SPACE',''
  ) );
#348 = ORIENTED_EDGE('',*,*,#349,.T.);
#349 = EDGE_CURVE('',#324,#350,#352,.T.);
#350 = VERTEX_POINT('',#351);
#351 = CARTESIAN_POINT('',(-1.5,0.17,2.E-02));
#352 = SURFACE_CURVE('',#353,(#357,#364),.PCURVE_S1.);
#353 = LINE('',#354,#355);
#354 = CARTESIAN_POINT('',(-1.5,-1.5,2.E-02));
#355 = VECTOR('',#356,1.);
#356 = DIRECTION('',(-0.,1.,0.));
#357 = PCURVE('',#62,#358);
#358 = DEFINITIONAL_REPRESENTATION('',(#359),#363);
#359 = LINE('',#360,#361);
#360 = CARTESIAN_POINT('',(0.,0.));
#361 = VECTOR('',#362,1.);
#362 = DIRECTION('',(0.,-1.));
#363 = ( GEOMETRIC_REPRESENTATION_CONTEXT(2) 
PARAMETRIC_REPRESENTATION_CONTEXT() REPRESENTATION_CONTEXT('2D SPACE',''
  ) );
#364 = PCURVE('',#158,#365);
#365 = DEFINITIONAL_REPRESENTATION('',(#366),#370);
#366 = LINE('',#367,#368);
#367 = CARTESIAN_POINT('',(0.,0.));
#368 = VECTOR('',#369,1.);
#369 = DIRECTION('',(0.,1.));
#370 = ( GEOMETRIC_REPRESENTATION_CONTEXT(2) 
PARAMETRIC_REPRESENTATION_CONTEXT() REPRESENTATION_CONTEXT('2D SPACE',''
  ) );
#371 = ORIENTED_EDGE('',*,*,#372,.T.);
#372 = EDGE_CURVE('',#350,#373,#375,.T.);
#373 = VERTEX_POINT('',#374);
#374 = CARTESIAN_POINT('',(-1.5,0.17,0.2));
#375 = SURFACE_CURVE('',#376,(#380,#386),.PCURVE_S1.);
#376 = LINE('',#377,#378);
#377 = CARTESIAN_POINT('',(-1.5,0.17,1.5E-02));
#378 = VECTOR('',#379,1.);
#379 = DIRECTION('',(0.,0.,1.));
#380 = PCURVE('',#62,#381);
#381 = DEFINITIONAL_REPRESENTATION('',(#382),#385);
#382 = B_SPLINE_CURVE_WITH_KNOTS('',1,(#383,#384),.UNSPECIFIED.,.F.,.F.,
  (2,2),(5.E-03,0.185),.PIECEWISE_BEZIER_KNOTS.);
#383 = CARTESIAN_POINT('',(0.,-1.67));
#384 = CARTESIAN_POINT('',(0.18,-1.67));
#385 = ( GEOMETRIC_REPRESENTATION_CONTEXT(2) 
PARAMETRIC_REPRESENTATION_CONTEXT() REPRESENTATION_CONTEXT('2D SPACE',''
  ) );
#386 = PCURVE('',#387,#392);
#387 = PLANE('',#388);
#388 = AXIS2_PLACEMENT_3D('',#389,#390,#391);
#389 = CARTESIAN_POINT('',(-1.501,0.17,1.E-02));
#390 = DIRECTION('',(-0.,1.,0.));
#391 = DIRECTION('',(0.,0.,1.));
#392 = DEFINITIONAL_REPRESENTATION('',(#393),#396);
#393 = B_SPLINE_CURVE_WITH_KNOTS('',1,(#394,#395),.UNSPECIFIED.,.F.,.F.,
  (2,2),(5.E-03,0.185),.PIECEWISE_BEZIER_KNOTS.);
#394 = CARTESIAN_POINT('',(1.E-02,9.999999999999E-04));
#395 = CARTESIAN_POINT('',(0.19,9.999999999999E-04));
#396 = ( GEOMETRIC_REPRESENTATION_CONTEXT(2) 
PARAMETRIC_REPRESENTATION_CONTEXT() REPRESENTATION_CONTEXT('2D SPACE',''
  ) );
#397 = ORIENTED_EDGE('',*,*,#398,.F.);
#398 = EDGE_CURVE('',#399,#373,#401,.T.);
#399 = VERTEX_POINT('',#400);
#400 = CARTESIAN_POINT('',(-1.5,0.48,0.2));
#401 = SURFACE_CURVE('',#402,(#406,#412),.PCURVE_S1.);
#402 = LINE('',#403,#404);
#403 = CARTESIAN_POINT('',(-1.5,-0.665,0.2));
#404 = VECTOR('',#405,1.);
#405 = DIRECTION('',(0.,-1.,0.));
#406 = PCURVE('',#62,#407);
#407 = DEFINITIONAL_REPRESENTATION('',(#408),#411);
#408 = B_SPLINE_CURVE_WITH_KNOTS('',1,(#409,#410),.UNSPECIFIED.,.F.,.F.,
  (2,2),(-1.145,-0.835),.PIECEWISE_BEZIER_KNOTS.);
#409 = CARTESIAN_POINT('',(0.18,-1.98));
#410 = CARTESIAN_POINT('',(0.18,-1.67));
#411 = ( GEOMETRIC_REPRESENTATION_CONTEXT(2) 
PARAMETRIC_REPRESENTATION_CONTEXT() REPRESENTATION_CONTEXT('2D SPACE',''
  ) );
#412 = PCURVE('',#413,#418);
#413 = PLANE('',#414);
#414 = AXIS2_PLACEMENT_3D('',#415,#416,#417);
#415 = CARTESIAN_POINT('',(-1.501,0.17,0.2));
#416 = DIRECTION('',(0.,0.,1.));
#417 = DIRECTION('',(1.,0.,-0.));
#418 = DEFINITIONAL_REPRESENTATION('',(#419),#422);
#419 = B_SPLINE_CURVE_WITH_KNOTS('',1,(#420,#421),.UNSPECIFIED.,.F.,.F.,
  (2,2),(-1.145,-0.835),.PIECEWISE_BEZIER_KNOTS.);
#420 = CARTESIAN_POINT('',(9.999999999999E-04,0.31));
#421 = CARTESIAN_POINT('',(9.999999999999E-04,0.));
#422 = ( GEOMETRIC_REPRESENTATION_CONTEXT(2) 
PARAMETRIC_REPRESENTATION_CONTEXT() REPRESENTATION_CONTEXT('2D SPACE',''
  ) );
#423 = ORIENTED_EDGE('',*,*,#424,.F.);
#424 = EDGE_CURVE('',#425,#399,#427,.T.);
#425 = VERTEX_POINT('',#426);
#426 = CARTESIAN_POINT('',(-1.5,0.48,2.E-02));
#427 = SURFACE_CURVE('',#428,(#432,#438),.PCURVE_S1.);
#428 = LINE('',#429,#430);
#429 = CARTESIAN_POINT('',(-1.5,0.48,1.5E-02));
#430 = VECTOR('',#431,1.);
#431 = DIRECTION('',(0.,0.,1.));
#432 = PCURVE('',#62,#433);
#433 = DEFINITIONAL_REPRESENTATION('',(#434),#437);
#434 = B_SPLINE_CURVE_WITH_KNOTS('',1,(#435,#436),.UNSPECIFIED.,.F.,.F.,
  (2,2),(5.E-03,0.185),.PIECEWISE_BEZIER_KNOTS.);
#435 = CARTESIAN_POINT('',(0.,-1.98));
#436 = CARTESIAN_POINT('',(0.18,-1.98));
#437 = ( GEOMETRIC_REPRESENTATION_CONTEXT(2) 
PARAMETRIC_REPRESENTATION_CONTEXT() REPRESENTATION_CONTEXT('2D SPACE',''
  ) );
#438 = PCURVE('',#439,#444);
#439 = PLANE('',#440);
#440 = AXIS2_PLACEMENT_3D('',#441,#442,#443);
#441 = CARTESIAN_POINT('',(-1.501,0.48,1.E-02));
#442 = DIRECTION('',(-0.,1.,0.));
#443 = DIRECTION('',(0.,0.,1.));
#444 = DEFINITIONAL_REPRESENTATION('',(#445),#448);
#445 = B_SPLINE_CURVE_WITH_KNOTS('',1,(#446,#447),.UNSPECIFIED.,.F.,.F.,
  (2,2),(5.E-03,0.185),.PIECEWISE_BEZIER_KNOTS.);
#446 = CARTESIAN_POINT('',(1.E-02,9.999999999999E-04));
#447 = CARTESIAN_POINT('',(0.19,9.999999999999E-04));
#448 = ( GEOMETRIC_REPRESENTATION_CONTEXT(2) 
PARAMETRIC_REPRESENTATION_CONTEXT() REPRESENTATION_CONTEXT('2D SPACE',''
  ) );
#449 = ORIENTED_EDGE('',*,*,#450,.T.);
#450 = EDGE_CURVE('',#425,#451,#453,.T.);
#451 = VERTEX_POINT('',#452);
#452 = CARTESIAN_POINT('',(-1.5,0.82,2.E-02));
#453 = SURFACE_CURVE('',#454,(#458,#465),.PCURVE_S1.);
#454 = LINE('',#455,#456);
#455 = CARTESIAN_POINT('',(-1.5,-1.5,2.E-02));
#456 = VECTOR('',#457,1.);
#457 = DIRECTION('',(-0.,1.,0.));
#458 = PCURVE('',#62,#459);
#459 = DEFINITIONAL_REPRESENTATION('',(#460),#464);
#460 = LINE('',#461,#462);
#461 = CARTESIAN_POINT('',(0.,0.));
#462 = VECTOR('',#463,1.);
#463 = DIRECTION('',(0.,-1.));
#464 = ( GEOMETRIC_REPRESENTATION_CONTEXT(2) 
PARAMETRIC_REPRESENTATION_CONTEXT() REPRESENTATION_CONTEXT('2D SPACE',''
  ) );
#465 = PCURVE('',#158,#466);
#466 = DEFINITIONAL_REPRESENTATION('',(#467),#471);
#467 = LINE('',#468,#469);
#468 = CARTESIAN_POINT('',(0.,0.));
#469 = VECTOR('',#470,1.);
#470 = DIRECTION('',(0.,1.));
#471 = ( GEOMETRIC_REPRESENTATION_CONTEXT(2) 
PARAMETRIC_REPRESENTATION_CONTEXT() REPRESENTATION_CONTEXT('2D SPACE',''
  ) );
#472 = ORIENTED_EDGE('',*,*,#473,.T.);
#473 = EDGE_CURVE('',#451,#474,#476,.T.);
#474 = VERTEX_POINT('',#475);
#475 = CARTESIAN_POINT('',(-1.5,0.82,0.2));
#476 = SURFACE_CURVE('',#477,(#481,#487),.PCURVE_S1.);
#477 = LINE('',#478,#479);
#478 = CARTESIAN_POINT('',(-1.5,0.82,1.5E-02));
#479 = VECTOR('',#480,1.);
#480 = DIRECTION('',(0.,0.,1.));
#481 = PCURVE('',#62,#482);
#482 = DEFINITIONAL_REPRESENTATION('',(#483),#486);
#483 = B_SPLINE_CURVE_WITH_KNOTS('',1,(#484,#485),.UNSPECIFIED.,.F.,.F.,
  (2,2),(5.E-03,0.185),.PIECEWISE_BEZIER_KNOTS.);
#484 = CARTESIAN_POINT('',(0.,-2.32));
#485 = CARTESIAN_POINT('',(0.18,-2.32));
#486 = ( GEOMETRIC_REPRESENTATION_CONTEXT(2) 
PARAMETRIC_REPRESENTATION_CONTEXT() REPRESENTATION_CONTEXT('2D SPACE',''
  ) );
#487 = PCURVE('',#488,#493);
#488 = PLANE('',#489);
#489 = AXIS2_PLACEMENT_3D('',#490,#491,#492);
#490 = CARTESIAN_POINT('',(-1.501,0.82,1.E-02));
#491 = DIRECTION('',(-0.,1.,0.));
#492 = DIRECTION('',(0.,0.,1.));
#493 = DEFINITIONAL_REPRESENTATION('',(#494),#497);
#494 = B_SPLINE_CURVE_WITH_KNOTS('',1,(#495,#496),.UNSPECIFIED.,.F.,.F.,
  (2,2),(5.E-03,0.185),.PIECEWISE_BEZIER_KNOTS.);
#495 = CARTESIAN_POINT('',(1.E-02,9.999999999999E-04));
#496 = CARTESIAN_POINT('',(0.19,9.999999999999E-04));
#497 = ( GEOMETRIC_REPRESENTATION_CONTEXT(2) 
PARAMETRIC_REPRESENTATION_CONTEXT() REPRESENTATION_CONTEXT('2D SPACE',''
  ) );
#498 = ORIENTED_EDGE('',*,*,#499,.F.);
#499 = EDGE_CURVE('',#500,#474,#502,.T.);
#500 = VERTEX_POINT('',#501);
#501 = CARTESIAN_POINT('',(-1.5,1.13,0.2));
#502 = SURFACE_CURVE('',#503,(#507,#513),.PCURVE_S1.);
#503 = LINE('',#504,#505);
#504 = CARTESIAN_POINT('',(-1.5,-0.34,0.2));
#505 = VECTOR('',#506,1.);
#506 = DIRECTION('',(0.,-1.,0.));
#507 = PCURVE('',#62,#508);
#508 = DEFINITIONAL_REPRESENTATION('',(#509),#512);
#509 = B_SPLINE_CURVE_WITH_KNOTS('',1,(#510,#511),.UNSPECIFIED.,.F.,.F.,
  (2,2),(-1.47,-1.16),.PIECEWISE_BEZIER_KNOTS.);
#510 = CARTESIAN_POINT('',(0.18,-2.63));
#511 = CARTESIAN_POINT('',(0.18,-2.32));
#512 = ( GEOMETRIC_REPRESENTATION_CONTEXT(2) 
PARAMETRIC_REPRESENTATION_CONTEXT() REPRESENTATION_CONTEXT('2D SPACE',''
  ) );
#513 = PCURVE('',#514,#519);
#514 = PLANE('',#515);
#515 = AXIS2_PLACEMENT_3D('',#516,#517,#518);
#516 = CARTESIAN_POINT('',(-1.501,0.82,0.2));
#517 = DIRECTION('',(0.,0.,1.));
#518 = DIRECTION('',(1.,0.,-0.));
#519 = DEFINITIONAL_REPRESENTATION('',(#520),#523);
#520 = B_SPLINE_CURVE_WITH_KNOTS('',1,(#521,#522),.UNSPECIFIED.,.F.,.F.,
  (2,2),(-1.47,-1.16),.PIECEWISE_BEZIER_KNOTS.);
#521 = CARTESIAN_POINT('',(9.999999999999E-04,0.31));
#522 = CARTESIAN_POINT('',(9.999999999999E-04,0.));
#523 = ( GEOMETRIC_REPRESENTATION_CONTEXT(2) 
PARAMETRIC_REPRESENTATION_CONTEXT() REPRESENTATION_CONTEXT('2D SPACE',''
  ) );
#524 = ORIENTED_EDGE('',*,*,#525,.F.);
#525 = EDGE_CURVE('',#526,#500,#528,.T.);
#526 = VERTEX_POINT('',#527);
#527 = CARTESIAN_POINT('',(-1.5,1.13,2.E-02));
#528 = SURFACE_CURVE('',#529,(#533,#539),.PCURVE_S1.);
#529 = LINE('',#530,#531);
#530 = CARTESIAN_POINT('',(-1.5,1.13,1.5E-02));
#531 = VECTOR('',#532,1.);
#532 = DIRECTION('',(0.,0.,1.));
#533 = PCURVE('',#62,#534);
#534 = DEFINITIONAL_REPRESENTATION('',(#535),#538);
#535 = B_SPLINE_CURVE_WITH_KNOTS('',1,(#536,#537),.UNSPECIFIED.,.F.,.F.,
  (2,2),(5.E-03,0.185),.PIECEWISE_BEZIER_KNOTS.);
#536 = CARTESIAN_POINT('',(0.,-2.63));
#537 = CARTESIAN_POINT('',(0.18,-2.63));
#538 = ( GEOMETRIC_REPRESENTATION_CONTEXT(2) 
PARAMETRIC_REPRESENTATION_CONTEXT() REPRESENTATION_CONTEXT('2D SPACE',''
  ) );
#539 = PCURVE('',#540,#545);
#540 = PLANE('',#541);
#541 = AXIS2_PLACEMENT_3D('',#542,#543,#544);
#542 = CARTESIAN_POINT('',(-1.501,1.13,1.E-02));
#543 = DIRECTION('',(-0.,1.,0.));
#544 = DIRECTION('',(0.,0.,1.));
#545 = DEFINITIONAL_REPRESENTATION('',(#546),#549);
#546 = B_SPLINE_CURVE_WITH_KNOTS('',1,(#547,#548),.UNSPECIFIED.,.F.,.F.,
  (2,2),(5.E-03,0.185),.PIECEWISE_BEZIER_KNOTS.);
#547 = CARTESIAN_POINT('',(1.E-02,9.999999999999E-04));
#548 = CARTESIAN_POINT('',(0.19,9.999999999999E-04));
#549 = ( GEOMETRIC_REPRESENTATION_CONTEXT(2) 
PARAMETRIC_REPRESENTATION_CONTEXT() REPRESENTATION_CONTEXT('2D SPACE',''
  ) );
#550 = ORIENTED_EDGE('',*,*,#551,.T.);
#551 = EDGE_CURVE('',#526,#52,#552,.T.);
#552 = SURFACE_CURVE('',#553,(#557,#564),.PCURVE_S1.);
#553 = LINE('',#554,#555);
#554 = CARTESIAN_POINT('',(-1.5,-1.5,2.E-02));
#555 = VECTOR('',#556,1.);
#556 = DIRECTION('',(-0.,1.,0.));
#557 = PCURVE('',#62,#558);
#558 = DEFINITIONAL_REPRESENTATION('',(#559),#563);
#559 = LINE('',#560,#561);
#560 = CARTESIAN_POINT('',(0.,0.));
#561 = VECTOR('',#562,1.);
#562 = DIRECTION('',(0.,-1.));
#563 = ( GEOMETRIC_REPRESENTATION_CONTEXT(2) 
PARAMETRIC_REPRESENTATION_CONTEXT() REPRESENTATION_CONTEXT('2D SPACE',''
  ) );
#564 = PCURVE('',#158,#565);
#565 = DEFINITIONAL_REPRESENTATION('',(#566),#570);
#566 = LINE('',#567,#568);
#567 = CARTESIAN_POINT('',(0.,0.));
#568 = VECTOR('',#569,1.);
#569 = DIRECTION('',(0.,1.));
#570 = ( GEOMETRIC_REPRESENTATION_CONTEXT(2) 
PARAMETRIC_REPRESENTATION_CONTEXT() REPRESENTATION_CONTEXT('2D SPACE',''
  ) );
#571 = ADVANCED_FACE('',(#572),#74,.T.);
#572 = FACE_BOUND('',#573,.T.);
#573 = EDGE_LOOP('',(#574,#597,#598,#621));
#574 = ORIENTED_EDGE('',*,*,#575,.F.);
#575 = EDGE_CURVE('',#52,#576,#578,.T.);
#576 = VERTEX_POINT('',#577);
#577 = CARTESIAN_POINT('',(1.5,1.5,2.E-02));
#578 = SURFACE_CURVE('',#579,(#583,#590),.PCURVE_S1.);
#579 = LINE('',#580,#581);
#580 = CARTESIAN_POINT('',(-1.5,1.5,2.E-02));
#581 = VECTOR('',#582,1.);
#582 = DIRECTION('',(1.,0.,-0.));
#583 = PCURVE('',#74,#584);
#584 = DEFINITIONAL_REPRESENTATION('',(#585),#589);
#585 = LINE('',#586,#587);
#586 = CARTESIAN_POINT('',(0.,0.));
#587 = VECTOR('',#588,1.);
#588 = DIRECTION('',(0.,1.));
#589 = ( GEOMETRIC_REPRESENTATION_CONTEXT(2) 
PARAMETRIC_REPRESENTATION_CONTEXT() REPRESENTATION_CONTEXT('2D SPACE',''
  ) );
#590 = PCURVE('',#158,#591);
#591 = DEFINITIONAL_REPRESENTATION('',(#592),#596);
#592 = LINE('',#593,#594);
#593 = CARTESIAN_POINT('',(0.,3.));
#594 = VECTOR('',#595,1.);
#595 = DIRECTION('',(1.,0.));
#596 = ( GEOMETRIC_REPRESENTATION_CONTEXT(2) 
PARAMETRIC_REPRESENTATION_CONTEXT() REPRESENTATION_CONTEXT('2D SPACE',''
  ) );
#597 = ORIENTED_EDGE('',*,*,#51,.T.);
#598 = ORIENTED_EDGE('',*,*,#599,.T.);
#599 = EDGE_CURVE('',#54,#600,#602,.T.);
#600 = VERTEX_POINT('',#601);
#601 = CARTESIAN_POINT('',(1.5,1.5,0.9));
#602 = SURFACE_CURVE('',#603,(#607,#614),.PCURVE_S1.);
#603 = LINE('',#604,#605);
#604 = CARTESIAN_POINT('',(-1.5,1.5,0.9));
#605 = VECTOR('',#606,1.);
#606 = DIRECTION('',(1.,0.,-0.));
#607 = PCURVE('',#74,#608);
#608 = DEFINITIONAL_REPRESENTATION('',(#609),#613);
#609 = LINE('',#610,#611);
#610 = CARTESIAN_POINT('',(0.88,0.));
#611 = VECTOR('',#612,1.);
#612 = DIRECTION('',(0.,1.));
#613 = ( GEOMETRIC_REPRESENTATION_CONTEXT(2) 
PARAMETRIC_REPRESENTATION_CONTEXT() REPRESENTATION_CONTEXT('2D SPACE',''
  ) );
#614 = PCURVE('',#102,#615);
#615 = DEFINITIONAL_REPRESENTATION('',(#616),#620);
#616 = LINE('',#617,#618);
#617 = CARTESIAN_POINT('',(0.,3.));
#618 = VECTOR('',#619,1.);
#619 = DIRECTION('',(1.,0.));
#620 = ( GEOMETRIC_REPRESENTATION_CONTEXT(2) 
PARAMETRIC_REPRESENTATION_CONTEXT() REPRESENTATION_CONTEXT('2D SPACE',''
  ) );
#621 = ORIENTED_EDGE('',*,*,#622,.F.);
#622 = EDGE_CURVE('',#576,#600,#623,.T.);
#623 = SURFACE_CURVE('',#624,(#628,#635),.PCURVE_S1.);
#624 = LINE('',#625,#626);
#625 = CARTESIAN_POINT('',(1.5,1.5,2.E-02));
#626 = VECTOR('',#627,1.);
#627 = DIRECTION('',(0.,0.,1.));
#628 = PCURVE('',#74,#629);
#629 = DEFINITIONAL_REPRESENTATION('',(#630),#634);
#630 = LINE('',#631,#632);
#631 = CARTESIAN_POINT('',(0.,3.));
#632 = VECTOR('',#633,1.);
#633 = DIRECTION('',(1.,0.));
#634 = ( GEOMETRIC_REPRESENTATION_CONTEXT(2) 
PARAMETRIC_REPRESENTATION_CONTEXT() REPRESENTATION_CONTEXT('2D SPACE',''
  ) );
#635 = PCURVE('',#636,#641);
#636 = PLANE('',#637);
#637 = AXIS2_PLACEMENT_3D('',#638,#639,#640);
#638 = CARTESIAN_POINT('',(1.5,-1.5,2.E-02));
#639 = DIRECTION('',(1.,0.,-0.));
#640 = DIRECTION('',(0.,0.,1.));
#641 = DEFINITIONAL_REPRESENTATION('',(#642),#646);
#642 = LINE('',#643,#644);
#643 = CARTESIAN_POINT('',(0.,-3.));
#644 = VECTOR('',#645,1.);
#645 = DIRECTION('',(1.,0.));
#646 = ( GEOMETRIC_REPRESENTATION_CONTEXT(2) 
PARAMETRIC_REPRESENTATION_CONTEXT() REPRESENTATION_CONTEXT('2D SPACE',''
  ) );
#647 = ADVANCED_FACE('',(#648,#1368),#158,.F.);
#648 = FACE_BOUND('',#649,.F.);
#649 = EDGE_LOOP('',(#650,#651,#674,#697,#723,#749,#775,#798,#824,#850,
    #876,#899,#925,#951,#977,#1000,#1026,#1052,#1078,#1099,#1100,#1101,
    #1122,#1148,#1167,#1168,#1189,#1215,#1234,#1235,#1256,#1282,#1301,
    #1302,#1323,#1349));
#650 = ORIENTED_EDGE('',*,*,#142,.F.);
#651 = ORIENTED_EDGE('',*,*,#652,.T.);
#652 = EDGE_CURVE('',#115,#653,#655,.T.);
#653 = VERTEX_POINT('',#654);
#654 = CARTESIAN_POINT('',(1.5,-1.5,2.E-02));
#655 = SURFACE_CURVE('',#656,(#660,#667),.PCURVE_S1.);
#656 = LINE('',#657,#658);
#657 = CARTESIAN_POINT('',(-1.5,-1.5,2.E-02));
#658 = VECTOR('',#659,1.);
#659 = DIRECTION('',(1.,0.,-0.));
#660 = PCURVE('',#158,#661);
#661 = DEFINITIONAL_REPRESENTATION('',(#662),#666);
#662 = LINE('',#663,#664);
#663 = CARTESIAN_POINT('',(0.,0.));
#664 = VECTOR('',#665,1.);
#665 = DIRECTION('',(1.,0.));
#666 = ( GEOMETRIC_REPRESENTATION_CONTEXT(2) 
PARAMETRIC_REPRESENTATION_CONTEXT() REPRESENTATION_CONTEXT('2D SPACE',''
  ) );
#667 = PCURVE('',#130,#668);
#668 = DEFINITIONAL_REPRESENTATION('',(#669),#673);
#669 = LINE('',#670,#671);
#670 = CARTESIAN_POINT('',(0.,0.));
#671 = VECTOR('',#672,1.);
#672 = DIRECTION('',(0.,1.));
#673 = ( GEOMETRIC_REPRESENTATION_CONTEXT(2) 
PARAMETRIC_REPRESENTATION_CONTEXT() REPRESENTATION_CONTEXT('2D SPACE',''
  ) );
#674 = ORIENTED_EDGE('',*,*,#675,.T.);
#675 = EDGE_CURVE('',#653,#676,#678,.T.);
#676 = VERTEX_POINT('',#677);
#677 = CARTESIAN_POINT('',(1.5,-1.13,2.E-02));
#678 = SURFACE_CURVE('',#679,(#683,#690),.PCURVE_S1.);
#679 = LINE('',#680,#681);
#680 = CARTESIAN_POINT('',(1.5,-1.5,2.E-02));
#681 = VECTOR('',#682,1.);
#682 = DIRECTION('',(-0.,1.,0.));
#683 = PCURVE('',#158,#684);
#684 = DEFINITIONAL_REPRESENTATION('',(#685),#689);
#685 = LINE('',#686,#687);
#686 = CARTESIAN_POINT('',(3.,0.));
#687 = VECTOR('',#688,1.);
#688 = DIRECTION('',(0.,1.));
#689 = ( GEOMETRIC_REPRESENTATION_CONTEXT(2) 
PARAMETRIC_REPRESENTATION_CONTEXT() REPRESENTATION_CONTEXT('2D SPACE',''
  ) );
#690 = PCURVE('',#636,#691);
#691 = DEFINITIONAL_REPRESENTATION('',(#692),#696);
#692 = LINE('',#693,#694);
#693 = CARTESIAN_POINT('',(0.,0.));
#694 = VECTOR('',#695,1.);
#695 = DIRECTION('',(0.,-1.));
#696 = ( GEOMETRIC_REPRESENTATION_CONTEXT(2) 
PARAMETRIC_REPRESENTATION_CONTEXT() REPRESENTATION_CONTEXT('2D SPACE',''
  ) );
#697 = ORIENTED_EDGE('',*,*,#698,.T.);
#698 = EDGE_CURVE('',#676,#699,#701,.T.);
#699 = VERTEX_POINT('',#700);
#700 = CARTESIAN_POINT('',(1.1,-1.13,2.E-02));
#701 = SURFACE_CURVE('',#702,(#706,#712),.PCURVE_S1.);
#702 = LINE('',#703,#704);
#703 = CARTESIAN_POINT('',(-0.2,-1.13,2.E-02));
#704 = VECTOR('',#705,1.);
#705 = DIRECTION('',(-1.,-0.,0.));
#706 = PCURVE('',#158,#707);
#707 = DEFINITIONAL_REPRESENTATION('',(#708),#711);
#708 = B_SPLINE_CURVE_WITH_KNOTS('',1,(#709,#710),.UNSPECIFIED.,.F.,.F.,
  (2,2),(-1.7,-1.3),.PIECEWISE_BEZIER_KNOTS.);
#709 = CARTESIAN_POINT('',(3.,0.37));
#710 = CARTESIAN_POINT('',(2.6,0.37));
#711 = ( GEOMETRIC_REPRESENTATION_CONTEXT(2) 
PARAMETRIC_REPRESENTATION_CONTEXT() REPRESENTATION_CONTEXT('2D SPACE',''
  ) );
#712 = PCURVE('',#713,#718);
#713 = PLANE('',#714);
#714 = AXIS2_PLACEMENT_3D('',#715,#716,#717);
#715 = CARTESIAN_POINT('',(1.1,-1.13,1.E-02));
#716 = DIRECTION('',(-0.,1.,0.));
#717 = DIRECTION('',(0.,0.,1.));
#718 = DEFINITIONAL_REPRESENTATION('',(#719),#722);
#719 = B_SPLINE_CURVE_WITH_KNOTS('',1,(#720,#721),.UNSPECIFIED.,.F.,.F.,
  (2,2),(-1.7,-1.3),.PIECEWISE_BEZIER_KNOTS.);
#720 = CARTESIAN_POINT('',(1.E-02,0.4));
#721 = CARTESIAN_POINT('',(1.E-02,0.));
#722 = ( GEOMETRIC_REPRESENTATION_CONTEXT(2) 
PARAMETRIC_REPRESENTATION_CONTEXT() REPRESENTATION_CONTEXT('2D SPACE',''
  ) );
#723 = ORIENTED_EDGE('',*,*,#724,.T.);
#724 = EDGE_CURVE('',#699,#725,#727,.T.);
#725 = VERTEX_POINT('',#726);
#726 = CARTESIAN_POINT('',(1.1,-0.82,2.E-02));
#727 = SURFACE_CURVE('',#728,(#732,#738),.PCURVE_S1.);
#728 = LINE('',#729,#730);
#729 = CARTESIAN_POINT('',(1.1,-1.315,2.E-02));
#730 = VECTOR('',#731,1.);
#731 = DIRECTION('',(-0.,1.,0.));
#732 = PCURVE('',#158,#733);
#733 = DEFINITIONAL_REPRESENTATION('',(#734),#737);
#734 = B_SPLINE_CURVE_WITH_KNOTS('',1,(#735,#736),.UNSPECIFIED.,.F.,.F.,
  (2,2),(0.185,0.495),.PIECEWISE_BEZIER_KNOTS.);
#735 = CARTESIAN_POINT('',(2.6,0.37));
#736 = CARTESIAN_POINT('',(2.6,0.68));
#737 = ( GEOMETRIC_REPRESENTATION_CONTEXT(2) 
PARAMETRIC_REPRESENTATION_CONTEXT() REPRESENTATION_CONTEXT('2D SPACE',''
  ) );
#738 = PCURVE('',#739,#744);
#739 = PLANE('',#740);
#740 = AXIS2_PLACEMENT_3D('',#741,#742,#743);
#741 = CARTESIAN_POINT('',(1.1,-1.13,1.E-02));
#742 = DIRECTION('',(1.,0.,-0.));
#743 = DIRECTION('',(0.,0.,1.));
#744 = DEFINITIONAL_REPRESENTATION('',(#745),#748);
#745 = B_SPLINE_CURVE_WITH_KNOTS('',1,(#746,#747),.UNSPECIFIED.,.F.,.F.,
  (2,2),(0.185,0.495),.PIECEWISE_BEZIER_KNOTS.);
#746 = CARTESIAN_POINT('',(1.E-02,0.));
#747 = CARTESIAN_POINT('',(1.E-02,-0.31));
#748 = ( GEOMETRIC_REPRESENTATION_CONTEXT(2) 
PARAMETRIC_REPRESENTATION_CONTEXT() REPRESENTATION_CONTEXT('2D SPACE',''
  ) );
#749 = ORIENTED_EDGE('',*,*,#750,.F.);
#750 = EDGE_CURVE('',#751,#725,#753,.T.);
#751 = VERTEX_POINT('',#752);
#752 = CARTESIAN_POINT('',(1.5,-0.82,2.E-02));
#753 = SURFACE_CURVE('',#754,(#758,#764),.PCURVE_S1.);
#754 = LINE('',#755,#756);
#755 = CARTESIAN_POINT('',(-0.2,-0.82,2.E-02));
#756 = VECTOR('',#757,1.);
#757 = DIRECTION('',(-1.,-0.,0.));
#758 = PCURVE('',#158,#759);
#759 = DEFINITIONAL_REPRESENTATION('',(#760),#763);
#760 = B_SPLINE_CURVE_WITH_KNOTS('',1,(#761,#762),.UNSPECIFIED.,.F.,.F.,
  (2,2),(-1.7,-1.3),.PIECEWISE_BEZIER_KNOTS.);
#761 = CARTESIAN_POINT('',(3.,0.68));
#762 = CARTESIAN_POINT('',(2.6,0.68));
#763 = ( GEOMETRIC_REPRESENTATION_CONTEXT(2) 
PARAMETRIC_REPRESENTATION_CONTEXT() REPRESENTATION_CONTEXT('2D SPACE',''
  ) );
#764 = PCURVE('',#765,#770);
#765 = PLANE('',#766);
#766 = AXIS2_PLACEMENT_3D('',#767,#768,#769);
#767 = CARTESIAN_POINT('',(1.1,-0.82,1.E-02));
#768 = DIRECTION('',(-0.,1.,0.));
#769 = DIRECTION('',(0.,0.,1.));
#770 = DEFINITIONAL_REPRESENTATION('',(#771),#774);
#771 = B_SPLINE_CURVE_WITH_KNOTS('',1,(#772,#773),.UNSPECIFIED.,.F.,.F.,
  (2,2),(-1.7,-1.3),.PIECEWISE_BEZIER_KNOTS.);
#772 = CARTESIAN_POINT('',(1.E-02,0.4));
#773 = CARTESIAN_POINT('',(1.E-02,0.));
#774 = ( GEOMETRIC_REPRESENTATION_CONTEXT(2) 
PARAMETRIC_REPRESENTATION_CONTEXT() REPRESENTATION_CONTEXT('2D SPACE',''
  ) );
#775 = ORIENTED_EDGE('',*,*,#776,.T.);
#776 = EDGE_CURVE('',#751,#777,#779,.T.);
#777 = VERTEX_POINT('',#778);
#778 = CARTESIAN_POINT('',(1.5,-0.48,2.E-02));
#779 = SURFACE_CURVE('',#780,(#784,#791),.PCURVE_S1.);
#780 = LINE('',#781,#782);
#781 = CARTESIAN_POINT('',(1.5,-1.5,2.E-02));
#782 = VECTOR('',#783,1.);
#783 = DIRECTION('',(-0.,1.,0.));
#784 = PCURVE('',#158,#785);
#785 = DEFINITIONAL_REPRESENTATION('',(#786),#790);
#786 = LINE('',#787,#788);
#787 = CARTESIAN_POINT('',(3.,0.));
#788 = VECTOR('',#789,1.);
#789 = DIRECTION('',(0.,1.));
#790 = ( GEOMETRIC_REPRESENTATION_CONTEXT(2) 
PARAMETRIC_REPRESENTATION_CONTEXT() REPRESENTATION_CONTEXT('2D SPACE',''
  ) );
#791 = PCURVE('',#636,#792);
#792 = DEFINITIONAL_REPRESENTATION('',(#793),#797);
#793 = LINE('',#794,#795);
#794 = CARTESIAN_POINT('',(0.,0.));
#795 = VECTOR('',#796,1.);
#796 = DIRECTION('',(0.,-1.));
#797 = ( GEOMETRIC_REPRESENTATION_CONTEXT(2) 
PARAMETRIC_REPRESENTATION_CONTEXT() REPRESENTATION_CONTEXT('2D SPACE',''
  ) );
#798 = ORIENTED_EDGE('',*,*,#799,.T.);
#799 = EDGE_CURVE('',#777,#800,#802,.T.);
#800 = VERTEX_POINT('',#801);
#801 = CARTESIAN_POINT('',(1.1,-0.48,2.E-02));
#802 = SURFACE_CURVE('',#803,(#807,#813),.PCURVE_S1.);
#803 = LINE('',#804,#805);
#804 = CARTESIAN_POINT('',(-0.2,-0.48,2.E-02));
#805 = VECTOR('',#806,1.);
#806 = DIRECTION('',(-1.,-0.,0.));
#807 = PCURVE('',#158,#808);
#808 = DEFINITIONAL_REPRESENTATION('',(#809),#812);
#809 = B_SPLINE_CURVE_WITH_KNOTS('',1,(#810,#811),.UNSPECIFIED.,.F.,.F.,
  (2,2),(-1.7,-1.3),.PIECEWISE_BEZIER_KNOTS.);
#810 = CARTESIAN_POINT('',(3.,1.02));
#811 = CARTESIAN_POINT('',(2.6,1.02));
#812 = ( GEOMETRIC_REPRESENTATION_CONTEXT(2) 
PARAMETRIC_REPRESENTATION_CONTEXT() REPRESENTATION_CONTEXT('2D SPACE',''
  ) );
#813 = PCURVE('',#814,#819);
#814 = PLANE('',#815);
#815 = AXIS2_PLACEMENT_3D('',#816,#817,#818);
#816 = CARTESIAN_POINT('',(1.1,-0.48,1.E-02));
#817 = DIRECTION('',(-0.,1.,0.));
#818 = DIRECTION('',(0.,0.,1.));
#819 = DEFINITIONAL_REPRESENTATION('',(#820),#823);
#820 = B_SPLINE_CURVE_WITH_KNOTS('',1,(#821,#822),.UNSPECIFIED.,.F.,.F.,
  (2,2),(-1.7,-1.3),.PIECEWISE_BEZIER_KNOTS.);
#821 = CARTESIAN_POINT('',(1.E-02,0.4));
#822 = CARTESIAN_POINT('',(1.E-02,0.));
#823 = ( GEOMETRIC_REPRESENTATION_CONTEXT(2) 
PARAMETRIC_REPRESENTATION_CONTEXT() REPRESENTATION_CONTEXT('2D SPACE',''
  ) );
#824 = ORIENTED_EDGE('',*,*,#825,.T.);
#825 = EDGE_CURVE('',#800,#826,#828,.T.);
#826 = VERTEX_POINT('',#827);
#827 = CARTESIAN_POINT('',(1.1,-0.17,2.E-02));
#828 = SURFACE_CURVE('',#829,(#833,#839),.PCURVE_S1.);
#829 = LINE('',#830,#831);
#830 = CARTESIAN_POINT('',(1.1,-0.99,2.E-02));
#831 = VECTOR('',#832,1.);
#832 = DIRECTION('',(-0.,1.,0.));
#833 = PCURVE('',#158,#834);
#834 = DEFINITIONAL_REPRESENTATION('',(#835),#838);
#835 = B_SPLINE_CURVE_WITH_KNOTS('',1,(#836,#837),.UNSPECIFIED.,.F.,.F.,
  (2,2),(0.51,0.82),.PIECEWISE_BEZIER_KNOTS.);
#836 = CARTESIAN_POINT('',(2.6,1.02));
#837 = CARTESIAN_POINT('',(2.6,1.33));
#838 = ( GEOMETRIC_REPRESENTATION_CONTEXT(2) 
PARAMETRIC_REPRESENTATION_CONTEXT() REPRESENTATION_CONTEXT('2D SPACE',''
  ) );
#839 = PCURVE('',#840,#845);
#840 = PLANE('',#841);
#841 = AXIS2_PLACEMENT_3D('',#842,#843,#844);
#842 = CARTESIAN_POINT('',(1.1,-0.48,1.E-02));
#843 = DIRECTION('',(1.,0.,-0.));
#844 = DIRECTION('',(0.,0.,1.));
#845 = DEFINITIONAL_REPRESENTATION('',(#846),#849);
#846 = B_SPLINE_CURVE_WITH_KNOTS('',1,(#847,#848),.UNSPECIFIED.,.F.,.F.,
  (2,2),(0.51,0.82),.PIECEWISE_BEZIER_KNOTS.);
#847 = CARTESIAN_POINT('',(1.E-02,0.));
#848 = CARTESIAN_POINT('',(1.E-02,-0.31));
#849 = ( GEOMETRIC_REPRESENTATION_CONTEXT(2) 
PARAMETRIC_REPRESENTATION_CONTEXT() REPRESENTATION_CONTEXT('2D SPACE',''
  ) );
#850 = ORIENTED_EDGE('',*,*,#851,.F.);
#851 = EDGE_CURVE('',#852,#826,#854,.T.);
#852 = VERTEX_POINT('',#853);
#853 = CARTESIAN_POINT('',(1.5,-0.17,2.E-02));
#854 = SURFACE_CURVE('',#855,(#859,#865),.PCURVE_S1.);
#855 = LINE('',#856,#857);
#856 = CARTESIAN_POINT('',(-0.2,-0.17,2.E-02));
#857 = VECTOR('',#858,1.);
#858 = DIRECTION('',(-1.,-0.,0.));
#859 = PCURVE('',#158,#860);
#860 = DEFINITIONAL_REPRESENTATION('',(#861),#864);
#861 = B_SPLINE_CURVE_WITH_KNOTS('',1,(#862,#863),.UNSPECIFIED.,.F.,.F.,
  (2,2),(-1.7,-1.3),.PIECEWISE_BEZIER_KNOTS.);
#862 = CARTESIAN_POINT('',(3.,1.33));
#863 = CARTESIAN_POINT('',(2.6,1.33));
#864 = ( GEOMETRIC_REPRESENTATION_CONTEXT(2) 
PARAMETRIC_REPRESENTATION_CONTEXT() REPRESENTATION_CONTEXT('2D SPACE',''
  ) );
#865 = PCURVE('',#866,#871);
#866 = PLANE('',#867);
#867 = AXIS2_PLACEMENT_3D('',#868,#869,#870);
#868 = CARTESIAN_POINT('',(1.1,-0.17,1.E-02));
#869 = DIRECTION('',(-0.,1.,0.));
#870 = DIRECTION('',(0.,0.,1.));
#871 = DEFINITIONAL_REPRESENTATION('',(#872),#875);
#872 = B_SPLINE_CURVE_WITH_KNOTS('',1,(#873,#874),.UNSPECIFIED.,.F.,.F.,
  (2,2),(-1.7,-1.3),.PIECEWISE_BEZIER_KNOTS.);
#873 = CARTESIAN_POINT('',(1.E-02,0.4));
#874 = CARTESIAN_POINT('',(1.E-02,0.));
#875 = ( GEOMETRIC_REPRESENTATION_CONTEXT(2) 
PARAMETRIC_REPRESENTATION_CONTEXT() REPRESENTATION_CONTEXT('2D SPACE',''
  ) );
#876 = ORIENTED_EDGE('',*,*,#877,.T.);
#877 = EDGE_CURVE('',#852,#878,#880,.T.);
#878 = VERTEX_POINT('',#879);
#879 = CARTESIAN_POINT('',(1.5,0.17,2.E-02));
#880 = SURFACE_CURVE('',#881,(#885,#892),.PCURVE_S1.);
#881 = LINE('',#882,#883);
#882 = CARTESIAN_POINT('',(1.5,-1.5,2.E-02));
#883 = VECTOR('',#884,1.);
#884 = DIRECTION('',(-0.,1.,0.));
#885 = PCURVE('',#158,#886);
#886 = DEFINITIONAL_REPRESENTATION('',(#887),#891);
#887 = LINE('',#888,#889);
#888 = CARTESIAN_POINT('',(3.,0.));
#889 = VECTOR('',#890,1.);
#890 = DIRECTION('',(0.,1.));
#891 = ( GEOMETRIC_REPRESENTATION_CONTEXT(2) 
PARAMETRIC_REPRESENTATION_CONTEXT() REPRESENTATION_CONTEXT('2D SPACE',''
  ) );
#892 = PCURVE('',#636,#893);
#893 = DEFINITIONAL_REPRESENTATION('',(#894),#898);
#894 = LINE('',#895,#896);
#895 = CARTESIAN_POINT('',(0.,0.));
#896 = VECTOR('',#897,1.);
#897 = DIRECTION('',(0.,-1.));
#898 = ( GEOMETRIC_REPRESENTATION_CONTEXT(2) 
PARAMETRIC_REPRESENTATION_CONTEXT() REPRESENTATION_CONTEXT('2D SPACE',''
  ) );
#899 = ORIENTED_EDGE('',*,*,#900,.T.);
#900 = EDGE_CURVE('',#878,#901,#903,.T.);
#901 = VERTEX_POINT('',#902);
#902 = CARTESIAN_POINT('',(1.1,0.17,2.E-02));
#903 = SURFACE_CURVE('',#904,(#908,#914),.PCURVE_S1.);
#904 = LINE('',#905,#906);
#905 = CARTESIAN_POINT('',(-0.2,0.17,2.E-02));
#906 = VECTOR('',#907,1.);
#907 = DIRECTION('',(-1.,-0.,0.));
#908 = PCURVE('',#158,#909);
#909 = DEFINITIONAL_REPRESENTATION('',(#910),#913);
#910 = B_SPLINE_CURVE_WITH_KNOTS('',1,(#911,#912),.UNSPECIFIED.,.F.,.F.,
  (2,2),(-1.7,-1.3),.PIECEWISE_BEZIER_KNOTS.);
#911 = CARTESIAN_POINT('',(3.,1.67));
#912 = CARTESIAN_POINT('',(2.6,1.67));
#913 = ( GEOMETRIC_REPRESENTATION_CONTEXT(2) 
PARAMETRIC_REPRESENTATION_CONTEXT() REPRESENTATION_CONTEXT('2D SPACE',''
  ) );
#914 = PCURVE('',#915,#920);
#915 = PLANE('',#916);
#916 = AXIS2_PLACEMENT_3D('',#917,#918,#919);
#917 = CARTESIAN_POINT('',(1.1,0.17,1.E-02));
#918 = DIRECTION('',(-0.,1.,0.));
#919 = DIRECTION('',(0.,0.,1.));
#920 = DEFINITIONAL_REPRESENTATION('',(#921),#924);
#921 = B_SPLINE_CURVE_WITH_KNOTS('',1,(#922,#923),.UNSPECIFIED.,.F.,.F.,
  (2,2),(-1.7,-1.3),.PIECEWISE_BEZIER_KNOTS.);
#922 = CARTESIAN_POINT('',(1.E-02,0.4));
#923 = CARTESIAN_POINT('',(1.E-02,0.));
#924 = ( GEOMETRIC_REPRESENTATION_CONTEXT(2) 
PARAMETRIC_REPRESENTATION_CONTEXT() REPRESENTATION_CONTEXT('2D SPACE',''
  ) );
#925 = ORIENTED_EDGE('',*,*,#926,.T.);
#926 = EDGE_CURVE('',#901,#927,#929,.T.);
#927 = VERTEX_POINT('',#928);
#928 = CARTESIAN_POINT('',(1.1,0.48,2.E-02));
#929 = SURFACE_CURVE('',#930,(#934,#940),.PCURVE_S1.);
#930 = LINE('',#931,#932);
#931 = CARTESIAN_POINT('',(1.1,-0.665,2.E-02));
#932 = VECTOR('',#933,1.);
#933 = DIRECTION('',(-0.,1.,0.));
#934 = PCURVE('',#158,#935);
#935 = DEFINITIONAL_REPRESENTATION('',(#936),#939);
#936 = B_SPLINE_CURVE_WITH_KNOTS('',1,(#937,#938),.UNSPECIFIED.,.F.,.F.,
  (2,2),(0.835,1.145),.PIECEWISE_BEZIER_KNOTS.);
#937 = CARTESIAN_POINT('',(2.6,1.67));
#938 = CARTESIAN_POINT('',(2.6,1.98));
#939 = ( GEOMETRIC_REPRESENTATION_CONTEXT(2) 
PARAMETRIC_REPRESENTATION_CONTEXT() REPRESENTATION_CONTEXT('2D SPACE',''
  ) );
#940 = PCURVE('',#941,#946);
#941 = PLANE('',#942);
#942 = AXIS2_PLACEMENT_3D('',#943,#944,#945);
#943 = CARTESIAN_POINT('',(1.1,0.17,1.E-02));
#944 = DIRECTION('',(1.,0.,-0.));
#945 = DIRECTION('',(0.,0.,1.));
#946 = DEFINITIONAL_REPRESENTATION('',(#947),#950);
#947 = B_SPLINE_CURVE_WITH_KNOTS('',1,(#948,#949),.UNSPECIFIED.,.F.,.F.,
  (2,2),(0.835,1.145),.PIECEWISE_BEZIER_KNOTS.);
#948 = CARTESIAN_POINT('',(1.E-02,0.));
#949 = CARTESIAN_POINT('',(1.E-02,-0.31));
#950 = ( GEOMETRIC_REPRESENTATION_CONTEXT(2) 
PARAMETRIC_REPRESENTATION_CONTEXT() REPRESENTATION_CONTEXT('2D SPACE',''
  ) );
#951 = ORIENTED_EDGE('',*,*,#952,.F.);
#952 = EDGE_CURVE('',#953,#927,#955,.T.);
#953 = VERTEX_POINT('',#954);
#954 = CARTESIAN_POINT('',(1.5,0.48,2.E-02));
#955 = SURFACE_CURVE('',#956,(#960,#966),.PCURVE_S1.);
#956 = LINE('',#957,#958);
#957 = CARTESIAN_POINT('',(-0.2,0.48,2.E-02));
#958 = VECTOR('',#959,1.);
#959 = DIRECTION('',(-1.,-0.,0.));
#960 = PCURVE('',#158,#961);
#961 = DEFINITIONAL_REPRESENTATION('',(#962),#965);
#962 = B_SPLINE_CURVE_WITH_KNOTS('',1,(#963,#964),.UNSPECIFIED.,.F.,.F.,
  (2,2),(-1.7,-1.3),.PIECEWISE_BEZIER_KNOTS.);
#963 = CARTESIAN_POINT('',(3.,1.98));
#964 = CARTESIAN_POINT('',(2.6,1.98));
#965 = ( GEOMETRIC_REPRESENTATION_CONTEXT(2) 
PARAMETRIC_REPRESENTATION_CONTEXT() REPRESENTATION_CONTEXT('2D SPACE',''
  ) );
#966 = PCURVE('',#967,#972);
#967 = PLANE('',#968);
#968 = AXIS2_PLACEMENT_3D('',#969,#970,#971);
#969 = CARTESIAN_POINT('',(1.1,0.48,1.E-02));
#970 = DIRECTION('',(-0.,1.,0.));
#971 = DIRECTION('',(0.,0.,1.));
#972 = DEFINITIONAL_REPRESENTATION('',(#973),#976);
#973 = B_SPLINE_CURVE_WITH_KNOTS('',1,(#974,#975),.UNSPECIFIED.,.F.,.F.,
  (2,2),(-1.7,-1.3),.PIECEWISE_BEZIER_KNOTS.);
#974 = CARTESIAN_POINT('',(1.E-02,0.4));
#975 = CARTESIAN_POINT('',(1.E-02,0.));
#976 = ( GEOMETRIC_REPRESENTATION_CONTEXT(2) 
PARAMETRIC_REPRESENTATION_CONTEXT() REPRESENTATION_CONTEXT('2D SPACE',''
  ) );
#977 = ORIENTED_EDGE('',*,*,#978,.T.);
#978 = EDGE_CURVE('',#953,#979,#981,.T.);
#979 = VERTEX_POINT('',#980);
#980 = CARTESIAN_POINT('',(1.5,0.82,2.E-02));
#981 = SURFACE_CURVE('',#982,(#986,#993),.PCURVE_S1.);
#982 = LINE('',#983,#984);
#983 = CARTESIAN_POINT('',(1.5,-1.5,2.E-02));
#984 = VECTOR('',#985,1.);
#985 = DIRECTION('',(-0.,1.,0.));
#986 = PCURVE('',#158,#987);
#987 = DEFINITIONAL_REPRESENTATION('',(#988),#992);
#988 = LINE('',#989,#990);
#989 = CARTESIAN_POINT('',(3.,0.));
#990 = VECTOR('',#991,1.);
#991 = DIRECTION('',(0.,1.));
#992 = ( GEOMETRIC_REPRESENTATION_CONTEXT(2) 
PARAMETRIC_REPRESENTATION_CONTEXT() REPRESENTATION_CONTEXT('2D SPACE',''
  ) );
#993 = PCURVE('',#636,#994);
#994 = DEFINITIONAL_REPRESENTATION('',(#995),#999);
#995 = LINE('',#996,#997);
#996 = CARTESIAN_POINT('',(0.,0.));
#997 = VECTOR('',#998,1.);
#998 = DIRECTION('',(0.,-1.));
#999 = ( GEOMETRIC_REPRESENTATION_CONTEXT(2) 
PARAMETRIC_REPRESENTATION_CONTEXT() REPRESENTATION_CONTEXT('2D SPACE',''
  ) );
#1000 = ORIENTED_EDGE('',*,*,#1001,.T.);
#1001 = EDGE_CURVE('',#979,#1002,#1004,.T.);
#1002 = VERTEX_POINT('',#1003);
#1003 = CARTESIAN_POINT('',(1.1,0.82,2.E-02));
#1004 = SURFACE_CURVE('',#1005,(#1009,#1015),.PCURVE_S1.);
#1005 = LINE('',#1006,#1007);
#1006 = CARTESIAN_POINT('',(-0.2,0.82,2.E-02));
#1007 = VECTOR('',#1008,1.);
#1008 = DIRECTION('',(-1.,-0.,0.));
#1009 = PCURVE('',#158,#1010);
#1010 = DEFINITIONAL_REPRESENTATION('',(#1011),#1014);
#1011 = B_SPLINE_CURVE_WITH_KNOTS('',1,(#1012,#1013),.UNSPECIFIED.,.F.,
  .F.,(2,2),(-1.7,-1.3),.PIECEWISE_BEZIER_KNOTS.);
#1012 = CARTESIAN_POINT('',(3.,2.32));
#1013 = CARTESIAN_POINT('',(2.6,2.32));
#1014 = ( GEOMETRIC_REPRESENTATION_CONTEXT(2) 
PARAMETRIC_REPRESENTATION_CONTEXT() REPRESENTATION_CONTEXT('2D SPACE',''
  ) );
#1015 = PCURVE('',#1016,#1021);
#1016 = PLANE('',#1017);
#1017 = AXIS2_PLACEMENT_3D('',#1018,#1019,#1020);
#1018 = CARTESIAN_POINT('',(1.1,0.82,1.E-02));
#1019 = DIRECTION('',(-0.,1.,0.));
#1020 = DIRECTION('',(0.,0.,1.));
#1021 = DEFINITIONAL_REPRESENTATION('',(#1022),#1025);
#1022 = B_SPLINE_CURVE_WITH_KNOTS('',1,(#1023,#1024),.UNSPECIFIED.,.F.,
  .F.,(2,2),(-1.7,-1.3),.PIECEWISE_BEZIER_KNOTS.);
#1023 = CARTESIAN_POINT('',(1.E-02,0.4));
#1024 = CARTESIAN_POINT('',(1.E-02,0.));
#1025 = ( GEOMETRIC_REPRESENTATION_CONTEXT(2) 
PARAMETRIC_REPRESENTATION_CONTEXT() REPRESENTATION_CONTEXT('2D SPACE',''
  ) );
#1026 = ORIENTED_EDGE('',*,*,#1027,.T.);
#1027 = EDGE_CURVE('',#1002,#1028,#1030,.T.);
#1028 = VERTEX_POINT('',#1029);
#1029 = CARTESIAN_POINT('',(1.1,1.13,2.E-02));
#1030 = SURFACE_CURVE('',#1031,(#1035,#1041),.PCURVE_S1.);
#1031 = LINE('',#1032,#1033);
#1032 = CARTESIAN_POINT('',(1.1,-0.34,2.E-02));
#1033 = VECTOR('',#1034,1.);
#1034 = DIRECTION('',(-0.,1.,0.));
#1035 = PCURVE('',#158,#1036);
#1036 = DEFINITIONAL_REPRESENTATION('',(#1037),#1040);
#1037 = B_SPLINE_CURVE_WITH_KNOTS('',1,(#1038,#1039),.UNSPECIFIED.,.F.,
  .F.,(2,2),(1.16,1.47),.PIECEWISE_BEZIER_KNOTS.);
#1038 = CARTESIAN_POINT('',(2.6,2.32));
#1039 = CARTESIAN_POINT('',(2.6,2.63));
#1040 = ( GEOMETRIC_REPRESENTATION_CONTEXT(2) 
PARAMETRIC_REPRESENTATION_CONTEXT() REPRESENTATION_CONTEXT('2D SPACE',''
  ) );
#1041 = PCURVE('',#1042,#1047);
#1042 = PLANE('',#1043);
#1043 = AXIS2_PLACEMENT_3D('',#1044,#1045,#1046);
#1044 = CARTESIAN_POINT('',(1.1,0.82,1.E-02));
#1045 = DIRECTION('',(1.,0.,-0.));
#1046 = DIRECTION('',(0.,0.,1.));
#1047 = DEFINITIONAL_REPRESENTATION('',(#1048),#1051);
#1048 = B_SPLINE_CURVE_WITH_KNOTS('',1,(#1049,#1050),.UNSPECIFIED.,.F.,
  .F.,(2,2),(1.16,1.47),.PIECEWISE_BEZIER_KNOTS.);
#1049 = CARTESIAN_POINT('',(1.E-02,0.));
#1050 = CARTESIAN_POINT('',(1.E-02,-0.31));
#1051 = ( GEOMETRIC_REPRESENTATION_CONTEXT(2) 
PARAMETRIC_REPRESENTATION_CONTEXT() REPRESENTATION_CONTEXT('2D SPACE',''
  ) );
#1052 = ORIENTED_EDGE('',*,*,#1053,.F.);
#1053 = EDGE_CURVE('',#1054,#1028,#1056,.T.);
#1054 = VERTEX_POINT('',#1055);
#1055 = CARTESIAN_POINT('',(1.5,1.13,2.E-02));
#1056 = SURFACE_CURVE('',#1057,(#1061,#1067),.PCURVE_S1.);
#1057 = LINE('',#1058,#1059);
#1058 = CARTESIAN_POINT('',(-0.2,1.13,2.E-02));
#1059 = VECTOR('',#1060,1.);
#1060 = DIRECTION('',(-1.,-0.,0.));
#1061 = PCURVE('',#158,#1062);
#1062 = DEFINITIONAL_REPRESENTATION('',(#1063),#1066);
#1063 = B_SPLINE_CURVE_WITH_KNOTS('',1,(#1064,#1065),.UNSPECIFIED.,.F.,
  .F.,(2,2),(-1.7,-1.3),.PIECEWISE_BEZIER_KNOTS.);
#1064 = CARTESIAN_POINT('',(3.,2.63));
#1065 = CARTESIAN_POINT('',(2.6,2.63));
#1066 = ( GEOMETRIC_REPRESENTATION_CONTEXT(2) 
PARAMETRIC_REPRESENTATION_CONTEXT() REPRESENTATION_CONTEXT('2D SPACE',''
  ) );
#1067 = PCURVE('',#1068,#1073);
#1068 = PLANE('',#1069);
#1069 = AXIS2_PLACEMENT_3D('',#1070,#1071,#1072);
#1070 = CARTESIAN_POINT('',(1.1,1.13,1.E-02));
#1071 = DIRECTION('',(-0.,1.,0.));
#1072 = DIRECTION('',(0.,0.,1.));
#1073 = DEFINITIONAL_REPRESENTATION('',(#1074),#1077);
#1074 = B_SPLINE_CURVE_WITH_KNOTS('',1,(#1075,#1076),.UNSPECIFIED.,.F.,
  .F.,(2,2),(-1.7,-1.3),.PIECEWISE_BEZIER_KNOTS.);
#1075 = CARTESIAN_POINT('',(1.E-02,0.4));
#1076 = CARTESIAN_POINT('',(1.E-02,0.));
#1077 = ( GEOMETRIC_REPRESENTATION_CONTEXT(2) 
PARAMETRIC_REPRESENTATION_CONTEXT() REPRESENTATION_CONTEXT('2D SPACE',''
  ) );
#1078 = ORIENTED_EDGE('',*,*,#1079,.T.);
#1079 = EDGE_CURVE('',#1054,#576,#1080,.T.);
#1080 = SURFACE_CURVE('',#1081,(#1085,#1092),.PCURVE_S1.);
#1081 = LINE('',#1082,#1083);
#1082 = CARTESIAN_POINT('',(1.5,-1.5,2.E-02));
#1083 = VECTOR('',#1084,1.);
#1084 = DIRECTION('',(-0.,1.,0.));
#1085 = PCURVE('',#158,#1086);
#1086 = DEFINITIONAL_REPRESENTATION('',(#1087),#1091);
#1087 = LINE('',#1088,#1089);
#1088 = CARTESIAN_POINT('',(3.,0.));
#1089 = VECTOR('',#1090,1.);
#1090 = DIRECTION('',(0.,1.));
#1091 = ( GEOMETRIC_REPRESENTATION_CONTEXT(2) 
PARAMETRIC_REPRESENTATION_CONTEXT() REPRESENTATION_CONTEXT('2D SPACE',''
  ) );
#1092 = PCURVE('',#636,#1093);
#1093 = DEFINITIONAL_REPRESENTATION('',(#1094),#1098);
#1094 = LINE('',#1095,#1096);
#1095 = CARTESIAN_POINT('',(0.,0.));
#1096 = VECTOR('',#1097,1.);
#1097 = DIRECTION('',(0.,-1.));
#1098 = ( GEOMETRIC_REPRESENTATION_CONTEXT(2) 
PARAMETRIC_REPRESENTATION_CONTEXT() REPRESENTATION_CONTEXT('2D SPACE',''
  ) );
#1099 = ORIENTED_EDGE('',*,*,#575,.F.);
#1100 = ORIENTED_EDGE('',*,*,#551,.F.);
#1101 = ORIENTED_EDGE('',*,*,#1102,.F.);
#1102 = EDGE_CURVE('',#1103,#526,#1105,.T.);
#1103 = VERTEX_POINT('',#1104);
#1104 = CARTESIAN_POINT('',(-1.1,1.13,2.E-02));
#1105 = SURFACE_CURVE('',#1106,(#1110,#1116),.PCURVE_S1.);
#1106 = LINE('',#1107,#1108);
#1107 = CARTESIAN_POINT('',(-1.5005,1.13,2.E-02));
#1108 = VECTOR('',#1109,1.);
#1109 = DIRECTION('',(-1.,-0.,0.));
#1110 = PCURVE('',#158,#1111);
#1111 = DEFINITIONAL_REPRESENTATION('',(#1112),#1115);
#1112 = B_SPLINE_CURVE_WITH_KNOTS('',1,(#1113,#1114),.UNSPECIFIED.,.F.,
  .F.,(2,2),(-0.4005,-4.999999999999E-04),.PIECEWISE_BEZIER_KNOTS.);
#1113 = CARTESIAN_POINT('',(0.4,2.63));
#1114 = CARTESIAN_POINT('',(0.,2.63));
#1115 = ( GEOMETRIC_REPRESENTATION_CONTEXT(2) 
PARAMETRIC_REPRESENTATION_CONTEXT() REPRESENTATION_CONTEXT('2D SPACE',''
  ) );
#1116 = PCURVE('',#540,#1117);
#1117 = DEFINITIONAL_REPRESENTATION('',(#1118),#1121);
#1118 = B_SPLINE_CURVE_WITH_KNOTS('',1,(#1119,#1120),.UNSPECIFIED.,.F.,
  .F.,(2,2),(-0.4005,-4.999999999999E-04),.PIECEWISE_BEZIER_KNOTS.);
#1119 = CARTESIAN_POINT('',(1.E-02,0.401));
#1120 = CARTESIAN_POINT('',(1.E-02,9.999999999999E-04));
#1121 = ( GEOMETRIC_REPRESENTATION_CONTEXT(2) 
PARAMETRIC_REPRESENTATION_CONTEXT() REPRESENTATION_CONTEXT('2D SPACE',''
  ) );
#1122 = ORIENTED_EDGE('',*,*,#1123,.F.);
#1123 = EDGE_CURVE('',#1124,#1103,#1126,.T.);
#1124 = VERTEX_POINT('',#1125);
#1125 = CARTESIAN_POINT('',(-1.1,0.82,2.E-02));
#1126 = SURFACE_CURVE('',#1127,(#1131,#1137),.PCURVE_S1.);
#1127 = LINE('',#1128,#1129);
#1128 = CARTESIAN_POINT('',(-1.1,-0.34,2.E-02));
#1129 = VECTOR('',#1130,1.);
#1130 = DIRECTION('',(-0.,1.,0.));
#1131 = PCURVE('',#158,#1132);
#1132 = DEFINITIONAL_REPRESENTATION('',(#1133),#1136);
#1133 = B_SPLINE_CURVE_WITH_KNOTS('',1,(#1134,#1135),.UNSPECIFIED.,.F.,
  .F.,(2,2),(1.16,1.47),.PIECEWISE_BEZIER_KNOTS.);
#1134 = CARTESIAN_POINT('',(0.4,2.32));
#1135 = CARTESIAN_POINT('',(0.4,2.63));
#1136 = ( GEOMETRIC_REPRESENTATION_CONTEXT(2) 
PARAMETRIC_REPRESENTATION_CONTEXT() REPRESENTATION_CONTEXT('2D SPACE',''
  ) );
#1137 = PCURVE('',#1138,#1143);
#1138 = PLANE('',#1139);
#1139 = AXIS2_PLACEMENT_3D('',#1140,#1141,#1142);
#1140 = CARTESIAN_POINT('',(-1.1,0.82,1.E-02));
#1141 = DIRECTION('',(1.,0.,-0.));
#1142 = DIRECTION('',(0.,0.,1.));
#1143 = DEFINITIONAL_REPRESENTATION('',(#1144),#1147);
#1144 = B_SPLINE_CURVE_WITH_KNOTS('',1,(#1145,#1146),.UNSPECIFIED.,.F.,
  .F.,(2,2),(1.16,1.47),.PIECEWISE_BEZIER_KNOTS.);
#1145 = CARTESIAN_POINT('',(1.E-02,0.));
#1146 = CARTESIAN_POINT('',(1.E-02,-0.31));
#1147 = ( GEOMETRIC_REPRESENTATION_CONTEXT(2) 
PARAMETRIC_REPRESENTATION_CONTEXT() REPRESENTATION_CONTEXT('2D SPACE',''
  ) );
#1148 = ORIENTED_EDGE('',*,*,#1149,.T.);
#1149 = EDGE_CURVE('',#1124,#451,#1150,.T.);
#1150 = SURFACE_CURVE('',#1151,(#1155,#1161),.PCURVE_S1.);
#1151 = LINE('',#1152,#1153);
#1152 = CARTESIAN_POINT('',(-1.5005,0.82,2.E-02));
#1153 = VECTOR('',#1154,1.);
#1154 = DIRECTION('',(-1.,-0.,0.));
#1155 = PCURVE('',#158,#1156);
#1156 = DEFINITIONAL_REPRESENTATION('',(#1157),#1160);
#1157 = B_SPLINE_CURVE_WITH_KNOTS('',1,(#1158,#1159),.UNSPECIFIED.,.F.,
  .F.,(2,2),(-0.4005,-4.999999999999E-04),.PIECEWISE_BEZIER_KNOTS.);
#1158 = CARTESIAN_POINT('',(0.4,2.32));
#1159 = CARTESIAN_POINT('',(0.,2.32));
#1160 = ( GEOMETRIC_REPRESENTATION_CONTEXT(2) 
PARAMETRIC_REPRESENTATION_CONTEXT() REPRESENTATION_CONTEXT('2D SPACE',''
  ) );
#1161 = PCURVE('',#488,#1162);
#1162 = DEFINITIONAL_REPRESENTATION('',(#1163),#1166);
#1163 = B_SPLINE_CURVE_WITH_KNOTS('',1,(#1164,#1165),.UNSPECIFIED.,.F.,
  .F.,(2,2),(-0.4005,-4.999999999999E-04),.PIECEWISE_BEZIER_KNOTS.);
#1164 = CARTESIAN_POINT('',(1.E-02,0.401));
#1165 = CARTESIAN_POINT('',(1.E-02,9.999999999999E-04));
#1166 = ( GEOMETRIC_REPRESENTATION_CONTEXT(2) 
PARAMETRIC_REPRESENTATION_CONTEXT() REPRESENTATION_CONTEXT('2D SPACE',''
  ) );
#1167 = ORIENTED_EDGE('',*,*,#450,.F.);
#1168 = ORIENTED_EDGE('',*,*,#1169,.F.);
#1169 = EDGE_CURVE('',#1170,#425,#1172,.T.);
#1170 = VERTEX_POINT('',#1171);
#1171 = CARTESIAN_POINT('',(-1.1,0.48,2.E-02));
#1172 = SURFACE_CURVE('',#1173,(#1177,#1183),.PCURVE_S1.);
#1173 = LINE('',#1174,#1175);
#1174 = CARTESIAN_POINT('',(-1.5005,0.48,2.E-02));
#1175 = VECTOR('',#1176,1.);
#1176 = DIRECTION('',(-1.,-0.,0.));
#1177 = PCURVE('',#158,#1178);
#1178 = DEFINITIONAL_REPRESENTATION('',(#1179),#1182);
#1179 = B_SPLINE_CURVE_WITH_KNOTS('',1,(#1180,#1181),.UNSPECIFIED.,.F.,
  .F.,(2,2),(-0.4005,-4.999999999999E-04),.PIECEWISE_BEZIER_KNOTS.);
#1180 = CARTESIAN_POINT('',(0.4,1.98));
#1181 = CARTESIAN_POINT('',(0.,1.98));
#1182 = ( GEOMETRIC_REPRESENTATION_CONTEXT(2) 
PARAMETRIC_REPRESENTATION_CONTEXT() REPRESENTATION_CONTEXT('2D SPACE',''
  ) );
#1183 = PCURVE('',#439,#1184);
#1184 = DEFINITIONAL_REPRESENTATION('',(#1185),#1188);
#1185 = B_SPLINE_CURVE_WITH_KNOTS('',1,(#1186,#1187),.UNSPECIFIED.,.F.,
  .F.,(2,2),(-0.4005,-4.999999999999E-04),.PIECEWISE_BEZIER_KNOTS.);
#1186 = CARTESIAN_POINT('',(1.E-02,0.401));
#1187 = CARTESIAN_POINT('',(1.E-02,9.999999999999E-04));
#1188 = ( GEOMETRIC_REPRESENTATION_CONTEXT(2) 
PARAMETRIC_REPRESENTATION_CONTEXT() REPRESENTATION_CONTEXT('2D SPACE',''
  ) );
#1189 = ORIENTED_EDGE('',*,*,#1190,.F.);
#1190 = EDGE_CURVE('',#1191,#1170,#1193,.T.);
#1191 = VERTEX_POINT('',#1192);
#1192 = CARTESIAN_POINT('',(-1.1,0.17,2.E-02));
#1193 = SURFACE_CURVE('',#1194,(#1198,#1204),.PCURVE_S1.);
#1194 = LINE('',#1195,#1196);
#1195 = CARTESIAN_POINT('',(-1.1,-0.665,2.E-02));
#1196 = VECTOR('',#1197,1.);
#1197 = DIRECTION('',(-0.,1.,0.));
#1198 = PCURVE('',#158,#1199);
#1199 = DEFINITIONAL_REPRESENTATION('',(#1200),#1203);
#1200 = B_SPLINE_CURVE_WITH_KNOTS('',1,(#1201,#1202),.UNSPECIFIED.,.F.,
  .F.,(2,2),(0.835,1.145),.PIECEWISE_BEZIER_KNOTS.);
#1201 = CARTESIAN_POINT('',(0.4,1.67));
#1202 = CARTESIAN_POINT('',(0.4,1.98));
#1203 = ( GEOMETRIC_REPRESENTATION_CONTEXT(2) 
PARAMETRIC_REPRESENTATION_CONTEXT() REPRESENTATION_CONTEXT('2D SPACE',''
  ) );
#1204 = PCURVE('',#1205,#1210);
#1205 = PLANE('',#1206);
#1206 = AXIS2_PLACEMENT_3D('',#1207,#1208,#1209);
#1207 = CARTESIAN_POINT('',(-1.1,0.17,1.E-02));
#1208 = DIRECTION('',(1.,0.,-0.));
#1209 = DIRECTION('',(0.,0.,1.));
#1210 = DEFINITIONAL_REPRESENTATION('',(#1211),#1214);
#1211 = B_SPLINE_CURVE_WITH_KNOTS('',1,(#1212,#1213),.UNSPECIFIED.,.F.,
  .F.,(2,2),(0.835,1.145),.PIECEWISE_BEZIER_KNOTS.);
#1212 = CARTESIAN_POINT('',(1.E-02,0.));
#1213 = CARTESIAN_POINT('',(1.E-02,-0.31));
#1214 = ( GEOMETRIC_REPRESENTATION_CONTEXT(2) 
PARAMETRIC_REPRESENTATION_CONTEXT() REPRESENTATION_CONTEXT('2D SPACE',''
  ) );
#1215 = ORIENTED_EDGE('',*,*,#1216,.T.);
#1216 = EDGE_CURVE('',#1191,#350,#1217,.T.);
#1217 = SURFACE_CURVE('',#1218,(#1222,#1228),.PCURVE_S1.);
#1218 = LINE('',#1219,#1220);
#1219 = CARTESIAN_POINT('',(-1.5005,0.17,2.E-02));
#1220 = VECTOR('',#1221,1.);
#1221 = DIRECTION('',(-1.,-0.,0.));
#1222 = PCURVE('',#158,#1223);
#1223 = DEFINITIONAL_REPRESENTATION('',(#1224),#1227);
#1224 = B_SPLINE_CURVE_WITH_KNOTS('',1,(#1225,#1226),.UNSPECIFIED.,.F.,
  .F.,(2,2),(-0.4005,-4.999999999999E-04),.PIECEWISE_BEZIER_KNOTS.);
#1225 = CARTESIAN_POINT('',(0.4,1.67));
#1226 = CARTESIAN_POINT('',(0.,1.67));
#1227 = ( GEOMETRIC_REPRESENTATION_CONTEXT(2) 
PARAMETRIC_REPRESENTATION_CONTEXT() REPRESENTATION_CONTEXT('2D SPACE',''
  ) );
#1228 = PCURVE('',#387,#1229);
#1229 = DEFINITIONAL_REPRESENTATION('',(#1230),#1233);
#1230 = B_SPLINE_CURVE_WITH_KNOTS('',1,(#1231,#1232),.UNSPECIFIED.,.F.,
  .F.,(2,2),(-0.4005,-4.999999999999E-04),.PIECEWISE_BEZIER_KNOTS.);
#1231 = CARTESIAN_POINT('',(1.E-02,0.401));
#1232 = CARTESIAN_POINT('',(1.E-02,9.999999999999E-04));
#1233 = ( GEOMETRIC_REPRESENTATION_CONTEXT(2) 
PARAMETRIC_REPRESENTATION_CONTEXT() REPRESENTATION_CONTEXT('2D SPACE',''
  ) );
#1234 = ORIENTED_EDGE('',*,*,#349,.F.);
#1235 = ORIENTED_EDGE('',*,*,#1236,.F.);
#1236 = EDGE_CURVE('',#1237,#324,#1239,.T.);
#1237 = VERTEX_POINT('',#1238);
#1238 = CARTESIAN_POINT('',(-1.1,-0.17,2.E-02));
#1239 = SURFACE_CURVE('',#1240,(#1244,#1250),.PCURVE_S1.);
#1240 = LINE('',#1241,#1242);
#1241 = CARTESIAN_POINT('',(-1.5005,-0.17,2.E-02));
#1242 = VECTOR('',#1243,1.);
#1243 = DIRECTION('',(-1.,-0.,0.));
#1244 = PCURVE('',#158,#1245);
#1245 = DEFINITIONAL_REPRESENTATION('',(#1246),#1249);
#1246 = B_SPLINE_CURVE_WITH_KNOTS('',1,(#1247,#1248),.UNSPECIFIED.,.F.,
  .F.,(2,2),(-0.4005,-4.999999999999E-04),.PIECEWISE_BEZIER_KNOTS.);
#1247 = CARTESIAN_POINT('',(0.4,1.33));
#1248 = CARTESIAN_POINT('',(0.,1.33));
#1249 = ( GEOMETRIC_REPRESENTATION_CONTEXT(2) 
PARAMETRIC_REPRESENTATION_CONTEXT() REPRESENTATION_CONTEXT('2D SPACE',''
  ) );
#1250 = PCURVE('',#338,#1251);
#1251 = DEFINITIONAL_REPRESENTATION('',(#1252),#1255);
#1252 = B_SPLINE_CURVE_WITH_KNOTS('',1,(#1253,#1254),.UNSPECIFIED.,.F.,
  .F.,(2,2),(-0.4005,-4.999999999999E-04),.PIECEWISE_BEZIER_KNOTS.);
#1253 = CARTESIAN_POINT('',(1.E-02,0.401));
#1254 = CARTESIAN_POINT('',(1.E-02,9.999999999999E-04));
#1255 = ( GEOMETRIC_REPRESENTATION_CONTEXT(2) 
PARAMETRIC_REPRESENTATION_CONTEXT() REPRESENTATION_CONTEXT('2D SPACE',''
  ) );
#1256 = ORIENTED_EDGE('',*,*,#1257,.F.);
#1257 = EDGE_CURVE('',#1258,#1237,#1260,.T.);
#1258 = VERTEX_POINT('',#1259);
#1259 = CARTESIAN_POINT('',(-1.1,-0.48,2.E-02));
#1260 = SURFACE_CURVE('',#1261,(#1265,#1271),.PCURVE_S1.);
#1261 = LINE('',#1262,#1263);
#1262 = CARTESIAN_POINT('',(-1.1,-0.99,2.E-02));
#1263 = VECTOR('',#1264,1.);
#1264 = DIRECTION('',(-0.,1.,0.));
#1265 = PCURVE('',#158,#1266);
#1266 = DEFINITIONAL_REPRESENTATION('',(#1267),#1270);
#1267 = B_SPLINE_CURVE_WITH_KNOTS('',1,(#1268,#1269),.UNSPECIFIED.,.F.,
  .F.,(2,2),(0.51,0.82),.PIECEWISE_BEZIER_KNOTS.);
#1268 = CARTESIAN_POINT('',(0.4,1.02));
#1269 = CARTESIAN_POINT('',(0.4,1.33));
#1270 = ( GEOMETRIC_REPRESENTATION_CONTEXT(2) 
PARAMETRIC_REPRESENTATION_CONTEXT() REPRESENTATION_CONTEXT('2D SPACE',''
  ) );
#1271 = PCURVE('',#1272,#1277);
#1272 = PLANE('',#1273);
#1273 = AXIS2_PLACEMENT_3D('',#1274,#1275,#1276);
#1274 = CARTESIAN_POINT('',(-1.1,-0.48,1.E-02));
#1275 = DIRECTION('',(1.,0.,-0.));
#1276 = DIRECTION('',(0.,0.,1.));
#1277 = DEFINITIONAL_REPRESENTATION('',(#1278),#1281);
#1278 = B_SPLINE_CURVE_WITH_KNOTS('',1,(#1279,#1280),.UNSPECIFIED.,.F.,
  .F.,(2,2),(0.51,0.82),.PIECEWISE_BEZIER_KNOTS.);
#1279 = CARTESIAN_POINT('',(1.E-02,0.));
#1280 = CARTESIAN_POINT('',(1.E-02,-0.31));
#1281 = ( GEOMETRIC_REPRESENTATION_CONTEXT(2) 
PARAMETRIC_REPRESENTATION_CONTEXT() REPRESENTATION_CONTEXT('2D SPACE',''
  ) );
#1282 = ORIENTED_EDGE('',*,*,#1283,.T.);
#1283 = EDGE_CURVE('',#1258,#249,#1284,.T.);
#1284 = SURFACE_CURVE('',#1285,(#1289,#1295),.PCURVE_S1.);
#1285 = LINE('',#1286,#1287);
#1286 = CARTESIAN_POINT('',(-1.5005,-0.48,2.E-02));
#1287 = VECTOR('',#1288,1.);
#1288 = DIRECTION('',(-1.,-0.,0.));
#1289 = PCURVE('',#158,#1290);
#1290 = DEFINITIONAL_REPRESENTATION('',(#1291),#1294);
#1291 = B_SPLINE_CURVE_WITH_KNOTS('',1,(#1292,#1293),.UNSPECIFIED.,.F.,
  .F.,(2,2),(-0.4005,-4.999999999999E-04),.PIECEWISE_BEZIER_KNOTS.);
#1292 = CARTESIAN_POINT('',(0.4,1.02));
#1293 = CARTESIAN_POINT('',(0.,1.02));
#1294 = ( GEOMETRIC_REPRESENTATION_CONTEXT(2) 
PARAMETRIC_REPRESENTATION_CONTEXT() REPRESENTATION_CONTEXT('2D SPACE',''
  ) );
#1295 = PCURVE('',#286,#1296);
#1296 = DEFINITIONAL_REPRESENTATION('',(#1297),#1300);
#1297 = B_SPLINE_CURVE_WITH_KNOTS('',1,(#1298,#1299),.UNSPECIFIED.,.F.,
  .F.,(2,2),(-0.4005,-4.999999999999E-04),.PIECEWISE_BEZIER_KNOTS.);
#1298 = CARTESIAN_POINT('',(1.E-02,0.401));
#1299 = CARTESIAN_POINT('',(1.E-02,9.999999999999E-04));
#1300 = ( GEOMETRIC_REPRESENTATION_CONTEXT(2) 
PARAMETRIC_REPRESENTATION_CONTEXT() REPRESENTATION_CONTEXT('2D SPACE',''
  ) );
#1301 = ORIENTED_EDGE('',*,*,#248,.F.);
#1302 = ORIENTED_EDGE('',*,*,#1303,.F.);
#1303 = EDGE_CURVE('',#1304,#223,#1306,.T.);
#1304 = VERTEX_POINT('',#1305);
#1305 = CARTESIAN_POINT('',(-1.1,-0.82,2.E-02));
#1306 = SURFACE_CURVE('',#1307,(#1311,#1317),.PCURVE_S1.);
#1307 = LINE('',#1308,#1309);
#1308 = CARTESIAN_POINT('',(-1.5005,-0.82,2.E-02));
#1309 = VECTOR('',#1310,1.);
#1310 = DIRECTION('',(-1.,-0.,0.));
#1311 = PCURVE('',#158,#1312);
#1312 = DEFINITIONAL_REPRESENTATION('',(#1313),#1316);
#1313 = B_SPLINE_CURVE_WITH_KNOTS('',1,(#1314,#1315),.UNSPECIFIED.,.F.,
  .F.,(2,2),(-0.4005,-4.999999999999E-04),.PIECEWISE_BEZIER_KNOTS.);
#1314 = CARTESIAN_POINT('',(0.4,0.68));
#1315 = CARTESIAN_POINT('',(0.,0.68));
#1316 = ( GEOMETRIC_REPRESENTATION_CONTEXT(2) 
PARAMETRIC_REPRESENTATION_CONTEXT() REPRESENTATION_CONTEXT('2D SPACE',''
  ) );
#1317 = PCURVE('',#237,#1318);
#1318 = DEFINITIONAL_REPRESENTATION('',(#1319),#1322);
#1319 = B_SPLINE_CURVE_WITH_KNOTS('',1,(#1320,#1321),.UNSPECIFIED.,.F.,
  .F.,(2,2),(-0.4005,-4.999999999999E-04),.PIECEWISE_BEZIER_KNOTS.);
#1320 = CARTESIAN_POINT('',(1.E-02,0.401));
#1321 = CARTESIAN_POINT('',(1.E-02,9.999999999999E-04));
#1322 = ( GEOMETRIC_REPRESENTATION_CONTEXT(2) 
PARAMETRIC_REPRESENTATION_CONTEXT() REPRESENTATION_CONTEXT('2D SPACE',''
  ) );
#1323 = ORIENTED_EDGE('',*,*,#1324,.F.);
#1324 = EDGE_CURVE('',#1325,#1304,#1327,.T.);
#1325 = VERTEX_POINT('',#1326);
#1326 = CARTESIAN_POINT('',(-1.1,-1.13,2.E-02));
#1327 = SURFACE_CURVE('',#1328,(#1332,#1338),.PCURVE_S1.);
#1328 = LINE('',#1329,#1330);
#1329 = CARTESIAN_POINT('',(-1.1,-1.315,2.E-02));
#1330 = VECTOR('',#1331,1.);
#1331 = DIRECTION('',(-0.,1.,0.));
#1332 = PCURVE('',#158,#1333);
#1333 = DEFINITIONAL_REPRESENTATION('',(#1334),#1337);
#1334 = B_SPLINE_CURVE_WITH_KNOTS('',1,(#1335,#1336),.UNSPECIFIED.,.F.,
  .F.,(2,2),(0.185,0.495),.PIECEWISE_BEZIER_KNOTS.);
#1335 = CARTESIAN_POINT('',(0.4,0.37));
#1336 = CARTESIAN_POINT('',(0.4,0.68));
#1337 = ( GEOMETRIC_REPRESENTATION_CONTEXT(2) 
PARAMETRIC_REPRESENTATION_CONTEXT() REPRESENTATION_CONTEXT('2D SPACE',''
  ) );
#1338 = PCURVE('',#1339,#1344);
#1339 = PLANE('',#1340);
#1340 = AXIS2_PLACEMENT_3D('',#1341,#1342,#1343);
#1341 = CARTESIAN_POINT('',(-1.1,-1.13,1.E-02));
#1342 = DIRECTION('',(1.,0.,-0.));
#1343 = DIRECTION('',(0.,0.,1.));
#1344 = DEFINITIONAL_REPRESENTATION('',(#1345),#1348);
#1345 = B_SPLINE_CURVE_WITH_KNOTS('',1,(#1346,#1347),.UNSPECIFIED.,.F.,
  .F.,(2,2),(0.185,0.495),.PIECEWISE_BEZIER_KNOTS.);
#1346 = CARTESIAN_POINT('',(1.E-02,0.));
#1347 = CARTESIAN_POINT('',(1.E-02,-0.31));
#1348 = ( GEOMETRIC_REPRESENTATION_CONTEXT(2) 
PARAMETRIC_REPRESENTATION_CONTEXT() REPRESENTATION_CONTEXT('2D SPACE',''
  ) );
#1349 = ORIENTED_EDGE('',*,*,#1350,.T.);
#1350 = EDGE_CURVE('',#1325,#143,#1351,.T.);
#1351 = SURFACE_CURVE('',#1352,(#1356,#1362),.PCURVE_S1.);
#1352 = LINE('',#1353,#1354);
#1353 = CARTESIAN_POINT('',(-1.5005,-1.13,2.E-02));
#1354 = VECTOR('',#1355,1.);
#1355 = DIRECTION('',(-1.,-0.,0.));
#1356 = PCURVE('',#158,#1357);
#1357 = DEFINITIONAL_REPRESENTATION('',(#1358),#1361);
#1358 = B_SPLINE_CURVE_WITH_KNOTS('',1,(#1359,#1360),.UNSPECIFIED.,.F.,
  .F.,(2,2),(-0.4005,-4.999999999999E-04),.PIECEWISE_BEZIER_KNOTS.);
#1359 = CARTESIAN_POINT('',(0.4,0.37));
#1360 = CARTESIAN_POINT('',(0.,0.37));
#1361 = ( GEOMETRIC_REPRESENTATION_CONTEXT(2) 
PARAMETRIC_REPRESENTATION_CONTEXT() REPRESENTATION_CONTEXT('2D SPACE',''
  ) );
#1362 = PCURVE('',#185,#1363);
#1363 = DEFINITIONAL_REPRESENTATION('',(#1364),#1367);
#1364 = B_SPLINE_CURVE_WITH_KNOTS('',1,(#1365,#1366),.UNSPECIFIED.,.F.,
  .F.,(2,2),(-0.4005,-4.999999999999E-04),.PIECEWISE_BEZIER_KNOTS.);
#1365 = CARTESIAN_POINT('',(1.E-02,0.401));
#1366 = CARTESIAN_POINT('',(1.E-02,9.999999999999E-04));
#1367 = ( GEOMETRIC_REPRESENTATION_CONTEXT(2) 
PARAMETRIC_REPRESENTATION_CONTEXT() REPRESENTATION_CONTEXT('2D SPACE',''
  ) );
#1368 = FACE_BOUND('',#1369,.F.);
#1369 = EDGE_LOOP('',(#1370,#1398,#1424,#1450));
#1370 = ORIENTED_EDGE('',*,*,#1371,.T.);
#1371 = EDGE_CURVE('',#1372,#1374,#1376,.T.);
#1372 = VERTEX_POINT('',#1373);
#1373 = CARTESIAN_POINT('',(0.825,-1.2,2.E-02));
#1374 = VERTEX_POINT('',#1375);
#1375 = CARTESIAN_POINT('',(-0.825,-1.2,2.E-02));
#1376 = SURFACE_CURVE('',#1377,(#1381,#1387),.PCURVE_S1.);
#1377 = LINE('',#1378,#1379);
#1378 = CARTESIAN_POINT('',(-1.1625,-1.2,2.E-02));
#1379 = VECTOR('',#1380,1.);
#1380 = DIRECTION('',(-1.,-0.,0.));
#1381 = PCURVE('',#158,#1382);
#1382 = DEFINITIONAL_REPRESENTATION('',(#1383),#1386);
#1383 = B_SPLINE_CURVE_WITH_KNOTS('',1,(#1384,#1385),.UNSPECIFIED.,.F.,
  .F.,(2,2),(-1.9875,-0.3375),.PIECEWISE_BEZIER_KNOTS.);
#1384 = CARTESIAN_POINT('',(2.325,0.3));
#1385 = CARTESIAN_POINT('',(0.675,0.3));
#1386 = ( GEOMETRIC_REPRESENTATION_CONTEXT(2) 
PARAMETRIC_REPRESENTATION_CONTEXT() REPRESENTATION_CONTEXT('2D SPACE',''
  ) );
#1387 = PCURVE('',#1388,#1393);
#1388 = PLANE('',#1389);
#1389 = AXIS2_PLACEMENT_3D('',#1390,#1391,#1392);
#1390 = CARTESIAN_POINT('',(-0.825,-1.2,1.E-02));
#1391 = DIRECTION('',(-0.,1.,0.));
#1392 = DIRECTION('',(0.,0.,1.));
#1393 = DEFINITIONAL_REPRESENTATION('',(#1394),#1397);
#1394 = B_SPLINE_CURVE_WITH_KNOTS('',1,(#1395,#1396),.UNSPECIFIED.,.F.,
  .F.,(2,2),(-1.9875,-0.3375),.PIECEWISE_BEZIER_KNOTS.);
#1395 = CARTESIAN_POINT('',(1.E-02,1.65));
#1396 = CARTESIAN_POINT('',(1.E-02,0.));
#1397 = ( GEOMETRIC_REPRESENTATION_CONTEXT(2) 
PARAMETRIC_REPRESENTATION_CONTEXT() REPRESENTATION_CONTEXT('2D SPACE',''
  ) );
#1398 = ORIENTED_EDGE('',*,*,#1399,.T.);
#1399 = EDGE_CURVE('',#1374,#1400,#1402,.T.);
#1400 = VERTEX_POINT('',#1401);
#1401 = CARTESIAN_POINT('',(-0.825,1.2,2.E-02));
#1402 = SURFACE_CURVE('',#1403,(#1407,#1413),.PCURVE_S1.);
#1403 = LINE('',#1404,#1405);
#1404 = CARTESIAN_POINT('',(-0.825,-1.35,2.E-02));
#1405 = VECTOR('',#1406,1.);
#1406 = DIRECTION('',(-0.,1.,0.));
#1407 = PCURVE('',#158,#1408);
#1408 = DEFINITIONAL_REPRESENTATION('',(#1409),#1412);
#1409 = B_SPLINE_CURVE_WITH_KNOTS('',1,(#1410,#1411),.UNSPECIFIED.,.F.,
  .F.,(2,2),(0.15,2.55),.PIECEWISE_BEZIER_KNOTS.);
#1410 = CARTESIAN_POINT('',(0.675,0.3));
#1411 = CARTESIAN_POINT('',(0.675,2.7));
#1412 = ( GEOMETRIC_REPRESENTATION_CONTEXT(2) 
PARAMETRIC_REPRESENTATION_CONTEXT() REPRESENTATION_CONTEXT('2D SPACE',''
  ) );
#1413 = PCURVE('',#1414,#1419);
#1414 = PLANE('',#1415);
#1415 = AXIS2_PLACEMENT_3D('',#1416,#1417,#1418);
#1416 = CARTESIAN_POINT('',(-0.825,-1.2,1.E-02));
#1417 = DIRECTION('',(1.,0.,-0.));
#1418 = DIRECTION('',(0.,0.,1.));
#1419 = DEFINITIONAL_REPRESENTATION('',(#1420),#1423);
#1420 = B_SPLINE_CURVE_WITH_KNOTS('',1,(#1421,#1422),.UNSPECIFIED.,.F.,
  .F.,(2,2),(0.15,2.55),.PIECEWISE_BEZIER_KNOTS.);
#1421 = CARTESIAN_POINT('',(1.E-02,0.));
#1422 = CARTESIAN_POINT('',(1.E-02,-2.4));
#1423 = ( GEOMETRIC_REPRESENTATION_CONTEXT(2) 
PARAMETRIC_REPRESENTATION_CONTEXT() REPRESENTATION_CONTEXT('2D SPACE',''
  ) );
#1424 = ORIENTED_EDGE('',*,*,#1425,.F.);
#1425 = EDGE_CURVE('',#1426,#1400,#1428,.T.);
#1426 = VERTEX_POINT('',#1427);
#1427 = CARTESIAN_POINT('',(0.825,1.2,2.E-02));
#1428 = SURFACE_CURVE('',#1429,(#1433,#1439),.PCURVE_S1.);
#1429 = LINE('',#1430,#1431);
#1430 = CARTESIAN_POINT('',(-1.1625,1.2,2.E-02));
#1431 = VECTOR('',#1432,1.);
#1432 = DIRECTION('',(-1.,-0.,0.));
#1433 = PCURVE('',#158,#1434);
#1434 = DEFINITIONAL_REPRESENTATION('',(#1435),#1438);
#1435 = B_SPLINE_CURVE_WITH_KNOTS('',1,(#1436,#1437),.UNSPECIFIED.,.F.,
  .F.,(2,2),(-1.9875,-0.3375),.PIECEWISE_BEZIER_KNOTS.);
#1436 = CARTESIAN_POINT('',(2.325,2.7));
#1437 = CARTESIAN_POINT('',(0.675,2.7));
#1438 = ( GEOMETRIC_REPRESENTATION_CONTEXT(2) 
PARAMETRIC_REPRESENTATION_CONTEXT() REPRESENTATION_CONTEXT('2D SPACE',''
  ) );
#1439 = PCURVE('',#1440,#1445);
#1440 = PLANE('',#1441);
#1441 = AXIS2_PLACEMENT_3D('',#1442,#1443,#1444);
#1442 = CARTESIAN_POINT('',(-0.825,1.2,1.E-02));
#1443 = DIRECTION('',(-0.,1.,0.));
#1444 = DIRECTION('',(0.,0.,1.));
#1445 = DEFINITIONAL_REPRESENTATION('',(#1446),#1449);
#1446 = B_SPLINE_CURVE_WITH_KNOTS('',1,(#1447,#1448),.UNSPECIFIED.,.F.,
  .F.,(2,2),(-1.9875,-0.3375),.PIECEWISE_BEZIER_KNOTS.);
#1447 = CARTESIAN_POINT('',(1.E-02,1.65));
#1448 = CARTESIAN_POINT('',(1.E-02,0.));
#1449 = ( GEOMETRIC_REPRESENTATION_CONTEXT(2) 
PARAMETRIC_REPRESENTATION_CONTEXT() REPRESENTATION_CONTEXT('2D SPACE',''
  ) );
#1450 = ORIENTED_EDGE('',*,*,#1451,.F.);
#1451 = EDGE_CURVE('',#1372,#1426,#1452,.T.);
#1452 = SURFACE_CURVE('',#1453,(#1457,#1463),.PCURVE_S1.);
#1453 = LINE('',#1454,#1455);
#1454 = CARTESIAN_POINT('',(0.825,-1.35,2.E-02));
#1455 = VECTOR('',#1456,1.);
#1456 = DIRECTION('',(-0.,1.,0.));
#1457 = PCURVE('',#158,#1458);
#1458 = DEFINITIONAL_REPRESENTATION('',(#1459),#1462);
#1459 = B_SPLINE_CURVE_WITH_KNOTS('',1,(#1460,#1461),.UNSPECIFIED.,.F.,
  .F.,(2,2),(0.15,2.55),.PIECEWISE_BEZIER_KNOTS.);
#1460 = CARTESIAN_POINT('',(2.325,0.3));
#1461 = CARTESIAN_POINT('',(2.325,2.7));
#1462 = ( GEOMETRIC_REPRESENTATION_CONTEXT(2) 
PARAMETRIC_REPRESENTATION_CONTEXT() REPRESENTATION_CONTEXT('2D SPACE',''
  ) );
#1463 = PCURVE('',#1464,#1469);
#1464 = PLANE('',#1465);
#1465 = AXIS2_PLACEMENT_3D('',#1466,#1467,#1468);
#1466 = CARTESIAN_POINT('',(0.825,-1.2,1.E-02));
#1467 = DIRECTION('',(1.,0.,-0.));
#1468 = DIRECTION('',(0.,0.,1.));
#1469 = DEFINITIONAL_REPRESENTATION('',(#1470),#1473);
#1470 = B_SPLINE_CURVE_WITH_KNOTS('',1,(#1471,#1472),.UNSPECIFIED.,.F.,
  .F.,(2,2),(0.15,2.55),.PIECEWISE_BEZIER_KNOTS.);
#1471 = CARTESIAN_POINT('',(1.E-02,0.));
#1472 = CARTESIAN_POINT('',(1.E-02,-2.4));
#1473 = ( GEOMETRIC_REPRESENTATION_CONTEXT(2) 
PARAMETRIC_REPRESENTATION_CONTEXT() REPRESENTATION_CONTEXT('2D SPACE',''
  ) );
#1474 = ADVANCED_FACE('',(#1475),#540,.F.);
#1475 = FACE_BOUND('',#1476,.F.);
#1476 = EDGE_LOOP('',(#1477,#1500,#1501,#1502));
#1477 = ORIENTED_EDGE('',*,*,#1478,.F.);
#1478 = EDGE_CURVE('',#1103,#1479,#1481,.T.);
#1479 = VERTEX_POINT('',#1480);
#1480 = CARTESIAN_POINT('',(-1.1,1.13,0.2));
#1481 = SURFACE_CURVE('',#1482,(#1486,#1493),.PCURVE_S1.);
#1482 = LINE('',#1483,#1484);
#1483 = CARTESIAN_POINT('',(-1.1,1.13,1.E-02));
#1484 = VECTOR('',#1485,1.);
#1485 = DIRECTION('',(0.,0.,1.));
#1486 = PCURVE('',#540,#1487);
#1487 = DEFINITIONAL_REPRESENTATION('',(#1488),#1492);
#1488 = LINE('',#1489,#1490);
#1489 = CARTESIAN_POINT('',(0.,0.401));
#1490 = VECTOR('',#1491,1.);
#1491 = DIRECTION('',(1.,0.));
#1492 = ( GEOMETRIC_REPRESENTATION_CONTEXT(2) 
PARAMETRIC_REPRESENTATION_CONTEXT() REPRESENTATION_CONTEXT('2D SPACE',''
  ) );
#1493 = PCURVE('',#1138,#1494);
#1494 = DEFINITIONAL_REPRESENTATION('',(#1495),#1499);
#1495 = LINE('',#1496,#1497);
#1496 = CARTESIAN_POINT('',(0.,-0.31));
#1497 = VECTOR('',#1498,1.);
#1498 = DIRECTION('',(1.,0.));
#1499 = ( GEOMETRIC_REPRESENTATION_CONTEXT(2) 
PARAMETRIC_REPRESENTATION_CONTEXT() REPRESENTATION_CONTEXT('2D SPACE',''
  ) );
#1500 = ORIENTED_EDGE('',*,*,#1102,.T.);
#1501 = ORIENTED_EDGE('',*,*,#525,.T.);
#1502 = ORIENTED_EDGE('',*,*,#1503,.T.);
#1503 = EDGE_CURVE('',#500,#1479,#1504,.T.);
#1504 = SURFACE_CURVE('',#1505,(#1509,#1516),.PCURVE_S1.);
#1505 = LINE('',#1506,#1507);
#1506 = CARTESIAN_POINT('',(-1.501,1.13,0.2));
#1507 = VECTOR('',#1508,1.);
#1508 = DIRECTION('',(1.,0.,-0.));
#1509 = PCURVE('',#540,#1510);
#1510 = DEFINITIONAL_REPRESENTATION('',(#1511),#1515);
#1511 = LINE('',#1512,#1513);
#1512 = CARTESIAN_POINT('',(0.19,0.));
#1513 = VECTOR('',#1514,1.);
#1514 = DIRECTION('',(0.,1.));
#1515 = ( GEOMETRIC_REPRESENTATION_CONTEXT(2) 
PARAMETRIC_REPRESENTATION_CONTEXT() REPRESENTATION_CONTEXT('2D SPACE',''
  ) );
#1516 = PCURVE('',#514,#1517);
#1517 = DEFINITIONAL_REPRESENTATION('',(#1518),#1522);
#1518 = LINE('',#1519,#1520);
#1519 = CARTESIAN_POINT('',(0.,0.31));
#1520 = VECTOR('',#1521,1.);
#1521 = DIRECTION('',(1.,0.));
#1522 = ( GEOMETRIC_REPRESENTATION_CONTEXT(2) 
PARAMETRIC_REPRESENTATION_CONTEXT() REPRESENTATION_CONTEXT('2D SPACE',''
  ) );
#1523 = ADVANCED_FACE('',(#1524),#514,.F.);
#1524 = FACE_BOUND('',#1525,.F.);
#1525 = EDGE_LOOP('',(#1526,#1527,#1528,#1551));
#1526 = ORIENTED_EDGE('',*,*,#1503,.F.);
#1527 = ORIENTED_EDGE('',*,*,#499,.T.);
#1528 = ORIENTED_EDGE('',*,*,#1529,.T.);
#1529 = EDGE_CURVE('',#474,#1530,#1532,.T.);
#1530 = VERTEX_POINT('',#1531);
#1531 = CARTESIAN_POINT('',(-1.1,0.82,0.2));
#1532 = SURFACE_CURVE('',#1533,(#1537,#1544),.PCURVE_S1.);
#1533 = LINE('',#1534,#1535);
#1534 = CARTESIAN_POINT('',(-1.501,0.82,0.2));
#1535 = VECTOR('',#1536,1.);
#1536 = DIRECTION('',(1.,0.,-0.));
#1537 = PCURVE('',#514,#1538);
#1538 = DEFINITIONAL_REPRESENTATION('',(#1539),#1543);
#1539 = LINE('',#1540,#1541);
#1540 = CARTESIAN_POINT('',(0.,0.));
#1541 = VECTOR('',#1542,1.);
#1542 = DIRECTION('',(1.,0.));
#1543 = ( GEOMETRIC_REPRESENTATION_CONTEXT(2) 
PARAMETRIC_REPRESENTATION_CONTEXT() REPRESENTATION_CONTEXT('2D SPACE',''
  ) );
#1544 = PCURVE('',#488,#1545);
#1545 = DEFINITIONAL_REPRESENTATION('',(#1546),#1550);
#1546 = LINE('',#1547,#1548);
#1547 = CARTESIAN_POINT('',(0.19,0.));
#1548 = VECTOR('',#1549,1.);
#1549 = DIRECTION('',(0.,1.));
#1550 = ( GEOMETRIC_REPRESENTATION_CONTEXT(2) 
PARAMETRIC_REPRESENTATION_CONTEXT() REPRESENTATION_CONTEXT('2D SPACE',''
  ) );
#1551 = ORIENTED_EDGE('',*,*,#1552,.T.);
#1552 = EDGE_CURVE('',#1530,#1479,#1553,.T.);
#1553 = SURFACE_CURVE('',#1554,(#1558,#1565),.PCURVE_S1.);
#1554 = LINE('',#1555,#1556);
#1555 = CARTESIAN_POINT('',(-1.1,0.82,0.2));
#1556 = VECTOR('',#1557,1.);
#1557 = DIRECTION('',(-0.,1.,0.));
#1558 = PCURVE('',#514,#1559);
#1559 = DEFINITIONAL_REPRESENTATION('',(#1560),#1564);
#1560 = LINE('',#1561,#1562);
#1561 = CARTESIAN_POINT('',(0.401,0.));
#1562 = VECTOR('',#1563,1.);
#1563 = DIRECTION('',(0.,1.));
#1564 = ( GEOMETRIC_REPRESENTATION_CONTEXT(2) 
PARAMETRIC_REPRESENTATION_CONTEXT() REPRESENTATION_CONTEXT('2D SPACE',''
  ) );
#1565 = PCURVE('',#1138,#1566);
#1566 = DEFINITIONAL_REPRESENTATION('',(#1567),#1571);
#1567 = LINE('',#1568,#1569);
#1568 = CARTESIAN_POINT('',(0.19,0.));
#1569 = VECTOR('',#1570,1.);
#1570 = DIRECTION('',(0.,-1.));
#1571 = ( GEOMETRIC_REPRESENTATION_CONTEXT(2) 
PARAMETRIC_REPRESENTATION_CONTEXT() REPRESENTATION_CONTEXT('2D SPACE',''
  ) );
#1572 = ADVANCED_FACE('',(#1573),#488,.T.);
#1573 = FACE_BOUND('',#1574,.T.);
#1574 = EDGE_LOOP('',(#1575,#1596,#1597,#1598));
#1575 = ORIENTED_EDGE('',*,*,#1576,.F.);
#1576 = EDGE_CURVE('',#1124,#1530,#1577,.T.);
#1577 = SURFACE_CURVE('',#1578,(#1582,#1589),.PCURVE_S1.);
#1578 = LINE('',#1579,#1580);
#1579 = CARTESIAN_POINT('',(-1.1,0.82,1.E-02));
#1580 = VECTOR('',#1581,1.);
#1581 = DIRECTION('',(0.,0.,1.));
#1582 = PCURVE('',#488,#1583);
#1583 = DEFINITIONAL_REPRESENTATION('',(#1584),#1588);
#1584 = LINE('',#1585,#1586);
#1585 = CARTESIAN_POINT('',(0.,0.401));
#1586 = VECTOR('',#1587,1.);
#1587 = DIRECTION('',(1.,0.));
#1588 = ( GEOMETRIC_REPRESENTATION_CONTEXT(2) 
PARAMETRIC_REPRESENTATION_CONTEXT() REPRESENTATION_CONTEXT('2D SPACE',''
  ) );
#1589 = PCURVE('',#1138,#1590);
#1590 = DEFINITIONAL_REPRESENTATION('',(#1591),#1595);
#1591 = LINE('',#1592,#1593);
#1592 = CARTESIAN_POINT('',(0.,0.));
#1593 = VECTOR('',#1594,1.);
#1594 = DIRECTION('',(1.,0.));
#1595 = ( GEOMETRIC_REPRESENTATION_CONTEXT(2) 
PARAMETRIC_REPRESENTATION_CONTEXT() REPRESENTATION_CONTEXT('2D SPACE',''
  ) );
#1596 = ORIENTED_EDGE('',*,*,#1149,.T.);
#1597 = ORIENTED_EDGE('',*,*,#473,.T.);
#1598 = ORIENTED_EDGE('',*,*,#1529,.T.);
#1599 = ADVANCED_FACE('',(#1600),#439,.F.);
#1600 = FACE_BOUND('',#1601,.F.);
#1601 = EDGE_LOOP('',(#1602,#1625,#1626,#1627));
#1602 = ORIENTED_EDGE('',*,*,#1603,.F.);
#1603 = EDGE_CURVE('',#1170,#1604,#1606,.T.);
#1604 = VERTEX_POINT('',#1605);
#1605 = CARTESIAN_POINT('',(-1.1,0.48,0.2));
#1606 = SURFACE_CURVE('',#1607,(#1611,#1618),.PCURVE_S1.);
#1607 = LINE('',#1608,#1609);
#1608 = CARTESIAN_POINT('',(-1.1,0.48,1.E-02));
#1609 = VECTOR('',#1610,1.);
#1610 = DIRECTION('',(0.,0.,1.));
#1611 = PCURVE('',#439,#1612);
#1612 = DEFINITIONAL_REPRESENTATION('',(#1613),#1617);
#1613 = LINE('',#1614,#1615);
#1614 = CARTESIAN_POINT('',(0.,0.401));
#1615 = VECTOR('',#1616,1.);
#1616 = DIRECTION('',(1.,0.));
#1617 = ( GEOMETRIC_REPRESENTATION_CONTEXT(2) 
PARAMETRIC_REPRESENTATION_CONTEXT() REPRESENTATION_CONTEXT('2D SPACE',''
  ) );
#1618 = PCURVE('',#1205,#1619);
#1619 = DEFINITIONAL_REPRESENTATION('',(#1620),#1624);
#1620 = LINE('',#1621,#1622);
#1621 = CARTESIAN_POINT('',(0.,-0.31));
#1622 = VECTOR('',#1623,1.);
#1623 = DIRECTION('',(1.,0.));
#1624 = ( GEOMETRIC_REPRESENTATION_CONTEXT(2) 
PARAMETRIC_REPRESENTATION_CONTEXT() REPRESENTATION_CONTEXT('2D SPACE',''
  ) );
#1625 = ORIENTED_EDGE('',*,*,#1169,.T.);
#1626 = ORIENTED_EDGE('',*,*,#424,.T.);
#1627 = ORIENTED_EDGE('',*,*,#1628,.T.);
#1628 = EDGE_CURVE('',#399,#1604,#1629,.T.);
#1629 = SURFACE_CURVE('',#1630,(#1634,#1641),.PCURVE_S1.);
#1630 = LINE('',#1631,#1632);
#1631 = CARTESIAN_POINT('',(-1.501,0.48,0.2));
#1632 = VECTOR('',#1633,1.);
#1633 = DIRECTION('',(1.,0.,-0.));
#1634 = PCURVE('',#439,#1635);
#1635 = DEFINITIONAL_REPRESENTATION('',(#1636),#1640);
#1636 = LINE('',#1637,#1638);
#1637 = CARTESIAN_POINT('',(0.19,0.));
#1638 = VECTOR('',#1639,1.);
#1639 = DIRECTION('',(0.,1.));
#1640 = ( GEOMETRIC_REPRESENTATION_CONTEXT(2) 
PARAMETRIC_REPRESENTATION_CONTEXT() REPRESENTATION_CONTEXT('2D SPACE',''
  ) );
#1641 = PCURVE('',#413,#1642);
#1642 = DEFINITIONAL_REPRESENTATION('',(#1643),#1647);
#1643 = LINE('',#1644,#1645);
#1644 = CARTESIAN_POINT('',(0.,0.31));
#1645 = VECTOR('',#1646,1.);
#1646 = DIRECTION('',(1.,0.));
#1647 = ( GEOMETRIC_REPRESENTATION_CONTEXT(2) 
PARAMETRIC_REPRESENTATION_CONTEXT() REPRESENTATION_CONTEXT('2D SPACE',''
  ) );
#1648 = ADVANCED_FACE('',(#1649),#413,.F.);
#1649 = FACE_BOUND('',#1650,.F.);
#1650 = EDGE_LOOP('',(#1651,#1652,#1653,#1676));
#1651 = ORIENTED_EDGE('',*,*,#1628,.F.);
#1652 = ORIENTED_EDGE('',*,*,#398,.T.);
#1653 = ORIENTED_EDGE('',*,*,#1654,.T.);
#1654 = EDGE_CURVE('',#373,#1655,#1657,.T.);
#1655 = VERTEX_POINT('',#1656);
#1656 = CARTESIAN_POINT('',(-1.1,0.17,0.2));
#1657 = SURFACE_CURVE('',#1658,(#1662,#1669),.PCURVE_S1.);
#1658 = LINE('',#1659,#1660);
#1659 = CARTESIAN_POINT('',(-1.501,0.17,0.2));
#1660 = VECTOR('',#1661,1.);
#1661 = DIRECTION('',(1.,0.,-0.));
#1662 = PCURVE('',#413,#1663);
#1663 = DEFINITIONAL_REPRESENTATION('',(#1664),#1668);
#1664 = LINE('',#1665,#1666);
#1665 = CARTESIAN_POINT('',(0.,0.));
#1666 = VECTOR('',#1667,1.);
#1667 = DIRECTION('',(1.,0.));
#1668 = ( GEOMETRIC_REPRESENTATION_CONTEXT(2) 
PARAMETRIC_REPRESENTATION_CONTEXT() REPRESENTATION_CONTEXT('2D SPACE',''
  ) );
#1669 = PCURVE('',#387,#1670);
#1670 = DEFINITIONAL_REPRESENTATION('',(#1671),#1675);
#1671 = LINE('',#1672,#1673);
#1672 = CARTESIAN_POINT('',(0.19,0.));
#1673 = VECTOR('',#1674,1.);
#1674 = DIRECTION('',(0.,1.));
#1675 = ( GEOMETRIC_REPRESENTATION_CONTEXT(2) 
PARAMETRIC_REPRESENTATION_CONTEXT() REPRESENTATION_CONTEXT('2D SPACE',''
  ) );
#1676 = ORIENTED_EDGE('',*,*,#1677,.T.);
#1677 = EDGE_CURVE('',#1655,#1604,#1678,.T.);
#1678 = SURFACE_CURVE('',#1679,(#1683,#1690),.PCURVE_S1.);
#1679 = LINE('',#1680,#1681);
#1680 = CARTESIAN_POINT('',(-1.1,0.17,0.2));
#1681 = VECTOR('',#1682,1.);
#1682 = DIRECTION('',(-0.,1.,0.));
#1683 = PCURVE('',#413,#1684);
#1684 = DEFINITIONAL_REPRESENTATION('',(#1685),#1689);
#1685 = LINE('',#1686,#1687);
#1686 = CARTESIAN_POINT('',(0.401,0.));
#1687 = VECTOR('',#1688,1.);
#1688 = DIRECTION('',(0.,1.));
#1689 = ( GEOMETRIC_REPRESENTATION_CONTEXT(2) 
PARAMETRIC_REPRESENTATION_CONTEXT() REPRESENTATION_CONTEXT('2D SPACE',''
  ) );
#1690 = PCURVE('',#1205,#1691);
#1691 = DEFINITIONAL_REPRESENTATION('',(#1692),#1696);
#1692 = LINE('',#1693,#1694);
#1693 = CARTESIAN_POINT('',(0.19,0.));
#1694 = VECTOR('',#1695,1.);
#1695 = DIRECTION('',(0.,-1.));
#1696 = ( GEOMETRIC_REPRESENTATION_CONTEXT(2) 
PARAMETRIC_REPRESENTATION_CONTEXT() REPRESENTATION_CONTEXT('2D SPACE',''
  ) );
#1697 = ADVANCED_FACE('',(#1698),#387,.T.);
#1698 = FACE_BOUND('',#1699,.T.);
#1699 = EDGE_LOOP('',(#1700,#1721,#1722,#1723));
#1700 = ORIENTED_EDGE('',*,*,#1701,.F.);
#1701 = EDGE_CURVE('',#1191,#1655,#1702,.T.);
#1702 = SURFACE_CURVE('',#1703,(#1707,#1714),.PCURVE_S1.);
#1703 = LINE('',#1704,#1705);
#1704 = CARTESIAN_POINT('',(-1.1,0.17,1.E-02));
#1705 = VECTOR('',#1706,1.);
#1706 = DIRECTION('',(0.,0.,1.));
#1707 = PCURVE('',#387,#1708);
#1708 = DEFINITIONAL_REPRESENTATION('',(#1709),#1713);
#1709 = LINE('',#1710,#1711);
#1710 = CARTESIAN_POINT('',(0.,0.401));
#1711 = VECTOR('',#1712,1.);
#1712 = DIRECTION('',(1.,0.));
#1713 = ( GEOMETRIC_REPRESENTATION_CONTEXT(2) 
PARAMETRIC_REPRESENTATION_CONTEXT() REPRESENTATION_CONTEXT('2D SPACE',''
  ) );
#1714 = PCURVE('',#1205,#1715);
#1715 = DEFINITIONAL_REPRESENTATION('',(#1716),#1720);
#1716 = LINE('',#1717,#1718);
#1717 = CARTESIAN_POINT('',(0.,0.));
#1718 = VECTOR('',#1719,1.);
#1719 = DIRECTION('',(1.,0.));
#1720 = ( GEOMETRIC_REPRESENTATION_CONTEXT(2) 
PARAMETRIC_REPRESENTATION_CONTEXT() REPRESENTATION_CONTEXT('2D SPACE',''
  ) );
#1721 = ORIENTED_EDGE('',*,*,#1216,.T.);
#1722 = ORIENTED_EDGE('',*,*,#372,.T.);
#1723 = ORIENTED_EDGE('',*,*,#1654,.T.);
#1724 = ADVANCED_FACE('',(#1725),#338,.F.);
#1725 = FACE_BOUND('',#1726,.F.);
#1726 = EDGE_LOOP('',(#1727,#1750,#1751,#1752));
#1727 = ORIENTED_EDGE('',*,*,#1728,.F.);
#1728 = EDGE_CURVE('',#1237,#1729,#1731,.T.);
#1729 = VERTEX_POINT('',#1730);
#1730 = CARTESIAN_POINT('',(-1.1,-0.17,0.2));
#1731 = SURFACE_CURVE('',#1732,(#1736,#1743),.PCURVE_S1.);
#1732 = LINE('',#1733,#1734);
#1733 = CARTESIAN_POINT('',(-1.1,-0.17,1.E-02));
#1734 = VECTOR('',#1735,1.);
#1735 = DIRECTION('',(0.,0.,1.));
#1736 = PCURVE('',#338,#1737);
#1737 = DEFINITIONAL_REPRESENTATION('',(#1738),#1742);
#1738 = LINE('',#1739,#1740);
#1739 = CARTESIAN_POINT('',(0.,0.401));
#1740 = VECTOR('',#1741,1.);
#1741 = DIRECTION('',(1.,0.));
#1742 = ( GEOMETRIC_REPRESENTATION_CONTEXT(2) 
PARAMETRIC_REPRESENTATION_CONTEXT() REPRESENTATION_CONTEXT('2D SPACE',''
  ) );
#1743 = PCURVE('',#1272,#1744);
#1744 = DEFINITIONAL_REPRESENTATION('',(#1745),#1749);
#1745 = LINE('',#1746,#1747);
#1746 = CARTESIAN_POINT('',(0.,-0.31));
#1747 = VECTOR('',#1748,1.);
#1748 = DIRECTION('',(1.,0.));
#1749 = ( GEOMETRIC_REPRESENTATION_CONTEXT(2) 
PARAMETRIC_REPRESENTATION_CONTEXT() REPRESENTATION_CONTEXT('2D SPACE',''
  ) );
#1750 = ORIENTED_EDGE('',*,*,#1236,.T.);
#1751 = ORIENTED_EDGE('',*,*,#323,.T.);
#1752 = ORIENTED_EDGE('',*,*,#1753,.T.);
#1753 = EDGE_CURVE('',#298,#1729,#1754,.T.);
#1754 = SURFACE_CURVE('',#1755,(#1759,#1766),.PCURVE_S1.);
#1755 = LINE('',#1756,#1757);
#1756 = CARTESIAN_POINT('',(-1.501,-0.17,0.2));
#1757 = VECTOR('',#1758,1.);
#1758 = DIRECTION('',(1.,0.,-0.));
#1759 = PCURVE('',#338,#1760);
#1760 = DEFINITIONAL_REPRESENTATION('',(#1761),#1765);
#1761 = LINE('',#1762,#1763);
#1762 = CARTESIAN_POINT('',(0.19,0.));
#1763 = VECTOR('',#1764,1.);
#1764 = DIRECTION('',(0.,1.));
#1765 = ( GEOMETRIC_REPRESENTATION_CONTEXT(2) 
PARAMETRIC_REPRESENTATION_CONTEXT() REPRESENTATION_CONTEXT('2D SPACE',''
  ) );
#1766 = PCURVE('',#312,#1767);
#1767 = DEFINITIONAL_REPRESENTATION('',(#1768),#1772);
#1768 = LINE('',#1769,#1770);
#1769 = CARTESIAN_POINT('',(0.,0.31));
#1770 = VECTOR('',#1771,1.);
#1771 = DIRECTION('',(1.,0.));
#1772 = ( GEOMETRIC_REPRESENTATION_CONTEXT(2) 
PARAMETRIC_REPRESENTATION_CONTEXT() REPRESENTATION_CONTEXT('2D SPACE',''
  ) );
#1773 = ADVANCED_FACE('',(#1774),#312,.F.);
#1774 = FACE_BOUND('',#1775,.F.);
#1775 = EDGE_LOOP('',(#1776,#1777,#1778,#1801));
#1776 = ORIENTED_EDGE('',*,*,#1753,.F.);
#1777 = ORIENTED_EDGE('',*,*,#297,.T.);
#1778 = ORIENTED_EDGE('',*,*,#1779,.T.);
#1779 = EDGE_CURVE('',#272,#1780,#1782,.T.);
#1780 = VERTEX_POINT('',#1781);
#1781 = CARTESIAN_POINT('',(-1.1,-0.48,0.2));
#1782 = SURFACE_CURVE('',#1783,(#1787,#1794),.PCURVE_S1.);
#1783 = LINE('',#1784,#1785);
#1784 = CARTESIAN_POINT('',(-1.501,-0.48,0.2));
#1785 = VECTOR('',#1786,1.);
#1786 = DIRECTION('',(1.,0.,-0.));
#1787 = PCURVE('',#312,#1788);
#1788 = DEFINITIONAL_REPRESENTATION('',(#1789),#1793);
#1789 = LINE('',#1790,#1791);
#1790 = CARTESIAN_POINT('',(0.,0.));
#1791 = VECTOR('',#1792,1.);
#1792 = DIRECTION('',(1.,0.));
#1793 = ( GEOMETRIC_REPRESENTATION_CONTEXT(2) 
PARAMETRIC_REPRESENTATION_CONTEXT() REPRESENTATION_CONTEXT('2D SPACE',''
  ) );
#1794 = PCURVE('',#286,#1795);
#1795 = DEFINITIONAL_REPRESENTATION('',(#1796),#1800);
#1796 = LINE('',#1797,#1798);
#1797 = CARTESIAN_POINT('',(0.19,0.));
#1798 = VECTOR('',#1799,1.);
#1799 = DIRECTION('',(0.,1.));
#1800 = ( GEOMETRIC_REPRESENTATION_CONTEXT(2) 
PARAMETRIC_REPRESENTATION_CONTEXT() REPRESENTATION_CONTEXT('2D SPACE',''
  ) );
#1801 = ORIENTED_EDGE('',*,*,#1802,.T.);
#1802 = EDGE_CURVE('',#1780,#1729,#1803,.T.);
#1803 = SURFACE_CURVE('',#1804,(#1808,#1815),.PCURVE_S1.);
#1804 = LINE('',#1805,#1806);
#1805 = CARTESIAN_POINT('',(-1.1,-0.48,0.2));
#1806 = VECTOR('',#1807,1.);
#1807 = DIRECTION('',(-0.,1.,0.));
#1808 = PCURVE('',#312,#1809);
#1809 = DEFINITIONAL_REPRESENTATION('',(#1810),#1814);
#1810 = LINE('',#1811,#1812);
#1811 = CARTESIAN_POINT('',(0.401,0.));
#1812 = VECTOR('',#1813,1.);
#1813 = DIRECTION('',(0.,1.));
#1814 = ( GEOMETRIC_REPRESENTATION_CONTEXT(2) 
PARAMETRIC_REPRESENTATION_CONTEXT() REPRESENTATION_CONTEXT('2D SPACE',''
  ) );
#1815 = PCURVE('',#1272,#1816);
#1816 = DEFINITIONAL_REPRESENTATION('',(#1817),#1821);
#1817 = LINE('',#1818,#1819);
#1818 = CARTESIAN_POINT('',(0.19,0.));
#1819 = VECTOR('',#1820,1.);
#1820 = DIRECTION('',(0.,-1.));
#1821 = ( GEOMETRIC_REPRESENTATION_CONTEXT(2) 
PARAMETRIC_REPRESENTATION_CONTEXT() REPRESENTATION_CONTEXT('2D SPACE',''
  ) );
#1822 = ADVANCED_FACE('',(#1823),#286,.T.);
#1823 = FACE_BOUND('',#1824,.T.);
#1824 = EDGE_LOOP('',(#1825,#1846,#1847,#1848));
#1825 = ORIENTED_EDGE('',*,*,#1826,.F.);
#1826 = EDGE_CURVE('',#1258,#1780,#1827,.T.);
#1827 = SURFACE_CURVE('',#1828,(#1832,#1839),.PCURVE_S1.);
#1828 = LINE('',#1829,#1830);
#1829 = CARTESIAN_POINT('',(-1.1,-0.48,1.E-02));
#1830 = VECTOR('',#1831,1.);
#1831 = DIRECTION('',(0.,0.,1.));
#1832 = PCURVE('',#286,#1833);
#1833 = DEFINITIONAL_REPRESENTATION('',(#1834),#1838);
#1834 = LINE('',#1835,#1836);
#1835 = CARTESIAN_POINT('',(0.,0.401));
#1836 = VECTOR('',#1837,1.);
#1837 = DIRECTION('',(1.,0.));
#1838 = ( GEOMETRIC_REPRESENTATION_CONTEXT(2) 
PARAMETRIC_REPRESENTATION_CONTEXT() REPRESENTATION_CONTEXT('2D SPACE',''
  ) );
#1839 = PCURVE('',#1272,#1840);
#1840 = DEFINITIONAL_REPRESENTATION('',(#1841),#1845);
#1841 = LINE('',#1842,#1843);
#1842 = CARTESIAN_POINT('',(0.,0.));
#1843 = VECTOR('',#1844,1.);
#1844 = DIRECTION('',(1.,0.));
#1845 = ( GEOMETRIC_REPRESENTATION_CONTEXT(2) 
PARAMETRIC_REPRESENTATION_CONTEXT() REPRESENTATION_CONTEXT('2D SPACE',''
  ) );
#1846 = ORIENTED_EDGE('',*,*,#1283,.T.);
#1847 = ORIENTED_EDGE('',*,*,#271,.T.);
#1848 = ORIENTED_EDGE('',*,*,#1779,.T.);
#1849 = ADVANCED_FACE('',(#1850),#237,.F.);
#1850 = FACE_BOUND('',#1851,.F.);
#1851 = EDGE_LOOP('',(#1852,#1875,#1876,#1877));
#1852 = ORIENTED_EDGE('',*,*,#1853,.F.);
#1853 = EDGE_CURVE('',#1304,#1854,#1856,.T.);
#1854 = VERTEX_POINT('',#1855);
#1855 = CARTESIAN_POINT('',(-1.1,-0.82,0.2));
#1856 = SURFACE_CURVE('',#1857,(#1861,#1868),.PCURVE_S1.);
#1857 = LINE('',#1858,#1859);
#1858 = CARTESIAN_POINT('',(-1.1,-0.82,1.E-02));
#1859 = VECTOR('',#1860,1.);
#1860 = DIRECTION('',(0.,0.,1.));
#1861 = PCURVE('',#237,#1862);
#1862 = DEFINITIONAL_REPRESENTATION('',(#1863),#1867);
#1863 = LINE('',#1864,#1865);
#1864 = CARTESIAN_POINT('',(0.,0.401));
#1865 = VECTOR('',#1866,1.);
#1866 = DIRECTION('',(1.,0.));
#1867 = ( GEOMETRIC_REPRESENTATION_CONTEXT(2) 
PARAMETRIC_REPRESENTATION_CONTEXT() REPRESENTATION_CONTEXT('2D SPACE',''
  ) );
#1868 = PCURVE('',#1339,#1869);
#1869 = DEFINITIONAL_REPRESENTATION('',(#1870),#1874);
#1870 = LINE('',#1871,#1872);
#1871 = CARTESIAN_POINT('',(0.,-0.31));
#1872 = VECTOR('',#1873,1.);
#1873 = DIRECTION('',(1.,0.));
#1874 = ( GEOMETRIC_REPRESENTATION_CONTEXT(2) 
PARAMETRIC_REPRESENTATION_CONTEXT() REPRESENTATION_CONTEXT('2D SPACE',''
  ) );
#1875 = ORIENTED_EDGE('',*,*,#1303,.T.);
#1876 = ORIENTED_EDGE('',*,*,#222,.T.);
#1877 = ORIENTED_EDGE('',*,*,#1878,.T.);
#1878 = EDGE_CURVE('',#197,#1854,#1879,.T.);
#1879 = SURFACE_CURVE('',#1880,(#1884,#1891),.PCURVE_S1.);
#1880 = LINE('',#1881,#1882);
#1881 = CARTESIAN_POINT('',(-1.501,-0.82,0.2));
#1882 = VECTOR('',#1883,1.);
#1883 = DIRECTION('',(1.,0.,-0.));
#1884 = PCURVE('',#237,#1885);
#1885 = DEFINITIONAL_REPRESENTATION('',(#1886),#1890);
#1886 = LINE('',#1887,#1888);
#1887 = CARTESIAN_POINT('',(0.19,0.));
#1888 = VECTOR('',#1889,1.);
#1889 = DIRECTION('',(0.,1.));
#1890 = ( GEOMETRIC_REPRESENTATION_CONTEXT(2) 
PARAMETRIC_REPRESENTATION_CONTEXT() REPRESENTATION_CONTEXT('2D SPACE',''
  ) );
#1891 = PCURVE('',#211,#1892);
#1892 = DEFINITIONAL_REPRESENTATION('',(#1893),#1897);
#1893 = LINE('',#1894,#1895);
#1894 = CARTESIAN_POINT('',(0.,0.31));
#1895 = VECTOR('',#1896,1.);
#1896 = DIRECTION('',(1.,0.));
#1897 = ( GEOMETRIC_REPRESENTATION_CONTEXT(2) 
PARAMETRIC_REPRESENTATION_CONTEXT() REPRESENTATION_CONTEXT('2D SPACE',''
  ) );
#1898 = ADVANCED_FACE('',(#1899),#211,.F.);
#1899 = FACE_BOUND('',#1900,.F.);
#1900 = EDGE_LOOP('',(#1901,#1902,#1903,#1926));
#1901 = ORIENTED_EDGE('',*,*,#1878,.F.);
#1902 = ORIENTED_EDGE('',*,*,#196,.T.);
#1903 = ORIENTED_EDGE('',*,*,#1904,.T.);
#1904 = EDGE_CURVE('',#171,#1905,#1907,.T.);
#1905 = VERTEX_POINT('',#1906);
#1906 = CARTESIAN_POINT('',(-1.1,-1.13,0.2));
#1907 = SURFACE_CURVE('',#1908,(#1912,#1919),.PCURVE_S1.);
#1908 = LINE('',#1909,#1910);
#1909 = CARTESIAN_POINT('',(-1.501,-1.13,0.2));
#1910 = VECTOR('',#1911,1.);
#1911 = DIRECTION('',(1.,0.,-0.));
#1912 = PCURVE('',#211,#1913);
#1913 = DEFINITIONAL_REPRESENTATION('',(#1914),#1918);
#1914 = LINE('',#1915,#1916);
#1915 = CARTESIAN_POINT('',(0.,0.));
#1916 = VECTOR('',#1917,1.);
#1917 = DIRECTION('',(1.,0.));
#1918 = ( GEOMETRIC_REPRESENTATION_CONTEXT(2) 
PARAMETRIC_REPRESENTATION_CONTEXT() REPRESENTATION_CONTEXT('2D SPACE',''
  ) );
#1919 = PCURVE('',#185,#1920);
#1920 = DEFINITIONAL_REPRESENTATION('',(#1921),#1925);
#1921 = LINE('',#1922,#1923);
#1922 = CARTESIAN_POINT('',(0.19,0.));
#1923 = VECTOR('',#1924,1.);
#1924 = DIRECTION('',(0.,1.));
#1925 = ( GEOMETRIC_REPRESENTATION_CONTEXT(2) 
PARAMETRIC_REPRESENTATION_CONTEXT() REPRESENTATION_CONTEXT('2D SPACE',''
  ) );
#1926 = ORIENTED_EDGE('',*,*,#1927,.T.);
#1927 = EDGE_CURVE('',#1905,#1854,#1928,.T.);
#1928 = SURFACE_CURVE('',#1929,(#1933,#1940),.PCURVE_S1.);
#1929 = LINE('',#1930,#1931);
#1930 = CARTESIAN_POINT('',(-1.1,-1.13,0.2));
#1931 = VECTOR('',#1932,1.);
#1932 = DIRECTION('',(-0.,1.,0.));
#1933 = PCURVE('',#211,#1934);
#1934 = DEFINITIONAL_REPRESENTATION('',(#1935),#1939);
#1935 = LINE('',#1936,#1937);
#1936 = CARTESIAN_POINT('',(0.401,0.));
#1937 = VECTOR('',#1938,1.);
#1938 = DIRECTION('',(0.,1.));
#1939 = ( GEOMETRIC_REPRESENTATION_CONTEXT(2) 
PARAMETRIC_REPRESENTATION_CONTEXT() REPRESENTATION_CONTEXT('2D SPACE',''
  ) );
#1940 = PCURVE('',#1339,#1941);
#1941 = DEFINITIONAL_REPRESENTATION('',(#1942),#1946);
#1942 = LINE('',#1943,#1944);
#1943 = CARTESIAN_POINT('',(0.19,0.));
#1944 = VECTOR('',#1945,1.);
#1945 = DIRECTION('',(0.,-1.));
#1946 = ( GEOMETRIC_REPRESENTATION_CONTEXT(2) 
PARAMETRIC_REPRESENTATION_CONTEXT() REPRESENTATION_CONTEXT('2D SPACE',''
  ) );
#1947 = ADVANCED_FACE('',(#1948),#185,.T.);
#1948 = FACE_BOUND('',#1949,.T.);
#1949 = EDGE_LOOP('',(#1950,#1971,#1972,#1973));
#1950 = ORIENTED_EDGE('',*,*,#1951,.F.);
#1951 = EDGE_CURVE('',#1325,#1905,#1952,.T.);
#1952 = SURFACE_CURVE('',#1953,(#1957,#1964),.PCURVE_S1.);
#1953 = LINE('',#1954,#1955);
#1954 = CARTESIAN_POINT('',(-1.1,-1.13,1.E-02));
#1955 = VECTOR('',#1956,1.);
#1956 = DIRECTION('',(0.,0.,1.));
#1957 = PCURVE('',#185,#1958);
#1958 = DEFINITIONAL_REPRESENTATION('',(#1959),#1963);
#1959 = LINE('',#1960,#1961);
#1960 = CARTESIAN_POINT('',(0.,0.401));
#1961 = VECTOR('',#1962,1.);
#1962 = DIRECTION('',(1.,0.));
#1963 = ( GEOMETRIC_REPRESENTATION_CONTEXT(2) 
PARAMETRIC_REPRESENTATION_CONTEXT() REPRESENTATION_CONTEXT('2D SPACE',''
  ) );
#1964 = PCURVE('',#1339,#1965);
#1965 = DEFINITIONAL_REPRESENTATION('',(#1966),#1970);
#1966 = LINE('',#1967,#1968);
#1967 = CARTESIAN_POINT('',(0.,0.));
#1968 = VECTOR('',#1969,1.);
#1969 = DIRECTION('',(1.,0.));
#1970 = ( GEOMETRIC_REPRESENTATION_CONTEXT(2) 
PARAMETRIC_REPRESENTATION_CONTEXT() REPRESENTATION_CONTEXT('2D SPACE',''
  ) );
#1971 = ORIENTED_EDGE('',*,*,#1350,.T.);
#1972 = ORIENTED_EDGE('',*,*,#170,.T.);
#1973 = ORIENTED_EDGE('',*,*,#1904,.T.);
#1974 = ADVANCED_FACE('',(#1975),#130,.F.);
#1975 = FACE_BOUND('',#1976,.F.);
#1976 = EDGE_LOOP('',(#1977,#1978,#1979,#2002));
#1977 = ORIENTED_EDGE('',*,*,#652,.F.);
#1978 = ORIENTED_EDGE('',*,*,#114,.T.);
#1979 = ORIENTED_EDGE('',*,*,#1980,.T.);
#1980 = EDGE_CURVE('',#87,#1981,#1983,.T.);
#1981 = VERTEX_POINT('',#1982);
#1982 = CARTESIAN_POINT('',(1.5,-1.5,0.9));
#1983 = SURFACE_CURVE('',#1984,(#1988,#1995),.PCURVE_S1.);
#1984 = LINE('',#1985,#1986);
#1985 = CARTESIAN_POINT('',(-1.5,-1.5,0.9));
#1986 = VECTOR('',#1987,1.);
#1987 = DIRECTION('',(1.,0.,-0.));
#1988 = PCURVE('',#130,#1989);
#1989 = DEFINITIONAL_REPRESENTATION('',(#1990),#1994);
#1990 = LINE('',#1991,#1992);
#1991 = CARTESIAN_POINT('',(0.88,0.));
#1992 = VECTOR('',#1993,1.);
#1993 = DIRECTION('',(0.,1.));
#1994 = ( GEOMETRIC_REPRESENTATION_CONTEXT(2) 
PARAMETRIC_REPRESENTATION_CONTEXT() REPRESENTATION_CONTEXT('2D SPACE',''
  ) );
#1995 = PCURVE('',#102,#1996);
#1996 = DEFINITIONAL_REPRESENTATION('',(#1997),#2001);
#1997 = LINE('',#1998,#1999);
#1998 = CARTESIAN_POINT('',(0.,0.));
#1999 = VECTOR('',#2000,1.);
#2000 = DIRECTION('',(1.,0.));
#2001 = ( GEOMETRIC_REPRESENTATION_CONTEXT(2) 
PARAMETRIC_REPRESENTATION_CONTEXT() REPRESENTATION_CONTEXT('2D SPACE',''
  ) );
#2002 = ORIENTED_EDGE('',*,*,#2003,.F.);
#2003 = EDGE_CURVE('',#653,#1981,#2004,.T.);
#2004 = SURFACE_CURVE('',#2005,(#2009,#2016),.PCURVE_S1.);
#2005 = LINE('',#2006,#2007);
#2006 = CARTESIAN_POINT('',(1.5,-1.5,2.E-02));
#2007 = VECTOR('',#2008,1.);
#2008 = DIRECTION('',(0.,0.,1.));
#2009 = PCURVE('',#130,#2010);
#2010 = DEFINITIONAL_REPRESENTATION('',(#2011),#2015);
#2011 = LINE('',#2012,#2013);
#2012 = CARTESIAN_POINT('',(0.,3.));
#2013 = VECTOR('',#2014,1.);
#2014 = DIRECTION('',(1.,0.));
#2015 = ( GEOMETRIC_REPRESENTATION_CONTEXT(2) 
PARAMETRIC_REPRESENTATION_CONTEXT() REPRESENTATION_CONTEXT('2D SPACE',''
  ) );
#2016 = PCURVE('',#636,#2017);
#2017 = DEFINITIONAL_REPRESENTATION('',(#2018),#2022);
#2018 = LINE('',#2019,#2020);
#2019 = CARTESIAN_POINT('',(0.,0.));
#2020 = VECTOR('',#2021,1.);
#2021 = DIRECTION('',(1.,0.));
#2022 = ( GEOMETRIC_REPRESENTATION_CONTEXT(2) 
PARAMETRIC_REPRESENTATION_CONTEXT() REPRESENTATION_CONTEXT('2D SPACE',''
  ) );
#2023 = ADVANCED_FACE('',(#2024,#2050),#102,.T.);
#2024 = FACE_BOUND('',#2025,.T.);
#2025 = EDGE_LOOP('',(#2026,#2027,#2028,#2049));
#2026 = ORIENTED_EDGE('',*,*,#86,.F.);
#2027 = ORIENTED_EDGE('',*,*,#1980,.T.);
#2028 = ORIENTED_EDGE('',*,*,#2029,.T.);
#2029 = EDGE_CURVE('',#1981,#600,#2030,.T.);
#2030 = SURFACE_CURVE('',#2031,(#2035,#2042),.PCURVE_S1.);
#2031 = LINE('',#2032,#2033);
#2032 = CARTESIAN_POINT('',(1.5,-1.5,0.9));
#2033 = VECTOR('',#2034,1.);
#2034 = DIRECTION('',(-0.,1.,0.));
#2035 = PCURVE('',#102,#2036);
#2036 = DEFINITIONAL_REPRESENTATION('',(#2037),#2041);
#2037 = LINE('',#2038,#2039);
#2038 = CARTESIAN_POINT('',(3.,0.));
#2039 = VECTOR('',#2040,1.);
#2040 = DIRECTION('',(0.,1.));
#2041 = ( GEOMETRIC_REPRESENTATION_CONTEXT(2) 
PARAMETRIC_REPRESENTATION_CONTEXT() REPRESENTATION_CONTEXT('2D SPACE',''
  ) );
#2042 = PCURVE('',#636,#2043);
#2043 = DEFINITIONAL_REPRESENTATION('',(#2044),#2048);
#2044 = LINE('',#2045,#2046);
#2045 = CARTESIAN_POINT('',(0.88,0.));
#2046 = VECTOR('',#2047,1.);
#2047 = DIRECTION('',(0.,-1.));
#2048 = ( GEOMETRIC_REPRESENTATION_CONTEXT(2) 
PARAMETRIC_REPRESENTATION_CONTEXT() REPRESENTATION_CONTEXT('2D SPACE',''
  ) );
#2049 = ORIENTED_EDGE('',*,*,#599,.F.);
#2050 = FACE_BOUND('',#2051,.T.);
#2051 = EDGE_LOOP('',(#2052));
#2052 = ORIENTED_EDGE('',*,*,#2053,.F.);
#2053 = EDGE_CURVE('',#2054,#2054,#2056,.T.);
#2054 = VERTEX_POINT('',#2055);
#2055 = CARTESIAN_POINT('',(-0.87,1.05,0.9));
#2056 = SURFACE_CURVE('',#2057,(#2062,#2069),.PCURVE_S1.);
#2057 = CIRCLE('',#2058,0.18);
#2058 = AXIS2_PLACEMENT_3D('',#2059,#2060,#2061);
#2059 = CARTESIAN_POINT('',(-1.05,1.05,0.9));
#2060 = DIRECTION('',(0.,0.,1.));
#2061 = DIRECTION('',(1.,0.,-0.));
#2062 = PCURVE('',#102,#2063);
#2063 = DEFINITIONAL_REPRESENTATION('',(#2064),#2068);
#2064 = CIRCLE('',#2065,0.18);
#2065 = AXIS2_PLACEMENT_2D('',#2066,#2067);
#2066 = CARTESIAN_POINT('',(0.45,2.55));
#2067 = DIRECTION('',(1.,0.));
#2068 = ( GEOMETRIC_REPRESENTATION_CONTEXT(2) 
PARAMETRIC_REPRESENTATION_CONTEXT() REPRESENTATION_CONTEXT('2D SPACE',''
  ) );
#2069 = PCURVE('',#2070,#2075);
#2070 = CYLINDRICAL_SURFACE('',#2071,0.18);
#2071 = AXIS2_PLACEMENT_3D('',#2072,#2073,#2074);
#2072 = CARTESIAN_POINT('',(-1.05,1.05,0.87));
#2073 = DIRECTION('',(0.,0.,1.));
#2074 = DIRECTION('',(1.,0.,-0.));
#2075 = DEFINITIONAL_REPRESENTATION('',(#2076),#2080);
#2076 = LINE('',#2077,#2078);
#2077 = CARTESIAN_POINT('',(0.,3.E-02));
#2078 = VECTOR('',#2079,1.);
#2079 = DIRECTION('',(1.,0.));
#2080 = ( GEOMETRIC_REPRESENTATION_CONTEXT(2) 
PARAMETRIC_REPRESENTATION_CONTEXT() REPRESENTATION_CONTEXT('2D SPACE',''
  ) );
#2081 = ADVANCED_FACE('',(#2082),#636,.T.);
#2082 = FACE_BOUND('',#2083,.T.);
#2083 = EDGE_LOOP('',(#2084,#2085,#2086,#2087,#2088,#2109,#2135,#2154,
    #2155,#2176,#2202,#2221,#2222,#2243,#2269,#2288,#2289,#2310,#2336,
    #2355));
#2084 = ORIENTED_EDGE('',*,*,#622,.T.);
#2085 = ORIENTED_EDGE('',*,*,#2029,.F.);
#2086 = ORIENTED_EDGE('',*,*,#2003,.F.);
#2087 = ORIENTED_EDGE('',*,*,#675,.T.);
#2088 = ORIENTED_EDGE('',*,*,#2089,.T.);
#2089 = EDGE_CURVE('',#676,#2090,#2092,.T.);
#2090 = VERTEX_POINT('',#2091);
#2091 = CARTESIAN_POINT('',(1.5,-1.13,0.2));
#2092 = SURFACE_CURVE('',#2093,(#2097,#2103),.PCURVE_S1.);
#2093 = LINE('',#2094,#2095);
#2094 = CARTESIAN_POINT('',(1.5,-1.13,1.5E-02));
#2095 = VECTOR('',#2096,1.);
#2096 = DIRECTION('',(0.,0.,1.));
#2097 = PCURVE('',#636,#2098);
#2098 = DEFINITIONAL_REPRESENTATION('',(#2099),#2102);
#2099 = B_SPLINE_CURVE_WITH_KNOTS('',1,(#2100,#2101),.UNSPECIFIED.,.F.,
  .F.,(2,2),(5.E-03,0.185),.PIECEWISE_BEZIER_KNOTS.);
#2100 = CARTESIAN_POINT('',(0.,-0.37));
#2101 = CARTESIAN_POINT('',(0.18,-0.37));
#2102 = ( GEOMETRIC_REPRESENTATION_CONTEXT(2) 
PARAMETRIC_REPRESENTATION_CONTEXT() REPRESENTATION_CONTEXT('2D SPACE',''
  ) );
#2103 = PCURVE('',#713,#2104);
#2104 = DEFINITIONAL_REPRESENTATION('',(#2105),#2108);
#2105 = B_SPLINE_CURVE_WITH_KNOTS('',1,(#2106,#2107),.UNSPECIFIED.,.F.,
  .F.,(2,2),(5.E-03,0.185),.PIECEWISE_BEZIER_KNOTS.);
#2106 = CARTESIAN_POINT('',(1.E-02,0.4));
#2107 = CARTESIAN_POINT('',(0.19,0.4));
#2108 = ( GEOMETRIC_REPRESENTATION_CONTEXT(2) 
PARAMETRIC_REPRESENTATION_CONTEXT() REPRESENTATION_CONTEXT('2D SPACE',''
  ) );
#2109 = ORIENTED_EDGE('',*,*,#2110,.F.);
#2110 = EDGE_CURVE('',#2111,#2090,#2113,.T.);
#2111 = VERTEX_POINT('',#2112);
#2112 = CARTESIAN_POINT('',(1.5,-0.82,0.2));
#2113 = SURFACE_CURVE('',#2114,(#2118,#2124),.PCURVE_S1.);
#2114 = LINE('',#2115,#2116);
#2115 = CARTESIAN_POINT('',(1.5,-1.315,0.2));
#2116 = VECTOR('',#2117,1.);
#2117 = DIRECTION('',(0.,-1.,0.));
#2118 = PCURVE('',#636,#2119);
#2119 = DEFINITIONAL_REPRESENTATION('',(#2120),#2123);
#2120 = B_SPLINE_CURVE_WITH_KNOTS('',1,(#2121,#2122),.UNSPECIFIED.,.F.,
  .F.,(2,2),(-0.495,-0.185),.PIECEWISE_BEZIER_KNOTS.);
#2121 = CARTESIAN_POINT('',(0.18,-0.68));
#2122 = CARTESIAN_POINT('',(0.18,-0.37));
#2123 = ( GEOMETRIC_REPRESENTATION_CONTEXT(2) 
PARAMETRIC_REPRESENTATION_CONTEXT() REPRESENTATION_CONTEXT('2D SPACE',''
  ) );
#2124 = PCURVE('',#2125,#2130);
#2125 = PLANE('',#2126);
#2126 = AXIS2_PLACEMENT_3D('',#2127,#2128,#2129);
#2127 = CARTESIAN_POINT('',(1.1,-1.13,0.2));
#2128 = DIRECTION('',(0.,0.,1.));
#2129 = DIRECTION('',(1.,0.,-0.));
#2130 = DEFINITIONAL_REPRESENTATION('',(#2131),#2134);
#2131 = B_SPLINE_CURVE_WITH_KNOTS('',1,(#2132,#2133),.UNSPECIFIED.,.F.,
  .F.,(2,2),(-0.495,-0.185),.PIECEWISE_BEZIER_KNOTS.);
#2132 = CARTESIAN_POINT('',(0.4,0.31));
#2133 = CARTESIAN_POINT('',(0.4,0.));
#2134 = ( GEOMETRIC_REPRESENTATION_CONTEXT(2) 
PARAMETRIC_REPRESENTATION_CONTEXT() REPRESENTATION_CONTEXT('2D SPACE',''
  ) );
#2135 = ORIENTED_EDGE('',*,*,#2136,.F.);
#2136 = EDGE_CURVE('',#751,#2111,#2137,.T.);
#2137 = SURFACE_CURVE('',#2138,(#2142,#2148),.PCURVE_S1.);
#2138 = LINE('',#2139,#2140);
#2139 = CARTESIAN_POINT('',(1.5,-0.82,1.5E-02));
#2140 = VECTOR('',#2141,1.);
#2141 = DIRECTION('',(0.,0.,1.));
#2142 = PCURVE('',#636,#2143);
#2143 = DEFINITIONAL_REPRESENTATION('',(#2144),#2147);
#2144 = B_SPLINE_CURVE_WITH_KNOTS('',1,(#2145,#2146),.UNSPECIFIED.,.F.,
  .F.,(2,2),(5.E-03,0.185),.PIECEWISE_BEZIER_KNOTS.);
#2145 = CARTESIAN_POINT('',(0.,-0.68));
#2146 = CARTESIAN_POINT('',(0.18,-0.68));
#2147 = ( GEOMETRIC_REPRESENTATION_CONTEXT(2) 
PARAMETRIC_REPRESENTATION_CONTEXT() REPRESENTATION_CONTEXT('2D SPACE',''
  ) );
#2148 = PCURVE('',#765,#2149);
#2149 = DEFINITIONAL_REPRESENTATION('',(#2150),#2153);
#2150 = B_SPLINE_CURVE_WITH_KNOTS('',1,(#2151,#2152),.UNSPECIFIED.,.F.,
  .F.,(2,2),(5.E-03,0.185),.PIECEWISE_BEZIER_KNOTS.);
#2151 = CARTESIAN_POINT('',(1.E-02,0.4));
#2152 = CARTESIAN_POINT('',(0.19,0.4));
#2153 = ( GEOMETRIC_REPRESENTATION_CONTEXT(2) 
PARAMETRIC_REPRESENTATION_CONTEXT() REPRESENTATION_CONTEXT('2D SPACE',''
  ) );
#2154 = ORIENTED_EDGE('',*,*,#776,.T.);
#2155 = ORIENTED_EDGE('',*,*,#2156,.T.);
#2156 = EDGE_CURVE('',#777,#2157,#2159,.T.);
#2157 = VERTEX_POINT('',#2158);
#2158 = CARTESIAN_POINT('',(1.5,-0.48,0.2));
#2159 = SURFACE_CURVE('',#2160,(#2164,#2170),.PCURVE_S1.);
#2160 = LINE('',#2161,#2162);
#2161 = CARTESIAN_POINT('',(1.5,-0.48,1.5E-02));
#2162 = VECTOR('',#2163,1.);
#2163 = DIRECTION('',(0.,0.,1.));
#2164 = PCURVE('',#636,#2165);
#2165 = DEFINITIONAL_REPRESENTATION('',(#2166),#2169);
#2166 = B_SPLINE_CURVE_WITH_KNOTS('',1,(#2167,#2168),.UNSPECIFIED.,.F.,
  .F.,(2,2),(5.E-03,0.185),.PIECEWISE_BEZIER_KNOTS.);
#2167 = CARTESIAN_POINT('',(0.,-1.02));
#2168 = CARTESIAN_POINT('',(0.18,-1.02));
#2169 = ( GEOMETRIC_REPRESENTATION_CONTEXT(2) 
PARAMETRIC_REPRESENTATION_CONTEXT() REPRESENTATION_CONTEXT('2D SPACE',''
  ) );
#2170 = PCURVE('',#814,#2171);
#2171 = DEFINITIONAL_REPRESENTATION('',(#2172),#2175);
#2172 = B_SPLINE_CURVE_WITH_KNOTS('',1,(#2173,#2174),.UNSPECIFIED.,.F.,
  .F.,(2,2),(5.E-03,0.185),.PIECEWISE_BEZIER_KNOTS.);
#2173 = CARTESIAN_POINT('',(1.E-02,0.4));
#2174 = CARTESIAN_POINT('',(0.19,0.4));
#2175 = ( GEOMETRIC_REPRESENTATION_CONTEXT(2) 
PARAMETRIC_REPRESENTATION_CONTEXT() REPRESENTATION_CONTEXT('2D SPACE',''
  ) );
#2176 = ORIENTED_EDGE('',*,*,#2177,.F.);
#2177 = EDGE_CURVE('',#2178,#2157,#2180,.T.);
#2178 = VERTEX_POINT('',#2179);
#2179 = CARTESIAN_POINT('',(1.5,-0.17,0.2));
#2180 = SURFACE_CURVE('',#2181,(#2185,#2191),.PCURVE_S1.);
#2181 = LINE('',#2182,#2183);
#2182 = CARTESIAN_POINT('',(1.5,-0.99,0.2));
#2183 = VECTOR('',#2184,1.);
#2184 = DIRECTION('',(0.,-1.,0.));
#2185 = PCURVE('',#636,#2186);
#2186 = DEFINITIONAL_REPRESENTATION('',(#2187),#2190);
#2187 = B_SPLINE_CURVE_WITH_KNOTS('',1,(#2188,#2189),.UNSPECIFIED.,.F.,
  .F.,(2,2),(-0.82,-0.51),.PIECEWISE_BEZIER_KNOTS.);
#2188 = CARTESIAN_POINT('',(0.18,-1.33));
#2189 = CARTESIAN_POINT('',(0.18,-1.02));
#2190 = ( GEOMETRIC_REPRESENTATION_CONTEXT(2) 
PARAMETRIC_REPRESENTATION_CONTEXT() REPRESENTATION_CONTEXT('2D SPACE',''
  ) );
#2191 = PCURVE('',#2192,#2197);
#2192 = PLANE('',#2193);
#2193 = AXIS2_PLACEMENT_3D('',#2194,#2195,#2196);
#2194 = CARTESIAN_POINT('',(1.1,-0.48,0.2));
#2195 = DIRECTION('',(0.,0.,1.));
#2196 = DIRECTION('',(1.,0.,-0.));
#2197 = DEFINITIONAL_REPRESENTATION('',(#2198),#2201);
#2198 = B_SPLINE_CURVE_WITH_KNOTS('',1,(#2199,#2200),.UNSPECIFIED.,.F.,
  .F.,(2,2),(-0.82,-0.51),.PIECEWISE_BEZIER_KNOTS.);
#2199 = CARTESIAN_POINT('',(0.4,0.31));
#2200 = CARTESIAN_POINT('',(0.4,0.));
#2201 = ( GEOMETRIC_REPRESENTATION_CONTEXT(2) 
PARAMETRIC_REPRESENTATION_CONTEXT() REPRESENTATION_CONTEXT('2D SPACE',''
  ) );
#2202 = ORIENTED_EDGE('',*,*,#2203,.F.);
#2203 = EDGE_CURVE('',#852,#2178,#2204,.T.);
#2204 = SURFACE_CURVE('',#2205,(#2209,#2215),.PCURVE_S1.);
#2205 = LINE('',#2206,#2207);
#2206 = CARTESIAN_POINT('',(1.5,-0.17,1.5E-02));
#2207 = VECTOR('',#2208,1.);
#2208 = DIRECTION('',(0.,0.,1.));
#2209 = PCURVE('',#636,#2210);
#2210 = DEFINITIONAL_REPRESENTATION('',(#2211),#2214);
#2211 = B_SPLINE_CURVE_WITH_KNOTS('',1,(#2212,#2213),.UNSPECIFIED.,.F.,
  .F.,(2,2),(5.E-03,0.185),.PIECEWISE_BEZIER_KNOTS.);
#2212 = CARTESIAN_POINT('',(0.,-1.33));
#2213 = CARTESIAN_POINT('',(0.18,-1.33));
#2214 = ( GEOMETRIC_REPRESENTATION_CONTEXT(2) 
PARAMETRIC_REPRESENTATION_CONTEXT() REPRESENTATION_CONTEXT('2D SPACE',''
  ) );
#2215 = PCURVE('',#866,#2216);
#2216 = DEFINITIONAL_REPRESENTATION('',(#2217),#2220);
#2217 = B_SPLINE_CURVE_WITH_KNOTS('',1,(#2218,#2219),.UNSPECIFIED.,.F.,
  .F.,(2,2),(5.E-03,0.185),.PIECEWISE_BEZIER_KNOTS.);
#2218 = CARTESIAN_POINT('',(1.E-02,0.4));
#2219 = CARTESIAN_POINT('',(0.19,0.4));
#2220 = ( GEOMETRIC_REPRESENTATION_CONTEXT(2) 
PARAMETRIC_REPRESENTATION_CONTEXT() REPRESENTATION_CONTEXT('2D SPACE',''
  ) );
#2221 = ORIENTED_EDGE('',*,*,#877,.T.);
#2222 = ORIENTED_EDGE('',*,*,#2223,.T.);
#2223 = EDGE_CURVE('',#878,#2224,#2226,.T.);
#2224 = VERTEX_POINT('',#2225);
#2225 = CARTESIAN_POINT('',(1.5,0.17,0.2));
#2226 = SURFACE_CURVE('',#2227,(#2231,#2237),.PCURVE_S1.);
#2227 = LINE('',#2228,#2229);
#2228 = CARTESIAN_POINT('',(1.5,0.17,1.5E-02));
#2229 = VECTOR('',#2230,1.);
#2230 = DIRECTION('',(0.,0.,1.));
#2231 = PCURVE('',#636,#2232);
#2232 = DEFINITIONAL_REPRESENTATION('',(#2233),#2236);
#2233 = B_SPLINE_CURVE_WITH_KNOTS('',1,(#2234,#2235),.UNSPECIFIED.,.F.,
  .F.,(2,2),(5.E-03,0.185),.PIECEWISE_BEZIER_KNOTS.);
#2234 = CARTESIAN_POINT('',(0.,-1.67));
#2235 = CARTESIAN_POINT('',(0.18,-1.67));
#2236 = ( GEOMETRIC_REPRESENTATION_CONTEXT(2) 
PARAMETRIC_REPRESENTATION_CONTEXT() REPRESENTATION_CONTEXT('2D SPACE',''
  ) );
#2237 = PCURVE('',#915,#2238);
#2238 = DEFINITIONAL_REPRESENTATION('',(#2239),#2242);
#2239 = B_SPLINE_CURVE_WITH_KNOTS('',1,(#2240,#2241),.UNSPECIFIED.,.F.,
  .F.,(2,2),(5.E-03,0.185),.PIECEWISE_BEZIER_KNOTS.);
#2240 = CARTESIAN_POINT('',(1.E-02,0.4));
#2241 = CARTESIAN_POINT('',(0.19,0.4));
#2242 = ( GEOMETRIC_REPRESENTATION_CONTEXT(2) 
PARAMETRIC_REPRESENTATION_CONTEXT() REPRESENTATION_CONTEXT('2D SPACE',''
  ) );
#2243 = ORIENTED_EDGE('',*,*,#2244,.F.);
#2244 = EDGE_CURVE('',#2245,#2224,#2247,.T.);
#2245 = VERTEX_POINT('',#2246);
#2246 = CARTESIAN_POINT('',(1.5,0.48,0.2));
#2247 = SURFACE_CURVE('',#2248,(#2252,#2258),.PCURVE_S1.);
#2248 = LINE('',#2249,#2250);
#2249 = CARTESIAN_POINT('',(1.5,-0.665,0.2));
#2250 = VECTOR('',#2251,1.);
#2251 = DIRECTION('',(0.,-1.,0.));
#2252 = PCURVE('',#636,#2253);
#2253 = DEFINITIONAL_REPRESENTATION('',(#2254),#2257);
#2254 = B_SPLINE_CURVE_WITH_KNOTS('',1,(#2255,#2256),.UNSPECIFIED.,.F.,
  .F.,(2,2),(-1.145,-0.835),.PIECEWISE_BEZIER_KNOTS.);
#2255 = CARTESIAN_POINT('',(0.18,-1.98));
#2256 = CARTESIAN_POINT('',(0.18,-1.67));
#2257 = ( GEOMETRIC_REPRESENTATION_CONTEXT(2) 
PARAMETRIC_REPRESENTATION_CONTEXT() REPRESENTATION_CONTEXT('2D SPACE',''
  ) );
#2258 = PCURVE('',#2259,#2264);
#2259 = PLANE('',#2260);
#2260 = AXIS2_PLACEMENT_3D('',#2261,#2262,#2263);
#2261 = CARTESIAN_POINT('',(1.1,0.17,0.2));
#2262 = DIRECTION('',(0.,0.,1.));
#2263 = DIRECTION('',(1.,0.,-0.));
#2264 = DEFINITIONAL_REPRESENTATION('',(#2265),#2268);
#2265 = B_SPLINE_CURVE_WITH_KNOTS('',1,(#2266,#2267),.UNSPECIFIED.,.F.,
  .F.,(2,2),(-1.145,-0.835),.PIECEWISE_BEZIER_KNOTS.);
#2266 = CARTESIAN_POINT('',(0.4,0.31));
#2267 = CARTESIAN_POINT('',(0.4,0.));
#2268 = ( GEOMETRIC_REPRESENTATION_CONTEXT(2) 
PARAMETRIC_REPRESENTATION_CONTEXT() REPRESENTATION_CONTEXT('2D SPACE',''
  ) );
#2269 = ORIENTED_EDGE('',*,*,#2270,.F.);
#2270 = EDGE_CURVE('',#953,#2245,#2271,.T.);
#2271 = SURFACE_CURVE('',#2272,(#2276,#2282),.PCURVE_S1.);
#2272 = LINE('',#2273,#2274);
#2273 = CARTESIAN_POINT('',(1.5,0.48,1.5E-02));
#2274 = VECTOR('',#2275,1.);
#2275 = DIRECTION('',(0.,0.,1.));
#2276 = PCURVE('',#636,#2277);
#2277 = DEFINITIONAL_REPRESENTATION('',(#2278),#2281);
#2278 = B_SPLINE_CURVE_WITH_KNOTS('',1,(#2279,#2280),.UNSPECIFIED.,.F.,
  .F.,(2,2),(5.E-03,0.185),.PIECEWISE_BEZIER_KNOTS.);
#2279 = CARTESIAN_POINT('',(0.,-1.98));
#2280 = CARTESIAN_POINT('',(0.18,-1.98));
#2281 = ( GEOMETRIC_REPRESENTATION_CONTEXT(2) 
PARAMETRIC_REPRESENTATION_CONTEXT() REPRESENTATION_CONTEXT('2D SPACE',''
  ) );
#2282 = PCURVE('',#967,#2283);
#2283 = DEFINITIONAL_REPRESENTATION('',(#2284),#2287);
#2284 = B_SPLINE_CURVE_WITH_KNOTS('',1,(#2285,#2286),.UNSPECIFIED.,.F.,
  .F.,(2,2),(5.E-03,0.185),.PIECEWISE_BEZIER_KNOTS.);
#2285 = CARTESIAN_POINT('',(1.E-02,0.4));
#2286 = CARTESIAN_POINT('',(0.19,0.4));
#2287 = ( GEOMETRIC_REPRESENTATION_CONTEXT(2) 
PARAMETRIC_REPRESENTATION_CONTEXT() REPRESENTATION_CONTEXT('2D SPACE',''
  ) );
#2288 = ORIENTED_EDGE('',*,*,#978,.T.);
#2289 = ORIENTED_EDGE('',*,*,#2290,.T.);
#2290 = EDGE_CURVE('',#979,#2291,#2293,.T.);
#2291 = VERTEX_POINT('',#2292);
#2292 = CARTESIAN_POINT('',(1.5,0.82,0.2));
#2293 = SURFACE_CURVE('',#2294,(#2298,#2304),.PCURVE_S1.);
#2294 = LINE('',#2295,#2296);
#2295 = CARTESIAN_POINT('',(1.5,0.82,1.5E-02));
#2296 = VECTOR('',#2297,1.);
#2297 = DIRECTION('',(0.,0.,1.));
#2298 = PCURVE('',#636,#2299);
#2299 = DEFINITIONAL_REPRESENTATION('',(#2300),#2303);
#2300 = B_SPLINE_CURVE_WITH_KNOTS('',1,(#2301,#2302),.UNSPECIFIED.,.F.,
  .F.,(2,2),(5.E-03,0.185),.PIECEWISE_BEZIER_KNOTS.);
#2301 = CARTESIAN_POINT('',(0.,-2.32));
#2302 = CARTESIAN_POINT('',(0.18,-2.32));
#2303 = ( GEOMETRIC_REPRESENTATION_CONTEXT(2) 
PARAMETRIC_REPRESENTATION_CONTEXT() REPRESENTATION_CONTEXT('2D SPACE',''
  ) );
#2304 = PCURVE('',#1016,#2305);
#2305 = DEFINITIONAL_REPRESENTATION('',(#2306),#2309);
#2306 = B_SPLINE_CURVE_WITH_KNOTS('',1,(#2307,#2308),.UNSPECIFIED.,.F.,
  .F.,(2,2),(5.E-03,0.185),.PIECEWISE_BEZIER_KNOTS.);
#2307 = CARTESIAN_POINT('',(1.E-02,0.4));
#2308 = CARTESIAN_POINT('',(0.19,0.4));
#2309 = ( GEOMETRIC_REPRESENTATION_CONTEXT(2) 
PARAMETRIC_REPRESENTATION_CONTEXT() REPRESENTATION_CONTEXT('2D SPACE',''
  ) );
#2310 = ORIENTED_EDGE('',*,*,#2311,.F.);
#2311 = EDGE_CURVE('',#2312,#2291,#2314,.T.);
#2312 = VERTEX_POINT('',#2313);
#2313 = CARTESIAN_POINT('',(1.5,1.13,0.2));
#2314 = SURFACE_CURVE('',#2315,(#2319,#2325),.PCURVE_S1.);
#2315 = LINE('',#2316,#2317);
#2316 = CARTESIAN_POINT('',(1.5,-0.34,0.2));
#2317 = VECTOR('',#2318,1.);
#2318 = DIRECTION('',(0.,-1.,0.));
#2319 = PCURVE('',#636,#2320);
#2320 = DEFINITIONAL_REPRESENTATION('',(#2321),#2324);
#2321 = B_SPLINE_CURVE_WITH_KNOTS('',1,(#2322,#2323),.UNSPECIFIED.,.F.,
  .F.,(2,2),(-1.47,-1.16),.PIECEWISE_BEZIER_KNOTS.);
#2322 = CARTESIAN_POINT('',(0.18,-2.63));
#2323 = CARTESIAN_POINT('',(0.18,-2.32));
#2324 = ( GEOMETRIC_REPRESENTATION_CONTEXT(2) 
PARAMETRIC_REPRESENTATION_CONTEXT() REPRESENTATION_CONTEXT('2D SPACE',''
  ) );
#2325 = PCURVE('',#2326,#2331);
#2326 = PLANE('',#2327);
#2327 = AXIS2_PLACEMENT_3D('',#2328,#2329,#2330);
#2328 = CARTESIAN_POINT('',(1.1,0.82,0.2));
#2329 = DIRECTION('',(0.,0.,1.));
#2330 = DIRECTION('',(1.,0.,-0.));
#2331 = DEFINITIONAL_REPRESENTATION('',(#2332),#2335);
#2332 = B_SPLINE_CURVE_WITH_KNOTS('',1,(#2333,#2334),.UNSPECIFIED.,.F.,
  .F.,(2,2),(-1.47,-1.16),.PIECEWISE_BEZIER_KNOTS.);
#2333 = CARTESIAN_POINT('',(0.4,0.31));
#2334 = CARTESIAN_POINT('',(0.4,0.));
#2335 = ( GEOMETRIC_REPRESENTATION_CONTEXT(2) 
PARAMETRIC_REPRESENTATION_CONTEXT() REPRESENTATION_CONTEXT('2D SPACE',''
  ) );
#2336 = ORIENTED_EDGE('',*,*,#2337,.F.);
#2337 = EDGE_CURVE('',#1054,#2312,#2338,.T.);
#2338 = SURFACE_CURVE('',#2339,(#2343,#2349),.PCURVE_S1.);
#2339 = LINE('',#2340,#2341);
#2340 = CARTESIAN_POINT('',(1.5,1.13,1.5E-02));
#2341 = VECTOR('',#2342,1.);
#2342 = DIRECTION('',(0.,0.,1.));
#2343 = PCURVE('',#636,#2344);
#2344 = DEFINITIONAL_REPRESENTATION('',(#2345),#2348);
#2345 = B_SPLINE_CURVE_WITH_KNOTS('',1,(#2346,#2347),.UNSPECIFIED.,.F.,
  .F.,(2,2),(5.E-03,0.185),.PIECEWISE_BEZIER_KNOTS.);
#2346 = CARTESIAN_POINT('',(0.,-2.63));
#2347 = CARTESIAN_POINT('',(0.18,-2.63));
#2348 = ( GEOMETRIC_REPRESENTATION_CONTEXT(2) 
PARAMETRIC_REPRESENTATION_CONTEXT() REPRESENTATION_CONTEXT('2D SPACE',''
  ) );
#2349 = PCURVE('',#1068,#2350);
#2350 = DEFINITIONAL_REPRESENTATION('',(#2351),#2354);
#2351 = B_SPLINE_CURVE_WITH_KNOTS('',1,(#2352,#2353),.UNSPECIFIED.,.F.,
  .F.,(2,2),(5.E-03,0.185),.PIECEWISE_BEZIER_KNOTS.);
#2352 = CARTESIAN_POINT('',(1.E-02,0.4));
#2353 = CARTESIAN_POINT('',(0.19,0.4));
#2354 = ( GEOMETRIC_REPRESENTATION_CONTEXT(2) 
PARAMETRIC_REPRESENTATION_CONTEXT() REPRESENTATION_CONTEXT('2D SPACE',''
  ) );
#2355 = ORIENTED_EDGE('',*,*,#1079,.T.);
#2356 = ADVANCED_FACE('',(#2357),#1339,.F.);
#2357 = FACE_BOUND('',#2358,.F.);
#2358 = EDGE_LOOP('',(#2359,#2360,#2361,#2362));
#2359 = ORIENTED_EDGE('',*,*,#1951,.F.);
#2360 = ORIENTED_EDGE('',*,*,#1324,.T.);
#2361 = ORIENTED_EDGE('',*,*,#1853,.T.);
#2362 = ORIENTED_EDGE('',*,*,#1927,.F.);
#2363 = ADVANCED_FACE('',(#2364),#713,.T.);
#2364 = FACE_BOUND('',#2365,.T.);
#2365 = EDGE_LOOP('',(#2366,#2367,#2390,#2411));
#2366 = ORIENTED_EDGE('',*,*,#698,.T.);
#2367 = ORIENTED_EDGE('',*,*,#2368,.T.);
#2368 = EDGE_CURVE('',#699,#2369,#2371,.T.);
#2369 = VERTEX_POINT('',#2370);
#2370 = CARTESIAN_POINT('',(1.1,-1.13,0.2));
#2371 = SURFACE_CURVE('',#2372,(#2376,#2383),.PCURVE_S1.);
#2372 = LINE('',#2373,#2374);
#2373 = CARTESIAN_POINT('',(1.1,-1.13,1.E-02));
#2374 = VECTOR('',#2375,1.);
#2375 = DIRECTION('',(0.,0.,1.));
#2376 = PCURVE('',#713,#2377);
#2377 = DEFINITIONAL_REPRESENTATION('',(#2378),#2382);
#2378 = LINE('',#2379,#2380);
#2379 = CARTESIAN_POINT('',(0.,0.));
#2380 = VECTOR('',#2381,1.);
#2381 = DIRECTION('',(1.,0.));
#2382 = ( GEOMETRIC_REPRESENTATION_CONTEXT(2) 
PARAMETRIC_REPRESENTATION_CONTEXT() REPRESENTATION_CONTEXT('2D SPACE',''
  ) );
#2383 = PCURVE('',#739,#2384);
#2384 = DEFINITIONAL_REPRESENTATION('',(#2385),#2389);
#2385 = LINE('',#2386,#2387);
#2386 = CARTESIAN_POINT('',(0.,0.));
#2387 = VECTOR('',#2388,1.);
#2388 = DIRECTION('',(1.,0.));
#2389 = ( GEOMETRIC_REPRESENTATION_CONTEXT(2) 
PARAMETRIC_REPRESENTATION_CONTEXT() REPRESENTATION_CONTEXT('2D SPACE',''
  ) );
#2390 = ORIENTED_EDGE('',*,*,#2391,.T.);
#2391 = EDGE_CURVE('',#2369,#2090,#2392,.T.);
#2392 = SURFACE_CURVE('',#2393,(#2397,#2404),.PCURVE_S1.);
#2393 = LINE('',#2394,#2395);
#2394 = CARTESIAN_POINT('',(1.1,-1.13,0.2));
#2395 = VECTOR('',#2396,1.);
#2396 = DIRECTION('',(1.,0.,-0.));
#2397 = PCURVE('',#713,#2398);
#2398 = DEFINITIONAL_REPRESENTATION('',(#2399),#2403);
#2399 = LINE('',#2400,#2401);
#2400 = CARTESIAN_POINT('',(0.19,0.));
#2401 = VECTOR('',#2402,1.);
#2402 = DIRECTION('',(0.,1.));
#2403 = ( GEOMETRIC_REPRESENTATION_CONTEXT(2) 
PARAMETRIC_REPRESENTATION_CONTEXT() REPRESENTATION_CONTEXT('2D SPACE',''
  ) );
#2404 = PCURVE('',#2125,#2405);
#2405 = DEFINITIONAL_REPRESENTATION('',(#2406),#2410);
#2406 = LINE('',#2407,#2408);
#2407 = CARTESIAN_POINT('',(0.,0.));
#2408 = VECTOR('',#2409,1.);
#2409 = DIRECTION('',(1.,0.));
#2410 = ( GEOMETRIC_REPRESENTATION_CONTEXT(2) 
PARAMETRIC_REPRESENTATION_CONTEXT() REPRESENTATION_CONTEXT('2D SPACE',''
  ) );
#2411 = ORIENTED_EDGE('',*,*,#2089,.F.);
#2412 = ADVANCED_FACE('',(#2413),#739,.T.);
#2413 = FACE_BOUND('',#2414,.T.);
#2414 = EDGE_LOOP('',(#2415,#2416,#2417,#2440));
#2415 = ORIENTED_EDGE('',*,*,#2368,.F.);
#2416 = ORIENTED_EDGE('',*,*,#724,.T.);
#2417 = ORIENTED_EDGE('',*,*,#2418,.T.);
#2418 = EDGE_CURVE('',#725,#2419,#2421,.T.);
#2419 = VERTEX_POINT('',#2420);
#2420 = CARTESIAN_POINT('',(1.1,-0.82,0.2));
#2421 = SURFACE_CURVE('',#2422,(#2426,#2433),.PCURVE_S1.);
#2422 = LINE('',#2423,#2424);
#2423 = CARTESIAN_POINT('',(1.1,-0.82,1.E-02));
#2424 = VECTOR('',#2425,1.);
#2425 = DIRECTION('',(0.,0.,1.));
#2426 = PCURVE('',#739,#2427);
#2427 = DEFINITIONAL_REPRESENTATION('',(#2428),#2432);
#2428 = LINE('',#2429,#2430);
#2429 = CARTESIAN_POINT('',(0.,-0.31));
#2430 = VECTOR('',#2431,1.);
#2431 = DIRECTION('',(1.,0.));
#2432 = ( GEOMETRIC_REPRESENTATION_CONTEXT(2) 
PARAMETRIC_REPRESENTATION_CONTEXT() REPRESENTATION_CONTEXT('2D SPACE',''
  ) );
#2433 = PCURVE('',#765,#2434);
#2434 = DEFINITIONAL_REPRESENTATION('',(#2435),#2439);
#2435 = LINE('',#2436,#2437);
#2436 = CARTESIAN_POINT('',(0.,0.));
#2437 = VECTOR('',#2438,1.);
#2438 = DIRECTION('',(1.,0.));
#2439 = ( GEOMETRIC_REPRESENTATION_CONTEXT(2) 
PARAMETRIC_REPRESENTATION_CONTEXT() REPRESENTATION_CONTEXT('2D SPACE',''
  ) );
#2440 = ORIENTED_EDGE('',*,*,#2441,.F.);
#2441 = EDGE_CURVE('',#2369,#2419,#2442,.T.);
#2442 = SURFACE_CURVE('',#2443,(#2447,#2454),.PCURVE_S1.);
#2443 = LINE('',#2444,#2445);
#2444 = CARTESIAN_POINT('',(1.1,-1.13,0.2));
#2445 = VECTOR('',#2446,1.);
#2446 = DIRECTION('',(-0.,1.,0.));
#2447 = PCURVE('',#739,#2448);
#2448 = DEFINITIONAL_REPRESENTATION('',(#2449),#2453);
#2449 = LINE('',#2450,#2451);
#2450 = CARTESIAN_POINT('',(0.19,0.));
#2451 = VECTOR('',#2452,1.);
#2452 = DIRECTION('',(0.,-1.));
#2453 = ( GEOMETRIC_REPRESENTATION_CONTEXT(2) 
PARAMETRIC_REPRESENTATION_CONTEXT() REPRESENTATION_CONTEXT('2D SPACE',''
  ) );
#2454 = PCURVE('',#2125,#2455);
#2455 = DEFINITIONAL_REPRESENTATION('',(#2456),#2460);
#2456 = LINE('',#2457,#2458);
#2457 = CARTESIAN_POINT('',(0.,0.));
#2458 = VECTOR('',#2459,1.);
#2459 = DIRECTION('',(0.,1.));
#2460 = ( GEOMETRIC_REPRESENTATION_CONTEXT(2) 
PARAMETRIC_REPRESENTATION_CONTEXT() REPRESENTATION_CONTEXT('2D SPACE',''
  ) );
#2461 = ADVANCED_FACE('',(#2462),#765,.F.);
#2462 = FACE_BOUND('',#2463,.F.);
#2463 = EDGE_LOOP('',(#2464,#2465,#2466,#2487));
#2464 = ORIENTED_EDGE('',*,*,#750,.T.);
#2465 = ORIENTED_EDGE('',*,*,#2418,.T.);
#2466 = ORIENTED_EDGE('',*,*,#2467,.T.);
#2467 = EDGE_CURVE('',#2419,#2111,#2468,.T.);
#2468 = SURFACE_CURVE('',#2469,(#2473,#2480),.PCURVE_S1.);
#2469 = LINE('',#2470,#2471);
#2470 = CARTESIAN_POINT('',(1.1,-0.82,0.2));
#2471 = VECTOR('',#2472,1.);
#2472 = DIRECTION('',(1.,0.,-0.));
#2473 = PCURVE('',#765,#2474);
#2474 = DEFINITIONAL_REPRESENTATION('',(#2475),#2479);
#2475 = LINE('',#2476,#2477);
#2476 = CARTESIAN_POINT('',(0.19,0.));
#2477 = VECTOR('',#2478,1.);
#2478 = DIRECTION('',(0.,1.));
#2479 = ( GEOMETRIC_REPRESENTATION_CONTEXT(2) 
PARAMETRIC_REPRESENTATION_CONTEXT() REPRESENTATION_CONTEXT('2D SPACE',''
  ) );
#2480 = PCURVE('',#2125,#2481);
#2481 = DEFINITIONAL_REPRESENTATION('',(#2482),#2486);
#2482 = LINE('',#2483,#2484);
#2483 = CARTESIAN_POINT('',(0.,0.31));
#2484 = VECTOR('',#2485,1.);
#2485 = DIRECTION('',(1.,0.));
#2486 = ( GEOMETRIC_REPRESENTATION_CONTEXT(2) 
PARAMETRIC_REPRESENTATION_CONTEXT() REPRESENTATION_CONTEXT('2D SPACE',''
  ) );
#2487 = ORIENTED_EDGE('',*,*,#2136,.F.);
#2488 = ADVANCED_FACE('',(#2489),#1272,.F.);
#2489 = FACE_BOUND('',#2490,.F.);
#2490 = EDGE_LOOP('',(#2491,#2492,#2493,#2494));
#2491 = ORIENTED_EDGE('',*,*,#1826,.F.);
#2492 = ORIENTED_EDGE('',*,*,#1257,.T.);
#2493 = ORIENTED_EDGE('',*,*,#1728,.T.);
#2494 = ORIENTED_EDGE('',*,*,#1802,.F.);
#2495 = ADVANCED_FACE('',(#2496),#814,.T.);
#2496 = FACE_BOUND('',#2497,.T.);
#2497 = EDGE_LOOP('',(#2498,#2499,#2522,#2543));
#2498 = ORIENTED_EDGE('',*,*,#799,.T.);
#2499 = ORIENTED_EDGE('',*,*,#2500,.T.);
#2500 = EDGE_CURVE('',#800,#2501,#2503,.T.);
#2501 = VERTEX_POINT('',#2502);
#2502 = CARTESIAN_POINT('',(1.1,-0.48,0.2));
#2503 = SURFACE_CURVE('',#2504,(#2508,#2515),.PCURVE_S1.);
#2504 = LINE('',#2505,#2506);
#2505 = CARTESIAN_POINT('',(1.1,-0.48,1.E-02));
#2506 = VECTOR('',#2507,1.);
#2507 = DIRECTION('',(0.,0.,1.));
#2508 = PCURVE('',#814,#2509);
#2509 = DEFINITIONAL_REPRESENTATION('',(#2510),#2514);
#2510 = LINE('',#2511,#2512);
#2511 = CARTESIAN_POINT('',(0.,0.));
#2512 = VECTOR('',#2513,1.);
#2513 = DIRECTION('',(1.,0.));
#2514 = ( GEOMETRIC_REPRESENTATION_CONTEXT(2) 
PARAMETRIC_REPRESENTATION_CONTEXT() REPRESENTATION_CONTEXT('2D SPACE',''
  ) );
#2515 = PCURVE('',#840,#2516);
#2516 = DEFINITIONAL_REPRESENTATION('',(#2517),#2521);
#2517 = LINE('',#2518,#2519);
#2518 = CARTESIAN_POINT('',(0.,0.));
#2519 = VECTOR('',#2520,1.);
#2520 = DIRECTION('',(1.,0.));
#2521 = ( GEOMETRIC_REPRESENTATION_CONTEXT(2) 
PARAMETRIC_REPRESENTATION_CONTEXT() REPRESENTATION_CONTEXT('2D SPACE',''
  ) );
#2522 = ORIENTED_EDGE('',*,*,#2523,.T.);
#2523 = EDGE_CURVE('',#2501,#2157,#2524,.T.);
#2524 = SURFACE_CURVE('',#2525,(#2529,#2536),.PCURVE_S1.);
#2525 = LINE('',#2526,#2527);
#2526 = CARTESIAN_POINT('',(1.1,-0.48,0.2));
#2527 = VECTOR('',#2528,1.);
#2528 = DIRECTION('',(1.,0.,-0.));
#2529 = PCURVE('',#814,#2530);
#2530 = DEFINITIONAL_REPRESENTATION('',(#2531),#2535);
#2531 = LINE('',#2532,#2533);
#2532 = CARTESIAN_POINT('',(0.19,0.));
#2533 = VECTOR('',#2534,1.);
#2534 = DIRECTION('',(0.,1.));
#2535 = ( GEOMETRIC_REPRESENTATION_CONTEXT(2) 
PARAMETRIC_REPRESENTATION_CONTEXT() REPRESENTATION_CONTEXT('2D SPACE',''
  ) );
#2536 = PCURVE('',#2192,#2537);
#2537 = DEFINITIONAL_REPRESENTATION('',(#2538),#2542);
#2538 = LINE('',#2539,#2540);
#2539 = CARTESIAN_POINT('',(0.,0.));
#2540 = VECTOR('',#2541,1.);
#2541 = DIRECTION('',(1.,0.));
#2542 = ( GEOMETRIC_REPRESENTATION_CONTEXT(2) 
PARAMETRIC_REPRESENTATION_CONTEXT() REPRESENTATION_CONTEXT('2D SPACE',''
  ) );
#2543 = ORIENTED_EDGE('',*,*,#2156,.F.);
#2544 = ADVANCED_FACE('',(#2545),#840,.T.);
#2545 = FACE_BOUND('',#2546,.T.);
#2546 = EDGE_LOOP('',(#2547,#2548,#2549,#2572));
#2547 = ORIENTED_EDGE('',*,*,#2500,.F.);
#2548 = ORIENTED_EDGE('',*,*,#825,.T.);
#2549 = ORIENTED_EDGE('',*,*,#2550,.T.);
#2550 = EDGE_CURVE('',#826,#2551,#2553,.T.);
#2551 = VERTEX_POINT('',#2552);
#2552 = CARTESIAN_POINT('',(1.1,-0.17,0.2));
#2553 = SURFACE_CURVE('',#2554,(#2558,#2565),.PCURVE_S1.);
#2554 = LINE('',#2555,#2556);
#2555 = CARTESIAN_POINT('',(1.1,-0.17,1.E-02));
#2556 = VECTOR('',#2557,1.);
#2557 = DIRECTION('',(0.,0.,1.));
#2558 = PCURVE('',#840,#2559);
#2559 = DEFINITIONAL_REPRESENTATION('',(#2560),#2564);
#2560 = LINE('',#2561,#2562);
#2561 = CARTESIAN_POINT('',(0.,-0.31));
#2562 = VECTOR('',#2563,1.);
#2563 = DIRECTION('',(1.,0.));
#2564 = ( GEOMETRIC_REPRESENTATION_CONTEXT(2) 
PARAMETRIC_REPRESENTATION_CONTEXT() REPRESENTATION_CONTEXT('2D SPACE',''
  ) );
#2565 = PCURVE('',#866,#2566);
#2566 = DEFINITIONAL_REPRESENTATION('',(#2567),#2571);
#2567 = LINE('',#2568,#2569);
#2568 = CARTESIAN_POINT('',(0.,0.));
#2569 = VECTOR('',#2570,1.);
#2570 = DIRECTION('',(1.,0.));
#2571 = ( GEOMETRIC_REPRESENTATION_CONTEXT(2) 
PARAMETRIC_REPRESENTATION_CONTEXT() REPRESENTATION_CONTEXT('2D SPACE',''
  ) );
#2572 = ORIENTED_EDGE('',*,*,#2573,.F.);
#2573 = EDGE_CURVE('',#2501,#2551,#2574,.T.);
#2574 = SURFACE_CURVE('',#2575,(#2579,#2586),.PCURVE_S1.);
#2575 = LINE('',#2576,#2577);
#2576 = CARTESIAN_POINT('',(1.1,-0.48,0.2));
#2577 = VECTOR('',#2578,1.);
#2578 = DIRECTION('',(-0.,1.,0.));
#2579 = PCURVE('',#840,#2580);
#2580 = DEFINITIONAL_REPRESENTATION('',(#2581),#2585);
#2581 = LINE('',#2582,#2583);
#2582 = CARTESIAN_POINT('',(0.19,0.));
#2583 = VECTOR('',#2584,1.);
#2584 = DIRECTION('',(0.,-1.));
#2585 = ( GEOMETRIC_REPRESENTATION_CONTEXT(2) 
PARAMETRIC_REPRESENTATION_CONTEXT() REPRESENTATION_CONTEXT('2D SPACE',''
  ) );
#2586 = PCURVE('',#2192,#2587);
#2587 = DEFINITIONAL_REPRESENTATION('',(#2588),#2592);
#2588 = LINE('',#2589,#2590);
#2589 = CARTESIAN_POINT('',(0.,0.));
#2590 = VECTOR('',#2591,1.);
#2591 = DIRECTION('',(0.,1.));
#2592 = ( GEOMETRIC_REPRESENTATION_CONTEXT(2) 
PARAMETRIC_REPRESENTATION_CONTEXT() REPRESENTATION_CONTEXT('2D SPACE',''
  ) );
#2593 = ADVANCED_FACE('',(#2594),#866,.F.);
#2594 = FACE_BOUND('',#2595,.F.);
#2595 = EDGE_LOOP('',(#2596,#2597,#2598,#2619));
#2596 = ORIENTED_EDGE('',*,*,#851,.T.);
#2597 = ORIENTED_EDGE('',*,*,#2550,.T.);
#2598 = ORIENTED_EDGE('',*,*,#2599,.T.);
#2599 = EDGE_CURVE('',#2551,#2178,#2600,.T.);
#2600 = SURFACE_CURVE('',#2601,(#2605,#2612),.PCURVE_S1.);
#2601 = LINE('',#2602,#2603);
#2602 = CARTESIAN_POINT('',(1.1,-0.17,0.2));
#2603 = VECTOR('',#2604,1.);
#2604 = DIRECTION('',(1.,0.,-0.));
#2605 = PCURVE('',#866,#2606);
#2606 = DEFINITIONAL_REPRESENTATION('',(#2607),#2611);
#2607 = LINE('',#2608,#2609);
#2608 = CARTESIAN_POINT('',(0.19,0.));
#2609 = VECTOR('',#2610,1.);
#2610 = DIRECTION('',(0.,1.));
#2611 = ( GEOMETRIC_REPRESENTATION_CONTEXT(2) 
PARAMETRIC_REPRESENTATION_CONTEXT() REPRESENTATION_CONTEXT('2D SPACE',''
  ) );
#2612 = PCURVE('',#2192,#2613);
#2613 = DEFINITIONAL_REPRESENTATION('',(#2614),#2618);
#2614 = LINE('',#2615,#2616);
#2615 = CARTESIAN_POINT('',(0.,0.31));
#2616 = VECTOR('',#2617,1.);
#2617 = DIRECTION('',(1.,0.));
#2618 = ( GEOMETRIC_REPRESENTATION_CONTEXT(2) 
PARAMETRIC_REPRESENTATION_CONTEXT() REPRESENTATION_CONTEXT('2D SPACE',''
  ) );
#2619 = ORIENTED_EDGE('',*,*,#2203,.F.);
#2620 = ADVANCED_FACE('',(#2621),#1205,.F.);
#2621 = FACE_BOUND('',#2622,.F.);
#2622 = EDGE_LOOP('',(#2623,#2624,#2625,#2626));
#2623 = ORIENTED_EDGE('',*,*,#1701,.F.);
#2624 = ORIENTED_EDGE('',*,*,#1190,.T.);
#2625 = ORIENTED_EDGE('',*,*,#1603,.T.);
#2626 = ORIENTED_EDGE('',*,*,#1677,.F.);
#2627 = ADVANCED_FACE('',(#2628),#915,.T.);
#2628 = FACE_BOUND('',#2629,.T.);
#2629 = EDGE_LOOP('',(#2630,#2631,#2654,#2675));
#2630 = ORIENTED_EDGE('',*,*,#900,.T.);
#2631 = ORIENTED_EDGE('',*,*,#2632,.T.);
#2632 = EDGE_CURVE('',#901,#2633,#2635,.T.);
#2633 = VERTEX_POINT('',#2634);
#2634 = CARTESIAN_POINT('',(1.1,0.17,0.2));
#2635 = SURFACE_CURVE('',#2636,(#2640,#2647),.PCURVE_S1.);
#2636 = LINE('',#2637,#2638);
#2637 = CARTESIAN_POINT('',(1.1,0.17,1.E-02));
#2638 = VECTOR('',#2639,1.);
#2639 = DIRECTION('',(0.,0.,1.));
#2640 = PCURVE('',#915,#2641);
#2641 = DEFINITIONAL_REPRESENTATION('',(#2642),#2646);
#2642 = LINE('',#2643,#2644);
#2643 = CARTESIAN_POINT('',(0.,0.));
#2644 = VECTOR('',#2645,1.);
#2645 = DIRECTION('',(1.,0.));
#2646 = ( GEOMETRIC_REPRESENTATION_CONTEXT(2) 
PARAMETRIC_REPRESENTATION_CONTEXT() REPRESENTATION_CONTEXT('2D SPACE',''
  ) );
#2647 = PCURVE('',#941,#2648);
#2648 = DEFINITIONAL_REPRESENTATION('',(#2649),#2653);
#2649 = LINE('',#2650,#2651);
#2650 = CARTESIAN_POINT('',(0.,0.));
#2651 = VECTOR('',#2652,1.);
#2652 = DIRECTION('',(1.,0.));
#2653 = ( GEOMETRIC_REPRESENTATION_CONTEXT(2) 
PARAMETRIC_REPRESENTATION_CONTEXT() REPRESENTATION_CONTEXT('2D SPACE',''
  ) );
#2654 = ORIENTED_EDGE('',*,*,#2655,.T.);
#2655 = EDGE_CURVE('',#2633,#2224,#2656,.T.);
#2656 = SURFACE_CURVE('',#2657,(#2661,#2668),.PCURVE_S1.);
#2657 = LINE('',#2658,#2659);
#2658 = CARTESIAN_POINT('',(1.1,0.17,0.2));
#2659 = VECTOR('',#2660,1.);
#2660 = DIRECTION('',(1.,0.,-0.));
#2661 = PCURVE('',#915,#2662);
#2662 = DEFINITIONAL_REPRESENTATION('',(#2663),#2667);
#2663 = LINE('',#2664,#2665);
#2664 = CARTESIAN_POINT('',(0.19,0.));
#2665 = VECTOR('',#2666,1.);
#2666 = DIRECTION('',(0.,1.));
#2667 = ( GEOMETRIC_REPRESENTATION_CONTEXT(2) 
PARAMETRIC_REPRESENTATION_CONTEXT() REPRESENTATION_CONTEXT('2D SPACE',''
  ) );
#2668 = PCURVE('',#2259,#2669);
#2669 = DEFINITIONAL_REPRESENTATION('',(#2670),#2674);
#2670 = LINE('',#2671,#2672);
#2671 = CARTESIAN_POINT('',(0.,0.));
#2672 = VECTOR('',#2673,1.);
#2673 = DIRECTION('',(1.,0.));
#2674 = ( GEOMETRIC_REPRESENTATION_CONTEXT(2) 
PARAMETRIC_REPRESENTATION_CONTEXT() REPRESENTATION_CONTEXT('2D SPACE',''
  ) );
#2675 = ORIENTED_EDGE('',*,*,#2223,.F.);
#2676 = ADVANCED_FACE('',(#2677),#941,.T.);
#2677 = FACE_BOUND('',#2678,.T.);
#2678 = EDGE_LOOP('',(#2679,#2680,#2681,#2704));
#2679 = ORIENTED_EDGE('',*,*,#2632,.F.);
#2680 = ORIENTED_EDGE('',*,*,#926,.T.);
#2681 = ORIENTED_EDGE('',*,*,#2682,.T.);
#2682 = EDGE_CURVE('',#927,#2683,#2685,.T.);
#2683 = VERTEX_POINT('',#2684);
#2684 = CARTESIAN_POINT('',(1.1,0.48,0.2));
#2685 = SURFACE_CURVE('',#2686,(#2690,#2697),.PCURVE_S1.);
#2686 = LINE('',#2687,#2688);
#2687 = CARTESIAN_POINT('',(1.1,0.48,1.E-02));
#2688 = VECTOR('',#2689,1.);
#2689 = DIRECTION('',(0.,0.,1.));
#2690 = PCURVE('',#941,#2691);
#2691 = DEFINITIONAL_REPRESENTATION('',(#2692),#2696);
#2692 = LINE('',#2693,#2694);
#2693 = CARTESIAN_POINT('',(0.,-0.31));
#2694 = VECTOR('',#2695,1.);
#2695 = DIRECTION('',(1.,0.));
#2696 = ( GEOMETRIC_REPRESENTATION_CONTEXT(2) 
PARAMETRIC_REPRESENTATION_CONTEXT() REPRESENTATION_CONTEXT('2D SPACE',''
  ) );
#2697 = PCURVE('',#967,#2698);
#2698 = DEFINITIONAL_REPRESENTATION('',(#2699),#2703);
#2699 = LINE('',#2700,#2701);
#2700 = CARTESIAN_POINT('',(0.,0.));
#2701 = VECTOR('',#2702,1.);
#2702 = DIRECTION('',(1.,0.));
#2703 = ( GEOMETRIC_REPRESENTATION_CONTEXT(2) 
PARAMETRIC_REPRESENTATION_CONTEXT() REPRESENTATION_CONTEXT('2D SPACE',''
  ) );
#2704 = ORIENTED_EDGE('',*,*,#2705,.F.);
#2705 = EDGE_CURVE('',#2633,#2683,#2706,.T.);
#2706 = SURFACE_CURVE('',#2707,(#2711,#2718),.PCURVE_S1.);
#2707 = LINE('',#2708,#2709);
#2708 = CARTESIAN_POINT('',(1.1,0.17,0.2));
#2709 = VECTOR('',#2710,1.);
#2710 = DIRECTION('',(-0.,1.,0.));
#2711 = PCURVE('',#941,#2712);
#2712 = DEFINITIONAL_REPRESENTATION('',(#2713),#2717);
#2713 = LINE('',#2714,#2715);
#2714 = CARTESIAN_POINT('',(0.19,0.));
#2715 = VECTOR('',#2716,1.);
#2716 = DIRECTION('',(0.,-1.));
#2717 = ( GEOMETRIC_REPRESENTATION_CONTEXT(2) 
PARAMETRIC_REPRESENTATION_CONTEXT() REPRESENTATION_CONTEXT('2D SPACE',''
  ) );
#2718 = PCURVE('',#2259,#2719);
#2719 = DEFINITIONAL_REPRESENTATION('',(#2720),#2724);
#2720 = LINE('',#2721,#2722);
#2721 = CARTESIAN_POINT('',(0.,0.));
#2722 = VECTOR('',#2723,1.);
#2723 = DIRECTION('',(0.,1.));
#2724 = ( GEOMETRIC_REPRESENTATION_CONTEXT(2) 
PARAMETRIC_REPRESENTATION_CONTEXT() REPRESENTATION_CONTEXT('2D SPACE',''
  ) );
#2725 = ADVANCED_FACE('',(#2726),#967,.F.);
#2726 = FACE_BOUND('',#2727,.F.);
#2727 = EDGE_LOOP('',(#2728,#2729,#2730,#2751));
#2728 = ORIENTED_EDGE('',*,*,#952,.T.);
#2729 = ORIENTED_EDGE('',*,*,#2682,.T.);
#2730 = ORIENTED_EDGE('',*,*,#2731,.T.);
#2731 = EDGE_CURVE('',#2683,#2245,#2732,.T.);
#2732 = SURFACE_CURVE('',#2733,(#2737,#2744),.PCURVE_S1.);
#2733 = LINE('',#2734,#2735);
#2734 = CARTESIAN_POINT('',(1.1,0.48,0.2));
#2735 = VECTOR('',#2736,1.);
#2736 = DIRECTION('',(1.,0.,-0.));
#2737 = PCURVE('',#967,#2738);
#2738 = DEFINITIONAL_REPRESENTATION('',(#2739),#2743);
#2739 = LINE('',#2740,#2741);
#2740 = CARTESIAN_POINT('',(0.19,0.));
#2741 = VECTOR('',#2742,1.);
#2742 = DIRECTION('',(0.,1.));
#2743 = ( GEOMETRIC_REPRESENTATION_CONTEXT(2) 
PARAMETRIC_REPRESENTATION_CONTEXT() REPRESENTATION_CONTEXT('2D SPACE',''
  ) );
#2744 = PCURVE('',#2259,#2745);
#2745 = DEFINITIONAL_REPRESENTATION('',(#2746),#2750);
#2746 = LINE('',#2747,#2748);
#2747 = CARTESIAN_POINT('',(0.,0.31));
#2748 = VECTOR('',#2749,1.);
#2749 = DIRECTION('',(1.,0.));
#2750 = ( GEOMETRIC_REPRESENTATION_CONTEXT(2) 
PARAMETRIC_REPRESENTATION_CONTEXT() REPRESENTATION_CONTEXT('2D SPACE',''
  ) );
#2751 = ORIENTED_EDGE('',*,*,#2270,.F.);
#2752 = ADVANCED_FACE('',(#2753),#1138,.F.);
#2753 = FACE_BOUND('',#2754,.F.);
#2754 = EDGE_LOOP('',(#2755,#2756,#2757,#2758));
#2755 = ORIENTED_EDGE('',*,*,#1576,.F.);
#2756 = ORIENTED_EDGE('',*,*,#1123,.T.);
#2757 = ORIENTED_EDGE('',*,*,#1478,.T.);
#2758 = ORIENTED_EDGE('',*,*,#1552,.F.);
#2759 = ADVANCED_FACE('',(#2760),#1016,.T.);
#2760 = FACE_BOUND('',#2761,.T.);
#2761 = EDGE_LOOP('',(#2762,#2763,#2786,#2807));
#2762 = ORIENTED_EDGE('',*,*,#1001,.T.);
#2763 = ORIENTED_EDGE('',*,*,#2764,.T.);
#2764 = EDGE_CURVE('',#1002,#2765,#2767,.T.);
#2765 = VERTEX_POINT('',#2766);
#2766 = CARTESIAN_POINT('',(1.1,0.82,0.2));
#2767 = SURFACE_CURVE('',#2768,(#2772,#2779),.PCURVE_S1.);
#2768 = LINE('',#2769,#2770);
#2769 = CARTESIAN_POINT('',(1.1,0.82,1.E-02));
#2770 = VECTOR('',#2771,1.);
#2771 = DIRECTION('',(0.,0.,1.));
#2772 = PCURVE('',#1016,#2773);
#2773 = DEFINITIONAL_REPRESENTATION('',(#2774),#2778);
#2774 = LINE('',#2775,#2776);
#2775 = CARTESIAN_POINT('',(0.,0.));
#2776 = VECTOR('',#2777,1.);
#2777 = DIRECTION('',(1.,0.));
#2778 = ( GEOMETRIC_REPRESENTATION_CONTEXT(2) 
PARAMETRIC_REPRESENTATION_CONTEXT() REPRESENTATION_CONTEXT('2D SPACE',''
  ) );
#2779 = PCURVE('',#1042,#2780);
#2780 = DEFINITIONAL_REPRESENTATION('',(#2781),#2785);
#2781 = LINE('',#2782,#2783);
#2782 = CARTESIAN_POINT('',(0.,0.));
#2783 = VECTOR('',#2784,1.);
#2784 = DIRECTION('',(1.,0.));
#2785 = ( GEOMETRIC_REPRESENTATION_CONTEXT(2) 
PARAMETRIC_REPRESENTATION_CONTEXT() REPRESENTATION_CONTEXT('2D SPACE',''
  ) );
#2786 = ORIENTED_EDGE('',*,*,#2787,.T.);
#2787 = EDGE_CURVE('',#2765,#2291,#2788,.T.);
#2788 = SURFACE_CURVE('',#2789,(#2793,#2800),.PCURVE_S1.);
#2789 = LINE('',#2790,#2791);
#2790 = CARTESIAN_POINT('',(1.1,0.82,0.2));
#2791 = VECTOR('',#2792,1.);
#2792 = DIRECTION('',(1.,0.,-0.));
#2793 = PCURVE('',#1016,#2794);
#2794 = DEFINITIONAL_REPRESENTATION('',(#2795),#2799);
#2795 = LINE('',#2796,#2797);
#2796 = CARTESIAN_POINT('',(0.19,0.));
#2797 = VECTOR('',#2798,1.);
#2798 = DIRECTION('',(0.,1.));
#2799 = ( GEOMETRIC_REPRESENTATION_CONTEXT(2) 
PARAMETRIC_REPRESENTATION_CONTEXT() REPRESENTATION_CONTEXT('2D SPACE',''
  ) );
#2800 = PCURVE('',#2326,#2801);
#2801 = DEFINITIONAL_REPRESENTATION('',(#2802),#2806);
#2802 = LINE('',#2803,#2804);
#2803 = CARTESIAN_POINT('',(0.,0.));
#2804 = VECTOR('',#2805,1.);
#2805 = DIRECTION('',(1.,0.));
#2806 = ( GEOMETRIC_REPRESENTATION_CONTEXT(2) 
PARAMETRIC_REPRESENTATION_CONTEXT() REPRESENTATION_CONTEXT('2D SPACE',''
  ) );
#2807 = ORIENTED_EDGE('',*,*,#2290,.F.);
#2808 = ADVANCED_FACE('',(#2809),#1042,.T.);
#2809 = FACE_BOUND('',#2810,.T.);
#2810 = EDGE_LOOP('',(#2811,#2812,#2813,#2836));
#2811 = ORIENTED_EDGE('',*,*,#2764,.F.);
#2812 = ORIENTED_EDGE('',*,*,#1027,.T.);
#2813 = ORIENTED_EDGE('',*,*,#2814,.T.);
#2814 = EDGE_CURVE('',#1028,#2815,#2817,.T.);
#2815 = VERTEX_POINT('',#2816);
#2816 = CARTESIAN_POINT('',(1.1,1.13,0.2));
#2817 = SURFACE_CURVE('',#2818,(#2822,#2829),.PCURVE_S1.);
#2818 = LINE('',#2819,#2820);
#2819 = CARTESIAN_POINT('',(1.1,1.13,1.E-02));
#2820 = VECTOR('',#2821,1.);
#2821 = DIRECTION('',(0.,0.,1.));
#2822 = PCURVE('',#1042,#2823);
#2823 = DEFINITIONAL_REPRESENTATION('',(#2824),#2828);
#2824 = LINE('',#2825,#2826);
#2825 = CARTESIAN_POINT('',(0.,-0.31));
#2826 = VECTOR('',#2827,1.);
#2827 = DIRECTION('',(1.,0.));
#2828 = ( GEOMETRIC_REPRESENTATION_CONTEXT(2) 
PARAMETRIC_REPRESENTATION_CONTEXT() REPRESENTATION_CONTEXT('2D SPACE',''
  ) );
#2829 = PCURVE('',#1068,#2830);
#2830 = DEFINITIONAL_REPRESENTATION('',(#2831),#2835);
#2831 = LINE('',#2832,#2833);
#2832 = CARTESIAN_POINT('',(0.,0.));
#2833 = VECTOR('',#2834,1.);
#2834 = DIRECTION('',(1.,0.));
#2835 = ( GEOMETRIC_REPRESENTATION_CONTEXT(2) 
PARAMETRIC_REPRESENTATION_CONTEXT() REPRESENTATION_CONTEXT('2D SPACE',''
  ) );
#2836 = ORIENTED_EDGE('',*,*,#2837,.F.);
#2837 = EDGE_CURVE('',#2765,#2815,#2838,.T.);
#2838 = SURFACE_CURVE('',#2839,(#2843,#2850),.PCURVE_S1.);
#2839 = LINE('',#2840,#2841);
#2840 = CARTESIAN_POINT('',(1.1,0.82,0.2));
#2841 = VECTOR('',#2842,1.);
#2842 = DIRECTION('',(-0.,1.,0.));
#2843 = PCURVE('',#1042,#2844);
#2844 = DEFINITIONAL_REPRESENTATION('',(#2845),#2849);
#2845 = LINE('',#2846,#2847);
#2846 = CARTESIAN_POINT('',(0.19,0.));
#2847 = VECTOR('',#2848,1.);
#2848 = DIRECTION('',(0.,-1.));
#2849 = ( GEOMETRIC_REPRESENTATION_CONTEXT(2) 
PARAMETRIC_REPRESENTATION_CONTEXT() REPRESENTATION_CONTEXT('2D SPACE',''
  ) );
#2850 = PCURVE('',#2326,#2851);
#2851 = DEFINITIONAL_REPRESENTATION('',(#2852),#2856);
#2852 = LINE('',#2853,#2854);
#2853 = CARTESIAN_POINT('',(0.,0.));
#2854 = VECTOR('',#2855,1.);
#2855 = DIRECTION('',(0.,1.));
#2856 = ( GEOMETRIC_REPRESENTATION_CONTEXT(2) 
PARAMETRIC_REPRESENTATION_CONTEXT() REPRESENTATION_CONTEXT('2D SPACE',''
  ) );
#2857 = ADVANCED_FACE('',(#2858),#1068,.F.);
#2858 = FACE_BOUND('',#2859,.F.);
#2859 = EDGE_LOOP('',(#2860,#2861,#2862,#2883));
#2860 = ORIENTED_EDGE('',*,*,#1053,.T.);
#2861 = ORIENTED_EDGE('',*,*,#2814,.T.);
#2862 = ORIENTED_EDGE('',*,*,#2863,.T.);
#2863 = EDGE_CURVE('',#2815,#2312,#2864,.T.);
#2864 = SURFACE_CURVE('',#2865,(#2869,#2876),.PCURVE_S1.);
#2865 = LINE('',#2866,#2867);
#2866 = CARTESIAN_POINT('',(1.1,1.13,0.2));
#2867 = VECTOR('',#2868,1.);
#2868 = DIRECTION('',(1.,0.,-0.));
#2869 = PCURVE('',#1068,#2870);
#2870 = DEFINITIONAL_REPRESENTATION('',(#2871),#2875);
#2871 = LINE('',#2872,#2873);
#2872 = CARTESIAN_POINT('',(0.19,0.));
#2873 = VECTOR('',#2874,1.);
#2874 = DIRECTION('',(0.,1.));
#2875 = ( GEOMETRIC_REPRESENTATION_CONTEXT(2) 
PARAMETRIC_REPRESENTATION_CONTEXT() REPRESENTATION_CONTEXT('2D SPACE',''
  ) );
#2876 = PCURVE('',#2326,#2877);
#2877 = DEFINITIONAL_REPRESENTATION('',(#2878),#2882);
#2878 = LINE('',#2879,#2880);
#2879 = CARTESIAN_POINT('',(0.,0.31));
#2880 = VECTOR('',#2881,1.);
#2881 = DIRECTION('',(1.,0.));
#2882 = ( GEOMETRIC_REPRESENTATION_CONTEXT(2) 
PARAMETRIC_REPRESENTATION_CONTEXT() REPRESENTATION_CONTEXT('2D SPACE',''
  ) );
#2883 = ORIENTED_EDGE('',*,*,#2337,.F.);
#2884 = ADVANCED_FACE('',(#2885),#1388,.T.);
#2885 = FACE_BOUND('',#2886,.T.);
#2886 = EDGE_LOOP('',(#2887,#2910,#2911,#2934));
#2887 = ORIENTED_EDGE('',*,*,#2888,.F.);
#2888 = EDGE_CURVE('',#1372,#2889,#2891,.T.);
#2889 = VERTEX_POINT('',#2890);
#2890 = CARTESIAN_POINT('',(0.825,-1.2,0.2));
#2891 = SURFACE_CURVE('',#2892,(#2896,#2903),.PCURVE_S1.);
#2892 = LINE('',#2893,#2894);
#2893 = CARTESIAN_POINT('',(0.825,-1.2,1.E-02));
#2894 = VECTOR('',#2895,1.);
#2895 = DIRECTION('',(0.,0.,1.));
#2896 = PCURVE('',#1388,#2897);
#2897 = DEFINITIONAL_REPRESENTATION('',(#2898),#2902);
#2898 = LINE('',#2899,#2900);
#2899 = CARTESIAN_POINT('',(0.,1.65));
#2900 = VECTOR('',#2901,1.);
#2901 = DIRECTION('',(1.,0.));
#2902 = ( GEOMETRIC_REPRESENTATION_CONTEXT(2) 
PARAMETRIC_REPRESENTATION_CONTEXT() REPRESENTATION_CONTEXT('2D SPACE',''
  ) );
#2903 = PCURVE('',#1464,#2904);
#2904 = DEFINITIONAL_REPRESENTATION('',(#2905),#2909);
#2905 = LINE('',#2906,#2907);
#2906 = CARTESIAN_POINT('',(0.,0.));
#2907 = VECTOR('',#2908,1.);
#2908 = DIRECTION('',(1.,0.));
#2909 = ( GEOMETRIC_REPRESENTATION_CONTEXT(2) 
PARAMETRIC_REPRESENTATION_CONTEXT() REPRESENTATION_CONTEXT('2D SPACE',''
  ) );
#2910 = ORIENTED_EDGE('',*,*,#1371,.T.);
#2911 = ORIENTED_EDGE('',*,*,#2912,.T.);
#2912 = EDGE_CURVE('',#1374,#2913,#2915,.T.);
#2913 = VERTEX_POINT('',#2914);
#2914 = CARTESIAN_POINT('',(-0.825,-1.2,0.2));
#2915 = SURFACE_CURVE('',#2916,(#2920,#2927),.PCURVE_S1.);
#2916 = LINE('',#2917,#2918);
#2917 = CARTESIAN_POINT('',(-0.825,-1.2,1.E-02));
#2918 = VECTOR('',#2919,1.);
#2919 = DIRECTION('',(0.,0.,1.));
#2920 = PCURVE('',#1388,#2921);
#2921 = DEFINITIONAL_REPRESENTATION('',(#2922),#2926);
#2922 = LINE('',#2923,#2924);
#2923 = CARTESIAN_POINT('',(0.,0.));
#2924 = VECTOR('',#2925,1.);
#2925 = DIRECTION('',(1.,0.));
#2926 = ( GEOMETRIC_REPRESENTATION_CONTEXT(2) 
PARAMETRIC_REPRESENTATION_CONTEXT() REPRESENTATION_CONTEXT('2D SPACE',''
  ) );
#2927 = PCURVE('',#1414,#2928);
#2928 = DEFINITIONAL_REPRESENTATION('',(#2929),#2933);
#2929 = LINE('',#2930,#2931);
#2930 = CARTESIAN_POINT('',(0.,0.));
#2931 = VECTOR('',#2932,1.);
#2932 = DIRECTION('',(1.,0.));
#2933 = ( GEOMETRIC_REPRESENTATION_CONTEXT(2) 
PARAMETRIC_REPRESENTATION_CONTEXT() REPRESENTATION_CONTEXT('2D SPACE',''
  ) );
#2934 = ORIENTED_EDGE('',*,*,#2935,.T.);
#2935 = EDGE_CURVE('',#2913,#2889,#2936,.T.);
#2936 = SURFACE_CURVE('',#2937,(#2941,#2948),.PCURVE_S1.);
#2937 = LINE('',#2938,#2939);
#2938 = CARTESIAN_POINT('',(-0.825,-1.2,0.2));
#2939 = VECTOR('',#2940,1.);
#2940 = DIRECTION('',(1.,0.,-0.));
#2941 = PCURVE('',#1388,#2942);
#2942 = DEFINITIONAL_REPRESENTATION('',(#2943),#2947);
#2943 = LINE('',#2944,#2945);
#2944 = CARTESIAN_POINT('',(0.19,0.));
#2945 = VECTOR('',#2946,1.);
#2946 = DIRECTION('',(0.,1.));
#2947 = ( GEOMETRIC_REPRESENTATION_CONTEXT(2) 
PARAMETRIC_REPRESENTATION_CONTEXT() REPRESENTATION_CONTEXT('2D SPACE',''
  ) );
#2948 = PCURVE('',#2949,#2954);
#2949 = PLANE('',#2950);
#2950 = AXIS2_PLACEMENT_3D('',#2951,#2952,#2953);
#2951 = CARTESIAN_POINT('',(-0.825,-1.2,0.2));
#2952 = DIRECTION('',(0.,0.,1.));
#2953 = DIRECTION('',(1.,0.,-0.));
#2954 = DEFINITIONAL_REPRESENTATION('',(#2955),#2959);
#2955 = LINE('',#2956,#2957);
#2956 = CARTESIAN_POINT('',(0.,0.));
#2957 = VECTOR('',#2958,1.);
#2958 = DIRECTION('',(1.,0.));
#2959 = ( GEOMETRIC_REPRESENTATION_CONTEXT(2) 
PARAMETRIC_REPRESENTATION_CONTEXT() REPRESENTATION_CONTEXT('2D SPACE',''
  ) );
#2960 = ADVANCED_FACE('',(#2961),#1464,.F.);
#2961 = FACE_BOUND('',#2962,.F.);
#2962 = EDGE_LOOP('',(#2963,#2964,#2965,#2988));
#2963 = ORIENTED_EDGE('',*,*,#2888,.F.);
#2964 = ORIENTED_EDGE('',*,*,#1451,.T.);
#2965 = ORIENTED_EDGE('',*,*,#2966,.T.);
#2966 = EDGE_CURVE('',#1426,#2967,#2969,.T.);
#2967 = VERTEX_POINT('',#2968);
#2968 = CARTESIAN_POINT('',(0.825,1.2,0.2));
#2969 = SURFACE_CURVE('',#2970,(#2974,#2981),.PCURVE_S1.);
#2970 = LINE('',#2971,#2972);
#2971 = CARTESIAN_POINT('',(0.825,1.2,1.E-02));
#2972 = VECTOR('',#2973,1.);
#2973 = DIRECTION('',(0.,0.,1.));
#2974 = PCURVE('',#1464,#2975);
#2975 = DEFINITIONAL_REPRESENTATION('',(#2976),#2980);
#2976 = LINE('',#2977,#2978);
#2977 = CARTESIAN_POINT('',(0.,-2.4));
#2978 = VECTOR('',#2979,1.);
#2979 = DIRECTION('',(1.,0.));
#2980 = ( GEOMETRIC_REPRESENTATION_CONTEXT(2) 
PARAMETRIC_REPRESENTATION_CONTEXT() REPRESENTATION_CONTEXT('2D SPACE',''
  ) );
#2981 = PCURVE('',#1440,#2982);
#2982 = DEFINITIONAL_REPRESENTATION('',(#2983),#2987);
#2983 = LINE('',#2984,#2985);
#2984 = CARTESIAN_POINT('',(0.,1.65));
#2985 = VECTOR('',#2986,1.);
#2986 = DIRECTION('',(1.,0.));
#2987 = ( GEOMETRIC_REPRESENTATION_CONTEXT(2) 
PARAMETRIC_REPRESENTATION_CONTEXT() REPRESENTATION_CONTEXT('2D SPACE',''
  ) );
#2988 = ORIENTED_EDGE('',*,*,#2989,.F.);
#2989 = EDGE_CURVE('',#2889,#2967,#2990,.T.);
#2990 = SURFACE_CURVE('',#2991,(#2995,#3002),.PCURVE_S1.);
#2991 = LINE('',#2992,#2993);
#2992 = CARTESIAN_POINT('',(0.825,-1.2,0.2));
#2993 = VECTOR('',#2994,1.);
#2994 = DIRECTION('',(-0.,1.,0.));
#2995 = PCURVE('',#1464,#2996);
#2996 = DEFINITIONAL_REPRESENTATION('',(#2997),#3001);
#2997 = LINE('',#2998,#2999);
#2998 = CARTESIAN_POINT('',(0.19,0.));
#2999 = VECTOR('',#3000,1.);
#3000 = DIRECTION('',(0.,-1.));
#3001 = ( GEOMETRIC_REPRESENTATION_CONTEXT(2) 
PARAMETRIC_REPRESENTATION_CONTEXT() REPRESENTATION_CONTEXT('2D SPACE',''
  ) );
#3002 = PCURVE('',#2949,#3003);
#3003 = DEFINITIONAL_REPRESENTATION('',(#3004),#3008);
#3004 = LINE('',#3005,#3006);
#3005 = CARTESIAN_POINT('',(1.65,0.));
#3006 = VECTOR('',#3007,1.);
#3007 = DIRECTION('',(0.,1.));
#3008 = ( GEOMETRIC_REPRESENTATION_CONTEXT(2) 
PARAMETRIC_REPRESENTATION_CONTEXT() REPRESENTATION_CONTEXT('2D SPACE',''
  ) );
#3009 = ADVANCED_FACE('',(#3010),#1440,.F.);
#3010 = FACE_BOUND('',#3011,.F.);
#3011 = EDGE_LOOP('',(#3012,#3013,#3014,#3037));
#3012 = ORIENTED_EDGE('',*,*,#2966,.F.);
#3013 = ORIENTED_EDGE('',*,*,#1425,.T.);
#3014 = ORIENTED_EDGE('',*,*,#3015,.T.);
#3015 = EDGE_CURVE('',#1400,#3016,#3018,.T.);
#3016 = VERTEX_POINT('',#3017);
#3017 = CARTESIAN_POINT('',(-0.825,1.2,0.2));
#3018 = SURFACE_CURVE('',#3019,(#3023,#3030),.PCURVE_S1.);
#3019 = LINE('',#3020,#3021);
#3020 = CARTESIAN_POINT('',(-0.825,1.2,1.E-02));
#3021 = VECTOR('',#3022,1.);
#3022 = DIRECTION('',(0.,0.,1.));
#3023 = PCURVE('',#1440,#3024);
#3024 = DEFINITIONAL_REPRESENTATION('',(#3025),#3029);
#3025 = LINE('',#3026,#3027);
#3026 = CARTESIAN_POINT('',(0.,0.));
#3027 = VECTOR('',#3028,1.);
#3028 = DIRECTION('',(1.,0.));
#3029 = ( GEOMETRIC_REPRESENTATION_CONTEXT(2) 
PARAMETRIC_REPRESENTATION_CONTEXT() REPRESENTATION_CONTEXT('2D SPACE',''
  ) );
#3030 = PCURVE('',#1414,#3031);
#3031 = DEFINITIONAL_REPRESENTATION('',(#3032),#3036);
#3032 = LINE('',#3033,#3034);
#3033 = CARTESIAN_POINT('',(0.,-2.4));
#3034 = VECTOR('',#3035,1.);
#3035 = DIRECTION('',(1.,0.));
#3036 = ( GEOMETRIC_REPRESENTATION_CONTEXT(2) 
PARAMETRIC_REPRESENTATION_CONTEXT() REPRESENTATION_CONTEXT('2D SPACE',''
  ) );
#3037 = ORIENTED_EDGE('',*,*,#3038,.T.);
#3038 = EDGE_CURVE('',#3016,#2967,#3039,.T.);
#3039 = SURFACE_CURVE('',#3040,(#3044,#3051),.PCURVE_S1.);
#3040 = LINE('',#3041,#3042);
#3041 = CARTESIAN_POINT('',(-0.825,1.2,0.2));
#3042 = VECTOR('',#3043,1.);
#3043 = DIRECTION('',(1.,0.,-0.));
#3044 = PCURVE('',#1440,#3045);
#3045 = DEFINITIONAL_REPRESENTATION('',(#3046),#3050);
#3046 = LINE('',#3047,#3048);
#3047 = CARTESIAN_POINT('',(0.19,0.));
#3048 = VECTOR('',#3049,1.);
#3049 = DIRECTION('',(0.,1.));
#3050 = ( GEOMETRIC_REPRESENTATION_CONTEXT(2) 
PARAMETRIC_REPRESENTATION_CONTEXT() REPRESENTATION_CONTEXT('2D SPACE',''
  ) );
#3051 = PCURVE('',#2949,#3052);
#3052 = DEFINITIONAL_REPRESENTATION('',(#3053),#3057);
#3053 = LINE('',#3054,#3055);
#3054 = CARTESIAN_POINT('',(0.,2.4));
#3055 = VECTOR('',#3056,1.);
#3056 = DIRECTION('',(1.,0.));
#3057 = ( GEOMETRIC_REPRESENTATION_CONTEXT(2) 
PARAMETRIC_REPRESENTATION_CONTEXT() REPRESENTATION_CONTEXT('2D SPACE',''
  ) );
#3058 = ADVANCED_FACE('',(#3059),#1414,.T.);
#3059 = FACE_BOUND('',#3060,.T.);
#3060 = EDGE_LOOP('',(#3061,#3062,#3063,#3064));
#3061 = ORIENTED_EDGE('',*,*,#2912,.F.);
#3062 = ORIENTED_EDGE('',*,*,#1399,.T.);
#3063 = ORIENTED_EDGE('',*,*,#3015,.T.);
#3064 = ORIENTED_EDGE('',*,*,#3065,.F.);
#3065 = EDGE_CURVE('',#2913,#3016,#3066,.T.);
#3066 = SURFACE_CURVE('',#3067,(#3071,#3078),.PCURVE_S1.);
#3067 = LINE('',#3068,#3069);
#3068 = CARTESIAN_POINT('',(-0.825,-1.2,0.2));
#3069 = VECTOR('',#3070,1.);
#3070 = DIRECTION('',(-0.,1.,0.));
#3071 = PCURVE('',#1414,#3072);
#3072 = DEFINITIONAL_REPRESENTATION('',(#3073),#3077);
#3073 = LINE('',#3074,#3075);
#3074 = CARTESIAN_POINT('',(0.19,0.));
#3075 = VECTOR('',#3076,1.);
#3076 = DIRECTION('',(0.,-1.));
#3077 = ( GEOMETRIC_REPRESENTATION_CONTEXT(2) 
PARAMETRIC_REPRESENTATION_CONTEXT() REPRESENTATION_CONTEXT('2D SPACE',''
  ) );
#3078 = PCURVE('',#2949,#3079);
#3079 = DEFINITIONAL_REPRESENTATION('',(#3080),#3084);
#3080 = LINE('',#3081,#3082);
#3081 = CARTESIAN_POINT('',(0.,0.));
#3082 = VECTOR('',#3083,1.);
#3083 = DIRECTION('',(0.,1.));
#3084 = ( GEOMETRIC_REPRESENTATION_CONTEXT(2) 
PARAMETRIC_REPRESENTATION_CONTEXT() REPRESENTATION_CONTEXT('2D SPACE',''
  ) );
#3085 = ADVANCED_FACE('',(#3086),#2070,.F.);
#3086 = FACE_BOUND('',#3087,.F.);
#3087 = EDGE_LOOP('',(#3088,#3089,#3112,#3139));
#3088 = ORIENTED_EDGE('',*,*,#2053,.F.);
#3089 = ORIENTED_EDGE('',*,*,#3090,.F.);
#3090 = EDGE_CURVE('',#3091,#2054,#3093,.T.);
#3091 = VERTEX_POINT('',#3092);
#3092 = CARTESIAN_POINT('',(-0.87,1.05,0.87));
#3093 = SEAM_CURVE('',#3094,(#3098,#3105),.PCURVE_S1.);
#3094 = LINE('',#3095,#3096);
#3095 = CARTESIAN_POINT('',(-0.87,1.05,0.87));
#3096 = VECTOR('',#3097,1.);
#3097 = DIRECTION('',(0.,0.,1.));
#3098 = PCURVE('',#2070,#3099);
#3099 = DEFINITIONAL_REPRESENTATION('',(#3100),#3104);
#3100 = LINE('',#3101,#3102);
#3101 = CARTESIAN_POINT('',(6.28318530718,-0.));
#3102 = VECTOR('',#3103,1.);
#3103 = DIRECTION('',(0.,1.));
#3104 = ( GEOMETRIC_REPRESENTATION_CONTEXT(2) 
PARAMETRIC_REPRESENTATION_CONTEXT() REPRESENTATION_CONTEXT('2D SPACE',''
  ) );
#3105 = PCURVE('',#2070,#3106);
#3106 = DEFINITIONAL_REPRESENTATION('',(#3107),#3111);
#3107 = LINE('',#3108,#3109);
#3108 = CARTESIAN_POINT('',(0.,-0.));
#3109 = VECTOR('',#3110,1.);
#3110 = DIRECTION('',(0.,1.));
#3111 = ( GEOMETRIC_REPRESENTATION_CONTEXT(2) 
PARAMETRIC_REPRESENTATION_CONTEXT() REPRESENTATION_CONTEXT('2D SPACE',''
  ) );
#3112 = ORIENTED_EDGE('',*,*,#3113,.T.);
#3113 = EDGE_CURVE('',#3091,#3091,#3114,.T.);
#3114 = SURFACE_CURVE('',#3115,(#3120,#3127),.PCURVE_S1.);
#3115 = CIRCLE('',#3116,0.18);
#3116 = AXIS2_PLACEMENT_3D('',#3117,#3118,#3119);
#3117 = CARTESIAN_POINT('',(-1.05,1.05,0.87));
#3118 = DIRECTION('',(0.,0.,1.));
#3119 = DIRECTION('',(1.,0.,-0.));
#3120 = PCURVE('',#2070,#3121);
#3121 = DEFINITIONAL_REPRESENTATION('',(#3122),#3126);
#3122 = LINE('',#3123,#3124);
#3123 = CARTESIAN_POINT('',(0.,0.));
#3124 = VECTOR('',#3125,1.);
#3125 = DIRECTION('',(1.,0.));
#3126 = ( GEOMETRIC_REPRESENTATION_CONTEXT(2) 
PARAMETRIC_REPRESENTATION_CONTEXT() REPRESENTATION_CONTEXT('2D SPACE',''
  ) );
#3127 = PCURVE('',#3128,#3133);
#3128 = PLANE('',#3129);
#3129 = AXIS2_PLACEMENT_3D('',#3130,#3131,#3132);
#3130 = CARTESIAN_POINT('',(-1.05,1.05,0.87));
#3131 = DIRECTION('',(0.,0.,1.));
#3132 = DIRECTION('',(1.,0.,-0.));
#3133 = DEFINITIONAL_REPRESENTATION('',(#3134),#3138);
#3134 = CIRCLE('',#3135,0.18);
#3135 = AXIS2_PLACEMENT_2D('',#3136,#3137);
#3136 = CARTESIAN_POINT('',(0.,0.));
#3137 = DIRECTION('',(1.,0.));
#3138 = ( GEOMETRIC_REPRESENTATION_CONTEXT(2) 
PARAMETRIC_REPRESENTATION_CONTEXT() REPRESENTATION_CONTEXT('2D SPACE',''
  ) );
#3139 = ORIENTED_EDGE('',*,*,#3090,.T.);
#3140 = ADVANCED_FACE('',(#3141),#2326,.F.);
#3141 = FACE_BOUND('',#3142,.F.);
#3142 = EDGE_LOOP('',(#3143,#3144,#3145,#3146));
#3143 = ORIENTED_EDGE('',*,*,#2863,.F.);
#3144 = ORIENTED_EDGE('',*,*,#2837,.F.);
#3145 = ORIENTED_EDGE('',*,*,#2787,.T.);
#3146 = ORIENTED_EDGE('',*,*,#2311,.F.);
#3147 = ADVANCED_FACE('',(#3148),#2259,.F.);
#3148 = FACE_BOUND('',#3149,.F.);
#3149 = EDGE_LOOP('',(#3150,#3151,#3152,#3153));
#3150 = ORIENTED_EDGE('',*,*,#2731,.F.);
#3151 = ORIENTED_EDGE('',*,*,#2705,.F.);
#3152 = ORIENTED_EDGE('',*,*,#2655,.T.);
#3153 = ORIENTED_EDGE('',*,*,#2244,.F.);
#3154 = ADVANCED_FACE('',(#3155),#2192,.F.);
#3155 = FACE_BOUND('',#3156,.F.);
#3156 = EDGE_LOOP('',(#3157,#3158,#3159,#3160));
#3157 = ORIENTED_EDGE('',*,*,#2599,.F.);
#3158 = ORIENTED_EDGE('',*,*,#2573,.F.);
#3159 = ORIENTED_EDGE('',*,*,#2523,.T.);
#3160 = ORIENTED_EDGE('',*,*,#2177,.F.);
#3161 = ADVANCED_FACE('',(#3162),#2125,.F.);
#3162 = FACE_BOUND('',#3163,.F.);
#3163 = EDGE_LOOP('',(#3164,#3165,#3166,#3167));
#3164 = ORIENTED_EDGE('',*,*,#2467,.F.);
#3165 = ORIENTED_EDGE('',*,*,#2441,.F.);
#3166 = ORIENTED_EDGE('',*,*,#2391,.T.);
#3167 = ORIENTED_EDGE('',*,*,#2110,.F.);
#3168 = ADVANCED_FACE('',(#3169),#2949,.F.);
#3169 = FACE_BOUND('',#3170,.F.);
#3170 = EDGE_LOOP('',(#3171,#3172,#3173,#3174));
#3171 = ORIENTED_EDGE('',*,*,#3065,.F.);
#3172 = ORIENTED_EDGE('',*,*,#2935,.T.);
#3173 = ORIENTED_EDGE('',*,*,#2989,.T.);
#3174 = ORIENTED_EDGE('',*,*,#3038,.F.);
#3175 = ADVANCED_FACE('',(#3176),#3128,.T.);
#3176 = FACE_BOUND('',#3177,.F.);
#3177 = EDGE_LOOP('',(#3178));
#3178 = ORIENTED_EDGE('',*,*,#3113,.F.);
#3179 = ( GEOMETRIC_REPRESENTATION_CONTEXT(3) 
GLOBAL_UNCERTAINTY_ASSIGNED_CONTEXT((#3183)) 
GLOBAL_UNIT_ASSIGNED_CONTEXT((#3180,#3181,#3182)) REPRESENTATION_CONTEXT
('Context #1','3D Context with UNIT and UNCERTAINTY') );
#3180 = ( LENGTH_UNIT() NAMED_UNIT(*) SI_UNIT(.MILLI.,.METRE.) );
#3181 = ( NAMED_UNIT(*) PLANE_ANGLE_UNIT() SI_UNIT($,.RADIAN.) );
#3182 = ( NAMED_UNIT(*) SI_UNIT($,.STERADIAN.) SOLID_ANGLE_UNIT() );
#3183 = UNCERTAINTY_MEASURE_WITH_UNIT(LENGTH_MEASURE(1.E-07),#3180,
  'distance_accuracy_value','confusion accuracy');
#3184 = CONTEXT_DEPENDENT_SHAPE_REPRESENTATION(#3185,#3187);
#3185 = ( REPRESENTATION_RELATIONSHIP('','',#44,#10) 
REPRESENTATION_RELATIONSHIP_WITH_TRANSFORMATION(#3186) 
SHAPE_REPRESENTATION_RELATIONSHIP() );
#3186 = ITEM_DEFINED_TRANSFORMATION('','',#11,#15);
#3187 = PRODUCT_DEFINITION_SHAPE('Placement','Placement of an item',
  #3188);
#3188 = NEXT_ASSEMBLY_USAGE_OCCURRENCE('1','Body','',#5,#39,$);
#3189 = PRODUCT_RELATED_PRODUCT_CATEGORY('part',$,(#41));
#3190 = SHAPE_DEFINITION_REPRESENTATION(#3191,#3197);
#3191 = PRODUCT_DEFINITION_SHAPE('','',#3192);
#3192 = PRODUCT_DEFINITION('design','',#3193,#3196);
#3193 = PRODUCT_DEFINITION_FORMATION('','',#3194);
#3194 = PRODUCT('Balls','Balls','',(#3195));
#3195 = PRODUCT_CONTEXT('',#2,'mechanical');
#3196 = PRODUCT_DEFINITION_CONTEXT('part definition',#2,'design');
#3197 = SHAPE_REPRESENTATION('',(#11,#3198,#3528,#3858,#4188,#4518,#4848
    ,#5178,#5508,#5838),#6168);
#3198 = MANIFOLD_SOLID_BREP('',#3199);
#3199 = CLOSED_SHELL('',(#3200,#3320,#3420,#3467,#3514,#3521));
#3200 = ADVANCED_FACE('',(#3201),#3215,.F.);
#3201 = FACE_BOUND('',#3202,.F.);
#3202 = EDGE_LOOP('',(#3203,#3238,#3266,#3294));
#3203 = ORIENTED_EDGE('',*,*,#3204,.F.);
#3204 = EDGE_CURVE('',#3205,#3207,#3209,.T.);
#3205 = VERTEX_POINT('',#3206);
#3206 = CARTESIAN_POINT('',(-1.5,0.82,0.));
#3207 = VERTEX_POINT('',#3208);
#3208 = CARTESIAN_POINT('',(-1.5,0.82,0.2));
#3209 = SURFACE_CURVE('',#3210,(#3214,#3226),.PCURVE_S1.);
#3210 = LINE('',#3211,#3212);
#3211 = CARTESIAN_POINT('',(-1.5,0.82,0.));
#3212 = VECTOR('',#3213,1.);
#3213 = DIRECTION('',(0.,0.,1.));
#3214 = PCURVE('',#3215,#3220);
#3215 = PLANE('',#3216);
#3216 = AXIS2_PLACEMENT_3D('',#3217,#3218,#3219);
#3217 = CARTESIAN_POINT('',(-1.5,0.82,0.));
#3218 = DIRECTION('',(1.,0.,-0.));
#3219 = DIRECTION('',(0.,0.,1.));
#3220 = DEFINITIONAL_REPRESENTATION('',(#3221),#3225);
#3221 = LINE('',#3222,#3223);
#3222 = CARTESIAN_POINT('',(0.,0.));
#3223 = VECTOR('',#3224,1.);
#3224 = DIRECTION('',(1.,0.));
#3225 = ( GEOMETRIC_REPRESENTATION_CONTEXT(2) 
PARAMETRIC_REPRESENTATION_CONTEXT() REPRESENTATION_CONTEXT('2D SPACE',''
  ) );
#3226 = PCURVE('',#3227,#3232);
#3227 = PLANE('',#3228);
#3228 = AXIS2_PLACEMENT_3D('',#3229,#3230,#3231);
#3229 = CARTESIAN_POINT('',(-1.5,0.82,0.));
#3230 = DIRECTION('',(-0.,1.,0.));
#3231 = DIRECTION('',(0.,0.,1.));
#3232 = DEFINITIONAL_REPRESENTATION('',(#3233),#3237);
#3233 = LINE('',#3234,#3235);
#3234 = CARTESIAN_POINT('',(0.,0.));
#3235 = VECTOR('',#3236,1.);
#3236 = DIRECTION('',(1.,0.));
#3237 = ( GEOMETRIC_REPRESENTATION_CONTEXT(2) 
PARAMETRIC_REPRESENTATION_CONTEXT() REPRESENTATION_CONTEXT('2D SPACE',''
  ) );
#3238 = ORIENTED_EDGE('',*,*,#3239,.T.);
#3239 = EDGE_CURVE('',#3205,#3240,#3242,.T.);
#3240 = VERTEX_POINT('',#3241);
#3241 = CARTESIAN_POINT('',(-1.5,1.13,0.));
#3242 = SURFACE_CURVE('',#3243,(#3247,#3254),.PCURVE_S1.);
#3243 = LINE('',#3244,#3245);
#3244 = CARTESIAN_POINT('',(-1.5,0.82,0.));
#3245 = VECTOR('',#3246,1.);
#3246 = DIRECTION('',(-0.,1.,0.));
#3247 = PCURVE('',#3215,#3248);
#3248 = DEFINITIONAL_REPRESENTATION('',(#3249),#3253);
#3249 = LINE('',#3250,#3251);
#3250 = CARTESIAN_POINT('',(0.,0.));
#3251 = VECTOR('',#3252,1.);
#3252 = DIRECTION('',(0.,-1.));
#3253 = ( GEOMETRIC_REPRESENTATION_CONTEXT(2) 
PARAMETRIC_REPRESENTATION_CONTEXT() REPRESENTATION_CONTEXT('2D SPACE',''
  ) );
#3254 = PCURVE('',#3255,#3260);
#3255 = PLANE('',#3256);
#3256 = AXIS2_PLACEMENT_3D('',#3257,#3258,#3259);
#3257 = CARTESIAN_POINT('',(-1.5,0.82,0.));
#3258 = DIRECTION('',(0.,0.,1.));
#3259 = DIRECTION('',(1.,0.,-0.));
#3260 = DEFINITIONAL_REPRESENTATION('',(#3261),#3265);
#3261 = LINE('',#3262,#3263);
#3262 = CARTESIAN_POINT('',(0.,0.));
#3263 = VECTOR('',#3264,1.);
#3264 = DIRECTION('',(0.,1.));
#3265 = ( GEOMETRIC_REPRESENTATION_CONTEXT(2) 
PARAMETRIC_REPRESENTATION_CONTEXT() REPRESENTATION_CONTEXT('2D SPACE',''
  ) );
#3266 = ORIENTED_EDGE('',*,*,#3267,.T.);
#3267 = EDGE_CURVE('',#3240,#3268,#3270,.T.);
#3268 = VERTEX_POINT('',#3269);
#3269 = CARTESIAN_POINT('',(-1.5,1.13,0.2));
#3270 = SURFACE_CURVE('',#3271,(#3275,#3282),.PCURVE_S1.);
#3271 = LINE('',#3272,#3273);
#3272 = CARTESIAN_POINT('',(-1.5,1.13,0.));
#3273 = VECTOR('',#3274,1.);
#3274 = DIRECTION('',(0.,0.,1.));
#3275 = PCURVE('',#3215,#3276);
#3276 = DEFINITIONAL_REPRESENTATION('',(#3277),#3281);
#3277 = LINE('',#3278,#3279);
#3278 = CARTESIAN_POINT('',(0.,-0.31));
#3279 = VECTOR('',#3280,1.);
#3280 = DIRECTION('',(1.,0.));
#3281 = ( GEOMETRIC_REPRESENTATION_CONTEXT(2) 
PARAMETRIC_REPRESENTATION_CONTEXT() REPRESENTATION_CONTEXT('2D SPACE',''
  ) );
#3282 = PCURVE('',#3283,#3288);
#3283 = PLANE('',#3284);
#3284 = AXIS2_PLACEMENT_3D('',#3285,#3286,#3287);
#3285 = CARTESIAN_POINT('',(-1.5,1.13,0.));
#3286 = DIRECTION('',(-0.,1.,0.));
#3287 = DIRECTION('',(0.,0.,1.));
#3288 = DEFINITIONAL_REPRESENTATION('',(#3289),#3293);
#3289 = LINE('',#3290,#3291);
#3290 = CARTESIAN_POINT('',(0.,0.));
#3291 = VECTOR('',#3292,1.);
#3292 = DIRECTION('',(1.,0.));
#3293 = ( GEOMETRIC_REPRESENTATION_CONTEXT(2) 
PARAMETRIC_REPRESENTATION_CONTEXT() REPRESENTATION_CONTEXT('2D SPACE',''
  ) );
#3294 = ORIENTED_EDGE('',*,*,#3295,.F.);
#3295 = EDGE_CURVE('',#3207,#3268,#3296,.T.);
#3296 = SURFACE_CURVE('',#3297,(#3301,#3308),.PCURVE_S1.);
#3297 = LINE('',#3298,#3299);
#3298 = CARTESIAN_POINT('',(-1.5,0.82,0.2));
#3299 = VECTOR('',#3300,1.);
#3300 = DIRECTION('',(-0.,1.,0.));
#3301 = PCURVE('',#3215,#3302);
#3302 = DEFINITIONAL_REPRESENTATION('',(#3303),#3307);
#3303 = LINE('',#3304,#3305);
#3304 = CARTESIAN_POINT('',(0.2,0.));
#3305 = VECTOR('',#3306,1.);
#3306 = DIRECTION('',(0.,-1.));
#3307 = ( GEOMETRIC_REPRESENTATION_CONTEXT(2) 
PARAMETRIC_REPRESENTATION_CONTEXT() REPRESENTATION_CONTEXT('2D SPACE',''
  ) );
#3308 = PCURVE('',#3309,#3314);
#3309 = PLANE('',#3310);
#3310 = AXIS2_PLACEMENT_3D('',#3311,#3312,#3313);
#3311 = CARTESIAN_POINT('',(-1.5,0.82,0.2));
#3312 = DIRECTION('',(0.,0.,1.));
#3313 = DIRECTION('',(1.,0.,-0.));
#3314 = DEFINITIONAL_REPRESENTATION('',(#3315),#3319);
#3315 = LINE('',#3316,#3317);
#3316 = CARTESIAN_POINT('',(0.,0.));
#3317 = VECTOR('',#3318,1.);
#3318 = DIRECTION('',(0.,1.));
#3319 = ( GEOMETRIC_REPRESENTATION_CONTEXT(2) 
PARAMETRIC_REPRESENTATION_CONTEXT() REPRESENTATION_CONTEXT('2D SPACE',''
  ) );
#3320 = ADVANCED_FACE('',(#3321),#3335,.T.);
#3321 = FACE_BOUND('',#3322,.T.);
#3322 = EDGE_LOOP('',(#3323,#3353,#3376,#3399));
#3323 = ORIENTED_EDGE('',*,*,#3324,.F.);
#3324 = EDGE_CURVE('',#3325,#3327,#3329,.T.);
#3325 = VERTEX_POINT('',#3326);
#3326 = CARTESIAN_POINT('',(-1.1,0.82,0.));
#3327 = VERTEX_POINT('',#3328);
#3328 = CARTESIAN_POINT('',(-1.1,0.82,0.2));
#3329 = SURFACE_CURVE('',#3330,(#3334,#3346),.PCURVE_S1.);
#3330 = LINE('',#3331,#3332);
#3331 = CARTESIAN_POINT('',(-1.1,0.82,0.));
#3332 = VECTOR('',#3333,1.);
#3333 = DIRECTION('',(0.,0.,1.));
#3334 = PCURVE('',#3335,#3340);
#3335 = PLANE('',#3336);
#3336 = AXIS2_PLACEMENT_3D('',#3337,#3338,#3339);
#3337 = CARTESIAN_POINT('',(-1.1,0.82,0.));
#3338 = DIRECTION('',(1.,0.,-0.));
#3339 = DIRECTION('',(0.,0.,1.));
#3340 = DEFINITIONAL_REPRESENTATION('',(#3341),#3345);
#3341 = LINE('',#3342,#3343);
#3342 = CARTESIAN_POINT('',(0.,0.));
#3343 = VECTOR('',#3344,1.);
#3344 = DIRECTION('',(1.,0.));
#3345 = ( GEOMETRIC_REPRESENTATION_CONTEXT(2) 
PARAMETRIC_REPRESENTATION_CONTEXT() REPRESENTATION_CONTEXT('2D SPACE',''
  ) );
#3346 = PCURVE('',#3227,#3347);
#3347 = DEFINITIONAL_REPRESENTATION('',(#3348),#3352);
#3348 = LINE('',#3349,#3350);
#3349 = CARTESIAN_POINT('',(0.,0.4));
#3350 = VECTOR('',#3351,1.);
#3351 = DIRECTION('',(1.,0.));
#3352 = ( GEOMETRIC_REPRESENTATION_CONTEXT(2) 
PARAMETRIC_REPRESENTATION_CONTEXT() REPRESENTATION_CONTEXT('2D SPACE',''
  ) );
#3353 = ORIENTED_EDGE('',*,*,#3354,.T.);
#3354 = EDGE_CURVE('',#3325,#3355,#3357,.T.);
#3355 = VERTEX_POINT('',#3356);
#3356 = CARTESIAN_POINT('',(-1.1,1.13,0.));
#3357 = SURFACE_CURVE('',#3358,(#3362,#3369),.PCURVE_S1.);
#3358 = LINE('',#3359,#3360);
#3359 = CARTESIAN_POINT('',(-1.1,0.82,0.));
#3360 = VECTOR('',#3361,1.);
#3361 = DIRECTION('',(-0.,1.,0.));
#3362 = PCURVE('',#3335,#3363);
#3363 = DEFINITIONAL_REPRESENTATION('',(#3364),#3368);
#3364 = LINE('',#3365,#3366);
#3365 = CARTESIAN_POINT('',(0.,0.));
#3366 = VECTOR('',#3367,1.);
#3367 = DIRECTION('',(0.,-1.));
#3368 = ( GEOMETRIC_REPRESENTATION_CONTEXT(2) 
PARAMETRIC_REPRESENTATION_CONTEXT() REPRESENTATION_CONTEXT('2D SPACE',''
  ) );
#3369 = PCURVE('',#3255,#3370);
#3370 = DEFINITIONAL_REPRESENTATION('',(#3371),#3375);
#3371 = LINE('',#3372,#3373);
#3372 = CARTESIAN_POINT('',(0.4,0.));
#3373 = VECTOR('',#3374,1.);
#3374 = DIRECTION('',(0.,1.));
#3375 = ( GEOMETRIC_REPRESENTATION_CONTEXT(2) 
PARAMETRIC_REPRESENTATION_CONTEXT() REPRESENTATION_CONTEXT('2D SPACE',''
  ) );
#3376 = ORIENTED_EDGE('',*,*,#3377,.T.);
#3377 = EDGE_CURVE('',#3355,#3378,#3380,.T.);
#3378 = VERTEX_POINT('',#3379);
#3379 = CARTESIAN_POINT('',(-1.1,1.13,0.2));
#3380 = SURFACE_CURVE('',#3381,(#3385,#3392),.PCURVE_S1.);
#3381 = LINE('',#3382,#3383);
#3382 = CARTESIAN_POINT('',(-1.1,1.13,0.));
#3383 = VECTOR('',#3384,1.);
#3384 = DIRECTION('',(0.,0.,1.));
#3385 = PCURVE('',#3335,#3386);
#3386 = DEFINITIONAL_REPRESENTATION('',(#3387),#3391);
#3387 = LINE('',#3388,#3389);
#3388 = CARTESIAN_POINT('',(0.,-0.31));
#3389 = VECTOR('',#3390,1.);
#3390 = DIRECTION('',(1.,0.));
#3391 = ( GEOMETRIC_REPRESENTATION_CONTEXT(2) 
PARAMETRIC_REPRESENTATION_CONTEXT() REPRESENTATION_CONTEXT('2D SPACE',''
  ) );
#3392 = PCURVE('',#3283,#3393);
#3393 = DEFINITIONAL_REPRESENTATION('',(#3394),#3398);
#3394 = LINE('',#3395,#3396);
#3395 = CARTESIAN_POINT('',(0.,0.4));
#3396 = VECTOR('',#3397,1.);
#3397 = DIRECTION('',(1.,0.));
#3398 = ( GEOMETRIC_REPRESENTATION_CONTEXT(2) 
PARAMETRIC_REPRESENTATION_CONTEXT() REPRESENTATION_CONTEXT('2D SPACE',''
  ) );
#3399 = ORIENTED_EDGE('',*,*,#3400,.F.);
#3400 = EDGE_CURVE('',#3327,#3378,#3401,.T.);
#3401 = SURFACE_CURVE('',#3402,(#3406,#3413),.PCURVE_S1.);
#3402 = LINE('',#3403,#3404);
#3403 = CARTESIAN_POINT('',(-1.1,0.82,0.2));
#3404 = VECTOR('',#3405,1.);
#3405 = DIRECTION('',(-0.,1.,0.));
#3406 = PCURVE('',#3335,#3407);
#3407 = DEFINITIONAL_REPRESENTATION('',(#3408),#3412);
#3408 = LINE('',#3409,#3410);
#3409 = CARTESIAN_POINT('',(0.2,0.));
#3410 = VECTOR('',#3411,1.);
#3411 = DIRECTION('',(0.,-1.));
#3412 = ( GEOMETRIC_REPRESENTATION_CONTEXT(2) 
PARAMETRIC_REPRESENTATION_CONTEXT() REPRESENTATION_CONTEXT('2D SPACE',''
  ) );
#3413 = PCURVE('',#3309,#3414);
#3414 = DEFINITIONAL_REPRESENTATION('',(#3415),#3419);
#3415 = LINE('',#3416,#3417);
#3416 = CARTESIAN_POINT('',(0.4,0.));
#3417 = VECTOR('',#3418,1.);
#3418 = DIRECTION('',(0.,1.));
#3419 = ( GEOMETRIC_REPRESENTATION_CONTEXT(2) 
PARAMETRIC_REPRESENTATION_CONTEXT() REPRESENTATION_CONTEXT('2D SPACE',''
  ) );
#3420 = ADVANCED_FACE('',(#3421),#3227,.F.);
#3421 = FACE_BOUND('',#3422,.F.);
#3422 = EDGE_LOOP('',(#3423,#3444,#3445,#3466));
#3423 = ORIENTED_EDGE('',*,*,#3424,.F.);
#3424 = EDGE_CURVE('',#3205,#3325,#3425,.T.);
#3425 = SURFACE_CURVE('',#3426,(#3430,#3437),.PCURVE_S1.);
#3426 = LINE('',#3427,#3428);
#3427 = CARTESIAN_POINT('',(-1.5,0.82,0.));
#3428 = VECTOR('',#3429,1.);
#3429 = DIRECTION('',(1.,0.,-0.));
#3430 = PCURVE('',#3227,#3431);
#3431 = DEFINITIONAL_REPRESENTATION('',(#3432),#3436);
#3432 = LINE('',#3433,#3434);
#3433 = CARTESIAN_POINT('',(0.,0.));
#3434 = VECTOR('',#3435,1.);
#3435 = DIRECTION('',(0.,1.));
#3436 = ( GEOMETRIC_REPRESENTATION_CONTEXT(2) 
PARAMETRIC_REPRESENTATION_CONTEXT() REPRESENTATION_CONTEXT('2D SPACE',''
  ) );
#3437 = PCURVE('',#3255,#3438);
#3438 = DEFINITIONAL_REPRESENTATION('',(#3439),#3443);
#3439 = LINE('',#3440,#3441);
#3440 = CARTESIAN_POINT('',(0.,0.));
#3441 = VECTOR('',#3442,1.);
#3442 = DIRECTION('',(1.,0.));
#3443 = ( GEOMETRIC_REPRESENTATION_CONTEXT(2) 
PARAMETRIC_REPRESENTATION_CONTEXT() REPRESENTATION_CONTEXT('2D SPACE',''
  ) );
#3444 = ORIENTED_EDGE('',*,*,#3204,.T.);
#3445 = ORIENTED_EDGE('',*,*,#3446,.T.);
#3446 = EDGE_CURVE('',#3207,#3327,#3447,.T.);
#3447 = SURFACE_CURVE('',#3448,(#3452,#3459),.PCURVE_S1.);
#3448 = LINE('',#3449,#3450);
#3449 = CARTESIAN_POINT('',(-1.5,0.82,0.2));
#3450 = VECTOR('',#3451,1.);
#3451 = DIRECTION('',(1.,0.,-0.));
#3452 = PCURVE('',#3227,#3453);
#3453 = DEFINITIONAL_REPRESENTATION('',(#3454),#3458);
#3454 = LINE('',#3455,#3456);
#3455 = CARTESIAN_POINT('',(0.2,0.));
#3456 = VECTOR('',#3457,1.);
#3457 = DIRECTION('',(0.,1.));
#3458 = ( GEOMETRIC_REPRESENTATION_CONTEXT(2) 
PARAMETRIC_REPRESENTATION_CONTEXT() REPRESENTATION_CONTEXT('2D SPACE',''
  ) );
#3459 = PCURVE('',#3309,#3460);
#3460 = DEFINITIONAL_REPRESENTATION('',(#3461),#3465);
#3461 = LINE('',#3462,#3463);
#3462 = CARTESIAN_POINT('',(0.,0.));
#3463 = VECTOR('',#3464,1.);
#3464 = DIRECTION('',(1.,0.));
#3465 = ( GEOMETRIC_REPRESENTATION_CONTEXT(2) 
PARAMETRIC_REPRESENTATION_CONTEXT() REPRESENTATION_CONTEXT('2D SPACE',''
  ) );
#3466 = ORIENTED_EDGE('',*,*,#3324,.F.);
#3467 = ADVANCED_FACE('',(#3468),#3283,.T.);
#3468 = FACE_BOUND('',#3469,.T.);
#3469 = EDGE_LOOP('',(#3470,#3491,#3492,#3513));
#3470 = ORIENTED_EDGE('',*,*,#3471,.F.);
#3471 = EDGE_CURVE('',#3240,#3355,#3472,.T.);
#3472 = SURFACE_CURVE('',#3473,(#3477,#3484),.PCURVE_S1.);
#3473 = LINE('',#3474,#3475);
#3474 = CARTESIAN_POINT('',(-1.5,1.13,0.));
#3475 = VECTOR('',#3476,1.);
#3476 = DIRECTION('',(1.,0.,-0.));
#3477 = PCURVE('',#3283,#3478);
#3478 = DEFINITIONAL_REPRESENTATION('',(#3479),#3483);
#3479 = LINE('',#3480,#3481);
#3480 = CARTESIAN_POINT('',(0.,0.));
#3481 = VECTOR('',#3482,1.);
#3482 = DIRECTION('',(0.,1.));
#3483 = ( GEOMETRIC_REPRESENTATION_CONTEXT(2) 
PARAMETRIC_REPRESENTATION_CONTEXT() REPRESENTATION_CONTEXT('2D SPACE',''
  ) );
#3484 = PCURVE('',#3255,#3485);
#3485 = DEFINITIONAL_REPRESENTATION('',(#3486),#3490);
#3486 = LINE('',#3487,#3488);
#3487 = CARTESIAN_POINT('',(0.,0.31));
#3488 = VECTOR('',#3489,1.);
#3489 = DIRECTION('',(1.,0.));
#3490 = ( GEOMETRIC_REPRESENTATION_CONTEXT(2) 
PARAMETRIC_REPRESENTATION_CONTEXT() REPRESENTATION_CONTEXT('2D SPACE',''
  ) );
#3491 = ORIENTED_EDGE('',*,*,#3267,.T.);
#3492 = ORIENTED_EDGE('',*,*,#3493,.T.);
#3493 = EDGE_CURVE('',#3268,#3378,#3494,.T.);
#3494 = SURFACE_CURVE('',#3495,(#3499,#3506),.PCURVE_S1.);
#3495 = LINE('',#3496,#3497);
#3496 = CARTESIAN_POINT('',(-1.5,1.13,0.2));
#3497 = VECTOR('',#3498,1.);
#3498 = DIRECTION('',(1.,0.,-0.));
#3499 = PCURVE('',#3283,#3500);
#3500 = DEFINITIONAL_REPRESENTATION('',(#3501),#3505);
#3501 = LINE('',#3502,#3503);
#3502 = CARTESIAN_POINT('',(0.2,0.));
#3503 = VECTOR('',#3504,1.);
#3504 = DIRECTION('',(0.,1.));
#3505 = ( GEOMETRIC_REPRESENTATION_CONTEXT(2) 
PARAMETRIC_REPRESENTATION_CONTEXT() REPRESENTATION_CONTEXT('2D SPACE',''
  ) );
#3506 = PCURVE('',#3309,#3507);
#3507 = DEFINITIONAL_REPRESENTATION('',(#3508),#3512);
#3508 = LINE('',#3509,#3510);
#3509 = CARTESIAN_POINT('',(0.,0.31));
#3510 = VECTOR('',#3511,1.);
#3511 = DIRECTION('',(1.,0.));
#3512 = ( GEOMETRIC_REPRESENTATION_CONTEXT(2) 
PARAMETRIC_REPRESENTATION_CONTEXT() REPRESENTATION_CONTEXT('2D SPACE',''
  ) );
#3513 = ORIENTED_EDGE('',*,*,#3377,.F.);
#3514 = ADVANCED_FACE('',(#3515),#3255,.F.);
#3515 = FACE_BOUND('',#3516,.F.);
#3516 = EDGE_LOOP('',(#3517,#3518,#3519,#3520));
#3517 = ORIENTED_EDGE('',*,*,#3239,.F.);
#3518 = ORIENTED_EDGE('',*,*,#3424,.T.);
#3519 = ORIENTED_EDGE('',*,*,#3354,.T.);
#3520 = ORIENTED_EDGE('',*,*,#3471,.F.);
#3521 = ADVANCED_FACE('',(#3522),#3309,.T.);
#3522 = FACE_BOUND('',#3523,.T.);
#3523 = EDGE_LOOP('',(#3524,#3525,#3526,#3527));
#3524 = ORIENTED_EDGE('',*,*,#3295,.F.);
#3525 = ORIENTED_EDGE('',*,*,#3446,.T.);
#3526 = ORIENTED_EDGE('',*,*,#3400,.T.);
#3527 = ORIENTED_EDGE('',*,*,#3493,.F.);
#3528 = MANIFOLD_SOLID_BREP('',#3529);
#3529 = CLOSED_SHELL('',(#3530,#3650,#3750,#3797,#3844,#3851));
#3530 = ADVANCED_FACE('',(#3531),#3545,.F.);
#3531 = FACE_BOUND('',#3532,.F.);
#3532 = EDGE_LOOP('',(#3533,#3568,#3596,#3624));
#3533 = ORIENTED_EDGE('',*,*,#3534,.F.);
#3534 = EDGE_CURVE('',#3535,#3537,#3539,.T.);
#3535 = VERTEX_POINT('',#3536);
#3536 = CARTESIAN_POINT('',(1.1,0.82,0.));
#3537 = VERTEX_POINT('',#3538);
#3538 = CARTESIAN_POINT('',(1.1,0.82,0.2));
#3539 = SURFACE_CURVE('',#3540,(#3544,#3556),.PCURVE_S1.);
#3540 = LINE('',#3541,#3542);
#3541 = CARTESIAN_POINT('',(1.1,0.82,0.));
#3542 = VECTOR('',#3543,1.);
#3543 = DIRECTION('',(0.,0.,1.));
#3544 = PCURVE('',#3545,#3550);
#3545 = PLANE('',#3546);
#3546 = AXIS2_PLACEMENT_3D('',#3547,#3548,#3549);
#3547 = CARTESIAN_POINT('',(1.1,0.82,0.));
#3548 = DIRECTION('',(1.,0.,-0.));
#3549 = DIRECTION('',(0.,0.,1.));
#3550 = DEFINITIONAL_REPRESENTATION('',(#3551),#3555);
#3551 = LINE('',#3552,#3553);
#3552 = CARTESIAN_POINT('',(0.,0.));
#3553 = VECTOR('',#3554,1.);
#3554 = DIRECTION('',(1.,0.));
#3555 = ( GEOMETRIC_REPRESENTATION_CONTEXT(2) 
PARAMETRIC_REPRESENTATION_CONTEXT() REPRESENTATION_CONTEXT('2D SPACE',''
  ) );
#3556 = PCURVE('',#3557,#3562);
#3557 = PLANE('',#3558);
#3558 = AXIS2_PLACEMENT_3D('',#3559,#3560,#3561);
#3559 = CARTESIAN_POINT('',(1.1,0.82,0.));
#3560 = DIRECTION('',(-0.,1.,0.));
#3561 = DIRECTION('',(0.,0.,1.));
#3562 = DEFINITIONAL_REPRESENTATION('',(#3563),#3567);
#3563 = LINE('',#3564,#3565);
#3564 = CARTESIAN_POINT('',(0.,0.));
#3565 = VECTOR('',#3566,1.);
#3566 = DIRECTION('',(1.,0.));
#3567 = ( GEOMETRIC_REPRESENTATION_CONTEXT(2) 
PARAMETRIC_REPRESENTATION_CONTEXT() REPRESENTATION_CONTEXT('2D SPACE',''
  ) );
#3568 = ORIENTED_EDGE('',*,*,#3569,.T.);
#3569 = EDGE_CURVE('',#3535,#3570,#3572,.T.);
#3570 = VERTEX_POINT('',#3571);
#3571 = CARTESIAN_POINT('',(1.1,1.13,0.));
#3572 = SURFACE_CURVE('',#3573,(#3577,#3584),.PCURVE_S1.);
#3573 = LINE('',#3574,#3575);
#3574 = CARTESIAN_POINT('',(1.1,0.82,0.));
#3575 = VECTOR('',#3576,1.);
#3576 = DIRECTION('',(-0.,1.,0.));
#3577 = PCURVE('',#3545,#3578);
#3578 = DEFINITIONAL_REPRESENTATION('',(#3579),#3583);
#3579 = LINE('',#3580,#3581);
#3580 = CARTESIAN_POINT('',(0.,0.));
#3581 = VECTOR('',#3582,1.);
#3582 = DIRECTION('',(0.,-1.));
#3583 = ( GEOMETRIC_REPRESENTATION_CONTEXT(2) 
PARAMETRIC_REPRESENTATION_CONTEXT() REPRESENTATION_CONTEXT('2D SPACE',''
  ) );
#3584 = PCURVE('',#3585,#3590);
#3585 = PLANE('',#3586);
#3586 = AXIS2_PLACEMENT_3D('',#3587,#3588,#3589);
#3587 = CARTESIAN_POINT('',(1.1,0.82,0.));
#3588 = DIRECTION('',(0.,0.,1.));
#3589 = DIRECTION('',(1.,0.,-0.));
#3590 = DEFINITIONAL_REPRESENTATION('',(#3591),#3595);
#3591 = LINE('',#3592,#3593);
#3592 = CARTESIAN_POINT('',(0.,0.));
#3593 = VECTOR('',#3594,1.);
#3594 = DIRECTION('',(0.,1.));
#3595 = ( GEOMETRIC_REPRESENTATION_CONTEXT(2) 
PARAMETRIC_REPRESENTATION_CONTEXT() REPRESENTATION_CONTEXT('2D SPACE',''
  ) );
#3596 = ORIENTED_EDGE('',*,*,#3597,.T.);
#3597 = EDGE_CURVE('',#3570,#3598,#3600,.T.);
#3598 = VERTEX_POINT('',#3599);
#3599 = CARTESIAN_POINT('',(1.1,1.13,0.2));
#3600 = SURFACE_CURVE('',#3601,(#3605,#3612),.PCURVE_S1.);
#3601 = LINE('',#3602,#3603);
#3602 = CARTESIAN_POINT('',(1.1,1.13,0.));
#3603 = VECTOR('',#3604,1.);
#3604 = DIRECTION('',(0.,0.,1.));
#3605 = PCURVE('',#3545,#3606);
#3606 = DEFINITIONAL_REPRESENTATION('',(#3607),#3611);
#3607 = LINE('',#3608,#3609);
#3608 = CARTESIAN_POINT('',(0.,-0.31));
#3609 = VECTOR('',#3610,1.);
#3610 = DIRECTION('',(1.,0.));
#3611 = ( GEOMETRIC_REPRESENTATION_CONTEXT(2) 
PARAMETRIC_REPRESENTATION_CONTEXT() REPRESENTATION_CONTEXT('2D SPACE',''
  ) );
#3612 = PCURVE('',#3613,#3618);
#3613 = PLANE('',#3614);
#3614 = AXIS2_PLACEMENT_3D('',#3615,#3616,#3617);
#3615 = CARTESIAN_POINT('',(1.1,1.13,0.));
#3616 = DIRECTION('',(-0.,1.,0.));
#3617 = DIRECTION('',(0.,0.,1.));
#3618 = DEFINITIONAL_REPRESENTATION('',(#3619),#3623);
#3619 = LINE('',#3620,#3621);
#3620 = CARTESIAN_POINT('',(0.,0.));
#3621 = VECTOR('',#3622,1.);
#3622 = DIRECTION('',(1.,0.));
#3623 = ( GEOMETRIC_REPRESENTATION_CONTEXT(2) 
PARAMETRIC_REPRESENTATION_CONTEXT() REPRESENTATION_CONTEXT('2D SPACE',''
  ) );
#3624 = ORIENTED_EDGE('',*,*,#3625,.F.);
#3625 = EDGE_CURVE('',#3537,#3598,#3626,.T.);
#3626 = SURFACE_CURVE('',#3627,(#3631,#3638),.PCURVE_S1.);
#3627 = LINE('',#3628,#3629);
#3628 = CARTESIAN_POINT('',(1.1,0.82,0.2));
#3629 = VECTOR('',#3630,1.);
#3630 = DIRECTION('',(-0.,1.,0.));
#3631 = PCURVE('',#3545,#3632);
#3632 = DEFINITIONAL_REPRESENTATION('',(#3633),#3637);
#3633 = LINE('',#3634,#3635);
#3634 = CARTESIAN_POINT('',(0.2,0.));
#3635 = VECTOR('',#3636,1.);
#3636 = DIRECTION('',(0.,-1.));
#3637 = ( GEOMETRIC_REPRESENTATION_CONTEXT(2) 
PARAMETRIC_REPRESENTATION_CONTEXT() REPRESENTATION_CONTEXT('2D SPACE',''
  ) );
#3638 = PCURVE('',#3639,#3644);
#3639 = PLANE('',#3640);
#3640 = AXIS2_PLACEMENT_3D('',#3641,#3642,#3643);
#3641 = CARTESIAN_POINT('',(1.1,0.82,0.2));
#3642 = DIRECTION('',(0.,0.,1.));
#3643 = DIRECTION('',(1.,0.,-0.));
#3644 = DEFINITIONAL_REPRESENTATION('',(#3645),#3649);
#3645 = LINE('',#3646,#3647);
#3646 = CARTESIAN_POINT('',(0.,0.));
#3647 = VECTOR('',#3648,1.);
#3648 = DIRECTION('',(0.,1.));
#3649 = ( GEOMETRIC_REPRESENTATION_CONTEXT(2) 
PARAMETRIC_REPRESENTATION_CONTEXT() REPRESENTATION_CONTEXT('2D SPACE',''
  ) );
#3650 = ADVANCED_FACE('',(#3651),#3665,.T.);
#3651 = FACE_BOUND('',#3652,.T.);
#3652 = EDGE_LOOP('',(#3653,#3683,#3706,#3729));
#3653 = ORIENTED_EDGE('',*,*,#3654,.F.);
#3654 = EDGE_CURVE('',#3655,#3657,#3659,.T.);
#3655 = VERTEX_POINT('',#3656);
#3656 = CARTESIAN_POINT('',(1.5,0.82,0.));
#3657 = VERTEX_POINT('',#3658);
#3658 = CARTESIAN_POINT('',(1.5,0.82,0.2));
#3659 = SURFACE_CURVE('',#3660,(#3664,#3676),.PCURVE_S1.);
#3660 = LINE('',#3661,#3662);
#3661 = CARTESIAN_POINT('',(1.5,0.82,0.));
#3662 = VECTOR('',#3663,1.);
#3663 = DIRECTION('',(0.,0.,1.));
#3664 = PCURVE('',#3665,#3670);
#3665 = PLANE('',#3666);
#3666 = AXIS2_PLACEMENT_3D('',#3667,#3668,#3669);
#3667 = CARTESIAN_POINT('',(1.5,0.82,0.));
#3668 = DIRECTION('',(1.,0.,-0.));
#3669 = DIRECTION('',(0.,0.,1.));
#3670 = DEFINITIONAL_REPRESENTATION('',(#3671),#3675);
#3671 = LINE('',#3672,#3673);
#3672 = CARTESIAN_POINT('',(0.,0.));
#3673 = VECTOR('',#3674,1.);
#3674 = DIRECTION('',(1.,0.));
#3675 = ( GEOMETRIC_REPRESENTATION_CONTEXT(2) 
PARAMETRIC_REPRESENTATION_CONTEXT() REPRESENTATION_CONTEXT('2D SPACE',''
  ) );
#3676 = PCURVE('',#3557,#3677);
#3677 = DEFINITIONAL_REPRESENTATION('',(#3678),#3682);
#3678 = LINE('',#3679,#3680);
#3679 = CARTESIAN_POINT('',(0.,0.4));
#3680 = VECTOR('',#3681,1.);
#3681 = DIRECTION('',(1.,0.));
#3682 = ( GEOMETRIC_REPRESENTATION_CONTEXT(2) 
PARAMETRIC_REPRESENTATION_CONTEXT() REPRESENTATION_CONTEXT('2D SPACE',''
  ) );
#3683 = ORIENTED_EDGE('',*,*,#3684,.T.);
#3684 = EDGE_CURVE('',#3655,#3685,#3687,.T.);
#3685 = VERTEX_POINT('',#3686);
#3686 = CARTESIAN_POINT('',(1.5,1.13,0.));
#3687 = SURFACE_CURVE('',#3688,(#3692,#3699),.PCURVE_S1.);
#3688 = LINE('',#3689,#3690);
#3689 = CARTESIAN_POINT('',(1.5,0.82,0.));
#3690 = VECTOR('',#3691,1.);
#3691 = DIRECTION('',(-0.,1.,0.));
#3692 = PCURVE('',#3665,#3693);
#3693 = DEFINITIONAL_REPRESENTATION('',(#3694),#3698);
#3694 = LINE('',#3695,#3696);
#3695 = CARTESIAN_POINT('',(0.,0.));
#3696 = VECTOR('',#3697,1.);
#3697 = DIRECTION('',(0.,-1.));
#3698 = ( GEOMETRIC_REPRESENTATION_CONTEXT(2) 
PARAMETRIC_REPRESENTATION_CONTEXT() REPRESENTATION_CONTEXT('2D SPACE',''
  ) );
#3699 = PCURVE('',#3585,#3700);
#3700 = DEFINITIONAL_REPRESENTATION('',(#3701),#3705);
#3701 = LINE('',#3702,#3703);
#3702 = CARTESIAN_POINT('',(0.4,0.));
#3703 = VECTOR('',#3704,1.);
#3704 = DIRECTION('',(0.,1.));
#3705 = ( GEOMETRIC_REPRESENTATION_CONTEXT(2) 
PARAMETRIC_REPRESENTATION_CONTEXT() REPRESENTATION_CONTEXT('2D SPACE',''
  ) );
#3706 = ORIENTED_EDGE('',*,*,#3707,.T.);
#3707 = EDGE_CURVE('',#3685,#3708,#3710,.T.);
#3708 = VERTEX_POINT('',#3709);
#3709 = CARTESIAN_POINT('',(1.5,1.13,0.2));
#3710 = SURFACE_CURVE('',#3711,(#3715,#3722),.PCURVE_S1.);
#3711 = LINE('',#3712,#3713);
#3712 = CARTESIAN_POINT('',(1.5,1.13,0.));
#3713 = VECTOR('',#3714,1.);
#3714 = DIRECTION('',(0.,0.,1.));
#3715 = PCURVE('',#3665,#3716);
#3716 = DEFINITIONAL_REPRESENTATION('',(#3717),#3721);
#3717 = LINE('',#3718,#3719);
#3718 = CARTESIAN_POINT('',(0.,-0.31));
#3719 = VECTOR('',#3720,1.);
#3720 = DIRECTION('',(1.,0.));
#3721 = ( GEOMETRIC_REPRESENTATION_CONTEXT(2) 
PARAMETRIC_REPRESENTATION_CONTEXT() REPRESENTATION_CONTEXT('2D SPACE',''
  ) );
#3722 = PCURVE('',#3613,#3723);
#3723 = DEFINITIONAL_REPRESENTATION('',(#3724),#3728);
#3724 = LINE('',#3725,#3726);
#3725 = CARTESIAN_POINT('',(0.,0.4));
#3726 = VECTOR('',#3727,1.);
#3727 = DIRECTION('',(1.,0.));
#3728 = ( GEOMETRIC_REPRESENTATION_CONTEXT(2) 
PARAMETRIC_REPRESENTATION_CONTEXT() REPRESENTATION_CONTEXT('2D SPACE',''
  ) );
#3729 = ORIENTED_EDGE('',*,*,#3730,.F.);
#3730 = EDGE_CURVE('',#3657,#3708,#3731,.T.);
#3731 = SURFACE_CURVE('',#3732,(#3736,#3743),.PCURVE_S1.);
#3732 = LINE('',#3733,#3734);
#3733 = CARTESIAN_POINT('',(1.5,0.82,0.2));
#3734 = VECTOR('',#3735,1.);
#3735 = DIRECTION('',(-0.,1.,0.));
#3736 = PCURVE('',#3665,#3737);
#3737 = DEFINITIONAL_REPRESENTATION('',(#3738),#3742);
#3738 = LINE('',#3739,#3740);
#3739 = CARTESIAN_POINT('',(0.2,0.));
#3740 = VECTOR('',#3741,1.);
#3741 = DIRECTION('',(0.,-1.));
#3742 = ( GEOMETRIC_REPRESENTATION_CONTEXT(2) 
PARAMETRIC_REPRESENTATION_CONTEXT() REPRESENTATION_CONTEXT('2D SPACE',''
  ) );
#3743 = PCURVE('',#3639,#3744);
#3744 = DEFINITIONAL_REPRESENTATION('',(#3745),#3749);
#3745 = LINE('',#3746,#3747);
#3746 = CARTESIAN_POINT('',(0.4,0.));
#3747 = VECTOR('',#3748,1.);
#3748 = DIRECTION('',(0.,1.));
#3749 = ( GEOMETRIC_REPRESENTATION_CONTEXT(2) 
PARAMETRIC_REPRESENTATION_CONTEXT() REPRESENTATION_CONTEXT('2D SPACE',''
  ) );
#3750 = ADVANCED_FACE('',(#3751),#3557,.F.);
#3751 = FACE_BOUND('',#3752,.F.);
#3752 = EDGE_LOOP('',(#3753,#3774,#3775,#3796));
#3753 = ORIENTED_EDGE('',*,*,#3754,.F.);
#3754 = EDGE_CURVE('',#3535,#3655,#3755,.T.);
#3755 = SURFACE_CURVE('',#3756,(#3760,#3767),.PCURVE_S1.);
#3756 = LINE('',#3757,#3758);
#3757 = CARTESIAN_POINT('',(1.1,0.82,0.));
#3758 = VECTOR('',#3759,1.);
#3759 = DIRECTION('',(1.,0.,-0.));
#3760 = PCURVE('',#3557,#3761);
#3761 = DEFINITIONAL_REPRESENTATION('',(#3762),#3766);
#3762 = LINE('',#3763,#3764);
#3763 = CARTESIAN_POINT('',(0.,0.));
#3764 = VECTOR('',#3765,1.);
#3765 = DIRECTION('',(0.,1.));
#3766 = ( GEOMETRIC_REPRESENTATION_CONTEXT(2) 
PARAMETRIC_REPRESENTATION_CONTEXT() REPRESENTATION_CONTEXT('2D SPACE',''
  ) );
#3767 = PCURVE('',#3585,#3768);
#3768 = DEFINITIONAL_REPRESENTATION('',(#3769),#3773);
#3769 = LINE('',#3770,#3771);
#3770 = CARTESIAN_POINT('',(0.,0.));
#3771 = VECTOR('',#3772,1.);
#3772 = DIRECTION('',(1.,0.));
#3773 = ( GEOMETRIC_REPRESENTATION_CONTEXT(2) 
PARAMETRIC_REPRESENTATION_CONTEXT() REPRESENTATION_CONTEXT('2D SPACE',''
  ) );
#3774 = ORIENTED_EDGE('',*,*,#3534,.T.);
#3775 = ORIENTED_EDGE('',*,*,#3776,.T.);
#3776 = EDGE_CURVE('',#3537,#3657,#3777,.T.);
#3777 = SURFACE_CURVE('',#3778,(#3782,#3789),.PCURVE_S1.);
#3778 = LINE('',#3779,#3780);
#3779 = CARTESIAN_POINT('',(1.1,0.82,0.2));
#3780 = VECTOR('',#3781,1.);
#3781 = DIRECTION('',(1.,0.,-0.));
#3782 = PCURVE('',#3557,#3783);
#3783 = DEFINITIONAL_REPRESENTATION('',(#3784),#3788);
#3784 = LINE('',#3785,#3786);
#3785 = CARTESIAN_POINT('',(0.2,0.));
#3786 = VECTOR('',#3787,1.);
#3787 = DIRECTION('',(0.,1.));
#3788 = ( GEOMETRIC_REPRESENTATION_CONTEXT(2) 
PARAMETRIC_REPRESENTATION_CONTEXT() REPRESENTATION_CONTEXT('2D SPACE',''
  ) );
#3789 = PCURVE('',#3639,#3790);
#3790 = DEFINITIONAL_REPRESENTATION('',(#3791),#3795);
#3791 = LINE('',#3792,#3793);
#3792 = CARTESIAN_POINT('',(0.,0.));
#3793 = VECTOR('',#3794,1.);
#3794 = DIRECTION('',(1.,0.));
#3795 = ( GEOMETRIC_REPRESENTATION_CONTEXT(2) 
PARAMETRIC_REPRESENTATION_CONTEXT() REPRESENTATION_CONTEXT('2D SPACE',''
  ) );
#3796 = ORIENTED_EDGE('',*,*,#3654,.F.);
#3797 = ADVANCED_FACE('',(#3798),#3613,.T.);
#3798 = FACE_BOUND('',#3799,.T.);
#3799 = EDGE_LOOP('',(#3800,#3821,#3822,#3843));
#3800 = ORIENTED_EDGE('',*,*,#3801,.F.);
#3801 = EDGE_CURVE('',#3570,#3685,#3802,.T.);
#3802 = SURFACE_CURVE('',#3803,(#3807,#3814),.PCURVE_S1.);
#3803 = LINE('',#3804,#3805);
#3804 = CARTESIAN_POINT('',(1.1,1.13,0.));
#3805 = VECTOR('',#3806,1.);
#3806 = DIRECTION('',(1.,0.,-0.));
#3807 = PCURVE('',#3613,#3808);
#3808 = DEFINITIONAL_REPRESENTATION('',(#3809),#3813);
#3809 = LINE('',#3810,#3811);
#3810 = CARTESIAN_POINT('',(0.,0.));
#3811 = VECTOR('',#3812,1.);
#3812 = DIRECTION('',(0.,1.));
#3813 = ( GEOMETRIC_REPRESENTATION_CONTEXT(2) 
PARAMETRIC_REPRESENTATION_CONTEXT() REPRESENTATION_CONTEXT('2D SPACE',''
  ) );
#3814 = PCURVE('',#3585,#3815);
#3815 = DEFINITIONAL_REPRESENTATION('',(#3816),#3820);
#3816 = LINE('',#3817,#3818);
#3817 = CARTESIAN_POINT('',(0.,0.31));
#3818 = VECTOR('',#3819,1.);
#3819 = DIRECTION('',(1.,0.));
#3820 = ( GEOMETRIC_REPRESENTATION_CONTEXT(2) 
PARAMETRIC_REPRESENTATION_CONTEXT() REPRESENTATION_CONTEXT('2D SPACE',''
  ) );
#3821 = ORIENTED_EDGE('',*,*,#3597,.T.);
#3822 = ORIENTED_EDGE('',*,*,#3823,.T.);
#3823 = EDGE_CURVE('',#3598,#3708,#3824,.T.);
#3824 = SURFACE_CURVE('',#3825,(#3829,#3836),.PCURVE_S1.);
#3825 = LINE('',#3826,#3827);
#3826 = CARTESIAN_POINT('',(1.1,1.13,0.2));
#3827 = VECTOR('',#3828,1.);
#3828 = DIRECTION('',(1.,0.,-0.));
#3829 = PCURVE('',#3613,#3830);
#3830 = DEFINITIONAL_REPRESENTATION('',(#3831),#3835);
#3831 = LINE('',#3832,#3833);
#3832 = CARTESIAN_POINT('',(0.2,0.));
#3833 = VECTOR('',#3834,1.);
#3834 = DIRECTION('',(0.,1.));
#3835 = ( GEOMETRIC_REPRESENTATION_CONTEXT(2) 
PARAMETRIC_REPRESENTATION_CONTEXT() REPRESENTATION_CONTEXT('2D SPACE',''
  ) );
#3836 = PCURVE('',#3639,#3837);
#3837 = DEFINITIONAL_REPRESENTATION('',(#3838),#3842);
#3838 = LINE('',#3839,#3840);
#3839 = CARTESIAN_POINT('',(0.,0.31));
#3840 = VECTOR('',#3841,1.);
#3841 = DIRECTION('',(1.,0.));
#3842 = ( GEOMETRIC_REPRESENTATION_CONTEXT(2) 
PARAMETRIC_REPRESENTATION_CONTEXT() REPRESENTATION_CONTEXT('2D SPACE',''
  ) );
#3843 = ORIENTED_EDGE('',*,*,#3707,.F.);
#3844 = ADVANCED_FACE('',(#3845),#3585,.F.);
#3845 = FACE_BOUND('',#3846,.F.);
#3846 = EDGE_LOOP('',(#3847,#3848,#3849,#3850));
#3847 = ORIENTED_EDGE('',*,*,#3569,.F.);
#3848 = ORIENTED_EDGE('',*,*,#3754,.T.);
#3849 = ORIENTED_EDGE('',*,*,#3684,.T.);
#3850 = ORIENTED_EDGE('',*,*,#3801,.F.);
#3851 = ADVANCED_FACE('',(#3852),#3639,.T.);
#3852 = FACE_BOUND('',#3853,.T.);
#3853 = EDGE_LOOP('',(#3854,#3855,#3856,#3857));
#3854 = ORIENTED_EDGE('',*,*,#3625,.F.);
#3855 = ORIENTED_EDGE('',*,*,#3776,.T.);
#3856 = ORIENTED_EDGE('',*,*,#3730,.T.);
#3857 = ORIENTED_EDGE('',*,*,#3823,.F.);
#3858 = MANIFOLD_SOLID_BREP('',#3859);
#3859 = CLOSED_SHELL('',(#3860,#3980,#4080,#4127,#4174,#4181));
#3860 = ADVANCED_FACE('',(#3861),#3875,.F.);
#3861 = FACE_BOUND('',#3862,.F.);
#3862 = EDGE_LOOP('',(#3863,#3898,#3926,#3954));
#3863 = ORIENTED_EDGE('',*,*,#3864,.F.);
#3864 = EDGE_CURVE('',#3865,#3867,#3869,.T.);
#3865 = VERTEX_POINT('',#3866);
#3866 = CARTESIAN_POINT('',(-1.5,0.17,0.));
#3867 = VERTEX_POINT('',#3868);
#3868 = CARTESIAN_POINT('',(-1.5,0.17,0.2));
#3869 = SURFACE_CURVE('',#3870,(#3874,#3886),.PCURVE_S1.);
#3870 = LINE('',#3871,#3872);
#3871 = CARTESIAN_POINT('',(-1.5,0.17,0.));
#3872 = VECTOR('',#3873,1.);
#3873 = DIRECTION('',(0.,0.,1.));
#3874 = PCURVE('',#3875,#3880);
#3875 = PLANE('',#3876);
#3876 = AXIS2_PLACEMENT_3D('',#3877,#3878,#3879);
#3877 = CARTESIAN_POINT('',(-1.5,0.17,0.));
#3878 = DIRECTION('',(1.,0.,-0.));
#3879 = DIRECTION('',(0.,0.,1.));
#3880 = DEFINITIONAL_REPRESENTATION('',(#3881),#3885);
#3881 = LINE('',#3882,#3883);
#3882 = CARTESIAN_POINT('',(0.,0.));
#3883 = VECTOR('',#3884,1.);
#3884 = DIRECTION('',(1.,0.));
#3885 = ( GEOMETRIC_REPRESENTATION_CONTEXT(2) 
PARAMETRIC_REPRESENTATION_CONTEXT() REPRESENTATION_CONTEXT('2D SPACE',''
  ) );
#3886 = PCURVE('',#3887,#3892);
#3887 = PLANE('',#3888);
#3888 = AXIS2_PLACEMENT_3D('',#3889,#3890,#3891);
#3889 = CARTESIAN_POINT('',(-1.5,0.17,0.));
#3890 = DIRECTION('',(-0.,1.,0.));
#3891 = DIRECTION('',(0.,0.,1.));
#3892 = DEFINITIONAL_REPRESENTATION('',(#3893),#3897);
#3893 = LINE('',#3894,#3895);
#3894 = CARTESIAN_POINT('',(0.,0.));
#3895 = VECTOR('',#3896,1.);
#3896 = DIRECTION('',(1.,0.));
#3897 = ( GEOMETRIC_REPRESENTATION_CONTEXT(2) 
PARAMETRIC_REPRESENTATION_CONTEXT() REPRESENTATION_CONTEXT('2D SPACE',''
  ) );
#3898 = ORIENTED_EDGE('',*,*,#3899,.T.);
#3899 = EDGE_CURVE('',#3865,#3900,#3902,.T.);
#3900 = VERTEX_POINT('',#3901);
#3901 = CARTESIAN_POINT('',(-1.5,0.48,0.));
#3902 = SURFACE_CURVE('',#3903,(#3907,#3914),.PCURVE_S1.);
#3903 = LINE('',#3904,#3905);
#3904 = CARTESIAN_POINT('',(-1.5,0.17,0.));
#3905 = VECTOR('',#3906,1.);
#3906 = DIRECTION('',(-0.,1.,0.));
#3907 = PCURVE('',#3875,#3908);
#3908 = DEFINITIONAL_REPRESENTATION('',(#3909),#3913);
#3909 = LINE('',#3910,#3911);
#3910 = CARTESIAN_POINT('',(0.,0.));
#3911 = VECTOR('',#3912,1.);
#3912 = DIRECTION('',(0.,-1.));
#3913 = ( GEOMETRIC_REPRESENTATION_CONTEXT(2) 
PARAMETRIC_REPRESENTATION_CONTEXT() REPRESENTATION_CONTEXT('2D SPACE',''
  ) );
#3914 = PCURVE('',#3915,#3920);
#3915 = PLANE('',#3916);
#3916 = AXIS2_PLACEMENT_3D('',#3917,#3918,#3919);
#3917 = CARTESIAN_POINT('',(-1.5,0.17,0.));
#3918 = DIRECTION('',(0.,0.,1.));
#3919 = DIRECTION('',(1.,0.,-0.));
#3920 = DEFINITIONAL_REPRESENTATION('',(#3921),#3925);
#3921 = LINE('',#3922,#3923);
#3922 = CARTESIAN_POINT('',(0.,0.));
#3923 = VECTOR('',#3924,1.);
#3924 = DIRECTION('',(0.,1.));
#3925 = ( GEOMETRIC_REPRESENTATION_CONTEXT(2) 
PARAMETRIC_REPRESENTATION_CONTEXT() REPRESENTATION_CONTEXT('2D SPACE',''
  ) );
#3926 = ORIENTED_EDGE('',*,*,#3927,.T.);
#3927 = EDGE_CURVE('',#3900,#3928,#3930,.T.);
#3928 = VERTEX_POINT('',#3929);
#3929 = CARTESIAN_POINT('',(-1.5,0.48,0.2));
#3930 = SURFACE_CURVE('',#3931,(#3935,#3942),.PCURVE_S1.);
#3931 = LINE('',#3932,#3933);
#3932 = CARTESIAN_POINT('',(-1.5,0.48,0.));
#3933 = VECTOR('',#3934,1.);
#3934 = DIRECTION('',(0.,0.,1.));
#3935 = PCURVE('',#3875,#3936);
#3936 = DEFINITIONAL_REPRESENTATION('',(#3937),#3941);
#3937 = LINE('',#3938,#3939);
#3938 = CARTESIAN_POINT('',(0.,-0.31));
#3939 = VECTOR('',#3940,1.);
#3940 = DIRECTION('',(1.,0.));
#3941 = ( GEOMETRIC_REPRESENTATION_CONTEXT(2) 
PARAMETRIC_REPRESENTATION_CONTEXT() REPRESENTATION_CONTEXT('2D SPACE',''
  ) );
#3942 = PCURVE('',#3943,#3948);
#3943 = PLANE('',#3944);
#3944 = AXIS2_PLACEMENT_3D('',#3945,#3946,#3947);
#3945 = CARTESIAN_POINT('',(-1.5,0.48,0.));
#3946 = DIRECTION('',(-0.,1.,0.));
#3947 = DIRECTION('',(0.,0.,1.));
#3948 = DEFINITIONAL_REPRESENTATION('',(#3949),#3953);
#3949 = LINE('',#3950,#3951);
#3950 = CARTESIAN_POINT('',(0.,0.));
#3951 = VECTOR('',#3952,1.);
#3952 = DIRECTION('',(1.,0.));
#3953 = ( GEOMETRIC_REPRESENTATION_CONTEXT(2) 
PARAMETRIC_REPRESENTATION_CONTEXT() REPRESENTATION_CONTEXT('2D SPACE',''
  ) );
#3954 = ORIENTED_EDGE('',*,*,#3955,.F.);
#3955 = EDGE_CURVE('',#3867,#3928,#3956,.T.);
#3956 = SURFACE_CURVE('',#3957,(#3961,#3968),.PCURVE_S1.);
#3957 = LINE('',#3958,#3959);
#3958 = CARTESIAN_POINT('',(-1.5,0.17,0.2));
#3959 = VECTOR('',#3960,1.);
#3960 = DIRECTION('',(-0.,1.,0.));
#3961 = PCURVE('',#3875,#3962);
#3962 = DEFINITIONAL_REPRESENTATION('',(#3963),#3967);
#3963 = LINE('',#3964,#3965);
#3964 = CARTESIAN_POINT('',(0.2,0.));
#3965 = VECTOR('',#3966,1.);
#3966 = DIRECTION('',(0.,-1.));
#3967 = ( GEOMETRIC_REPRESENTATION_CONTEXT(2) 
PARAMETRIC_REPRESENTATION_CONTEXT() REPRESENTATION_CONTEXT('2D SPACE',''
  ) );
#3968 = PCURVE('',#3969,#3974);
#3969 = PLANE('',#3970);
#3970 = AXIS2_PLACEMENT_3D('',#3971,#3972,#3973);
#3971 = CARTESIAN_POINT('',(-1.5,0.17,0.2));
#3972 = DIRECTION('',(0.,0.,1.));
#3973 = DIRECTION('',(1.,0.,-0.));
#3974 = DEFINITIONAL_REPRESENTATION('',(#3975),#3979);
#3975 = LINE('',#3976,#3977);
#3976 = CARTESIAN_POINT('',(0.,0.));
#3977 = VECTOR('',#3978,1.);
#3978 = DIRECTION('',(0.,1.));
#3979 = ( GEOMETRIC_REPRESENTATION_CONTEXT(2) 
PARAMETRIC_REPRESENTATION_CONTEXT() REPRESENTATION_CONTEXT('2D SPACE',''
  ) );
#3980 = ADVANCED_FACE('',(#3981),#3995,.T.);
#3981 = FACE_BOUND('',#3982,.T.);
#3982 = EDGE_LOOP('',(#3983,#4013,#4036,#4059));
#3983 = ORIENTED_EDGE('',*,*,#3984,.F.);
#3984 = EDGE_CURVE('',#3985,#3987,#3989,.T.);
#3985 = VERTEX_POINT('',#3986);
#3986 = CARTESIAN_POINT('',(-1.1,0.17,0.));
#3987 = VERTEX_POINT('',#3988);
#3988 = CARTESIAN_POINT('',(-1.1,0.17,0.2));
#3989 = SURFACE_CURVE('',#3990,(#3994,#4006),.PCURVE_S1.);
#3990 = LINE('',#3991,#3992);
#3991 = CARTESIAN_POINT('',(-1.1,0.17,0.));
#3992 = VECTOR('',#3993,1.);
#3993 = DIRECTION('',(0.,0.,1.));
#3994 = PCURVE('',#3995,#4000);
#3995 = PLANE('',#3996);
#3996 = AXIS2_PLACEMENT_3D('',#3997,#3998,#3999);
#3997 = CARTESIAN_POINT('',(-1.1,0.17,0.));
#3998 = DIRECTION('',(1.,0.,-0.));
#3999 = DIRECTION('',(0.,0.,1.));
#4000 = DEFINITIONAL_REPRESENTATION('',(#4001),#4005);
#4001 = LINE('',#4002,#4003);
#4002 = CARTESIAN_POINT('',(0.,0.));
#4003 = VECTOR('',#4004,1.);
#4004 = DIRECTION('',(1.,0.));
#4005 = ( GEOMETRIC_REPRESENTATION_CONTEXT(2) 
PARAMETRIC_REPRESENTATION_CONTEXT() REPRESENTATION_CONTEXT('2D SPACE',''
  ) );
#4006 = PCURVE('',#3887,#4007);
#4007 = DEFINITIONAL_REPRESENTATION('',(#4008),#4012);
#4008 = LINE('',#4009,#4010);
#4009 = CARTESIAN_POINT('',(0.,0.4));
#4010 = VECTOR('',#4011,1.);
#4011 = DIRECTION('',(1.,0.));
#4012 = ( GEOMETRIC_REPRESENTATION_CONTEXT(2) 
PARAMETRIC_REPRESENTATION_CONTEXT() REPRESENTATION_CONTEXT('2D SPACE',''
  ) );
#4013 = ORIENTED_EDGE('',*,*,#4014,.T.);
#4014 = EDGE_CURVE('',#3985,#4015,#4017,.T.);
#4015 = VERTEX_POINT('',#4016);
#4016 = CARTESIAN_POINT('',(-1.1,0.48,0.));
#4017 = SURFACE_CURVE('',#4018,(#4022,#4029),.PCURVE_S1.);
#4018 = LINE('',#4019,#4020);
#4019 = CARTESIAN_POINT('',(-1.1,0.17,0.));
#4020 = VECTOR('',#4021,1.);
#4021 = DIRECTION('',(-0.,1.,0.));
#4022 = PCURVE('',#3995,#4023);
#4023 = DEFINITIONAL_REPRESENTATION('',(#4024),#4028);
#4024 = LINE('',#4025,#4026);
#4025 = CARTESIAN_POINT('',(0.,0.));
#4026 = VECTOR('',#4027,1.);
#4027 = DIRECTION('',(0.,-1.));
#4028 = ( GEOMETRIC_REPRESENTATION_CONTEXT(2) 
PARAMETRIC_REPRESENTATION_CONTEXT() REPRESENTATION_CONTEXT('2D SPACE',''
  ) );
#4029 = PCURVE('',#3915,#4030);
#4030 = DEFINITIONAL_REPRESENTATION('',(#4031),#4035);
#4031 = LINE('',#4032,#4033);
#4032 = CARTESIAN_POINT('',(0.4,0.));
#4033 = VECTOR('',#4034,1.);
#4034 = DIRECTION('',(0.,1.));
#4035 = ( GEOMETRIC_REPRESENTATION_CONTEXT(2) 
PARAMETRIC_REPRESENTATION_CONTEXT() REPRESENTATION_CONTEXT('2D SPACE',''
  ) );
#4036 = ORIENTED_EDGE('',*,*,#4037,.T.);
#4037 = EDGE_CURVE('',#4015,#4038,#4040,.T.);
#4038 = VERTEX_POINT('',#4039);
#4039 = CARTESIAN_POINT('',(-1.1,0.48,0.2));
#4040 = SURFACE_CURVE('',#4041,(#4045,#4052),.PCURVE_S1.);
#4041 = LINE('',#4042,#4043);
#4042 = CARTESIAN_POINT('',(-1.1,0.48,0.));
#4043 = VECTOR('',#4044,1.);
#4044 = DIRECTION('',(0.,0.,1.));
#4045 = PCURVE('',#3995,#4046);
#4046 = DEFINITIONAL_REPRESENTATION('',(#4047),#4051);
#4047 = LINE('',#4048,#4049);
#4048 = CARTESIAN_POINT('',(0.,-0.31));
#4049 = VECTOR('',#4050,1.);
#4050 = DIRECTION('',(1.,0.));
#4051 = ( GEOMETRIC_REPRESENTATION_CONTEXT(2) 
PARAMETRIC_REPRESENTATION_CONTEXT() REPRESENTATION_CONTEXT('2D SPACE',''
  ) );
#4052 = PCURVE('',#3943,#4053);
#4053 = DEFINITIONAL_REPRESENTATION('',(#4054),#4058);
#4054 = LINE('',#4055,#4056);
#4055 = CARTESIAN_POINT('',(0.,0.4));
#4056 = VECTOR('',#4057,1.);
#4057 = DIRECTION('',(1.,0.));
#4058 = ( GEOMETRIC_REPRESENTATION_CONTEXT(2) 
PARAMETRIC_REPRESENTATION_CONTEXT() REPRESENTATION_CONTEXT('2D SPACE',''
  ) );
#4059 = ORIENTED_EDGE('',*,*,#4060,.F.);
#4060 = EDGE_CURVE('',#3987,#4038,#4061,.T.);
#4061 = SURFACE_CURVE('',#4062,(#4066,#4073),.PCURVE_S1.);
#4062 = LINE('',#4063,#4064);
#4063 = CARTESIAN_POINT('',(-1.1,0.17,0.2));
#4064 = VECTOR('',#4065,1.);
#4065 = DIRECTION('',(-0.,1.,0.));
#4066 = PCURVE('',#3995,#4067);
#4067 = DEFINITIONAL_REPRESENTATION('',(#4068),#4072);
#4068 = LINE('',#4069,#4070);
#4069 = CARTESIAN_POINT('',(0.2,0.));
#4070 = VECTOR('',#4071,1.);
#4071 = DIRECTION('',(0.,-1.));
#4072 = ( GEOMETRIC_REPRESENTATION_CONTEXT(2) 
PARAMETRIC_REPRESENTATION_CONTEXT() REPRESENTATION_CONTEXT('2D SPACE',''
  ) );
#4073 = PCURVE('',#3969,#4074);
#4074 = DEFINITIONAL_REPRESENTATION('',(#4075),#4079);
#4075 = LINE('',#4076,#4077);
#4076 = CARTESIAN_POINT('',(0.4,0.));
#4077 = VECTOR('',#4078,1.);
#4078 = DIRECTION('',(0.,1.));
#4079 = ( GEOMETRIC_REPRESENTATION_CONTEXT(2) 
PARAMETRIC_REPRESENTATION_CONTEXT() REPRESENTATION_CONTEXT('2D SPACE',''
  ) );
#4080 = ADVANCED_FACE('',(#4081),#3887,.F.);
#4081 = FACE_BOUND('',#4082,.F.);
#4082 = EDGE_LOOP('',(#4083,#4104,#4105,#4126));
#4083 = ORIENTED_EDGE('',*,*,#4084,.F.);
#4084 = EDGE_CURVE('',#3865,#3985,#4085,.T.);
#4085 = SURFACE_CURVE('',#4086,(#4090,#4097),.PCURVE_S1.);
#4086 = LINE('',#4087,#4088);
#4087 = CARTESIAN_POINT('',(-1.5,0.17,0.));
#4088 = VECTOR('',#4089,1.);
#4089 = DIRECTION('',(1.,0.,-0.));
#4090 = PCURVE('',#3887,#4091);
#4091 = DEFINITIONAL_REPRESENTATION('',(#4092),#4096);
#4092 = LINE('',#4093,#4094);
#4093 = CARTESIAN_POINT('',(0.,0.));
#4094 = VECTOR('',#4095,1.);
#4095 = DIRECTION('',(0.,1.));
#4096 = ( GEOMETRIC_REPRESENTATION_CONTEXT(2) 
PARAMETRIC_REPRESENTATION_CONTEXT() REPRESENTATION_CONTEXT('2D SPACE',''
  ) );
#4097 = PCURVE('',#3915,#4098);
#4098 = DEFINITIONAL_REPRESENTATION('',(#4099),#4103);
#4099 = LINE('',#4100,#4101);
#4100 = CARTESIAN_POINT('',(0.,0.));
#4101 = VECTOR('',#4102,1.);
#4102 = DIRECTION('',(1.,0.));
#4103 = ( GEOMETRIC_REPRESENTATION_CONTEXT(2) 
PARAMETRIC_REPRESENTATION_CONTEXT() REPRESENTATION_CONTEXT('2D SPACE',''
  ) );
#4104 = ORIENTED_EDGE('',*,*,#3864,.T.);
#4105 = ORIENTED_EDGE('',*,*,#4106,.T.);
#4106 = EDGE_CURVE('',#3867,#3987,#4107,.T.);
#4107 = SURFACE_CURVE('',#4108,(#4112,#4119),.PCURVE_S1.);
#4108 = LINE('',#4109,#4110);
#4109 = CARTESIAN_POINT('',(-1.5,0.17,0.2));
#4110 = VECTOR('',#4111,1.);
#4111 = DIRECTION('',(1.,0.,-0.));
#4112 = PCURVE('',#3887,#4113);
#4113 = DEFINITIONAL_REPRESENTATION('',(#4114),#4118);
#4114 = LINE('',#4115,#4116);
#4115 = CARTESIAN_POINT('',(0.2,0.));
#4116 = VECTOR('',#4117,1.);
#4117 = DIRECTION('',(0.,1.));
#4118 = ( GEOMETRIC_REPRESENTATION_CONTEXT(2) 
PARAMETRIC_REPRESENTATION_CONTEXT() REPRESENTATION_CONTEXT('2D SPACE',''
  ) );
#4119 = PCURVE('',#3969,#4120);
#4120 = DEFINITIONAL_REPRESENTATION('',(#4121),#4125);
#4121 = LINE('',#4122,#4123);
#4122 = CARTESIAN_POINT('',(0.,0.));
#4123 = VECTOR('',#4124,1.);
#4124 = DIRECTION('',(1.,0.));
#4125 = ( GEOMETRIC_REPRESENTATION_CONTEXT(2) 
PARAMETRIC_REPRESENTATION_CONTEXT() REPRESENTATION_CONTEXT('2D SPACE',''
  ) );
#4126 = ORIENTED_EDGE('',*,*,#3984,.F.);
#4127 = ADVANCED_FACE('',(#4128),#3943,.T.);
#4128 = FACE_BOUND('',#4129,.T.);
#4129 = EDGE_LOOP('',(#4130,#4151,#4152,#4173));
#4130 = ORIENTED_EDGE('',*,*,#4131,.F.);
#4131 = EDGE_CURVE('',#3900,#4015,#4132,.T.);
#4132 = SURFACE_CURVE('',#4133,(#4137,#4144),.PCURVE_S1.);
#4133 = LINE('',#4134,#4135);
#4134 = CARTESIAN_POINT('',(-1.5,0.48,0.));
#4135 = VECTOR('',#4136,1.);
#4136 = DIRECTION('',(1.,0.,-0.));
#4137 = PCURVE('',#3943,#4138);
#4138 = DEFINITIONAL_REPRESENTATION('',(#4139),#4143);
#4139 = LINE('',#4140,#4141);
#4140 = CARTESIAN_POINT('',(0.,0.));
#4141 = VECTOR('',#4142,1.);
#4142 = DIRECTION('',(0.,1.));
#4143 = ( GEOMETRIC_REPRESENTATION_CONTEXT(2) 
PARAMETRIC_REPRESENTATION_CONTEXT() REPRESENTATION_CONTEXT('2D SPACE',''
  ) );
#4144 = PCURVE('',#3915,#4145);
#4145 = DEFINITIONAL_REPRESENTATION('',(#4146),#4150);
#4146 = LINE('',#4147,#4148);
#4147 = CARTESIAN_POINT('',(0.,0.31));
#4148 = VECTOR('',#4149,1.);
#4149 = DIRECTION('',(1.,0.));
#4150 = ( GEOMETRIC_REPRESENTATION_CONTEXT(2) 
PARAMETRIC_REPRESENTATION_CONTEXT() REPRESENTATION_CONTEXT('2D SPACE',''
  ) );
#4151 = ORIENTED_EDGE('',*,*,#3927,.T.);
#4152 = ORIENTED_EDGE('',*,*,#4153,.T.);
#4153 = EDGE_CURVE('',#3928,#4038,#4154,.T.);
#4154 = SURFACE_CURVE('',#4155,(#4159,#4166),.PCURVE_S1.);
#4155 = LINE('',#4156,#4157);
#4156 = CARTESIAN_POINT('',(-1.5,0.48,0.2));
#4157 = VECTOR('',#4158,1.);
#4158 = DIRECTION('',(1.,0.,-0.));
#4159 = PCURVE('',#3943,#4160);
#4160 = DEFINITIONAL_REPRESENTATION('',(#4161),#4165);
#4161 = LINE('',#4162,#4163);
#4162 = CARTESIAN_POINT('',(0.2,0.));
#4163 = VECTOR('',#4164,1.);
#4164 = DIRECTION('',(0.,1.));
#4165 = ( GEOMETRIC_REPRESENTATION_CONTEXT(2) 
PARAMETRIC_REPRESENTATION_CONTEXT() REPRESENTATION_CONTEXT('2D SPACE',''
  ) );
#4166 = PCURVE('',#3969,#4167);
#4167 = DEFINITIONAL_REPRESENTATION('',(#4168),#4172);
#4168 = LINE('',#4169,#4170);
#4169 = CARTESIAN_POINT('',(0.,0.31));
#4170 = VECTOR('',#4171,1.);
#4171 = DIRECTION('',(1.,0.));
#4172 = ( GEOMETRIC_REPRESENTATION_CONTEXT(2) 
PARAMETRIC_REPRESENTATION_CONTEXT() REPRESENTATION_CONTEXT('2D SPACE',''
  ) );
#4173 = ORIENTED_EDGE('',*,*,#4037,.F.);
#4174 = ADVANCED_FACE('',(#4175),#3915,.F.);
#4175 = FACE_BOUND('',#4176,.F.);
#4176 = EDGE_LOOP('',(#4177,#4178,#4179,#4180));
#4177 = ORIENTED_EDGE('',*,*,#3899,.F.);
#4178 = ORIENTED_EDGE('',*,*,#4084,.T.);
#4179 = ORIENTED_EDGE('',*,*,#4014,.T.);
#4180 = ORIENTED_EDGE('',*,*,#4131,.F.);
#4181 = ADVANCED_FACE('',(#4182),#3969,.T.);
#4182 = FACE_BOUND('',#4183,.T.);
#4183 = EDGE_LOOP('',(#4184,#4185,#4186,#4187));
#4184 = ORIENTED_EDGE('',*,*,#3955,.F.);
#4185 = ORIENTED_EDGE('',*,*,#4106,.T.);
#4186 = ORIENTED_EDGE('',*,*,#4060,.T.);
#4187 = ORIENTED_EDGE('',*,*,#4153,.F.);
#4188 = MANIFOLD_SOLID_BREP('',#4189);
#4189 = CLOSED_SHELL('',(#4190,#4310,#4410,#4457,#4504,#4511));
#4190 = ADVANCED_FACE('',(#4191),#4205,.F.);
#4191 = FACE_BOUND('',#4192,.F.);
#4192 = EDGE_LOOP('',(#4193,#4228,#4256,#4284));
#4193 = ORIENTED_EDGE('',*,*,#4194,.F.);
#4194 = EDGE_CURVE('',#4195,#4197,#4199,.T.);
#4195 = VERTEX_POINT('',#4196);
#4196 = CARTESIAN_POINT('',(1.1,0.17,0.));
#4197 = VERTEX_POINT('',#4198);
#4198 = CARTESIAN_POINT('',(1.1,0.17,0.2));
#4199 = SURFACE_CURVE('',#4200,(#4204,#4216),.PCURVE_S1.);
#4200 = LINE('',#4201,#4202);
#4201 = CARTESIAN_POINT('',(1.1,0.17,0.));
#4202 = VECTOR('',#4203,1.);
#4203 = DIRECTION('',(0.,0.,1.));
#4204 = PCURVE('',#4205,#4210);
#4205 = PLANE('',#4206);
#4206 = AXIS2_PLACEMENT_3D('',#4207,#4208,#4209);
#4207 = CARTESIAN_POINT('',(1.1,0.17,0.));
#4208 = DIRECTION('',(1.,0.,-0.));
#4209 = DIRECTION('',(0.,0.,1.));
#4210 = DEFINITIONAL_REPRESENTATION('',(#4211),#4215);
#4211 = LINE('',#4212,#4213);
#4212 = CARTESIAN_POINT('',(0.,0.));
#4213 = VECTOR('',#4214,1.);
#4214 = DIRECTION('',(1.,0.));
#4215 = ( GEOMETRIC_REPRESENTATION_CONTEXT(2) 
PARAMETRIC_REPRESENTATION_CONTEXT() REPRESENTATION_CONTEXT('2D SPACE',''
  ) );
#4216 = PCURVE('',#4217,#4222);
#4217 = PLANE('',#4218);
#4218 = AXIS2_PLACEMENT_3D('',#4219,#4220,#4221);
#4219 = CARTESIAN_POINT('',(1.1,0.17,0.));
#4220 = DIRECTION('',(-0.,1.,0.));
#4221 = DIRECTION('',(0.,0.,1.));
#4222 = DEFINITIONAL_REPRESENTATION('',(#4223),#4227);
#4223 = LINE('',#4224,#4225);
#4224 = CARTESIAN_POINT('',(0.,0.));
#4225 = VECTOR('',#4226,1.);
#4226 = DIRECTION('',(1.,0.));
#4227 = ( GEOMETRIC_REPRESENTATION_CONTEXT(2) 
PARAMETRIC_REPRESENTATION_CONTEXT() REPRESENTATION_CONTEXT('2D SPACE',''
  ) );
#4228 = ORIENTED_EDGE('',*,*,#4229,.T.);
#4229 = EDGE_CURVE('',#4195,#4230,#4232,.T.);
#4230 = VERTEX_POINT('',#4231);
#4231 = CARTESIAN_POINT('',(1.1,0.48,0.));
#4232 = SURFACE_CURVE('',#4233,(#4237,#4244),.PCURVE_S1.);
#4233 = LINE('',#4234,#4235);
#4234 = CARTESIAN_POINT('',(1.1,0.17,0.));
#4235 = VECTOR('',#4236,1.);
#4236 = DIRECTION('',(-0.,1.,0.));
#4237 = PCURVE('',#4205,#4238);
#4238 = DEFINITIONAL_REPRESENTATION('',(#4239),#4243);
#4239 = LINE('',#4240,#4241);
#4240 = CARTESIAN_POINT('',(0.,0.));
#4241 = VECTOR('',#4242,1.);
#4242 = DIRECTION('',(0.,-1.));
#4243 = ( GEOMETRIC_REPRESENTATION_CONTEXT(2) 
PARAMETRIC_REPRESENTATION_CONTEXT() REPRESENTATION_CONTEXT('2D SPACE',''
  ) );
#4244 = PCURVE('',#4245,#4250);
#4245 = PLANE('',#4246);
#4246 = AXIS2_PLACEMENT_3D('',#4247,#4248,#4249);
#4247 = CARTESIAN_POINT('',(1.1,0.17,0.));
#4248 = DIRECTION('',(0.,0.,1.));
#4249 = DIRECTION('',(1.,0.,-0.));
#4250 = DEFINITIONAL_REPRESENTATION('',(#4251),#4255);
#4251 = LINE('',#4252,#4253);
#4252 = CARTESIAN_POINT('',(0.,0.));
#4253 = VECTOR('',#4254,1.);
#4254 = DIRECTION('',(0.,1.));
#4255 = ( GEOMETRIC_REPRESENTATION_CONTEXT(2) 
PARAMETRIC_REPRESENTATION_CONTEXT() REPRESENTATION_CONTEXT('2D SPACE',''
  ) );
#4256 = ORIENTED_EDGE('',*,*,#4257,.T.);
#4257 = EDGE_CURVE('',#4230,#4258,#4260,.T.);
#4258 = VERTEX_POINT('',#4259);
#4259 = CARTESIAN_POINT('',(1.1,0.48,0.2));
#4260 = SURFACE_CURVE('',#4261,(#4265,#4272),.PCURVE_S1.);
#4261 = LINE('',#4262,#4263);
#4262 = CARTESIAN_POINT('',(1.1,0.48,0.));
#4263 = VECTOR('',#4264,1.);
#4264 = DIRECTION('',(0.,0.,1.));
#4265 = PCURVE('',#4205,#4266);
#4266 = DEFINITIONAL_REPRESENTATION('',(#4267),#4271);
#4267 = LINE('',#4268,#4269);
#4268 = CARTESIAN_POINT('',(0.,-0.31));
#4269 = VECTOR('',#4270,1.);
#4270 = DIRECTION('',(1.,0.));
#4271 = ( GEOMETRIC_REPRESENTATION_CONTEXT(2) 
PARAMETRIC_REPRESENTATION_CONTEXT() REPRESENTATION_CONTEXT('2D SPACE',''
  ) );
#4272 = PCURVE('',#4273,#4278);
#4273 = PLANE('',#4274);
#4274 = AXIS2_PLACEMENT_3D('',#4275,#4276,#4277);
#4275 = CARTESIAN_POINT('',(1.1,0.48,0.));
#4276 = DIRECTION('',(-0.,1.,0.));
#4277 = DIRECTION('',(0.,0.,1.));
#4278 = DEFINITIONAL_REPRESENTATION('',(#4279),#4283);
#4279 = LINE('',#4280,#4281);
#4280 = CARTESIAN_POINT('',(0.,0.));
#4281 = VECTOR('',#4282,1.);
#4282 = DIRECTION('',(1.,0.));
#4283 = ( GEOMETRIC_REPRESENTATION_CONTEXT(2) 
PARAMETRIC_REPRESENTATION_CONTEXT() REPRESENTATION_CONTEXT('2D SPACE',''
  ) );
#4284 = ORIENTED_EDGE('',*,*,#4285,.F.);
#4285 = EDGE_CURVE('',#4197,#4258,#4286,.T.);
#4286 = SURFACE_CURVE('',#4287,(#4291,#4298),.PCURVE_S1.);
#4287 = LINE('',#4288,#4289);
#4288 = CARTESIAN_POINT('',(1.1,0.17,0.2));
#4289 = VECTOR('',#4290,1.);
#4290 = DIRECTION('',(-0.,1.,0.));
#4291 = PCURVE('',#4205,#4292);
#4292 = DEFINITIONAL_REPRESENTATION('',(#4293),#4297);
#4293 = LINE('',#4294,#4295);
#4294 = CARTESIAN_POINT('',(0.2,0.));
#4295 = VECTOR('',#4296,1.);
#4296 = DIRECTION('',(0.,-1.));
#4297 = ( GEOMETRIC_REPRESENTATION_CONTEXT(2) 
PARAMETRIC_REPRESENTATION_CONTEXT() REPRESENTATION_CONTEXT('2D SPACE',''
  ) );
#4298 = PCURVE('',#4299,#4304);
#4299 = PLANE('',#4300);
#4300 = AXIS2_PLACEMENT_3D('',#4301,#4302,#4303);
#4301 = CARTESIAN_POINT('',(1.1,0.17,0.2));
#4302 = DIRECTION('',(0.,0.,1.));
#4303 = DIRECTION('',(1.,0.,-0.));
#4304 = DEFINITIONAL_REPRESENTATION('',(#4305),#4309);
#4305 = LINE('',#4306,#4307);
#4306 = CARTESIAN_POINT('',(0.,0.));
#4307 = VECTOR('',#4308,1.);
#4308 = DIRECTION('',(0.,1.));
#4309 = ( GEOMETRIC_REPRESENTATION_CONTEXT(2) 
PARAMETRIC_REPRESENTATION_CONTEXT() REPRESENTATION_CONTEXT('2D SPACE',''
  ) );
#4310 = ADVANCED_FACE('',(#4311),#4325,.T.);
#4311 = FACE_BOUND('',#4312,.T.);
#4312 = EDGE_LOOP('',(#4313,#4343,#4366,#4389));
#4313 = ORIENTED_EDGE('',*,*,#4314,.F.);
#4314 = EDGE_CURVE('',#4315,#4317,#4319,.T.);
#4315 = VERTEX_POINT('',#4316);
#4316 = CARTESIAN_POINT('',(1.5,0.17,0.));
#4317 = VERTEX_POINT('',#4318);
#4318 = CARTESIAN_POINT('',(1.5,0.17,0.2));
#4319 = SURFACE_CURVE('',#4320,(#4324,#4336),.PCURVE_S1.);
#4320 = LINE('',#4321,#4322);
#4321 = CARTESIAN_POINT('',(1.5,0.17,0.));
#4322 = VECTOR('',#4323,1.);
#4323 = DIRECTION('',(0.,0.,1.));
#4324 = PCURVE('',#4325,#4330);
#4325 = PLANE('',#4326);
#4326 = AXIS2_PLACEMENT_3D('',#4327,#4328,#4329);
#4327 = CARTESIAN_POINT('',(1.5,0.17,0.));
#4328 = DIRECTION('',(1.,0.,-0.));
#4329 = DIRECTION('',(0.,0.,1.));
#4330 = DEFINITIONAL_REPRESENTATION('',(#4331),#4335);
#4331 = LINE('',#4332,#4333);
#4332 = CARTESIAN_POINT('',(0.,0.));
#4333 = VECTOR('',#4334,1.);
#4334 = DIRECTION('',(1.,0.));
#4335 = ( GEOMETRIC_REPRESENTATION_CONTEXT(2) 
PARAMETRIC_REPRESENTATION_CONTEXT() REPRESENTATION_CONTEXT('2D SPACE',''
  ) );
#4336 = PCURVE('',#4217,#4337);
#4337 = DEFINITIONAL_REPRESENTATION('',(#4338),#4342);
#4338 = LINE('',#4339,#4340);
#4339 = CARTESIAN_POINT('',(0.,0.4));
#4340 = VECTOR('',#4341,1.);
#4341 = DIRECTION('',(1.,0.));
#4342 = ( GEOMETRIC_REPRESENTATION_CONTEXT(2) 
PARAMETRIC_REPRESENTATION_CONTEXT() REPRESENTATION_CONTEXT('2D SPACE',''
  ) );
#4343 = ORIENTED_EDGE('',*,*,#4344,.T.);
#4344 = EDGE_CURVE('',#4315,#4345,#4347,.T.);
#4345 = VERTEX_POINT('',#4346);
#4346 = CARTESIAN_POINT('',(1.5,0.48,0.));
#4347 = SURFACE_CURVE('',#4348,(#4352,#4359),.PCURVE_S1.);
#4348 = LINE('',#4349,#4350);
#4349 = CARTESIAN_POINT('',(1.5,0.17,0.));
#4350 = VECTOR('',#4351,1.);
#4351 = DIRECTION('',(-0.,1.,0.));
#4352 = PCURVE('',#4325,#4353);
#4353 = DEFINITIONAL_REPRESENTATION('',(#4354),#4358);
#4354 = LINE('',#4355,#4356);
#4355 = CARTESIAN_POINT('',(0.,0.));
#4356 = VECTOR('',#4357,1.);
#4357 = DIRECTION('',(0.,-1.));
#4358 = ( GEOMETRIC_REPRESENTATION_CONTEXT(2) 
PARAMETRIC_REPRESENTATION_CONTEXT() REPRESENTATION_CONTEXT('2D SPACE',''
  ) );
#4359 = PCURVE('',#4245,#4360);
#4360 = DEFINITIONAL_REPRESENTATION('',(#4361),#4365);
#4361 = LINE('',#4362,#4363);
#4362 = CARTESIAN_POINT('',(0.4,0.));
#4363 = VECTOR('',#4364,1.);
#4364 = DIRECTION('',(0.,1.));
#4365 = ( GEOMETRIC_REPRESENTATION_CONTEXT(2) 
PARAMETRIC_REPRESENTATION_CONTEXT() REPRESENTATION_CONTEXT('2D SPACE',''
  ) );
#4366 = ORIENTED_EDGE('',*,*,#4367,.T.);
#4367 = EDGE_CURVE('',#4345,#4368,#4370,.T.);
#4368 = VERTEX_POINT('',#4369);
#4369 = CARTESIAN_POINT('',(1.5,0.48,0.2));
#4370 = SURFACE_CURVE('',#4371,(#4375,#4382),.PCURVE_S1.);
#4371 = LINE('',#4372,#4373);
#4372 = CARTESIAN_POINT('',(1.5,0.48,0.));
#4373 = VECTOR('',#4374,1.);
#4374 = DIRECTION('',(0.,0.,1.));
#4375 = PCURVE('',#4325,#4376);
#4376 = DEFINITIONAL_REPRESENTATION('',(#4377),#4381);
#4377 = LINE('',#4378,#4379);
#4378 = CARTESIAN_POINT('',(0.,-0.31));
#4379 = VECTOR('',#4380,1.);
#4380 = DIRECTION('',(1.,0.));
#4381 = ( GEOMETRIC_REPRESENTATION_CONTEXT(2) 
PARAMETRIC_REPRESENTATION_CONTEXT() REPRESENTATION_CONTEXT('2D SPACE',''
  ) );
#4382 = PCURVE('',#4273,#4383);
#4383 = DEFINITIONAL_REPRESENTATION('',(#4384),#4388);
#4384 = LINE('',#4385,#4386);
#4385 = CARTESIAN_POINT('',(0.,0.4));
#4386 = VECTOR('',#4387,1.);
#4387 = DIRECTION('',(1.,0.));
#4388 = ( GEOMETRIC_REPRESENTATION_CONTEXT(2) 
PARAMETRIC_REPRESENTATION_CONTEXT() REPRESENTATION_CONTEXT('2D SPACE',''
  ) );
#4389 = ORIENTED_EDGE('',*,*,#4390,.F.);
#4390 = EDGE_CURVE('',#4317,#4368,#4391,.T.);
#4391 = SURFACE_CURVE('',#4392,(#4396,#4403),.PCURVE_S1.);
#4392 = LINE('',#4393,#4394);
#4393 = CARTESIAN_POINT('',(1.5,0.17,0.2));
#4394 = VECTOR('',#4395,1.);
#4395 = DIRECTION('',(-0.,1.,0.));
#4396 = PCURVE('',#4325,#4397);
#4397 = DEFINITIONAL_REPRESENTATION('',(#4398),#4402);
#4398 = LINE('',#4399,#4400);
#4399 = CARTESIAN_POINT('',(0.2,0.));
#4400 = VECTOR('',#4401,1.);
#4401 = DIRECTION('',(0.,-1.));
#4402 = ( GEOMETRIC_REPRESENTATION_CONTEXT(2) 
PARAMETRIC_REPRESENTATION_CONTEXT() REPRESENTATION_CONTEXT('2D SPACE',''
  ) );
#4403 = PCURVE('',#4299,#4404);
#4404 = DEFINITIONAL_REPRESENTATION('',(#4405),#4409);
#4405 = LINE('',#4406,#4407);
#4406 = CARTESIAN_POINT('',(0.4,0.));
#4407 = VECTOR('',#4408,1.);
#4408 = DIRECTION('',(0.,1.));
#4409 = ( GEOMETRIC_REPRESENTATION_CONTEXT(2) 
PARAMETRIC_REPRESENTATION_CONTEXT() REPRESENTATION_CONTEXT('2D SPACE',''
  ) );
#4410 = ADVANCED_FACE('',(#4411),#4217,.F.);
#4411 = FACE_BOUND('',#4412,.F.);
#4412 = EDGE_LOOP('',(#4413,#4434,#4435,#4456));
#4413 = ORIENTED_EDGE('',*,*,#4414,.F.);
#4414 = EDGE_CURVE('',#4195,#4315,#4415,.T.);
#4415 = SURFACE_CURVE('',#4416,(#4420,#4427),.PCURVE_S1.);
#4416 = LINE('',#4417,#4418);
#4417 = CARTESIAN_POINT('',(1.1,0.17,0.));
#4418 = VECTOR('',#4419,1.);
#4419 = DIRECTION('',(1.,0.,-0.));
#4420 = PCURVE('',#4217,#4421);
#4421 = DEFINITIONAL_REPRESENTATION('',(#4422),#4426);
#4422 = LINE('',#4423,#4424);
#4423 = CARTESIAN_POINT('',(0.,0.));
#4424 = VECTOR('',#4425,1.);
#4425 = DIRECTION('',(0.,1.));
#4426 = ( GEOMETRIC_REPRESENTATION_CONTEXT(2) 
PARAMETRIC_REPRESENTATION_CONTEXT() REPRESENTATION_CONTEXT('2D SPACE',''
  ) );
#4427 = PCURVE('',#4245,#4428);
#4428 = DEFINITIONAL_REPRESENTATION('',(#4429),#4433);
#4429 = LINE('',#4430,#4431);
#4430 = CARTESIAN_POINT('',(0.,0.));
#4431 = VECTOR('',#4432,1.);
#4432 = DIRECTION('',(1.,0.));
#4433 = ( GEOMETRIC_REPRESENTATION_CONTEXT(2) 
PARAMETRIC_REPRESENTATION_CONTEXT() REPRESENTATION_CONTEXT('2D SPACE',''
  ) );
#4434 = ORIENTED_EDGE('',*,*,#4194,.T.);
#4435 = ORIENTED_EDGE('',*,*,#4436,.T.);
#4436 = EDGE_CURVE('',#4197,#4317,#4437,.T.);
#4437 = SURFACE_CURVE('',#4438,(#4442,#4449),.PCURVE_S1.);
#4438 = LINE('',#4439,#4440);
#4439 = CARTESIAN_POINT('',(1.1,0.17,0.2));
#4440 = VECTOR('',#4441,1.);
#4441 = DIRECTION('',(1.,0.,-0.));
#4442 = PCURVE('',#4217,#4443);
#4443 = DEFINITIONAL_REPRESENTATION('',(#4444),#4448);
#4444 = LINE('',#4445,#4446);
#4445 = CARTESIAN_POINT('',(0.2,0.));
#4446 = VECTOR('',#4447,1.);
#4447 = DIRECTION('',(0.,1.));
#4448 = ( GEOMETRIC_REPRESENTATION_CONTEXT(2) 
PARAMETRIC_REPRESENTATION_CONTEXT() REPRESENTATION_CONTEXT('2D SPACE',''
  ) );
#4449 = PCURVE('',#4299,#4450);
#4450 = DEFINITIONAL_REPRESENTATION('',(#4451),#4455);
#4451 = LINE('',#4452,#4453);
#4452 = CARTESIAN_POINT('',(0.,0.));
#4453 = VECTOR('',#4454,1.);
#4454 = DIRECTION('',(1.,0.));
#4455 = ( GEOMETRIC_REPRESENTATION_CONTEXT(2) 
PARAMETRIC_REPRESENTATION_CONTEXT() REPRESENTATION_CONTEXT('2D SPACE',''
  ) );
#4456 = ORIENTED_EDGE('',*,*,#4314,.F.);
#4457 = ADVANCED_FACE('',(#4458),#4273,.T.);
#4458 = FACE_BOUND('',#4459,.T.);
#4459 = EDGE_LOOP('',(#4460,#4481,#4482,#4503));
#4460 = ORIENTED_EDGE('',*,*,#4461,.F.);
#4461 = EDGE_CURVE('',#4230,#4345,#4462,.T.);
#4462 = SURFACE_CURVE('',#4463,(#4467,#4474),.PCURVE_S1.);
#4463 = LINE('',#4464,#4465);
#4464 = CARTESIAN_POINT('',(1.1,0.48,0.));
#4465 = VECTOR('',#4466,1.);
#4466 = DIRECTION('',(1.,0.,-0.));
#4467 = PCURVE('',#4273,#4468);
#4468 = DEFINITIONAL_REPRESENTATION('',(#4469),#4473);
#4469 = LINE('',#4470,#4471);
#4470 = CARTESIAN_POINT('',(0.,0.));
#4471 = VECTOR('',#4472,1.);
#4472 = DIRECTION('',(0.,1.));
#4473 = ( GEOMETRIC_REPRESENTATION_CONTEXT(2) 
PARAMETRIC_REPRESENTATION_CONTEXT() REPRESENTATION_CONTEXT('2D SPACE',''
  ) );
#4474 = PCURVE('',#4245,#4475);
#4475 = DEFINITIONAL_REPRESENTATION('',(#4476),#4480);
#4476 = LINE('',#4477,#4478);
#4477 = CARTESIAN_POINT('',(0.,0.31));
#4478 = VECTOR('',#4479,1.);
#4479 = DIRECTION('',(1.,0.));
#4480 = ( GEOMETRIC_REPRESENTATION_CONTEXT(2) 
PARAMETRIC_REPRESENTATION_CONTEXT() REPRESENTATION_CONTEXT('2D SPACE',''
  ) );
#4481 = ORIENTED_EDGE('',*,*,#4257,.T.);
#4482 = ORIENTED_EDGE('',*,*,#4483,.T.);
#4483 = EDGE_CURVE('',#4258,#4368,#4484,.T.);
#4484 = SURFACE_CURVE('',#4485,(#4489,#4496),.PCURVE_S1.);
#4485 = LINE('',#4486,#4487);
#4486 = CARTESIAN_POINT('',(1.1,0.48,0.2));
#4487 = VECTOR('',#4488,1.);
#4488 = DIRECTION('',(1.,0.,-0.));
#4489 = PCURVE('',#4273,#4490);
#4490 = DEFINITIONAL_REPRESENTATION('',(#4491),#4495);
#4491 = LINE('',#4492,#4493);
#4492 = CARTESIAN_POINT('',(0.2,0.));
#4493 = VECTOR('',#4494,1.);
#4494 = DIRECTION('',(0.,1.));
#4495 = ( GEOMETRIC_REPRESENTATION_CONTEXT(2) 
PARAMETRIC_REPRESENTATION_CONTEXT() REPRESENTATION_CONTEXT('2D SPACE',''
  ) );
#4496 = PCURVE('',#4299,#4497);
#4497 = DEFINITIONAL_REPRESENTATION('',(#4498),#4502);
#4498 = LINE('',#4499,#4500);
#4499 = CARTESIAN_POINT('',(0.,0.31));
#4500 = VECTOR('',#4501,1.);
#4501 = DIRECTION('',(1.,0.));
#4502 = ( GEOMETRIC_REPRESENTATION_CONTEXT(2) 
PARAMETRIC_REPRESENTATION_CONTEXT() REPRESENTATION_CONTEXT('2D SPACE',''
  ) );
#4503 = ORIENTED_EDGE('',*,*,#4367,.F.);
#4504 = ADVANCED_FACE('',(#4505),#4245,.F.);
#4505 = FACE_BOUND('',#4506,.F.);
#4506 = EDGE_LOOP('',(#4507,#4508,#4509,#4510));
#4507 = ORIENTED_EDGE('',*,*,#4229,.F.);
#4508 = ORIENTED_EDGE('',*,*,#4414,.T.);
#4509 = ORIENTED_EDGE('',*,*,#4344,.T.);
#4510 = ORIENTED_EDGE('',*,*,#4461,.F.);
#4511 = ADVANCED_FACE('',(#4512),#4299,.T.);
#4512 = FACE_BOUND('',#4513,.T.);
#4513 = EDGE_LOOP('',(#4514,#4515,#4516,#4517));
#4514 = ORIENTED_EDGE('',*,*,#4285,.F.);
#4515 = ORIENTED_EDGE('',*,*,#4436,.T.);
#4516 = ORIENTED_EDGE('',*,*,#4390,.T.);
#4517 = ORIENTED_EDGE('',*,*,#4483,.F.);
#4518 = MANIFOLD_SOLID_BREP('',#4519);
#4519 = CLOSED_SHELL('',(#4520,#4640,#4740,#4787,#4834,#4841));
#4520 = ADVANCED_FACE('',(#4521),#4535,.F.);
#4521 = FACE_BOUND('',#4522,.F.);
#4522 = EDGE_LOOP('',(#4523,#4558,#4586,#4614));
#4523 = ORIENTED_EDGE('',*,*,#4524,.F.);
#4524 = EDGE_CURVE('',#4525,#4527,#4529,.T.);
#4525 = VERTEX_POINT('',#4526);
#4526 = CARTESIAN_POINT('',(-1.5,-0.48,0.));
#4527 = VERTEX_POINT('',#4528);
#4528 = CARTESIAN_POINT('',(-1.5,-0.48,0.2));
#4529 = SURFACE_CURVE('',#4530,(#4534,#4546),.PCURVE_S1.);
#4530 = LINE('',#4531,#4532);
#4531 = CARTESIAN_POINT('',(-1.5,-0.48,0.));
#4532 = VECTOR('',#4533,1.);
#4533 = DIRECTION('',(0.,0.,1.));
#4534 = PCURVE('',#4535,#4540);
#4535 = PLANE('',#4536);
#4536 = AXIS2_PLACEMENT_3D('',#4537,#4538,#4539);
#4537 = CARTESIAN_POINT('',(-1.5,-0.48,0.));
#4538 = DIRECTION('',(1.,0.,-0.));
#4539 = DIRECTION('',(0.,0.,1.));
#4540 = DEFINITIONAL_REPRESENTATION('',(#4541),#4545);
#4541 = LINE('',#4542,#4543);
#4542 = CARTESIAN_POINT('',(0.,0.));
#4543 = VECTOR('',#4544,1.);
#4544 = DIRECTION('',(1.,0.));
#4545 = ( GEOMETRIC_REPRESENTATION_CONTEXT(2) 
PARAMETRIC_REPRESENTATION_CONTEXT() REPRESENTATION_CONTEXT('2D SPACE',''
  ) );
#4546 = PCURVE('',#4547,#4552);
#4547 = PLANE('',#4548);
#4548 = AXIS2_PLACEMENT_3D('',#4549,#4550,#4551);
#4549 = CARTESIAN_POINT('',(-1.5,-0.48,0.));
#4550 = DIRECTION('',(-0.,1.,0.));
#4551 = DIRECTION('',(0.,0.,1.));
#4552 = DEFINITIONAL_REPRESENTATION('',(#4553),#4557);
#4553 = LINE('',#4554,#4555);
#4554 = CARTESIAN_POINT('',(0.,0.));
#4555 = VECTOR('',#4556,1.);
#4556 = DIRECTION('',(1.,0.));
#4557 = ( GEOMETRIC_REPRESENTATION_CONTEXT(2) 
PARAMETRIC_REPRESENTATION_CONTEXT() REPRESENTATION_CONTEXT('2D SPACE',''
  ) );
#4558 = ORIENTED_EDGE('',*,*,#4559,.T.);
#4559 = EDGE_CURVE('',#4525,#4560,#4562,.T.);
#4560 = VERTEX_POINT('',#4561);
#4561 = CARTESIAN_POINT('',(-1.5,-0.17,0.));
#4562 = SURFACE_CURVE('',#4563,(#4567,#4574),.PCURVE_S1.);
#4563 = LINE('',#4564,#4565);
#4564 = CARTESIAN_POINT('',(-1.5,-0.48,0.));
#4565 = VECTOR('',#4566,1.);
#4566 = DIRECTION('',(-0.,1.,0.));
#4567 = PCURVE('',#4535,#4568);
#4568 = DEFINITIONAL_REPRESENTATION('',(#4569),#4573);
#4569 = LINE('',#4570,#4571);
#4570 = CARTESIAN_POINT('',(0.,0.));
#4571 = VECTOR('',#4572,1.);
#4572 = DIRECTION('',(0.,-1.));
#4573 = ( GEOMETRIC_REPRESENTATION_CONTEXT(2) 
PARAMETRIC_REPRESENTATION_CONTEXT() REPRESENTATION_CONTEXT('2D SPACE',''
  ) );
#4574 = PCURVE('',#4575,#4580);
#4575 = PLANE('',#4576);
#4576 = AXIS2_PLACEMENT_3D('',#4577,#4578,#4579);
#4577 = CARTESIAN_POINT('',(-1.5,-0.48,0.));
#4578 = DIRECTION('',(0.,0.,1.));
#4579 = DIRECTION('',(1.,0.,-0.));
#4580 = DEFINITIONAL_REPRESENTATION('',(#4581),#4585);
#4581 = LINE('',#4582,#4583);
#4582 = CARTESIAN_POINT('',(0.,0.));
#4583 = VECTOR('',#4584,1.);
#4584 = DIRECTION('',(0.,1.));
#4585 = ( GEOMETRIC_REPRESENTATION_CONTEXT(2) 
PARAMETRIC_REPRESENTATION_CONTEXT() REPRESENTATION_CONTEXT('2D SPACE',''
  ) );
#4586 = ORIENTED_EDGE('',*,*,#4587,.T.);
#4587 = EDGE_CURVE('',#4560,#4588,#4590,.T.);
#4588 = VERTEX_POINT('',#4589);
#4589 = CARTESIAN_POINT('',(-1.5,-0.17,0.2));
#4590 = SURFACE_CURVE('',#4591,(#4595,#4602),.PCURVE_S1.);
#4591 = LINE('',#4592,#4593);
#4592 = CARTESIAN_POINT('',(-1.5,-0.17,0.));
#4593 = VECTOR('',#4594,1.);
#4594 = DIRECTION('',(0.,0.,1.));
#4595 = PCURVE('',#4535,#4596);
#4596 = DEFINITIONAL_REPRESENTATION('',(#4597),#4601);
#4597 = LINE('',#4598,#4599);
#4598 = CARTESIAN_POINT('',(0.,-0.31));
#4599 = VECTOR('',#4600,1.);
#4600 = DIRECTION('',(1.,0.));
#4601 = ( GEOMETRIC_REPRESENTATION_CONTEXT(2) 
PARAMETRIC_REPRESENTATION_CONTEXT() REPRESENTATION_CONTEXT('2D SPACE',''
  ) );
#4602 = PCURVE('',#4603,#4608);
#4603 = PLANE('',#4604);
#4604 = AXIS2_PLACEMENT_3D('',#4605,#4606,#4607);
#4605 = CARTESIAN_POINT('',(-1.5,-0.17,0.));
#4606 = DIRECTION('',(-0.,1.,0.));
#4607 = DIRECTION('',(0.,0.,1.));
#4608 = DEFINITIONAL_REPRESENTATION('',(#4609),#4613);
#4609 = LINE('',#4610,#4611);
#4610 = CARTESIAN_POINT('',(0.,0.));
#4611 = VECTOR('',#4612,1.);
#4612 = DIRECTION('',(1.,0.));
#4613 = ( GEOMETRIC_REPRESENTATION_CONTEXT(2) 
PARAMETRIC_REPRESENTATION_CONTEXT() REPRESENTATION_CONTEXT('2D SPACE',''
  ) );
#4614 = ORIENTED_EDGE('',*,*,#4615,.F.);
#4615 = EDGE_CURVE('',#4527,#4588,#4616,.T.);
#4616 = SURFACE_CURVE('',#4617,(#4621,#4628),.PCURVE_S1.);
#4617 = LINE('',#4618,#4619);
#4618 = CARTESIAN_POINT('',(-1.5,-0.48,0.2));
#4619 = VECTOR('',#4620,1.);
#4620 = DIRECTION('',(-0.,1.,0.));
#4621 = PCURVE('',#4535,#4622);
#4622 = DEFINITIONAL_REPRESENTATION('',(#4623),#4627);
#4623 = LINE('',#4624,#4625);
#4624 = CARTESIAN_POINT('',(0.2,0.));
#4625 = VECTOR('',#4626,1.);
#4626 = DIRECTION('',(0.,-1.));
#4627 = ( GEOMETRIC_REPRESENTATION_CONTEXT(2) 
PARAMETRIC_REPRESENTATION_CONTEXT() REPRESENTATION_CONTEXT('2D SPACE',''
  ) );
#4628 = PCURVE('',#4629,#4634);
#4629 = PLANE('',#4630);
#4630 = AXIS2_PLACEMENT_3D('',#4631,#4632,#4633);
#4631 = CARTESIAN_POINT('',(-1.5,-0.48,0.2));
#4632 = DIRECTION('',(0.,0.,1.));
#4633 = DIRECTION('',(1.,0.,-0.));
#4634 = DEFINITIONAL_REPRESENTATION('',(#4635),#4639);
#4635 = LINE('',#4636,#4637);
#4636 = CARTESIAN_POINT('',(0.,0.));
#4637 = VECTOR('',#4638,1.);
#4638 = DIRECTION('',(0.,1.));
#4639 = ( GEOMETRIC_REPRESENTATION_CONTEXT(2) 
PARAMETRIC_REPRESENTATION_CONTEXT() REPRESENTATION_CONTEXT('2D SPACE',''
  ) );
#4640 = ADVANCED_FACE('',(#4641),#4655,.T.);
#4641 = FACE_BOUND('',#4642,.T.);
#4642 = EDGE_LOOP('',(#4643,#4673,#4696,#4719));
#4643 = ORIENTED_EDGE('',*,*,#4644,.F.);
#4644 = EDGE_CURVE('',#4645,#4647,#4649,.T.);
#4645 = VERTEX_POINT('',#4646);
#4646 = CARTESIAN_POINT('',(-1.1,-0.48,0.));
#4647 = VERTEX_POINT('',#4648);
#4648 = CARTESIAN_POINT('',(-1.1,-0.48,0.2));
#4649 = SURFACE_CURVE('',#4650,(#4654,#4666),.PCURVE_S1.);
#4650 = LINE('',#4651,#4652);
#4651 = CARTESIAN_POINT('',(-1.1,-0.48,0.));
#4652 = VECTOR('',#4653,1.);
#4653 = DIRECTION('',(0.,0.,1.));
#4654 = PCURVE('',#4655,#4660);
#4655 = PLANE('',#4656);
#4656 = AXIS2_PLACEMENT_3D('',#4657,#4658,#4659);
#4657 = CARTESIAN_POINT('',(-1.1,-0.48,0.));
#4658 = DIRECTION('',(1.,0.,-0.));
#4659 = DIRECTION('',(0.,0.,1.));
#4660 = DEFINITIONAL_REPRESENTATION('',(#4661),#4665);
#4661 = LINE('',#4662,#4663);
#4662 = CARTESIAN_POINT('',(0.,0.));
#4663 = VECTOR('',#4664,1.);
#4664 = DIRECTION('',(1.,0.));
#4665 = ( GEOMETRIC_REPRESENTATION_CONTEXT(2) 
PARAMETRIC_REPRESENTATION_CONTEXT() REPRESENTATION_CONTEXT('2D SPACE',''
  ) );
#4666 = PCURVE('',#4547,#4667);
#4667 = DEFINITIONAL_REPRESENTATION('',(#4668),#4672);
#4668 = LINE('',#4669,#4670);
#4669 = CARTESIAN_POINT('',(0.,0.4));
#4670 = VECTOR('',#4671,1.);
#4671 = DIRECTION('',(1.,0.));
#4672 = ( GEOMETRIC_REPRESENTATION_CONTEXT(2) 
PARAMETRIC_REPRESENTATION_CONTEXT() REPRESENTATION_CONTEXT('2D SPACE',''
  ) );
#4673 = ORIENTED_EDGE('',*,*,#4674,.T.);
#4674 = EDGE_CURVE('',#4645,#4675,#4677,.T.);
#4675 = VERTEX_POINT('',#4676);
#4676 = CARTESIAN_POINT('',(-1.1,-0.17,0.));
#4677 = SURFACE_CURVE('',#4678,(#4682,#4689),.PCURVE_S1.);
#4678 = LINE('',#4679,#4680);
#4679 = CARTESIAN_POINT('',(-1.1,-0.48,0.));
#4680 = VECTOR('',#4681,1.);
#4681 = DIRECTION('',(-0.,1.,0.));
#4682 = PCURVE('',#4655,#4683);
#4683 = DEFINITIONAL_REPRESENTATION('',(#4684),#4688);
#4684 = LINE('',#4685,#4686);
#4685 = CARTESIAN_POINT('',(0.,0.));
#4686 = VECTOR('',#4687,1.);
#4687 = DIRECTION('',(0.,-1.));
#4688 = ( GEOMETRIC_REPRESENTATION_CONTEXT(2) 
PARAMETRIC_REPRESENTATION_CONTEXT() REPRESENTATION_CONTEXT('2D SPACE',''
  ) );
#4689 = PCURVE('',#4575,#4690);
#4690 = DEFINITIONAL_REPRESENTATION('',(#4691),#4695);
#4691 = LINE('',#4692,#4693);
#4692 = CARTESIAN_POINT('',(0.4,0.));
#4693 = VECTOR('',#4694,1.);
#4694 = DIRECTION('',(0.,1.));
#4695 = ( GEOMETRIC_REPRESENTATION_CONTEXT(2) 
PARAMETRIC_REPRESENTATION_CONTEXT() REPRESENTATION_CONTEXT('2D SPACE',''
  ) );
#4696 = ORIENTED_EDGE('',*,*,#4697,.T.);
#4697 = EDGE_CURVE('',#4675,#4698,#4700,.T.);
#4698 = VERTEX_POINT('',#4699);
#4699 = CARTESIAN_POINT('',(-1.1,-0.17,0.2));
#4700 = SURFACE_CURVE('',#4701,(#4705,#4712),.PCURVE_S1.);
#4701 = LINE('',#4702,#4703);
#4702 = CARTESIAN_POINT('',(-1.1,-0.17,0.));
#4703 = VECTOR('',#4704,1.);
#4704 = DIRECTION('',(0.,0.,1.));
#4705 = PCURVE('',#4655,#4706);
#4706 = DEFINITIONAL_REPRESENTATION('',(#4707),#4711);
#4707 = LINE('',#4708,#4709);
#4708 = CARTESIAN_POINT('',(0.,-0.31));
#4709 = VECTOR('',#4710,1.);
#4710 = DIRECTION('',(1.,0.));
#4711 = ( GEOMETRIC_REPRESENTATION_CONTEXT(2) 
PARAMETRIC_REPRESENTATION_CONTEXT() REPRESENTATION_CONTEXT('2D SPACE',''
  ) );
#4712 = PCURVE('',#4603,#4713);
#4713 = DEFINITIONAL_REPRESENTATION('',(#4714),#4718);
#4714 = LINE('',#4715,#4716);
#4715 = CARTESIAN_POINT('',(0.,0.4));
#4716 = VECTOR('',#4717,1.);
#4717 = DIRECTION('',(1.,0.));
#4718 = ( GEOMETRIC_REPRESENTATION_CONTEXT(2) 
PARAMETRIC_REPRESENTATION_CONTEXT() REPRESENTATION_CONTEXT('2D SPACE',''
  ) );
#4719 = ORIENTED_EDGE('',*,*,#4720,.F.);
#4720 = EDGE_CURVE('',#4647,#4698,#4721,.T.);
#4721 = SURFACE_CURVE('',#4722,(#4726,#4733),.PCURVE_S1.);
#4722 = LINE('',#4723,#4724);
#4723 = CARTESIAN_POINT('',(-1.1,-0.48,0.2));
#4724 = VECTOR('',#4725,1.);
#4725 = DIRECTION('',(-0.,1.,0.));
#4726 = PCURVE('',#4655,#4727);
#4727 = DEFINITIONAL_REPRESENTATION('',(#4728),#4732);
#4728 = LINE('',#4729,#4730);
#4729 = CARTESIAN_POINT('',(0.2,0.));
#4730 = VECTOR('',#4731,1.);
#4731 = DIRECTION('',(0.,-1.));
#4732 = ( GEOMETRIC_REPRESENTATION_CONTEXT(2) 
PARAMETRIC_REPRESENTATION_CONTEXT() REPRESENTATION_CONTEXT('2D SPACE',''
  ) );
#4733 = PCURVE('',#4629,#4734);
#4734 = DEFINITIONAL_REPRESENTATION('',(#4735),#4739);
#4735 = LINE('',#4736,#4737);
#4736 = CARTESIAN_POINT('',(0.4,0.));
#4737 = VECTOR('',#4738,1.);
#4738 = DIRECTION('',(0.,1.));
#4739 = ( GEOMETRIC_REPRESENTATION_CONTEXT(2) 
PARAMETRIC_REPRESENTATION_CONTEXT() REPRESENTATION_CONTEXT('2D SPACE',''
  ) );
#4740 = ADVANCED_FACE('',(#4741),#4547,.F.);
#4741 = FACE_BOUND('',#4742,.F.);
#4742 = EDGE_LOOP('',(#4743,#4764,#4765,#4786));
#4743 = ORIENTED_EDGE('',*,*,#4744,.F.);
#4744 = EDGE_CURVE('',#4525,#4645,#4745,.T.);
#4745 = SURFACE_CURVE('',#4746,(#4750,#4757),.PCURVE_S1.);
#4746 = LINE('',#4747,#4748);
#4747 = CARTESIAN_POINT('',(-1.5,-0.48,0.));
#4748 = VECTOR('',#4749,1.);
#4749 = DIRECTION('',(1.,0.,-0.));
#4750 = PCURVE('',#4547,#4751);
#4751 = DEFINITIONAL_REPRESENTATION('',(#4752),#4756);
#4752 = LINE('',#4753,#4754);
#4753 = CARTESIAN_POINT('',(0.,0.));
#4754 = VECTOR('',#4755,1.);
#4755 = DIRECTION('',(0.,1.));
#4756 = ( GEOMETRIC_REPRESENTATION_CONTEXT(2) 
PARAMETRIC_REPRESENTATION_CONTEXT() REPRESENTATION_CONTEXT('2D SPACE',''
  ) );
#4757 = PCURVE('',#4575,#4758);
#4758 = DEFINITIONAL_REPRESENTATION('',(#4759),#4763);
#4759 = LINE('',#4760,#4761);
#4760 = CARTESIAN_POINT('',(0.,0.));
#4761 = VECTOR('',#4762,1.);
#4762 = DIRECTION('',(1.,0.));
#4763 = ( GEOMETRIC_REPRESENTATION_CONTEXT(2) 
PARAMETRIC_REPRESENTATION_CONTEXT() REPRESENTATION_CONTEXT('2D SPACE',''
  ) );
#4764 = ORIENTED_EDGE('',*,*,#4524,.T.);
#4765 = ORIENTED_EDGE('',*,*,#4766,.T.);
#4766 = EDGE_CURVE('',#4527,#4647,#4767,.T.);
#4767 = SURFACE_CURVE('',#4768,(#4772,#4779),.PCURVE_S1.);
#4768 = LINE('',#4769,#4770);
#4769 = CARTESIAN_POINT('',(-1.5,-0.48,0.2));
#4770 = VECTOR('',#4771,1.);
#4771 = DIRECTION('',(1.,0.,-0.));
#4772 = PCURVE('',#4547,#4773);
#4773 = DEFINITIONAL_REPRESENTATION('',(#4774),#4778);
#4774 = LINE('',#4775,#4776);
#4775 = CARTESIAN_POINT('',(0.2,0.));
#4776 = VECTOR('',#4777,1.);
#4777 = DIRECTION('',(0.,1.));
#4778 = ( GEOMETRIC_REPRESENTATION_CONTEXT(2) 
PARAMETRIC_REPRESENTATION_CONTEXT() REPRESENTATION_CONTEXT('2D SPACE',''
  ) );
#4779 = PCURVE('',#4629,#4780);
#4780 = DEFINITIONAL_REPRESENTATION('',(#4781),#4785);
#4781 = LINE('',#4782,#4783);
#4782 = CARTESIAN_POINT('',(0.,0.));
#4783 = VECTOR('',#4784,1.);
#4784 = DIRECTION('',(1.,0.));
#4785 = ( GEOMETRIC_REPRESENTATION_CONTEXT(2) 
PARAMETRIC_REPRESENTATION_CONTEXT() REPRESENTATION_CONTEXT('2D SPACE',''
  ) );
#4786 = ORIENTED_EDGE('',*,*,#4644,.F.);
#4787 = ADVANCED_FACE('',(#4788),#4603,.T.);
#4788 = FACE_BOUND('',#4789,.T.);
#4789 = EDGE_LOOP('',(#4790,#4811,#4812,#4833));
#4790 = ORIENTED_EDGE('',*,*,#4791,.F.);
#4791 = EDGE_CURVE('',#4560,#4675,#4792,.T.);
#4792 = SURFACE_CURVE('',#4793,(#4797,#4804),.PCURVE_S1.);
#4793 = LINE('',#4794,#4795);
#4794 = CARTESIAN_POINT('',(-1.5,-0.17,0.));
#4795 = VECTOR('',#4796,1.);
#4796 = DIRECTION('',(1.,0.,-0.));
#4797 = PCURVE('',#4603,#4798);
#4798 = DEFINITIONAL_REPRESENTATION('',(#4799),#4803);
#4799 = LINE('',#4800,#4801);
#4800 = CARTESIAN_POINT('',(0.,0.));
#4801 = VECTOR('',#4802,1.);
#4802 = DIRECTION('',(0.,1.));
#4803 = ( GEOMETRIC_REPRESENTATION_CONTEXT(2) 
PARAMETRIC_REPRESENTATION_CONTEXT() REPRESENTATION_CONTEXT('2D SPACE',''
  ) );
#4804 = PCURVE('',#4575,#4805);
#4805 = DEFINITIONAL_REPRESENTATION('',(#4806),#4810);
#4806 = LINE('',#4807,#4808);
#4807 = CARTESIAN_POINT('',(0.,0.31));
#4808 = VECTOR('',#4809,1.);
#4809 = DIRECTION('',(1.,0.));
#4810 = ( GEOMETRIC_REPRESENTATION_CONTEXT(2) 
PARAMETRIC_REPRESENTATION_CONTEXT() REPRESENTATION_CONTEXT('2D SPACE',''
  ) );
#4811 = ORIENTED_EDGE('',*,*,#4587,.T.);
#4812 = ORIENTED_EDGE('',*,*,#4813,.T.);
#4813 = EDGE_CURVE('',#4588,#4698,#4814,.T.);
#4814 = SURFACE_CURVE('',#4815,(#4819,#4826),.PCURVE_S1.);
#4815 = LINE('',#4816,#4817);
#4816 = CARTESIAN_POINT('',(-1.5,-0.17,0.2));
#4817 = VECTOR('',#4818,1.);
#4818 = DIRECTION('',(1.,0.,-0.));
#4819 = PCURVE('',#4603,#4820);
#4820 = DEFINITIONAL_REPRESENTATION('',(#4821),#4825);
#4821 = LINE('',#4822,#4823);
#4822 = CARTESIAN_POINT('',(0.2,0.));
#4823 = VECTOR('',#4824,1.);
#4824 = DIRECTION('',(0.,1.));
#4825 = ( GEOMETRIC_REPRESENTATION_CONTEXT(2) 
PARAMETRIC_REPRESENTATION_CONTEXT() REPRESENTATION_CONTEXT('2D SPACE',''
  ) );
#4826 = PCURVE('',#4629,#4827);
#4827 = DEFINITIONAL_REPRESENTATION('',(#4828),#4832);
#4828 = LINE('',#4829,#4830);
#4829 = CARTESIAN_POINT('',(0.,0.31));
#4830 = VECTOR('',#4831,1.);
#4831 = DIRECTION('',(1.,0.));
#4832 = ( GEOMETRIC_REPRESENTATION_CONTEXT(2) 
PARAMETRIC_REPRESENTATION_CONTEXT() REPRESENTATION_CONTEXT('2D SPACE',''
  ) );
#4833 = ORIENTED_EDGE('',*,*,#4697,.F.);
#4834 = ADVANCED_FACE('',(#4835),#4575,.F.);
#4835 = FACE_BOUND('',#4836,.F.);
#4836 = EDGE_LOOP('',(#4837,#4838,#4839,#4840));
#4837 = ORIENTED_EDGE('',*,*,#4559,.F.);
#4838 = ORIENTED_EDGE('',*,*,#4744,.T.);
#4839 = ORIENTED_EDGE('',*,*,#4674,.T.);
#4840 = ORIENTED_EDGE('',*,*,#4791,.F.);
#4841 = ADVANCED_FACE('',(#4842),#4629,.T.);
#4842 = FACE_BOUND('',#4843,.T.);
#4843 = EDGE_LOOP('',(#4844,#4845,#4846,#4847));
#4844 = ORIENTED_EDGE('',*,*,#4615,.F.);
#4845 = ORIENTED_EDGE('',*,*,#4766,.T.);
#4846 = ORIENTED_EDGE('',*,*,#4720,.T.);
#4847 = ORIENTED_EDGE('',*,*,#4813,.F.);
#4848 = MANIFOLD_SOLID_BREP('',#4849);
#4849 = CLOSED_SHELL('',(#4850,#4970,#5070,#5117,#5164,#5171));
#4850 = ADVANCED_FACE('',(#4851),#4865,.F.);
#4851 = FACE_BOUND('',#4852,.F.);
#4852 = EDGE_LOOP('',(#4853,#4888,#4916,#4944));
#4853 = ORIENTED_EDGE('',*,*,#4854,.F.);
#4854 = EDGE_CURVE('',#4855,#4857,#4859,.T.);
#4855 = VERTEX_POINT('',#4856);
#4856 = CARTESIAN_POINT('',(1.1,-0.48,0.));
#4857 = VERTEX_POINT('',#4858);
#4858 = CARTESIAN_POINT('',(1.1,-0.48,0.2));
#4859 = SURFACE_CURVE('',#4860,(#4864,#4876),.PCURVE_S1.);
#4860 = LINE('',#4861,#4862);
#4861 = CARTESIAN_POINT('',(1.1,-0.48,0.));
#4862 = VECTOR('',#4863,1.);
#4863 = DIRECTION('',(0.,0.,1.));
#4864 = PCURVE('',#4865,#4870);
#4865 = PLANE('',#4866);
#4866 = AXIS2_PLACEMENT_3D('',#4867,#4868,#4869);
#4867 = CARTESIAN_POINT('',(1.1,-0.48,0.));
#4868 = DIRECTION('',(1.,0.,-0.));
#4869 = DIRECTION('',(0.,0.,1.));
#4870 = DEFINITIONAL_REPRESENTATION('',(#4871),#4875);
#4871 = LINE('',#4872,#4873);
#4872 = CARTESIAN_POINT('',(0.,0.));
#4873 = VECTOR('',#4874,1.);
#4874 = DIRECTION('',(1.,0.));
#4875 = ( GEOMETRIC_REPRESENTATION_CONTEXT(2) 
PARAMETRIC_REPRESENTATION_CONTEXT() REPRESENTATION_CONTEXT('2D SPACE',''
  ) );
#4876 = PCURVE('',#4877,#4882);
#4877 = PLANE('',#4878);
#4878 = AXIS2_PLACEMENT_3D('',#4879,#4880,#4881);
#4879 = CARTESIAN_POINT('',(1.1,-0.48,0.));
#4880 = DIRECTION('',(-0.,1.,0.));
#4881 = DIRECTION('',(0.,0.,1.));
#4882 = DEFINITIONAL_REPRESENTATION('',(#4883),#4887);
#4883 = LINE('',#4884,#4885);
#4884 = CARTESIAN_POINT('',(0.,0.));
#4885 = VECTOR('',#4886,1.);
#4886 = DIRECTION('',(1.,0.));
#4887 = ( GEOMETRIC_REPRESENTATION_CONTEXT(2) 
PARAMETRIC_REPRESENTATION_CONTEXT() REPRESENTATION_CONTEXT('2D SPACE',''
  ) );
#4888 = ORIENTED_EDGE('',*,*,#4889,.T.);
#4889 = EDGE_CURVE('',#4855,#4890,#4892,.T.);
#4890 = VERTEX_POINT('',#4891);
#4891 = CARTESIAN_POINT('',(1.1,-0.17,0.));
#4892 = SURFACE_CURVE('',#4893,(#4897,#4904),.PCURVE_S1.);
#4893 = LINE('',#4894,#4895);
#4894 = CARTESIAN_POINT('',(1.1,-0.48,0.));
#4895 = VECTOR('',#4896,1.);
#4896 = DIRECTION('',(-0.,1.,0.));
#4897 = PCURVE('',#4865,#4898);
#4898 = DEFINITIONAL_REPRESENTATION('',(#4899),#4903);
#4899 = LINE('',#4900,#4901);
#4900 = CARTESIAN_POINT('',(0.,0.));
#4901 = VECTOR('',#4902,1.);
#4902 = DIRECTION('',(0.,-1.));
#4903 = ( GEOMETRIC_REPRESENTATION_CONTEXT(2) 
PARAMETRIC_REPRESENTATION_CONTEXT() REPRESENTATION_CONTEXT('2D SPACE',''
  ) );
#4904 = PCURVE('',#4905,#4910);
#4905 = PLANE('',#4906);
#4906 = AXIS2_PLACEMENT_3D('',#4907,#4908,#4909);
#4907 = CARTESIAN_POINT('',(1.1,-0.48,0.));
#4908 = DIRECTION('',(0.,0.,1.));
#4909 = DIRECTION('',(1.,0.,-0.));
#4910 = DEFINITIONAL_REPRESENTATION('',(#4911),#4915);
#4911 = LINE('',#4912,#4913);
#4912 = CARTESIAN_POINT('',(0.,0.));
#4913 = VECTOR('',#4914,1.);
#4914 = DIRECTION('',(0.,1.));
#4915 = ( GEOMETRIC_REPRESENTATION_CONTEXT(2) 
PARAMETRIC_REPRESENTATION_CONTEXT() REPRESENTATION_CONTEXT('2D SPACE',''
  ) );
#4916 = ORIENTED_EDGE('',*,*,#4917,.T.);
#4917 = EDGE_CURVE('',#4890,#4918,#4920,.T.);
#4918 = VERTEX_POINT('',#4919);
#4919 = CARTESIAN_POINT('',(1.1,-0.17,0.2));
#4920 = SURFACE_CURVE('',#4921,(#4925,#4932),.PCURVE_S1.);
#4921 = LINE('',#4922,#4923);
#4922 = CARTESIAN_POINT('',(1.1,-0.17,0.));
#4923 = VECTOR('',#4924,1.);
#4924 = DIRECTION('',(0.,0.,1.));
#4925 = PCURVE('',#4865,#4926);
#4926 = DEFINITIONAL_REPRESENTATION('',(#4927),#4931);
#4927 = LINE('',#4928,#4929);
#4928 = CARTESIAN_POINT('',(0.,-0.31));
#4929 = VECTOR('',#4930,1.);
#4930 = DIRECTION('',(1.,0.));
#4931 = ( GEOMETRIC_REPRESENTATION_CONTEXT(2) 
PARAMETRIC_REPRESENTATION_CONTEXT() REPRESENTATION_CONTEXT('2D SPACE',''
  ) );
#4932 = PCURVE('',#4933,#4938);
#4933 = PLANE('',#4934);
#4934 = AXIS2_PLACEMENT_3D('',#4935,#4936,#4937);
#4935 = CARTESIAN_POINT('',(1.1,-0.17,0.));
#4936 = DIRECTION('',(-0.,1.,0.));
#4937 = DIRECTION('',(0.,0.,1.));
#4938 = DEFINITIONAL_REPRESENTATION('',(#4939),#4943);
#4939 = LINE('',#4940,#4941);
#4940 = CARTESIAN_POINT('',(0.,0.));
#4941 = VECTOR('',#4942,1.);
#4942 = DIRECTION('',(1.,0.));
#4943 = ( GEOMETRIC_REPRESENTATION_CONTEXT(2) 
PARAMETRIC_REPRESENTATION_CONTEXT() REPRESENTATION_CONTEXT('2D SPACE',''
  ) );
#4944 = ORIENTED_EDGE('',*,*,#4945,.F.);
#4945 = EDGE_CURVE('',#4857,#4918,#4946,.T.);
#4946 = SURFACE_CURVE('',#4947,(#4951,#4958),.PCURVE_S1.);
#4947 = LINE('',#4948,#4949);
#4948 = CARTESIAN_POINT('',(1.1,-0.48,0.2));
#4949 = VECTOR('',#4950,1.);
#4950 = DIRECTION('',(-0.,1.,0.));
#4951 = PCURVE('',#4865,#4952);
#4952 = DEFINITIONAL_REPRESENTATION('',(#4953),#4957);
#4953 = LINE('',#4954,#4955);
#4954 = CARTESIAN_POINT('',(0.2,0.));
#4955 = VECTOR('',#4956,1.);
#4956 = DIRECTION('',(0.,-1.));
#4957 = ( GEOMETRIC_REPRESENTATION_CONTEXT(2) 
PARAMETRIC_REPRESENTATION_CONTEXT() REPRESENTATION_CONTEXT('2D SPACE',''
  ) );
#4958 = PCURVE('',#4959,#4964);
#4959 = PLANE('',#4960);
#4960 = AXIS2_PLACEMENT_3D('',#4961,#4962,#4963);
#4961 = CARTESIAN_POINT('',(1.1,-0.48,0.2));
#4962 = DIRECTION('',(0.,0.,1.));
#4963 = DIRECTION('',(1.,0.,-0.));
#4964 = DEFINITIONAL_REPRESENTATION('',(#4965),#4969);
#4965 = LINE('',#4966,#4967);
#4966 = CARTESIAN_POINT('',(0.,0.));
#4967 = VECTOR('',#4968,1.);
#4968 = DIRECTION('',(0.,1.));
#4969 = ( GEOMETRIC_REPRESENTATION_CONTEXT(2) 
PARAMETRIC_REPRESENTATION_CONTEXT() REPRESENTATION_CONTEXT('2D SPACE',''
  ) );
#4970 = ADVANCED_FACE('',(#4971),#4985,.T.);
#4971 = FACE_BOUND('',#4972,.T.);
#4972 = EDGE_LOOP('',(#4973,#5003,#5026,#5049));
#4973 = ORIENTED_EDGE('',*,*,#4974,.F.);
#4974 = EDGE_CURVE('',#4975,#4977,#4979,.T.);
#4975 = VERTEX_POINT('',#4976);
#4976 = CARTESIAN_POINT('',(1.5,-0.48,0.));
#4977 = VERTEX_POINT('',#4978);
#4978 = CARTESIAN_POINT('',(1.5,-0.48,0.2));
#4979 = SURFACE_CURVE('',#4980,(#4984,#4996),.PCURVE_S1.);
#4980 = LINE('',#4981,#4982);
#4981 = CARTESIAN_POINT('',(1.5,-0.48,0.));
#4982 = VECTOR('',#4983,1.);
#4983 = DIRECTION('',(0.,0.,1.));
#4984 = PCURVE('',#4985,#4990);
#4985 = PLANE('',#4986);
#4986 = AXIS2_PLACEMENT_3D('',#4987,#4988,#4989);
#4987 = CARTESIAN_POINT('',(1.5,-0.48,0.));
#4988 = DIRECTION('',(1.,0.,-0.));
#4989 = DIRECTION('',(0.,0.,1.));
#4990 = DEFINITIONAL_REPRESENTATION('',(#4991),#4995);
#4991 = LINE('',#4992,#4993);
#4992 = CARTESIAN_POINT('',(0.,0.));
#4993 = VECTOR('',#4994,1.);
#4994 = DIRECTION('',(1.,0.));
#4995 = ( GEOMETRIC_REPRESENTATION_CONTEXT(2) 
PARAMETRIC_REPRESENTATION_CONTEXT() REPRESENTATION_CONTEXT('2D SPACE',''
  ) );
#4996 = PCURVE('',#4877,#4997);
#4997 = DEFINITIONAL_REPRESENTATION('',(#4998),#5002);
#4998 = LINE('',#4999,#5000);
#4999 = CARTESIAN_POINT('',(0.,0.4));
#5000 = VECTOR('',#5001,1.);
#5001 = DIRECTION('',(1.,0.));
#5002 = ( GEOMETRIC_REPRESENTATION_CONTEXT(2) 
PARAMETRIC_REPRESENTATION_CONTEXT() REPRESENTATION_CONTEXT('2D SPACE',''
  ) );
#5003 = ORIENTED_EDGE('',*,*,#5004,.T.);
#5004 = EDGE_CURVE('',#4975,#5005,#5007,.T.);
#5005 = VERTEX_POINT('',#5006);
#5006 = CARTESIAN_POINT('',(1.5,-0.17,0.));
#5007 = SURFACE_CURVE('',#5008,(#5012,#5019),.PCURVE_S1.);
#5008 = LINE('',#5009,#5010);
#5009 = CARTESIAN_POINT('',(1.5,-0.48,0.));
#5010 = VECTOR('',#5011,1.);
#5011 = DIRECTION('',(-0.,1.,0.));
#5012 = PCURVE('',#4985,#5013);
#5013 = DEFINITIONAL_REPRESENTATION('',(#5014),#5018);
#5014 = LINE('',#5015,#5016);
#5015 = CARTESIAN_POINT('',(0.,0.));
#5016 = VECTOR('',#5017,1.);
#5017 = DIRECTION('',(0.,-1.));
#5018 = ( GEOMETRIC_REPRESENTATION_CONTEXT(2) 
PARAMETRIC_REPRESENTATION_CONTEXT() REPRESENTATION_CONTEXT('2D SPACE',''
  ) );
#5019 = PCURVE('',#4905,#5020);
#5020 = DEFINITIONAL_REPRESENTATION('',(#5021),#5025);
#5021 = LINE('',#5022,#5023);
#5022 = CARTESIAN_POINT('',(0.4,0.));
#5023 = VECTOR('',#5024,1.);
#5024 = DIRECTION('',(0.,1.));
#5025 = ( GEOMETRIC_REPRESENTATION_CONTEXT(2) 
PARAMETRIC_REPRESENTATION_CONTEXT() REPRESENTATION_CONTEXT('2D SPACE',''
  ) );
#5026 = ORIENTED_EDGE('',*,*,#5027,.T.);
#5027 = EDGE_CURVE('',#5005,#5028,#5030,.T.);
#5028 = VERTEX_POINT('',#5029);
#5029 = CARTESIAN_POINT('',(1.5,-0.17,0.2));
#5030 = SURFACE_CURVE('',#5031,(#5035,#5042),.PCURVE_S1.);
#5031 = LINE('',#5032,#5033);
#5032 = CARTESIAN_POINT('',(1.5,-0.17,0.));
#5033 = VECTOR('',#5034,1.);
#5034 = DIRECTION('',(0.,0.,1.));
#5035 = PCURVE('',#4985,#5036);
#5036 = DEFINITIONAL_REPRESENTATION('',(#5037),#5041);
#5037 = LINE('',#5038,#5039);
#5038 = CARTESIAN_POINT('',(0.,-0.31));
#5039 = VECTOR('',#5040,1.);
#5040 = DIRECTION('',(1.,0.));
#5041 = ( GEOMETRIC_REPRESENTATION_CONTEXT(2) 
PARAMETRIC_REPRESENTATION_CONTEXT() REPRESENTATION_CONTEXT('2D SPACE',''
  ) );
#5042 = PCURVE('',#4933,#5043);
#5043 = DEFINITIONAL_REPRESENTATION('',(#5044),#5048);
#5044 = LINE('',#5045,#5046);
#5045 = CARTESIAN_POINT('',(0.,0.4));
#5046 = VECTOR('',#5047,1.);
#5047 = DIRECTION('',(1.,0.));
#5048 = ( GEOMETRIC_REPRESENTATION_CONTEXT(2) 
PARAMETRIC_REPRESENTATION_CONTEXT() REPRESENTATION_CONTEXT('2D SPACE',''
  ) );
#5049 = ORIENTED_EDGE('',*,*,#5050,.F.);
#5050 = EDGE_CURVE('',#4977,#5028,#5051,.T.);
#5051 = SURFACE_CURVE('',#5052,(#5056,#5063),.PCURVE_S1.);
#5052 = LINE('',#5053,#5054);
#5053 = CARTESIAN_POINT('',(1.5,-0.48,0.2));
#5054 = VECTOR('',#5055,1.);
#5055 = DIRECTION('',(-0.,1.,0.));
#5056 = PCURVE('',#4985,#5057);
#5057 = DEFINITIONAL_REPRESENTATION('',(#5058),#5062);
#5058 = LINE('',#5059,#5060);
#5059 = CARTESIAN_POINT('',(0.2,0.));
#5060 = VECTOR('',#5061,1.);
#5061 = DIRECTION('',(0.,-1.));
#5062 = ( GEOMETRIC_REPRESENTATION_CONTEXT(2) 
PARAMETRIC_REPRESENTATION_CONTEXT() REPRESENTATION_CONTEXT('2D SPACE',''
  ) );
#5063 = PCURVE('',#4959,#5064);
#5064 = DEFINITIONAL_REPRESENTATION('',(#5065),#5069);
#5065 = LINE('',#5066,#5067);
#5066 = CARTESIAN_POINT('',(0.4,0.));
#5067 = VECTOR('',#5068,1.);
#5068 = DIRECTION('',(0.,1.));
#5069 = ( GEOMETRIC_REPRESENTATION_CONTEXT(2) 
PARAMETRIC_REPRESENTATION_CONTEXT() REPRESENTATION_CONTEXT('2D SPACE',''
  ) );
#5070 = ADVANCED_FACE('',(#5071),#4877,.F.);
#5071 = FACE_BOUND('',#5072,.F.);
#5072 = EDGE_LOOP('',(#5073,#5094,#5095,#5116));
#5073 = ORIENTED_EDGE('',*,*,#5074,.F.);
#5074 = EDGE_CURVE('',#4855,#4975,#5075,.T.);
#5075 = SURFACE_CURVE('',#5076,(#5080,#5087),.PCURVE_S1.);
#5076 = LINE('',#5077,#5078);
#5077 = CARTESIAN_POINT('',(1.1,-0.48,0.));
#5078 = VECTOR('',#5079,1.);
#5079 = DIRECTION('',(1.,0.,-0.));
#5080 = PCURVE('',#4877,#5081);
#5081 = DEFINITIONAL_REPRESENTATION('',(#5082),#5086);
#5082 = LINE('',#5083,#5084);
#5083 = CARTESIAN_POINT('',(0.,0.));
#5084 = VECTOR('',#5085,1.);
#5085 = DIRECTION('',(0.,1.));
#5086 = ( GEOMETRIC_REPRESENTATION_CONTEXT(2) 
PARAMETRIC_REPRESENTATION_CONTEXT() REPRESENTATION_CONTEXT('2D SPACE',''
  ) );
#5087 = PCURVE('',#4905,#5088);
#5088 = DEFINITIONAL_REPRESENTATION('',(#5089),#5093);
#5089 = LINE('',#5090,#5091);
#5090 = CARTESIAN_POINT('',(0.,0.));
#5091 = VECTOR('',#5092,1.);
#5092 = DIRECTION('',(1.,0.));
#5093 = ( GEOMETRIC_REPRESENTATION_CONTEXT(2) 
PARAMETRIC_REPRESENTATION_CONTEXT() REPRESENTATION_CONTEXT('2D SPACE',''
  ) );
#5094 = ORIENTED_EDGE('',*,*,#4854,.T.);
#5095 = ORIENTED_EDGE('',*,*,#5096,.T.);
#5096 = EDGE_CURVE('',#4857,#4977,#5097,.T.);
#5097 = SURFACE_CURVE('',#5098,(#5102,#5109),.PCURVE_S1.);
#5098 = LINE('',#5099,#5100);
#5099 = CARTESIAN_POINT('',(1.1,-0.48,0.2));
#5100 = VECTOR('',#5101,1.);
#5101 = DIRECTION('',(1.,0.,-0.));
#5102 = PCURVE('',#4877,#5103);
#5103 = DEFINITIONAL_REPRESENTATION('',(#5104),#5108);
#5104 = LINE('',#5105,#5106);
#5105 = CARTESIAN_POINT('',(0.2,0.));
#5106 = VECTOR('',#5107,1.);
#5107 = DIRECTION('',(0.,1.));
#5108 = ( GEOMETRIC_REPRESENTATION_CONTEXT(2) 
PARAMETRIC_REPRESENTATION_CONTEXT() REPRESENTATION_CONTEXT('2D SPACE',''
  ) );
#5109 = PCURVE('',#4959,#5110);
#5110 = DEFINITIONAL_REPRESENTATION('',(#5111),#5115);
#5111 = LINE('',#5112,#5113);
#5112 = CARTESIAN_POINT('',(0.,0.));
#5113 = VECTOR('',#5114,1.);
#5114 = DIRECTION('',(1.,0.));
#5115 = ( GEOMETRIC_REPRESENTATION_CONTEXT(2) 
PARAMETRIC_REPRESENTATION_CONTEXT() REPRESENTATION_CONTEXT('2D SPACE',''
  ) );
#5116 = ORIENTED_EDGE('',*,*,#4974,.F.);
#5117 = ADVANCED_FACE('',(#5118),#4933,.T.);
#5118 = FACE_BOUND('',#5119,.T.);
#5119 = EDGE_LOOP('',(#5120,#5141,#5142,#5163));
#5120 = ORIENTED_EDGE('',*,*,#5121,.F.);
#5121 = EDGE_CURVE('',#4890,#5005,#5122,.T.);
#5122 = SURFACE_CURVE('',#5123,(#5127,#5134),.PCURVE_S1.);
#5123 = LINE('',#5124,#5125);
#5124 = CARTESIAN_POINT('',(1.1,-0.17,0.));
#5125 = VECTOR('',#5126,1.);
#5126 = DIRECTION('',(1.,0.,-0.));
#5127 = PCURVE('',#4933,#5128);
#5128 = DEFINITIONAL_REPRESENTATION('',(#5129),#5133);
#5129 = LINE('',#5130,#5131);
#5130 = CARTESIAN_POINT('',(0.,0.));
#5131 = VECTOR('',#5132,1.);
#5132 = DIRECTION('',(0.,1.));
#5133 = ( GEOMETRIC_REPRESENTATION_CONTEXT(2) 
PARAMETRIC_REPRESENTATION_CONTEXT() REPRESENTATION_CONTEXT('2D SPACE',''
  ) );
#5134 = PCURVE('',#4905,#5135);
#5135 = DEFINITIONAL_REPRESENTATION('',(#5136),#5140);
#5136 = LINE('',#5137,#5138);
#5137 = CARTESIAN_POINT('',(0.,0.31));
#5138 = VECTOR('',#5139,1.);
#5139 = DIRECTION('',(1.,0.));
#5140 = ( GEOMETRIC_REPRESENTATION_CONTEXT(2) 
PARAMETRIC_REPRESENTATION_CONTEXT() REPRESENTATION_CONTEXT('2D SPACE',''
  ) );
#5141 = ORIENTED_EDGE('',*,*,#4917,.T.);
#5142 = ORIENTED_EDGE('',*,*,#5143,.T.);
#5143 = EDGE_CURVE('',#4918,#5028,#5144,.T.);
#5144 = SURFACE_CURVE('',#5145,(#5149,#5156),.PCURVE_S1.);
#5145 = LINE('',#5146,#5147);
#5146 = CARTESIAN_POINT('',(1.1,-0.17,0.2));
#5147 = VECTOR('',#5148,1.);
#5148 = DIRECTION('',(1.,0.,-0.));
#5149 = PCURVE('',#4933,#5150);
#5150 = DEFINITIONAL_REPRESENTATION('',(#5151),#5155);
#5151 = LINE('',#5152,#5153);
#5152 = CARTESIAN_POINT('',(0.2,0.));
#5153 = VECTOR('',#5154,1.);
#5154 = DIRECTION('',(0.,1.));
#5155 = ( GEOMETRIC_REPRESENTATION_CONTEXT(2) 
PARAMETRIC_REPRESENTATION_CONTEXT() REPRESENTATION_CONTEXT('2D SPACE',''
  ) );
#5156 = PCURVE('',#4959,#5157);
#5157 = DEFINITIONAL_REPRESENTATION('',(#5158),#5162);
#5158 = LINE('',#5159,#5160);
#5159 = CARTESIAN_POINT('',(0.,0.31));
#5160 = VECTOR('',#5161,1.);
#5161 = DIRECTION('',(1.,0.));
#5162 = ( GEOMETRIC_REPRESENTATION_CONTEXT(2) 
PARAMETRIC_REPRESENTATION_CONTEXT() REPRESENTATION_CONTEXT('2D SPACE',''
  ) );
#5163 = ORIENTED_EDGE('',*,*,#5027,.F.);
#5164 = ADVANCED_FACE('',(#5165),#4905,.F.);
#5165 = FACE_BOUND('',#5166,.F.);
#5166 = EDGE_LOOP('',(#5167,#5168,#5169,#5170));
#5167 = ORIENTED_EDGE('',*,*,#4889,.F.);
#5168 = ORIENTED_EDGE('',*,*,#5074,.T.);
#5169 = ORIENTED_EDGE('',*,*,#5004,.T.);
#5170 = ORIENTED_EDGE('',*,*,#5121,.F.);
#5171 = ADVANCED_FACE('',(#5172),#4959,.T.);
#5172 = FACE_BOUND('',#5173,.T.);
#5173 = EDGE_LOOP('',(#5174,#5175,#5176,#5177));
#5174 = ORIENTED_EDGE('',*,*,#4945,.F.);
#5175 = ORIENTED_EDGE('',*,*,#5096,.T.);
#5176 = ORIENTED_EDGE('',*,*,#5050,.T.);
#5177 = ORIENTED_EDGE('',*,*,#5143,.F.);
#5178 = MANIFOLD_SOLID_BREP('',#5179);
#5179 = CLOSED_SHELL('',(#5180,#5300,#5400,#5447,#5494,#5501));
#5180 = ADVANCED_FACE('',(#5181),#5195,.F.);
#5181 = FACE_BOUND('',#5182,.F.);
#5182 = EDGE_LOOP('',(#5183,#5218,#5246,#5274));
#5183 = ORIENTED_EDGE('',*,*,#5184,.F.);
#5184 = EDGE_CURVE('',#5185,#5187,#5189,.T.);
#5185 = VERTEX_POINT('',#5186);
#5186 = CARTESIAN_POINT('',(-1.5,-1.13,0.));
#5187 = VERTEX_POINT('',#5188);
#5188 = CARTESIAN_POINT('',(-1.5,-1.13,0.2));
#5189 = SURFACE_CURVE('',#5190,(#5194,#5206),.PCURVE_S1.);
#5190 = LINE('',#5191,#5192);
#5191 = CARTESIAN_POINT('',(-1.5,-1.13,0.));
#5192 = VECTOR('',#5193,1.);
#5193 = DIRECTION('',(0.,0.,1.));
#5194 = PCURVE('',#5195,#5200);
#5195 = PLANE('',#5196);
#5196 = AXIS2_PLACEMENT_3D('',#5197,#5198,#5199);
#5197 = CARTESIAN_POINT('',(-1.5,-1.13,0.));
#5198 = DIRECTION('',(1.,0.,-0.));
#5199 = DIRECTION('',(0.,0.,1.));
#5200 = DEFINITIONAL_REPRESENTATION('',(#5201),#5205);
#5201 = LINE('',#5202,#5203);
#5202 = CARTESIAN_POINT('',(0.,0.));
#5203 = VECTOR('',#5204,1.);
#5204 = DIRECTION('',(1.,0.));
#5205 = ( GEOMETRIC_REPRESENTATION_CONTEXT(2) 
PARAMETRIC_REPRESENTATION_CONTEXT() REPRESENTATION_CONTEXT('2D SPACE',''
  ) );
#5206 = PCURVE('',#5207,#5212);
#5207 = PLANE('',#5208);
#5208 = AXIS2_PLACEMENT_3D('',#5209,#5210,#5211);
#5209 = CARTESIAN_POINT('',(-1.5,-1.13,0.));
#5210 = DIRECTION('',(-0.,1.,0.));
#5211 = DIRECTION('',(0.,0.,1.));
#5212 = DEFINITIONAL_REPRESENTATION('',(#5213),#5217);
#5213 = LINE('',#5214,#5215);
#5214 = CARTESIAN_POINT('',(0.,0.));
#5215 = VECTOR('',#5216,1.);
#5216 = DIRECTION('',(1.,0.));
#5217 = ( GEOMETRIC_REPRESENTATION_CONTEXT(2) 
PARAMETRIC_REPRESENTATION_CONTEXT() REPRESENTATION_CONTEXT('2D SPACE',''
  ) );
#5218 = ORIENTED_EDGE('',*,*,#5219,.T.);
#5219 = EDGE_CURVE('',#5185,#5220,#5222,.T.);
#5220 = VERTEX_POINT('',#5221);
#5221 = CARTESIAN_POINT('',(-1.5,-0.82,0.));
#5222 = SURFACE_CURVE('',#5223,(#5227,#5234),.PCURVE_S1.);
#5223 = LINE('',#5224,#5225);
#5224 = CARTESIAN_POINT('',(-1.5,-1.13,0.));
#5225 = VECTOR('',#5226,1.);
#5226 = DIRECTION('',(-0.,1.,0.));
#5227 = PCURVE('',#5195,#5228);
#5228 = DEFINITIONAL_REPRESENTATION('',(#5229),#5233);
#5229 = LINE('',#5230,#5231);
#5230 = CARTESIAN_POINT('',(0.,0.));
#5231 = VECTOR('',#5232,1.);
#5232 = DIRECTION('',(0.,-1.));
#5233 = ( GEOMETRIC_REPRESENTATION_CONTEXT(2) 
PARAMETRIC_REPRESENTATION_CONTEXT() REPRESENTATION_CONTEXT('2D SPACE',''
  ) );
#5234 = PCURVE('',#5235,#5240);
#5235 = PLANE('',#5236);
#5236 = AXIS2_PLACEMENT_3D('',#5237,#5238,#5239);
#5237 = CARTESIAN_POINT('',(-1.5,-1.13,0.));
#5238 = DIRECTION('',(0.,0.,1.));
#5239 = DIRECTION('',(1.,0.,-0.));
#5240 = DEFINITIONAL_REPRESENTATION('',(#5241),#5245);
#5241 = LINE('',#5242,#5243);
#5242 = CARTESIAN_POINT('',(0.,0.));
#5243 = VECTOR('',#5244,1.);
#5244 = DIRECTION('',(0.,1.));
#5245 = ( GEOMETRIC_REPRESENTATION_CONTEXT(2) 
PARAMETRIC_REPRESENTATION_CONTEXT() REPRESENTATION_CONTEXT('2D SPACE',''
  ) );
#5246 = ORIENTED_EDGE('',*,*,#5247,.T.);
#5247 = EDGE_CURVE('',#5220,#5248,#5250,.T.);
#5248 = VERTEX_POINT('',#5249);
#5249 = CARTESIAN_POINT('',(-1.5,-0.82,0.2));
#5250 = SURFACE_CURVE('',#5251,(#5255,#5262),.PCURVE_S1.);
#5251 = LINE('',#5252,#5253);
#5252 = CARTESIAN_POINT('',(-1.5,-0.82,0.));
#5253 = VECTOR('',#5254,1.);
#5254 = DIRECTION('',(0.,0.,1.));
#5255 = PCURVE('',#5195,#5256);
#5256 = DEFINITIONAL_REPRESENTATION('',(#5257),#5261);
#5257 = LINE('',#5258,#5259);
#5258 = CARTESIAN_POINT('',(0.,-0.31));
#5259 = VECTOR('',#5260,1.);
#5260 = DIRECTION('',(1.,0.));
#5261 = ( GEOMETRIC_REPRESENTATION_CONTEXT(2) 
PARAMETRIC_REPRESENTATION_CONTEXT() REPRESENTATION_CONTEXT('2D SPACE',''
  ) );
#5262 = PCURVE('',#5263,#5268);
#5263 = PLANE('',#5264);
#5264 = AXIS2_PLACEMENT_3D('',#5265,#5266,#5267);
#5265 = CARTESIAN_POINT('',(-1.5,-0.82,0.));
#5266 = DIRECTION('',(-0.,1.,0.));
#5267 = DIRECTION('',(0.,0.,1.));
#5268 = DEFINITIONAL_REPRESENTATION('',(#5269),#5273);
#5269 = LINE('',#5270,#5271);
#5270 = CARTESIAN_POINT('',(0.,0.));
#5271 = VECTOR('',#5272,1.);
#5272 = DIRECTION('',(1.,0.));
#5273 = ( GEOMETRIC_REPRESENTATION_CONTEXT(2) 
PARAMETRIC_REPRESENTATION_CONTEXT() REPRESENTATION_CONTEXT('2D SPACE',''
  ) );
#5274 = ORIENTED_EDGE('',*,*,#5275,.F.);
#5275 = EDGE_CURVE('',#5187,#5248,#5276,.T.);
#5276 = SURFACE_CURVE('',#5277,(#5281,#5288),.PCURVE_S1.);
#5277 = LINE('',#5278,#5279);
#5278 = CARTESIAN_POINT('',(-1.5,-1.13,0.2));
#5279 = VECTOR('',#5280,1.);
#5280 = DIRECTION('',(-0.,1.,0.));
#5281 = PCURVE('',#5195,#5282);
#5282 = DEFINITIONAL_REPRESENTATION('',(#5283),#5287);
#5283 = LINE('',#5284,#5285);
#5284 = CARTESIAN_POINT('',(0.2,0.));
#5285 = VECTOR('',#5286,1.);
#5286 = DIRECTION('',(0.,-1.));
#5287 = ( GEOMETRIC_REPRESENTATION_CONTEXT(2) 
PARAMETRIC_REPRESENTATION_CONTEXT() REPRESENTATION_CONTEXT('2D SPACE',''
  ) );
#5288 = PCURVE('',#5289,#5294);
#5289 = PLANE('',#5290);
#5290 = AXIS2_PLACEMENT_3D('',#5291,#5292,#5293);
#5291 = CARTESIAN_POINT('',(-1.5,-1.13,0.2));
#5292 = DIRECTION('',(0.,0.,1.));
#5293 = DIRECTION('',(1.,0.,-0.));
#5294 = DEFINITIONAL_REPRESENTATION('',(#5295),#5299);
#5295 = LINE('',#5296,#5297);
#5296 = CARTESIAN_POINT('',(0.,0.));
#5297 = VECTOR('',#5298,1.);
#5298 = DIRECTION('',(0.,1.));
#5299 = ( GEOMETRIC_REPRESENTATION_CONTEXT(2) 
PARAMETRIC_REPRESENTATION_CONTEXT() REPRESENTATION_CONTEXT('2D SPACE',''
  ) );
#5300 = ADVANCED_FACE('',(#5301),#5315,.T.);
#5301 = FACE_BOUND('',#5302,.T.);
#5302 = EDGE_LOOP('',(#5303,#5333,#5356,#5379));
#5303 = ORIENTED_EDGE('',*,*,#5304,.F.);
#5304 = EDGE_CURVE('',#5305,#5307,#5309,.T.);
#5305 = VERTEX_POINT('',#5306);
#5306 = CARTESIAN_POINT('',(-1.1,-1.13,0.));
#5307 = VERTEX_POINT('',#5308);
#5308 = CARTESIAN_POINT('',(-1.1,-1.13,0.2));
#5309 = SURFACE_CURVE('',#5310,(#5314,#5326),.PCURVE_S1.);
#5310 = LINE('',#5311,#5312);
#5311 = CARTESIAN_POINT('',(-1.1,-1.13,0.));
#5312 = VECTOR('',#5313,1.);
#5313 = DIRECTION('',(0.,0.,1.));
#5314 = PCURVE('',#5315,#5320);
#5315 = PLANE('',#5316);
#5316 = AXIS2_PLACEMENT_3D('',#5317,#5318,#5319);
#5317 = CARTESIAN_POINT('',(-1.1,-1.13,0.));
#5318 = DIRECTION('',(1.,0.,-0.));
#5319 = DIRECTION('',(0.,0.,1.));
#5320 = DEFINITIONAL_REPRESENTATION('',(#5321),#5325);
#5321 = LINE('',#5322,#5323);
#5322 = CARTESIAN_POINT('',(0.,0.));
#5323 = VECTOR('',#5324,1.);
#5324 = DIRECTION('',(1.,0.));
#5325 = ( GEOMETRIC_REPRESENTATION_CONTEXT(2) 
PARAMETRIC_REPRESENTATION_CONTEXT() REPRESENTATION_CONTEXT('2D SPACE',''
  ) );
#5326 = PCURVE('',#5207,#5327);
#5327 = DEFINITIONAL_REPRESENTATION('',(#5328),#5332);
#5328 = LINE('',#5329,#5330);
#5329 = CARTESIAN_POINT('',(0.,0.4));
#5330 = VECTOR('',#5331,1.);
#5331 = DIRECTION('',(1.,0.));
#5332 = ( GEOMETRIC_REPRESENTATION_CONTEXT(2) 
PARAMETRIC_REPRESENTATION_CONTEXT() REPRESENTATION_CONTEXT('2D SPACE',''
  ) );
#5333 = ORIENTED_EDGE('',*,*,#5334,.T.);
#5334 = EDGE_CURVE('',#5305,#5335,#5337,.T.);
#5335 = VERTEX_POINT('',#5336);
#5336 = CARTESIAN_POINT('',(-1.1,-0.82,0.));
#5337 = SURFACE_CURVE('',#5338,(#5342,#5349),.PCURVE_S1.);
#5338 = LINE('',#5339,#5340);
#5339 = CARTESIAN_POINT('',(-1.1,-1.13,0.));
#5340 = VECTOR('',#5341,1.);
#5341 = DIRECTION('',(-0.,1.,0.));
#5342 = PCURVE('',#5315,#5343);
#5343 = DEFINITIONAL_REPRESENTATION('',(#5344),#5348);
#5344 = LINE('',#5345,#5346);
#5345 = CARTESIAN_POINT('',(0.,0.));
#5346 = VECTOR('',#5347,1.);
#5347 = DIRECTION('',(0.,-1.));
#5348 = ( GEOMETRIC_REPRESENTATION_CONTEXT(2) 
PARAMETRIC_REPRESENTATION_CONTEXT() REPRESENTATION_CONTEXT('2D SPACE',''
  ) );
#5349 = PCURVE('',#5235,#5350);
#5350 = DEFINITIONAL_REPRESENTATION('',(#5351),#5355);
#5351 = LINE('',#5352,#5353);
#5352 = CARTESIAN_POINT('',(0.4,0.));
#5353 = VECTOR('',#5354,1.);
#5354 = DIRECTION('',(0.,1.));
#5355 = ( GEOMETRIC_REPRESENTATION_CONTEXT(2) 
PARAMETRIC_REPRESENTATION_CONTEXT() REPRESENTATION_CONTEXT('2D SPACE',''
  ) );
#5356 = ORIENTED_EDGE('',*,*,#5357,.T.);
#5357 = EDGE_CURVE('',#5335,#5358,#5360,.T.);
#5358 = VERTEX_POINT('',#5359);
#5359 = CARTESIAN_POINT('',(-1.1,-0.82,0.2));
#5360 = SURFACE_CURVE('',#5361,(#5365,#5372),.PCURVE_S1.);
#5361 = LINE('',#5362,#5363);
#5362 = CARTESIAN_POINT('',(-1.1,-0.82,0.));
#5363 = VECTOR('',#5364,1.);
#5364 = DIRECTION('',(0.,0.,1.));
#5365 = PCURVE('',#5315,#5366);
#5366 = DEFINITIONAL_REPRESENTATION('',(#5367),#5371);
#5367 = LINE('',#5368,#5369);
#5368 = CARTESIAN_POINT('',(0.,-0.31));
#5369 = VECTOR('',#5370,1.);
#5370 = DIRECTION('',(1.,0.));
#5371 = ( GEOMETRIC_REPRESENTATION_CONTEXT(2) 
PARAMETRIC_REPRESENTATION_CONTEXT() REPRESENTATION_CONTEXT('2D SPACE',''
  ) );
#5372 = PCURVE('',#5263,#5373);
#5373 = DEFINITIONAL_REPRESENTATION('',(#5374),#5378);
#5374 = LINE('',#5375,#5376);
#5375 = CARTESIAN_POINT('',(0.,0.4));
#5376 = VECTOR('',#5377,1.);
#5377 = DIRECTION('',(1.,0.));
#5378 = ( GEOMETRIC_REPRESENTATION_CONTEXT(2) 
PARAMETRIC_REPRESENTATION_CONTEXT() REPRESENTATION_CONTEXT('2D SPACE',''
  ) );
#5379 = ORIENTED_EDGE('',*,*,#5380,.F.);
#5380 = EDGE_CURVE('',#5307,#5358,#5381,.T.);
#5381 = SURFACE_CURVE('',#5382,(#5386,#5393),.PCURVE_S1.);
#5382 = LINE('',#5383,#5384);
#5383 = CARTESIAN_POINT('',(-1.1,-1.13,0.2));
#5384 = VECTOR('',#5385,1.);
#5385 = DIRECTION('',(-0.,1.,0.));
#5386 = PCURVE('',#5315,#5387);
#5387 = DEFINITIONAL_REPRESENTATION('',(#5388),#5392);
#5388 = LINE('',#5389,#5390);
#5389 = CARTESIAN_POINT('',(0.2,0.));
#5390 = VECTOR('',#5391,1.);
#5391 = DIRECTION('',(0.,-1.));
#5392 = ( GEOMETRIC_REPRESENTATION_CONTEXT(2) 
PARAMETRIC_REPRESENTATION_CONTEXT() REPRESENTATION_CONTEXT('2D SPACE',''
  ) );
#5393 = PCURVE('',#5289,#5394);
#5394 = DEFINITIONAL_REPRESENTATION('',(#5395),#5399);
#5395 = LINE('',#5396,#5397);
#5396 = CARTESIAN_POINT('',(0.4,0.));
#5397 = VECTOR('',#5398,1.);
#5398 = DIRECTION('',(0.,1.));
#5399 = ( GEOMETRIC_REPRESENTATION_CONTEXT(2) 
PARAMETRIC_REPRESENTATION_CONTEXT() REPRESENTATION_CONTEXT('2D SPACE',''
  ) );
#5400 = ADVANCED_FACE('',(#5401),#5207,.F.);
#5401 = FACE_BOUND('',#5402,.F.);
#5402 = EDGE_LOOP('',(#5403,#5424,#5425,#5446));
#5403 = ORIENTED_EDGE('',*,*,#5404,.F.);
#5404 = EDGE_CURVE('',#5185,#5305,#5405,.T.);
#5405 = SURFACE_CURVE('',#5406,(#5410,#5417),.PCURVE_S1.);
#5406 = LINE('',#5407,#5408);
#5407 = CARTESIAN_POINT('',(-1.5,-1.13,0.));
#5408 = VECTOR('',#5409,1.);
#5409 = DIRECTION('',(1.,0.,-0.));
#5410 = PCURVE('',#5207,#5411);
#5411 = DEFINITIONAL_REPRESENTATION('',(#5412),#5416);
#5412 = LINE('',#5413,#5414);
#5413 = CARTESIAN_POINT('',(0.,0.));
#5414 = VECTOR('',#5415,1.);
#5415 = DIRECTION('',(0.,1.));
#5416 = ( GEOMETRIC_REPRESENTATION_CONTEXT(2) 
PARAMETRIC_REPRESENTATION_CONTEXT() REPRESENTATION_CONTEXT('2D SPACE',''
  ) );
#5417 = PCURVE('',#5235,#5418);
#5418 = DEFINITIONAL_REPRESENTATION('',(#5419),#5423);
#5419 = LINE('',#5420,#5421);
#5420 = CARTESIAN_POINT('',(0.,0.));
#5421 = VECTOR('',#5422,1.);
#5422 = DIRECTION('',(1.,0.));
#5423 = ( GEOMETRIC_REPRESENTATION_CONTEXT(2) 
PARAMETRIC_REPRESENTATION_CONTEXT() REPRESENTATION_CONTEXT('2D SPACE',''
  ) );
#5424 = ORIENTED_EDGE('',*,*,#5184,.T.);
#5425 = ORIENTED_EDGE('',*,*,#5426,.T.);
#5426 = EDGE_CURVE('',#5187,#5307,#5427,.T.);
#5427 = SURFACE_CURVE('',#5428,(#5432,#5439),.PCURVE_S1.);
#5428 = LINE('',#5429,#5430);
#5429 = CARTESIAN_POINT('',(-1.5,-1.13,0.2));
#5430 = VECTOR('',#5431,1.);
#5431 = DIRECTION('',(1.,0.,-0.));
#5432 = PCURVE('',#5207,#5433);
#5433 = DEFINITIONAL_REPRESENTATION('',(#5434),#5438);
#5434 = LINE('',#5435,#5436);
#5435 = CARTESIAN_POINT('',(0.2,0.));
#5436 = VECTOR('',#5437,1.);
#5437 = DIRECTION('',(0.,1.));
#5438 = ( GEOMETRIC_REPRESENTATION_CONTEXT(2) 
PARAMETRIC_REPRESENTATION_CONTEXT() REPRESENTATION_CONTEXT('2D SPACE',''
  ) );
#5439 = PCURVE('',#5289,#5440);
#5440 = DEFINITIONAL_REPRESENTATION('',(#5441),#5445);
#5441 = LINE('',#5442,#5443);
#5442 = CARTESIAN_POINT('',(0.,0.));
#5443 = VECTOR('',#5444,1.);
#5444 = DIRECTION('',(1.,0.));
#5445 = ( GEOMETRIC_REPRESENTATION_CONTEXT(2) 
PARAMETRIC_REPRESENTATION_CONTEXT() REPRESENTATION_CONTEXT('2D SPACE',''
  ) );
#5446 = ORIENTED_EDGE('',*,*,#5304,.F.);
#5447 = ADVANCED_FACE('',(#5448),#5263,.T.);
#5448 = FACE_BOUND('',#5449,.T.);
#5449 = EDGE_LOOP('',(#5450,#5471,#5472,#5493));
#5450 = ORIENTED_EDGE('',*,*,#5451,.F.);
#5451 = EDGE_CURVE('',#5220,#5335,#5452,.T.);
#5452 = SURFACE_CURVE('',#5453,(#5457,#5464),.PCURVE_S1.);
#5453 = LINE('',#5454,#5455);
#5454 = CARTESIAN_POINT('',(-1.5,-0.82,0.));
#5455 = VECTOR('',#5456,1.);
#5456 = DIRECTION('',(1.,0.,-0.));
#5457 = PCURVE('',#5263,#5458);
#5458 = DEFINITIONAL_REPRESENTATION('',(#5459),#5463);
#5459 = LINE('',#5460,#5461);
#5460 = CARTESIAN_POINT('',(0.,0.));
#5461 = VECTOR('',#5462,1.);
#5462 = DIRECTION('',(0.,1.));
#5463 = ( GEOMETRIC_REPRESENTATION_CONTEXT(2) 
PARAMETRIC_REPRESENTATION_CONTEXT() REPRESENTATION_CONTEXT('2D SPACE',''
  ) );
#5464 = PCURVE('',#5235,#5465);
#5465 = DEFINITIONAL_REPRESENTATION('',(#5466),#5470);
#5466 = LINE('',#5467,#5468);
#5467 = CARTESIAN_POINT('',(0.,0.31));
#5468 = VECTOR('',#5469,1.);
#5469 = DIRECTION('',(1.,0.));
#5470 = ( GEOMETRIC_REPRESENTATION_CONTEXT(2) 
PARAMETRIC_REPRESENTATION_CONTEXT() REPRESENTATION_CONTEXT('2D SPACE',''
  ) );
#5471 = ORIENTED_EDGE('',*,*,#5247,.T.);
#5472 = ORIENTED_EDGE('',*,*,#5473,.T.);
#5473 = EDGE_CURVE('',#5248,#5358,#5474,.T.);
#5474 = SURFACE_CURVE('',#5475,(#5479,#5486),.PCURVE_S1.);
#5475 = LINE('',#5476,#5477);
#5476 = CARTESIAN_POINT('',(-1.5,-0.82,0.2));
#5477 = VECTOR('',#5478,1.);
#5478 = DIRECTION('',(1.,0.,-0.));
#5479 = PCURVE('',#5263,#5480);
#5480 = DEFINITIONAL_REPRESENTATION('',(#5481),#5485);
#5481 = LINE('',#5482,#5483);
#5482 = CARTESIAN_POINT('',(0.2,0.));
#5483 = VECTOR('',#5484,1.);
#5484 = DIRECTION('',(0.,1.));
#5485 = ( GEOMETRIC_REPRESENTATION_CONTEXT(2) 
PARAMETRIC_REPRESENTATION_CONTEXT() REPRESENTATION_CONTEXT('2D SPACE',''
  ) );
#5486 = PCURVE('',#5289,#5487);
#5487 = DEFINITIONAL_REPRESENTATION('',(#5488),#5492);
#5488 = LINE('',#5489,#5490);
#5489 = CARTESIAN_POINT('',(0.,0.31));
#5490 = VECTOR('',#5491,1.);
#5491 = DIRECTION('',(1.,0.));
#5492 = ( GEOMETRIC_REPRESENTATION_CONTEXT(2) 
PARAMETRIC_REPRESENTATION_CONTEXT() REPRESENTATION_CONTEXT('2D SPACE',''
  ) );
#5493 = ORIENTED_EDGE('',*,*,#5357,.F.);
#5494 = ADVANCED_FACE('',(#5495),#5235,.F.);
#5495 = FACE_BOUND('',#5496,.F.);
#5496 = EDGE_LOOP('',(#5497,#5498,#5499,#5500));
#5497 = ORIENTED_EDGE('',*,*,#5219,.F.);
#5498 = ORIENTED_EDGE('',*,*,#5404,.T.);
#5499 = ORIENTED_EDGE('',*,*,#5334,.T.);
#5500 = ORIENTED_EDGE('',*,*,#5451,.F.);
#5501 = ADVANCED_FACE('',(#5502),#5289,.T.);
#5502 = FACE_BOUND('',#5503,.T.);
#5503 = EDGE_LOOP('',(#5504,#5505,#5506,#5507));
#5504 = ORIENTED_EDGE('',*,*,#5275,.F.);
#5505 = ORIENTED_EDGE('',*,*,#5426,.T.);
#5506 = ORIENTED_EDGE('',*,*,#5380,.T.);
#5507 = ORIENTED_EDGE('',*,*,#5473,.F.);
#5508 = MANIFOLD_SOLID_BREP('',#5509);
#5509 = CLOSED_SHELL('',(#5510,#5630,#5730,#5777,#5824,#5831));
#5510 = ADVANCED_FACE('',(#5511),#5525,.F.);
#5511 = FACE_BOUND('',#5512,.F.);
#5512 = EDGE_LOOP('',(#5513,#5548,#5576,#5604));
#5513 = ORIENTED_EDGE('',*,*,#5514,.F.);
#5514 = EDGE_CURVE('',#5515,#5517,#5519,.T.);
#5515 = VERTEX_POINT('',#5516);
#5516 = CARTESIAN_POINT('',(1.1,-1.13,0.));
#5517 = VERTEX_POINT('',#5518);
#5518 = CARTESIAN_POINT('',(1.1,-1.13,0.2));
#5519 = SURFACE_CURVE('',#5520,(#5524,#5536),.PCURVE_S1.);
#5520 = LINE('',#5521,#5522);
#5521 = CARTESIAN_POINT('',(1.1,-1.13,0.));
#5522 = VECTOR('',#5523,1.);
#5523 = DIRECTION('',(0.,0.,1.));
#5524 = PCURVE('',#5525,#5530);
#5525 = PLANE('',#5526);
#5526 = AXIS2_PLACEMENT_3D('',#5527,#5528,#5529);
#5527 = CARTESIAN_POINT('',(1.1,-1.13,0.));
#5528 = DIRECTION('',(1.,0.,-0.));
#5529 = DIRECTION('',(0.,0.,1.));
#5530 = DEFINITIONAL_REPRESENTATION('',(#5531),#5535);
#5531 = LINE('',#5532,#5533);
#5532 = CARTESIAN_POINT('',(0.,0.));
#5533 = VECTOR('',#5534,1.);
#5534 = DIRECTION('',(1.,0.));
#5535 = ( GEOMETRIC_REPRESENTATION_CONTEXT(2) 
PARAMETRIC_REPRESENTATION_CONTEXT() REPRESENTATION_CONTEXT('2D SPACE',''
  ) );
#5536 = PCURVE('',#5537,#5542);
#5537 = PLANE('',#5538);
#5538 = AXIS2_PLACEMENT_3D('',#5539,#5540,#5541);
#5539 = CARTESIAN_POINT('',(1.1,-1.13,0.));
#5540 = DIRECTION('',(-0.,1.,0.));
#5541 = DIRECTION('',(0.,0.,1.));
#5542 = DEFINITIONAL_REPRESENTATION('',(#5543),#5547);
#5543 = LINE('',#5544,#5545);
#5544 = CARTESIAN_POINT('',(0.,0.));
#5545 = VECTOR('',#5546,1.);
#5546 = DIRECTION('',(1.,0.));
#5547 = ( GEOMETRIC_REPRESENTATION_CONTEXT(2) 
PARAMETRIC_REPRESENTATION_CONTEXT() REPRESENTATION_CONTEXT('2D SPACE',''
  ) );
#5548 = ORIENTED_EDGE('',*,*,#5549,.T.);
#5549 = EDGE_CURVE('',#5515,#5550,#5552,.T.);
#5550 = VERTEX_POINT('',#5551);
#5551 = CARTESIAN_POINT('',(1.1,-0.82,0.));
#5552 = SURFACE_CURVE('',#5553,(#5557,#5564),.PCURVE_S1.);
#5553 = LINE('',#5554,#5555);
#5554 = CARTESIAN_POINT('',(1.1,-1.13,0.));
#5555 = VECTOR('',#5556,1.);
#5556 = DIRECTION('',(-0.,1.,0.));
#5557 = PCURVE('',#5525,#5558);
#5558 = DEFINITIONAL_REPRESENTATION('',(#5559),#5563);
#5559 = LINE('',#5560,#5561);
#5560 = CARTESIAN_POINT('',(0.,0.));
#5561 = VECTOR('',#5562,1.);
#5562 = DIRECTION('',(0.,-1.));
#5563 = ( GEOMETRIC_REPRESENTATION_CONTEXT(2) 
PARAMETRIC_REPRESENTATION_CONTEXT() REPRESENTATION_CONTEXT('2D SPACE',''
  ) );
#5564 = PCURVE('',#5565,#5570);
#5565 = PLANE('',#5566);
#5566 = AXIS2_PLACEMENT_3D('',#5567,#5568,#5569);
#5567 = CARTESIAN_POINT('',(1.1,-1.13,0.));
#5568 = DIRECTION('',(0.,0.,1.));
#5569 = DIRECTION('',(1.,0.,-0.));
#5570 = DEFINITIONAL_REPRESENTATION('',(#5571),#5575);
#5571 = LINE('',#5572,#5573);
#5572 = CARTESIAN_POINT('',(0.,0.));
#5573 = VECTOR('',#5574,1.);
#5574 = DIRECTION('',(0.,1.));
#5575 = ( GEOMETRIC_REPRESENTATION_CONTEXT(2) 
PARAMETRIC_REPRESENTATION_CONTEXT() REPRESENTATION_CONTEXT('2D SPACE',''
  ) );
#5576 = ORIENTED_EDGE('',*,*,#5577,.T.);
#5577 = EDGE_CURVE('',#5550,#5578,#5580,.T.);
#5578 = VERTEX_POINT('',#5579);
#5579 = CARTESIAN_POINT('',(1.1,-0.82,0.2));
#5580 = SURFACE_CURVE('',#5581,(#5585,#5592),.PCURVE_S1.);
#5581 = LINE('',#5582,#5583);
#5582 = CARTESIAN_POINT('',(1.1,-0.82,0.));
#5583 = VECTOR('',#5584,1.);
#5584 = DIRECTION('',(0.,0.,1.));
#5585 = PCURVE('',#5525,#5586);
#5586 = DEFINITIONAL_REPRESENTATION('',(#5587),#5591);
#5587 = LINE('',#5588,#5589);
#5588 = CARTESIAN_POINT('',(0.,-0.31));
#5589 = VECTOR('',#5590,1.);
#5590 = DIRECTION('',(1.,0.));
#5591 = ( GEOMETRIC_REPRESENTATION_CONTEXT(2) 
PARAMETRIC_REPRESENTATION_CONTEXT() REPRESENTATION_CONTEXT('2D SPACE',''
  ) );
#5592 = PCURVE('',#5593,#5598);
#5593 = PLANE('',#5594);
#5594 = AXIS2_PLACEMENT_3D('',#5595,#5596,#5597);
#5595 = CARTESIAN_POINT('',(1.1,-0.82,0.));
#5596 = DIRECTION('',(-0.,1.,0.));
#5597 = DIRECTION('',(0.,0.,1.));
#5598 = DEFINITIONAL_REPRESENTATION('',(#5599),#5603);
#5599 = LINE('',#5600,#5601);
#5600 = CARTESIAN_POINT('',(0.,0.));
#5601 = VECTOR('',#5602,1.);
#5602 = DIRECTION('',(1.,0.));
#5603 = ( GEOMETRIC_REPRESENTATION_CONTEXT(2) 
PARAMETRIC_REPRESENTATION_CONTEXT() REPRESENTATION_CONTEXT('2D SPACE',''
  ) );
#5604 = ORIENTED_EDGE('',*,*,#5605,.F.);
#5605 = EDGE_CURVE('',#5517,#5578,#5606,.T.);
#5606 = SURFACE_CURVE('',#5607,(#5611,#5618),.PCURVE_S1.);
#5607 = LINE('',#5608,#5609);
#5608 = CARTESIAN_POINT('',(1.1,-1.13,0.2));
#5609 = VECTOR('',#5610,1.);
#5610 = DIRECTION('',(-0.,1.,0.));
#5611 = PCURVE('',#5525,#5612);
#5612 = DEFINITIONAL_REPRESENTATION('',(#5613),#5617);
#5613 = LINE('',#5614,#5615);
#5614 = CARTESIAN_POINT('',(0.2,0.));
#5615 = VECTOR('',#5616,1.);
#5616 = DIRECTION('',(0.,-1.));
#5617 = ( GEOMETRIC_REPRESENTATION_CONTEXT(2) 
PARAMETRIC_REPRESENTATION_CONTEXT() REPRESENTATION_CONTEXT('2D SPACE',''
  ) );
#5618 = PCURVE('',#5619,#5624);
#5619 = PLANE('',#5620);
#5620 = AXIS2_PLACEMENT_3D('',#5621,#5622,#5623);
#5621 = CARTESIAN_POINT('',(1.1,-1.13,0.2));
#5622 = DIRECTION('',(0.,0.,1.));
#5623 = DIRECTION('',(1.,0.,-0.));
#5624 = DEFINITIONAL_REPRESENTATION('',(#5625),#5629);
#5625 = LINE('',#5626,#5627);
#5626 = CARTESIAN_POINT('',(0.,0.));
#5627 = VECTOR('',#5628,1.);
#5628 = DIRECTION('',(0.,1.));
#5629 = ( GEOMETRIC_REPRESENTATION_CONTEXT(2) 
PARAMETRIC_REPRESENTATION_CONTEXT() REPRESENTATION_CONTEXT('2D SPACE',''
  ) );
#5630 = ADVANCED_FACE('',(#5631),#5645,.T.);
#5631 = FACE_BOUND('',#5632,.T.);
#5632 = EDGE_LOOP('',(#5633,#5663,#5686,#5709));
#5633 = ORIENTED_EDGE('',*,*,#5634,.F.);
#5634 = EDGE_CURVE('',#5635,#5637,#5639,.T.);
#5635 = VERTEX_POINT('',#5636);
#5636 = CARTESIAN_POINT('',(1.5,-1.13,0.));
#5637 = VERTEX_POINT('',#5638);
#5638 = CARTESIAN_POINT('',(1.5,-1.13,0.2));
#5639 = SURFACE_CURVE('',#5640,(#5644,#5656),.PCURVE_S1.);
#5640 = LINE('',#5641,#5642);
#5641 = CARTESIAN_POINT('',(1.5,-1.13,0.));
#5642 = VECTOR('',#5643,1.);
#5643 = DIRECTION('',(0.,0.,1.));
#5644 = PCURVE('',#5645,#5650);
#5645 = PLANE('',#5646);
#5646 = AXIS2_PLACEMENT_3D('',#5647,#5648,#5649);
#5647 = CARTESIAN_POINT('',(1.5,-1.13,0.));
#5648 = DIRECTION('',(1.,0.,-0.));
#5649 = DIRECTION('',(0.,0.,1.));
#5650 = DEFINITIONAL_REPRESENTATION('',(#5651),#5655);
#5651 = LINE('',#5652,#5653);
#5652 = CARTESIAN_POINT('',(0.,0.));
#5653 = VECTOR('',#5654,1.);
#5654 = DIRECTION('',(1.,0.));
#5655 = ( GEOMETRIC_REPRESENTATION_CONTEXT(2) 
PARAMETRIC_REPRESENTATION_CONTEXT() REPRESENTATION_CONTEXT('2D SPACE',''
  ) );
#5656 = PCURVE('',#5537,#5657);
#5657 = DEFINITIONAL_REPRESENTATION('',(#5658),#5662);
#5658 = LINE('',#5659,#5660);
#5659 = CARTESIAN_POINT('',(0.,0.4));
#5660 = VECTOR('',#5661,1.);
#5661 = DIRECTION('',(1.,0.));
#5662 = ( GEOMETRIC_REPRESENTATION_CONTEXT(2) 
PARAMETRIC_REPRESENTATION_CONTEXT() REPRESENTATION_CONTEXT('2D SPACE',''
  ) );
#5663 = ORIENTED_EDGE('',*,*,#5664,.T.);
#5664 = EDGE_CURVE('',#5635,#5665,#5667,.T.);
#5665 = VERTEX_POINT('',#5666);
#5666 = CARTESIAN_POINT('',(1.5,-0.82,0.));
#5667 = SURFACE_CURVE('',#5668,(#5672,#5679),.PCURVE_S1.);
#5668 = LINE('',#5669,#5670);
#5669 = CARTESIAN_POINT('',(1.5,-1.13,0.));
#5670 = VECTOR('',#5671,1.);
#5671 = DIRECTION('',(-0.,1.,0.));
#5672 = PCURVE('',#5645,#5673);
#5673 = DEFINITIONAL_REPRESENTATION('',(#5674),#5678);
#5674 = LINE('',#5675,#5676);
#5675 = CARTESIAN_POINT('',(0.,0.));
#5676 = VECTOR('',#5677,1.);
#5677 = DIRECTION('',(0.,-1.));
#5678 = ( GEOMETRIC_REPRESENTATION_CONTEXT(2) 
PARAMETRIC_REPRESENTATION_CONTEXT() REPRESENTATION_CONTEXT('2D SPACE',''
  ) );
#5679 = PCURVE('',#5565,#5680);
#5680 = DEFINITIONAL_REPRESENTATION('',(#5681),#5685);
#5681 = LINE('',#5682,#5683);
#5682 = CARTESIAN_POINT('',(0.4,0.));
#5683 = VECTOR('',#5684,1.);
#5684 = DIRECTION('',(0.,1.));
#5685 = ( GEOMETRIC_REPRESENTATION_CONTEXT(2) 
PARAMETRIC_REPRESENTATION_CONTEXT() REPRESENTATION_CONTEXT('2D SPACE',''
  ) );
#5686 = ORIENTED_EDGE('',*,*,#5687,.T.);
#5687 = EDGE_CURVE('',#5665,#5688,#5690,.T.);
#5688 = VERTEX_POINT('',#5689);
#5689 = CARTESIAN_POINT('',(1.5,-0.82,0.2));
#5690 = SURFACE_CURVE('',#5691,(#5695,#5702),.PCURVE_S1.);
#5691 = LINE('',#5692,#5693);
#5692 = CARTESIAN_POINT('',(1.5,-0.82,0.));
#5693 = VECTOR('',#5694,1.);
#5694 = DIRECTION('',(0.,0.,1.));
#5695 = PCURVE('',#5645,#5696);
#5696 = DEFINITIONAL_REPRESENTATION('',(#5697),#5701);
#5697 = LINE('',#5698,#5699);
#5698 = CARTESIAN_POINT('',(0.,-0.31));
#5699 = VECTOR('',#5700,1.);
#5700 = DIRECTION('',(1.,0.));
#5701 = ( GEOMETRIC_REPRESENTATION_CONTEXT(2) 
PARAMETRIC_REPRESENTATION_CONTEXT() REPRESENTATION_CONTEXT('2D SPACE',''
  ) );
#5702 = PCURVE('',#5593,#5703);
#5703 = DEFINITIONAL_REPRESENTATION('',(#5704),#5708);
#5704 = LINE('',#5705,#5706);
#5705 = CARTESIAN_POINT('',(0.,0.4));
#5706 = VECTOR('',#5707,1.);
#5707 = DIRECTION('',(1.,0.));
#5708 = ( GEOMETRIC_REPRESENTATION_CONTEXT(2) 
PARAMETRIC_REPRESENTATION_CONTEXT() REPRESENTATION_CONTEXT('2D SPACE',''
  ) );
#5709 = ORIENTED_EDGE('',*,*,#5710,.F.);
#5710 = EDGE_CURVE('',#5637,#5688,#5711,.T.);
#5711 = SURFACE_CURVE('',#5712,(#5716,#5723),.PCURVE_S1.);
#5712 = LINE('',#5713,#5714);
#5713 = CARTESIAN_POINT('',(1.5,-1.13,0.2));
#5714 = VECTOR('',#5715,1.);
#5715 = DIRECTION('',(-0.,1.,0.));
#5716 = PCURVE('',#5645,#5717);
#5717 = DEFINITIONAL_REPRESENTATION('',(#5718),#5722);
#5718 = LINE('',#5719,#5720);
#5719 = CARTESIAN_POINT('',(0.2,0.));
#5720 = VECTOR('',#5721,1.);
#5721 = DIRECTION('',(0.,-1.));
#5722 = ( GEOMETRIC_REPRESENTATION_CONTEXT(2) 
PARAMETRIC_REPRESENTATION_CONTEXT() REPRESENTATION_CONTEXT('2D SPACE',''
  ) );
#5723 = PCURVE('',#5619,#5724);
#5724 = DEFINITIONAL_REPRESENTATION('',(#5725),#5729);
#5725 = LINE('',#5726,#5727);
#5726 = CARTESIAN_POINT('',(0.4,0.));
#5727 = VECTOR('',#5728,1.);
#5728 = DIRECTION('',(0.,1.));
#5729 = ( GEOMETRIC_REPRESENTATION_CONTEXT(2) 
PARAMETRIC_REPRESENTATION_CONTEXT() REPRESENTATION_CONTEXT('2D SPACE',''
  ) );
#5730 = ADVANCED_FACE('',(#5731),#5537,.F.);
#5731 = FACE_BOUND('',#5732,.F.);
#5732 = EDGE_LOOP('',(#5733,#5754,#5755,#5776));
#5733 = ORIENTED_EDGE('',*,*,#5734,.F.);
#5734 = EDGE_CURVE('',#5515,#5635,#5735,.T.);
#5735 = SURFACE_CURVE('',#5736,(#5740,#5747),.PCURVE_S1.);
#5736 = LINE('',#5737,#5738);
#5737 = CARTESIAN_POINT('',(1.1,-1.13,0.));
#5738 = VECTOR('',#5739,1.);
#5739 = DIRECTION('',(1.,0.,-0.));
#5740 = PCURVE('',#5537,#5741);
#5741 = DEFINITIONAL_REPRESENTATION('',(#5742),#5746);
#5742 = LINE('',#5743,#5744);
#5743 = CARTESIAN_POINT('',(0.,0.));
#5744 = VECTOR('',#5745,1.);
#5745 = DIRECTION('',(0.,1.));
#5746 = ( GEOMETRIC_REPRESENTATION_CONTEXT(2) 
PARAMETRIC_REPRESENTATION_CONTEXT() REPRESENTATION_CONTEXT('2D SPACE',''
  ) );
#5747 = PCURVE('',#5565,#5748);
#5748 = DEFINITIONAL_REPRESENTATION('',(#5749),#5753);
#5749 = LINE('',#5750,#5751);
#5750 = CARTESIAN_POINT('',(0.,0.));
#5751 = VECTOR('',#5752,1.);
#5752 = DIRECTION('',(1.,0.));
#5753 = ( GEOMETRIC_REPRESENTATION_CONTEXT(2) 
PARAMETRIC_REPRESENTATION_CONTEXT() REPRESENTATION_CONTEXT('2D SPACE',''
  ) );
#5754 = ORIENTED_EDGE('',*,*,#5514,.T.);
#5755 = ORIENTED_EDGE('',*,*,#5756,.T.);
#5756 = EDGE_CURVE('',#5517,#5637,#5757,.T.);
#5757 = SURFACE_CURVE('',#5758,(#5762,#5769),.PCURVE_S1.);
#5758 = LINE('',#5759,#5760);
#5759 = CARTESIAN_POINT('',(1.1,-1.13,0.2));
#5760 = VECTOR('',#5761,1.);
#5761 = DIRECTION('',(1.,0.,-0.));
#5762 = PCURVE('',#5537,#5763);
#5763 = DEFINITIONAL_REPRESENTATION('',(#5764),#5768);
#5764 = LINE('',#5765,#5766);
#5765 = CARTESIAN_POINT('',(0.2,0.));
#5766 = VECTOR('',#5767,1.);
#5767 = DIRECTION('',(0.,1.));
#5768 = ( GEOMETRIC_REPRESENTATION_CONTEXT(2) 
PARAMETRIC_REPRESENTATION_CONTEXT() REPRESENTATION_CONTEXT('2D SPACE',''
  ) );
#5769 = PCURVE('',#5619,#5770);
#5770 = DEFINITIONAL_REPRESENTATION('',(#5771),#5775);
#5771 = LINE('',#5772,#5773);
#5772 = CARTESIAN_POINT('',(0.,0.));
#5773 = VECTOR('',#5774,1.);
#5774 = DIRECTION('',(1.,0.));
#5775 = ( GEOMETRIC_REPRESENTATION_CONTEXT(2) 
PARAMETRIC_REPRESENTATION_CONTEXT() REPRESENTATION_CONTEXT('2D SPACE',''
  ) );
#5776 = ORIENTED_EDGE('',*,*,#5634,.F.);
#5777 = ADVANCED_FACE('',(#5778),#5593,.T.);
#5778 = FACE_BOUND('',#5779,.T.);
#5779 = EDGE_LOOP('',(#5780,#5801,#5802,#5823));
#5780 = ORIENTED_EDGE('',*,*,#5781,.F.);
#5781 = EDGE_CURVE('',#5550,#5665,#5782,.T.);
#5782 = SURFACE_CURVE('',#5783,(#5787,#5794),.PCURVE_S1.);
#5783 = LINE('',#5784,#5785);
#5784 = CARTESIAN_POINT('',(1.1,-0.82,0.));
#5785 = VECTOR('',#5786,1.);
#5786 = DIRECTION('',(1.,0.,-0.));
#5787 = PCURVE('',#5593,#5788);
#5788 = DEFINITIONAL_REPRESENTATION('',(#5789),#5793);
#5789 = LINE('',#5790,#5791);
#5790 = CARTESIAN_POINT('',(0.,0.));
#5791 = VECTOR('',#5792,1.);
#5792 = DIRECTION('',(0.,1.));
#5793 = ( GEOMETRIC_REPRESENTATION_CONTEXT(2) 
PARAMETRIC_REPRESENTATION_CONTEXT() REPRESENTATION_CONTEXT('2D SPACE',''
  ) );
#5794 = PCURVE('',#5565,#5795);
#5795 = DEFINITIONAL_REPRESENTATION('',(#5796),#5800);
#5796 = LINE('',#5797,#5798);
#5797 = CARTESIAN_POINT('',(0.,0.31));
#5798 = VECTOR('',#5799,1.);
#5799 = DIRECTION('',(1.,0.));
#5800 = ( GEOMETRIC_REPRESENTATION_CONTEXT(2) 
PARAMETRIC_REPRESENTATION_CONTEXT() REPRESENTATION_CONTEXT('2D SPACE',''
  ) );
#5801 = ORIENTED_EDGE('',*,*,#5577,.T.);
#5802 = ORIENTED_EDGE('',*,*,#5803,.T.);
#5803 = EDGE_CURVE('',#5578,#5688,#5804,.T.);
#5804 = SURFACE_CURVE('',#5805,(#5809,#5816),.PCURVE_S1.);
#5805 = LINE('',#5806,#5807);
#5806 = CARTESIAN_POINT('',(1.1,-0.82,0.2));
#5807 = VECTOR('',#5808,1.);
#5808 = DIRECTION('',(1.,0.,-0.));
#5809 = PCURVE('',#5593,#5810);
#5810 = DEFINITIONAL_REPRESENTATION('',(#5811),#5815);
#5811 = LINE('',#5812,#5813);
#5812 = CARTESIAN_POINT('',(0.2,0.));
#5813 = VECTOR('',#5814,1.);
#5814 = DIRECTION('',(0.,1.));
#5815 = ( GEOMETRIC_REPRESENTATION_CONTEXT(2) 
PARAMETRIC_REPRESENTATION_CONTEXT() REPRESENTATION_CONTEXT('2D SPACE',''
  ) );
#5816 = PCURVE('',#5619,#5817);
#5817 = DEFINITIONAL_REPRESENTATION('',(#5818),#5822);
#5818 = LINE('',#5819,#5820);
#5819 = CARTESIAN_POINT('',(0.,0.31));
#5820 = VECTOR('',#5821,1.);
#5821 = DIRECTION('',(1.,0.));
#5822 = ( GEOMETRIC_REPRESENTATION_CONTEXT(2) 
PARAMETRIC_REPRESENTATION_CONTEXT() REPRESENTATION_CONTEXT('2D SPACE',''
  ) );
#5823 = ORIENTED_EDGE('',*,*,#5687,.F.);
#5824 = ADVANCED_FACE('',(#5825),#5565,.F.);
#5825 = FACE_BOUND('',#5826,.F.);
#5826 = EDGE_LOOP('',(#5827,#5828,#5829,#5830));
#5827 = ORIENTED_EDGE('',*,*,#5549,.F.);
#5828 = ORIENTED_EDGE('',*,*,#5734,.T.);
#5829 = ORIENTED_EDGE('',*,*,#5664,.T.);
#5830 = ORIENTED_EDGE('',*,*,#5781,.F.);
#5831 = ADVANCED_FACE('',(#5832),#5619,.T.);
#5832 = FACE_BOUND('',#5833,.T.);
#5833 = EDGE_LOOP('',(#5834,#5835,#5836,#5837));
#5834 = ORIENTED_EDGE('',*,*,#5605,.F.);
#5835 = ORIENTED_EDGE('',*,*,#5756,.T.);
#5836 = ORIENTED_EDGE('',*,*,#5710,.T.);
#5837 = ORIENTED_EDGE('',*,*,#5803,.F.);
#5838 = MANIFOLD_SOLID_BREP('',#5839);
#5839 = CLOSED_SHELL('',(#5840,#5960,#6060,#6107,#6154,#6161));
#5840 = ADVANCED_FACE('',(#5841),#5855,.F.);
#5841 = FACE_BOUND('',#5842,.F.);
#5842 = EDGE_LOOP('',(#5843,#5878,#5906,#5934));
#5843 = ORIENTED_EDGE('',*,*,#5844,.F.);
#5844 = EDGE_CURVE('',#5845,#5847,#5849,.T.);
#5845 = VERTEX_POINT('',#5846);
#5846 = CARTESIAN_POINT('',(-0.825,-1.2,0.));
#5847 = VERTEX_POINT('',#5848);
#5848 = CARTESIAN_POINT('',(-0.825,-1.2,0.2));
#5849 = SURFACE_CURVE('',#5850,(#5854,#5866),.PCURVE_S1.);
#5850 = LINE('',#5851,#5852);
#5851 = CARTESIAN_POINT('',(-0.825,-1.2,0.));
#5852 = VECTOR('',#5853,1.);
#5853 = DIRECTION('',(0.,0.,1.));
#5854 = PCURVE('',#5855,#5860);
#5855 = PLANE('',#5856);
#5856 = AXIS2_PLACEMENT_3D('',#5857,#5858,#5859);
#5857 = CARTESIAN_POINT('',(-0.825,-1.2,0.));
#5858 = DIRECTION('',(1.,0.,-0.));
#5859 = DIRECTION('',(0.,0.,1.));
#5860 = DEFINITIONAL_REPRESENTATION('',(#5861),#5865);
#5861 = LINE('',#5862,#5863);
#5862 = CARTESIAN_POINT('',(0.,0.));
#5863 = VECTOR('',#5864,1.);
#5864 = DIRECTION('',(1.,0.));
#5865 = ( GEOMETRIC_REPRESENTATION_CONTEXT(2) 
PARAMETRIC_REPRESENTATION_CONTEXT() REPRESENTATION_CONTEXT('2D SPACE',''
  ) );
#5866 = PCURVE('',#5867,#5872);
#5867 = PLANE('',#5868);
#5868 = AXIS2_PLACEMENT_3D('',#5869,#5870,#5871);
#5869 = CARTESIAN_POINT('',(-0.825,-1.2,0.));
#5870 = DIRECTION('',(-0.,1.,0.));
#5871 = DIRECTION('',(0.,0.,1.));
#5872 = DEFINITIONAL_REPRESENTATION('',(#5873),#5877);
#5873 = LINE('',#5874,#5875);
#5874 = CARTESIAN_POINT('',(0.,0.));
#5875 = VECTOR('',#5876,1.);
#5876 = DIRECTION('',(1.,0.));
#5877 = ( GEOMETRIC_REPRESENTATION_CONTEXT(2) 
PARAMETRIC_REPRESENTATION_CONTEXT() REPRESENTATION_CONTEXT('2D SPACE',''
  ) );
#5878 = ORIENTED_EDGE('',*,*,#5879,.T.);
#5879 = EDGE_CURVE('',#5845,#5880,#5882,.T.);
#5880 = VERTEX_POINT('',#5881);
#5881 = CARTESIAN_POINT('',(-0.825,1.2,0.));
#5882 = SURFACE_CURVE('',#5883,(#5887,#5894),.PCURVE_S1.);
#5883 = LINE('',#5884,#5885);
#5884 = CARTESIAN_POINT('',(-0.825,-1.2,0.));
#5885 = VECTOR('',#5886,1.);
#5886 = DIRECTION('',(-0.,1.,0.));
#5887 = PCURVE('',#5855,#5888);
#5888 = DEFINITIONAL_REPRESENTATION('',(#5889),#5893);
#5889 = LINE('',#5890,#5891);
#5890 = CARTESIAN_POINT('',(0.,0.));
#5891 = VECTOR('',#5892,1.);
#5892 = DIRECTION('',(0.,-1.));
#5893 = ( GEOMETRIC_REPRESENTATION_CONTEXT(2) 
PARAMETRIC_REPRESENTATION_CONTEXT() REPRESENTATION_CONTEXT('2D SPACE',''
  ) );
#5894 = PCURVE('',#5895,#5900);
#5895 = PLANE('',#5896);
#5896 = AXIS2_PLACEMENT_3D('',#5897,#5898,#5899);
#5897 = CARTESIAN_POINT('',(-0.825,-1.2,0.));
#5898 = DIRECTION('',(0.,0.,1.));
#5899 = DIRECTION('',(1.,0.,-0.));
#5900 = DEFINITIONAL_REPRESENTATION('',(#5901),#5905);
#5901 = LINE('',#5902,#5903);
#5902 = CARTESIAN_POINT('',(0.,0.));
#5903 = VECTOR('',#5904,1.);
#5904 = DIRECTION('',(0.,1.));
#5905 = ( GEOMETRIC_REPRESENTATION_CONTEXT(2) 
PARAMETRIC_REPRESENTATION_CONTEXT() REPRESENTATION_CONTEXT('2D SPACE',''
  ) );
#5906 = ORIENTED_EDGE('',*,*,#5907,.T.);
#5907 = EDGE_CURVE('',#5880,#5908,#5910,.T.);
#5908 = VERTEX_POINT('',#5909);
#5909 = CARTESIAN_POINT('',(-0.825,1.2,0.2));
#5910 = SURFACE_CURVE('',#5911,(#5915,#5922),.PCURVE_S1.);
#5911 = LINE('',#5912,#5913);
#5912 = CARTESIAN_POINT('',(-0.825,1.2,0.));
#5913 = VECTOR('',#5914,1.);
#5914 = DIRECTION('',(0.,0.,1.));
#5915 = PCURVE('',#5855,#5916);
#5916 = DEFINITIONAL_REPRESENTATION('',(#5917),#5921);
#5917 = LINE('',#5918,#5919);
#5918 = CARTESIAN_POINT('',(0.,-2.4));
#5919 = VECTOR('',#5920,1.);
#5920 = DIRECTION('',(1.,0.));
#5921 = ( GEOMETRIC_REPRESENTATION_CONTEXT(2) 
PARAMETRIC_REPRESENTATION_CONTEXT() REPRESENTATION_CONTEXT('2D SPACE',''
  ) );
#5922 = PCURVE('',#5923,#5928);
#5923 = PLANE('',#5924);
#5924 = AXIS2_PLACEMENT_3D('',#5925,#5926,#5927);
#5925 = CARTESIAN_POINT('',(-0.825,1.2,0.));
#5926 = DIRECTION('',(-0.,1.,0.));
#5927 = DIRECTION('',(0.,0.,1.));
#5928 = DEFINITIONAL_REPRESENTATION('',(#5929),#5933);
#5929 = LINE('',#5930,#5931);
#5930 = CARTESIAN_POINT('',(0.,0.));
#5931 = VECTOR('',#5932,1.);
#5932 = DIRECTION('',(1.,0.));
#5933 = ( GEOMETRIC_REPRESENTATION_CONTEXT(2) 
PARAMETRIC_REPRESENTATION_CONTEXT() REPRESENTATION_CONTEXT('2D SPACE',''
  ) );
#5934 = ORIENTED_EDGE('',*,*,#5935,.F.);
#5935 = EDGE_CURVE('',#5847,#5908,#5936,.T.);
#5936 = SURFACE_CURVE('',#5937,(#5941,#5948),.PCURVE_S1.);
#5937 = LINE('',#5938,#5939);
#5938 = CARTESIAN_POINT('',(-0.825,-1.2,0.2));
#5939 = VECTOR('',#5940,1.);
#5940 = DIRECTION('',(-0.,1.,0.));
#5941 = PCURVE('',#5855,#5942);
#5942 = DEFINITIONAL_REPRESENTATION('',(#5943),#5947);
#5943 = LINE('',#5944,#5945);
#5944 = CARTESIAN_POINT('',(0.2,0.));
#5945 = VECTOR('',#5946,1.);
#5946 = DIRECTION('',(0.,-1.));
#5947 = ( GEOMETRIC_REPRESENTATION_CONTEXT(2) 
PARAMETRIC_REPRESENTATION_CONTEXT() REPRESENTATION_CONTEXT('2D SPACE',''
  ) );
#5948 = PCURVE('',#5949,#5954);
#5949 = PLANE('',#5950);
#5950 = AXIS2_PLACEMENT_3D('',#5951,#5952,#5953);
#5951 = CARTESIAN_POINT('',(-0.825,-1.2,0.2));
#5952 = DIRECTION('',(0.,0.,1.));
#5953 = DIRECTION('',(1.,0.,-0.));
#5954 = DEFINITIONAL_REPRESENTATION('',(#5955),#5959);
#5955 = LINE('',#5956,#5957);
#5956 = CARTESIAN_POINT('',(0.,0.));
#5957 = VECTOR('',#5958,1.);
#5958 = DIRECTION('',(0.,1.));
#5959 = ( GEOMETRIC_REPRESENTATION_CONTEXT(2) 
PARAMETRIC_REPRESENTATION_CONTEXT() REPRESENTATION_CONTEXT('2D SPACE',''
  ) );
#5960 = ADVANCED_FACE('',(#5961),#5975,.T.);
#5961 = FACE_BOUND('',#5962,.T.);
#5962 = EDGE_LOOP('',(#5963,#5993,#6016,#6039));
#5963 = ORIENTED_EDGE('',*,*,#5964,.F.);
#5964 = EDGE_CURVE('',#5965,#5967,#5969,.T.);
#5965 = VERTEX_POINT('',#5966);
#5966 = CARTESIAN_POINT('',(0.825,-1.2,0.));
#5967 = VERTEX_POINT('',#5968);
#5968 = CARTESIAN_POINT('',(0.825,-1.2,0.2));
#5969 = SURFACE_CURVE('',#5970,(#5974,#5986),.PCURVE_S1.);
#5970 = LINE('',#5971,#5972);
#5971 = CARTESIAN_POINT('',(0.825,-1.2,0.));
#5972 = VECTOR('',#5973,1.);
#5973 = DIRECTION('',(0.,0.,1.));
#5974 = PCURVE('',#5975,#5980);
#5975 = PLANE('',#5976);
#5976 = AXIS2_PLACEMENT_3D('',#5977,#5978,#5979);
#5977 = CARTESIAN_POINT('',(0.825,-1.2,0.));
#5978 = DIRECTION('',(1.,0.,-0.));
#5979 = DIRECTION('',(0.,0.,1.));
#5980 = DEFINITIONAL_REPRESENTATION('',(#5981),#5985);
#5981 = LINE('',#5982,#5983);
#5982 = CARTESIAN_POINT('',(0.,0.));
#5983 = VECTOR('',#5984,1.);
#5984 = DIRECTION('',(1.,0.));
#5985 = ( GEOMETRIC_REPRESENTATION_CONTEXT(2) 
PARAMETRIC_REPRESENTATION_CONTEXT() REPRESENTATION_CONTEXT('2D SPACE',''
  ) );
#5986 = PCURVE('',#5867,#5987);
#5987 = DEFINITIONAL_REPRESENTATION('',(#5988),#5992);
#5988 = LINE('',#5989,#5990);
#5989 = CARTESIAN_POINT('',(0.,1.65));
#5990 = VECTOR('',#5991,1.);
#5991 = DIRECTION('',(1.,0.));
#5992 = ( GEOMETRIC_REPRESENTATION_CONTEXT(2) 
PARAMETRIC_REPRESENTATION_CONTEXT() REPRESENTATION_CONTEXT('2D SPACE',''
  ) );
#5993 = ORIENTED_EDGE('',*,*,#5994,.T.);
#5994 = EDGE_CURVE('',#5965,#5995,#5997,.T.);
#5995 = VERTEX_POINT('',#5996);
#5996 = CARTESIAN_POINT('',(0.825,1.2,0.));
#5997 = SURFACE_CURVE('',#5998,(#6002,#6009),.PCURVE_S1.);
#5998 = LINE('',#5999,#6000);
#5999 = CARTESIAN_POINT('',(0.825,-1.2,0.));
#6000 = VECTOR('',#6001,1.);
#6001 = DIRECTION('',(-0.,1.,0.));
#6002 = PCURVE('',#5975,#6003);
#6003 = DEFINITIONAL_REPRESENTATION('',(#6004),#6008);
#6004 = LINE('',#6005,#6006);
#6005 = CARTESIAN_POINT('',(0.,0.));
#6006 = VECTOR('',#6007,1.);
#6007 = DIRECTION('',(0.,-1.));
#6008 = ( GEOMETRIC_REPRESENTATION_CONTEXT(2) 
PARAMETRIC_REPRESENTATION_CONTEXT() REPRESENTATION_CONTEXT('2D SPACE',''
  ) );
#6009 = PCURVE('',#5895,#6010);
#6010 = DEFINITIONAL_REPRESENTATION('',(#6011),#6015);
#6011 = LINE('',#6012,#6013);
#6012 = CARTESIAN_POINT('',(1.65,0.));
#6013 = VECTOR('',#6014,1.);
#6014 = DIRECTION('',(0.,1.));
#6015 = ( GEOMETRIC_REPRESENTATION_CONTEXT(2) 
PARAMETRIC_REPRESENTATION_CONTEXT() REPRESENTATION_CONTEXT('2D SPACE',''
  ) );
#6016 = ORIENTED_EDGE('',*,*,#6017,.T.);
#6017 = EDGE_CURVE('',#5995,#6018,#6020,.T.);
#6018 = VERTEX_POINT('',#6019);
#6019 = CARTESIAN_POINT('',(0.825,1.2,0.2));
#6020 = SURFACE_CURVE('',#6021,(#6025,#6032),.PCURVE_S1.);
#6021 = LINE('',#6022,#6023);
#6022 = CARTESIAN_POINT('',(0.825,1.2,0.));
#6023 = VECTOR('',#6024,1.);
#6024 = DIRECTION('',(0.,0.,1.));
#6025 = PCURVE('',#5975,#6026);
#6026 = DEFINITIONAL_REPRESENTATION('',(#6027),#6031);
#6027 = LINE('',#6028,#6029);
#6028 = CARTESIAN_POINT('',(0.,-2.4));
#6029 = VECTOR('',#6030,1.);
#6030 = DIRECTION('',(1.,0.));
#6031 = ( GEOMETRIC_REPRESENTATION_CONTEXT(2) 
PARAMETRIC_REPRESENTATION_CONTEXT() REPRESENTATION_CONTEXT('2D SPACE',''
  ) );
#6032 = PCURVE('',#5923,#6033);
#6033 = DEFINITIONAL_REPRESENTATION('',(#6034),#6038);
#6034 = LINE('',#6035,#6036);
#6035 = CARTESIAN_POINT('',(0.,1.65));
#6036 = VECTOR('',#6037,1.);
#6037 = DIRECTION('',(1.,0.));
#6038 = ( GEOMETRIC_REPRESENTATION_CONTEXT(2) 
PARAMETRIC_REPRESENTATION_CONTEXT() REPRESENTATION_CONTEXT('2D SPACE',''
  ) );
#6039 = ORIENTED_EDGE('',*,*,#6040,.F.);
#6040 = EDGE_CURVE('',#5967,#6018,#6041,.T.);
#6041 = SURFACE_CURVE('',#6042,(#6046,#6053),.PCURVE_S1.);
#6042 = LINE('',#6043,#6044);
#6043 = CARTESIAN_POINT('',(0.825,-1.2,0.2));
#6044 = VECTOR('',#6045,1.);
#6045 = DIRECTION('',(-0.,1.,0.));
#6046 = PCURVE('',#5975,#6047);
#6047 = DEFINITIONAL_REPRESENTATION('',(#6048),#6052);
#6048 = LINE('',#6049,#6050);
#6049 = CARTESIAN_POINT('',(0.2,0.));
#6050 = VECTOR('',#6051,1.);
#6051 = DIRECTION('',(0.,-1.));
#6052 = ( GEOMETRIC_REPRESENTATION_CONTEXT(2) 
PARAMETRIC_REPRESENTATION_CONTEXT() REPRESENTATION_CONTEXT('2D SPACE',''
  ) );
#6053 = PCURVE('',#5949,#6054);
#6054 = DEFINITIONAL_REPRESENTATION('',(#6055),#6059);
#6055 = LINE('',#6056,#6057);
#6056 = CARTESIAN_POINT('',(1.65,0.));
#6057 = VECTOR('',#6058,1.);
#6058 = DIRECTION('',(0.,1.));
#6059 = ( GEOMETRIC_REPRESENTATION_CONTEXT(2) 
PARAMETRIC_REPRESENTATION_CONTEXT() REPRESENTATION_CONTEXT('2D SPACE',''
  ) );
#6060 = ADVANCED_FACE('',(#6061),#5867,.F.);
#6061 = FACE_BOUND('',#6062,.F.);
#6062 = EDGE_LOOP('',(#6063,#6084,#6085,#6106));
#6063 = ORIENTED_EDGE('',*,*,#6064,.F.);
#6064 = EDGE_CURVE('',#5845,#5965,#6065,.T.);
#6065 = SURFACE_CURVE('',#6066,(#6070,#6077),.PCURVE_S1.);
#6066 = LINE('',#6067,#6068);
#6067 = CARTESIAN_POINT('',(-0.825,-1.2,0.));
#6068 = VECTOR('',#6069,1.);
#6069 = DIRECTION('',(1.,0.,-0.));
#6070 = PCURVE('',#5867,#6071);
#6071 = DEFINITIONAL_REPRESENTATION('',(#6072),#6076);
#6072 = LINE('',#6073,#6074);
#6073 = CARTESIAN_POINT('',(0.,0.));
#6074 = VECTOR('',#6075,1.);
#6075 = DIRECTION('',(0.,1.));
#6076 = ( GEOMETRIC_REPRESENTATION_CONTEXT(2) 
PARAMETRIC_REPRESENTATION_CONTEXT() REPRESENTATION_CONTEXT('2D SPACE',''
  ) );
#6077 = PCURVE('',#5895,#6078);
#6078 = DEFINITIONAL_REPRESENTATION('',(#6079),#6083);
#6079 = LINE('',#6080,#6081);
#6080 = CARTESIAN_POINT('',(0.,0.));
#6081 = VECTOR('',#6082,1.);
#6082 = DIRECTION('',(1.,0.));
#6083 = ( GEOMETRIC_REPRESENTATION_CONTEXT(2) 
PARAMETRIC_REPRESENTATION_CONTEXT() REPRESENTATION_CONTEXT('2D SPACE',''
  ) );
#6084 = ORIENTED_EDGE('',*,*,#5844,.T.);
#6085 = ORIENTED_EDGE('',*,*,#6086,.T.);
#6086 = EDGE_CURVE('',#5847,#5967,#6087,.T.);
#6087 = SURFACE_CURVE('',#6088,(#6092,#6099),.PCURVE_S1.);
#6088 = LINE('',#6089,#6090);
#6089 = CARTESIAN_POINT('',(-0.825,-1.2,0.2));
#6090 = VECTOR('',#6091,1.);
#6091 = DIRECTION('',(1.,0.,-0.));
#6092 = PCURVE('',#5867,#6093);
#6093 = DEFINITIONAL_REPRESENTATION('',(#6094),#6098);
#6094 = LINE('',#6095,#6096);
#6095 = CARTESIAN_POINT('',(0.2,0.));
#6096 = VECTOR('',#6097,1.);
#6097 = DIRECTION('',(0.,1.));
#6098 = ( GEOMETRIC_REPRESENTATION_CONTEXT(2) 
PARAMETRIC_REPRESENTATION_CONTEXT() REPRESENTATION_CONTEXT('2D SPACE',''
  ) );
#6099 = PCURVE('',#5949,#6100);
#6100 = DEFINITIONAL_REPRESENTATION('',(#6101),#6105);
#6101 = LINE('',#6102,#6103);
#6102 = CARTESIAN_POINT('',(0.,0.));
#6103 = VECTOR('',#6104,1.);
#6104 = DIRECTION('',(1.,0.));
#6105 = ( GEOMETRIC_REPRESENTATION_CONTEXT(2) 
PARAMETRIC_REPRESENTATION_CONTEXT() REPRESENTATION_CONTEXT('2D SPACE',''
  ) );
#6106 = ORIENTED_EDGE('',*,*,#5964,.F.);
#6107 = ADVANCED_FACE('',(#6108),#5923,.T.);
#6108 = FACE_BOUND('',#6109,.T.);
#6109 = EDGE_LOOP('',(#6110,#6131,#6132,#6153));
#6110 = ORIENTED_EDGE('',*,*,#6111,.F.);
#6111 = EDGE_CURVE('',#5880,#5995,#6112,.T.);
#6112 = SURFACE_CURVE('',#6113,(#6117,#6124),.PCURVE_S1.);
#6113 = LINE('',#6114,#6115);
#6114 = CARTESIAN_POINT('',(-0.825,1.2,0.));
#6115 = VECTOR('',#6116,1.);
#6116 = DIRECTION('',(1.,0.,-0.));
#6117 = PCURVE('',#5923,#6118);
#6118 = DEFINITIONAL_REPRESENTATION('',(#6119),#6123);
#6119 = LINE('',#6120,#6121);
#6120 = CARTESIAN_POINT('',(0.,0.));
#6121 = VECTOR('',#6122,1.);
#6122 = DIRECTION('',(0.,1.));
#6123 = ( GEOMETRIC_REPRESENTATION_CONTEXT(2) 
PARAMETRIC_REPRESENTATION_CONTEXT() REPRESENTATION_CONTEXT('2D SPACE',''
  ) );
#6124 = PCURVE('',#5895,#6125);
#6125 = DEFINITIONAL_REPRESENTATION('',(#6126),#6130);
#6126 = LINE('',#6127,#6128);
#6127 = CARTESIAN_POINT('',(0.,2.4));
#6128 = VECTOR('',#6129,1.);
#6129 = DIRECTION('',(1.,0.));
#6130 = ( GEOMETRIC_REPRESENTATION_CONTEXT(2) 
PARAMETRIC_REPRESENTATION_CONTEXT() REPRESENTATION_CONTEXT('2D SPACE',''
  ) );
#6131 = ORIENTED_EDGE('',*,*,#5907,.T.);
#6132 = ORIENTED_EDGE('',*,*,#6133,.T.);
#6133 = EDGE_CURVE('',#5908,#6018,#6134,.T.);
#6134 = SURFACE_CURVE('',#6135,(#6139,#6146),.PCURVE_S1.);
#6135 = LINE('',#6136,#6137);
#6136 = CARTESIAN_POINT('',(-0.825,1.2,0.2));
#6137 = VECTOR('',#6138,1.);
#6138 = DIRECTION('',(1.,0.,-0.));
#6139 = PCURVE('',#5923,#6140);
#6140 = DEFINITIONAL_REPRESENTATION('',(#6141),#6145);
#6141 = LINE('',#6142,#6143);
#6142 = CARTESIAN_POINT('',(0.2,0.));
#6143 = VECTOR('',#6144,1.);
#6144 = DIRECTION('',(0.,1.));
#6145 = ( GEOMETRIC_REPRESENTATION_CONTEXT(2) 
PARAMETRIC_REPRESENTATION_CONTEXT() REPRESENTATION_CONTEXT('2D SPACE',''
  ) );
#6146 = PCURVE('',#5949,#6147);
#6147 = DEFINITIONAL_REPRESENTATION('',(#6148),#6152);
#6148 = LINE('',#6149,#6150);
#6149 = CARTESIAN_POINT('',(0.,2.4));
#6150 = VECTOR('',#6151,1.);
#6151 = DIRECTION('',(1.,0.));
#6152 = ( GEOMETRIC_REPRESENTATION_CONTEXT(2) 
PARAMETRIC_REPRESENTATION_CONTEXT() REPRESENTATION_CONTEXT('2D SPACE',''
  ) );
#6153 = ORIENTED_EDGE('',*,*,#6017,.F.);
#6154 = ADVANCED_FACE('',(#6155),#5895,.F.);
#6155 = FACE_BOUND('',#6156,.F.);
#6156 = EDGE_LOOP('',(#6157,#6158,#6159,#6160));
#6157 = ORIENTED_EDGE('',*,*,#5879,.F.);
#6158 = ORIENTED_EDGE('',*,*,#6064,.T.);
#6159 = ORIENTED_EDGE('',*,*,#5994,.T.);
#6160 = ORIENTED_EDGE('',*,*,#6111,.F.);
#6161 = ADVANCED_FACE('',(#6162),#5949,.T.);
#6162 = FACE_BOUND('',#6163,.T.);
#6163 = EDGE_LOOP('',(#6164,#6165,#6166,#6167));
#6164 = ORIENTED_EDGE('',*,*,#5935,.F.);
#6165 = ORIENTED_EDGE('',*,*,#6086,.T.);
#6166 = ORIENTED_EDGE('',*,*,#6040,.T.);
#6167 = ORIENTED_EDGE('',*,*,#6133,.F.);
#6168 = ( GEOMETRIC_REPRESENTATION_CONTEXT(3) 
GLOBAL_UNCERTAINTY_ASSIGNED_CONTEXT((#6172)) 
GLOBAL_UNIT_ASSIGNED_CONTEXT((#6169,#6170,#6171)) REPRESENTATION_CONTEXT
('Context #1','3D Context with UNIT and UNCERTAINTY') );
#6169 = ( LENGTH_UNIT() NAMED_UNIT(*) SI_UNIT(.MILLI.,.METRE.) );
#6170 = ( NAMED_UNIT(*) PLANE_ANGLE_UNIT() SI_UNIT($,.RADIAN.) );
#6171 = ( NAMED_UNIT(*) SI_UNIT($,.STERADIAN.) SOLID_ANGLE_UNIT() );
#6172 = UNCERTAINTY_MEASURE_WITH_UNIT(LENGTH_MEASURE(1.E-07),#6169,
  'distance_accuracy_value','confusion accuracy');
#6173 = CONTEXT_DEPENDENT_SHAPE_REPRESENTATION(#6174,#6176);
#6174 = ( REPRESENTATION_RELATIONSHIP('','',#3197,#10) 
REPRESENTATION_RELATIONSHIP_WITH_TRANSFORMATION(#6175) 
SHAPE_REPRESENTATION_RELATIONSHIP() );
#6175 = ITEM_DEFINED_TRANSFORMATION('','',#11,#19);
#6176 = PRODUCT_DEFINITION_SHAPE('Placement','Placement of an item',
  #6177);
#6177 = NEXT_ASSEMBLY_USAGE_OCCURRENCE('2','Balls','',#5,#3192,$);
#6178 = PRODUCT_RELATED_PRODUCT_CATEGORY('part',$,(#3194));
#6179 = SHAPE_DEFINITION_REPRESENTATION(#6180,#6186);
#6180 = PRODUCT_DEFINITION_SHAPE('','',#6181);
#6181 = PRODUCT_DEFINITION('design','',#6182,#6185);
#6182 = PRODUCT_DEFINITION_FORMATION('','',#6183);
#6183 = PRODUCT('Pin1','Pin1','',(#6184));
#6184 = PRODUCT_CONTEXT('',#2,'mechanical');
#6185 = PRODUCT_DEFINITION_CONTEXT('part definition',#2,'design');
#6186 = ADVANCED_BREP_SHAPE_REPRESENTATION('',(#11,#6187),#6285);
#6187 = MANIFOLD_SOLID_BREP('',#6188);
#6188 = CLOSED_SHELL('',(#6189,#6277,#6281));
#6189 = ADVANCED_FACE('',(#6190),#6203,.T.);
#6190 = FACE_BOUND('',#6191,.T.);
#6191 = EDGE_LOOP('',(#6192,#6226,#6249,#6276));
#6192 = ORIENTED_EDGE('',*,*,#6193,.F.);
#6193 = EDGE_CURVE('',#6194,#6194,#6196,.T.);
#6194 = VERTEX_POINT('',#6195);
#6195 = CARTESIAN_POINT('',(-0.87,1.05,0.872));
#6196 = SURFACE_CURVE('',#6197,(#6202,#6214),.PCURVE_S1.);
#6197 = CIRCLE('',#6198,0.18);
#6198 = AXIS2_PLACEMENT_3D('',#6199,#6200,#6201);
#6199 = CARTESIAN_POINT('',(-1.05,1.05,0.872));
#6200 = DIRECTION('',(0.,0.,1.));
#6201 = DIRECTION('',(1.,0.,-0.));
#6202 = PCURVE('',#6203,#6208);
#6203 = CYLINDRICAL_SURFACE('',#6204,0.18);
#6204 = AXIS2_PLACEMENT_3D('',#6205,#6206,#6207);
#6205 = CARTESIAN_POINT('',(-1.05,1.05,0.87));
#6206 = DIRECTION('',(0.,0.,1.));
#6207 = DIRECTION('',(1.,0.,-0.));
#6208 = DEFINITIONAL_REPRESENTATION('',(#6209),#6213);
#6209 = LINE('',#6210,#6211);
#6210 = CARTESIAN_POINT('',(0.,2.E-03));
#6211 = VECTOR('',#6212,1.);
#6212 = DIRECTION('',(1.,0.));
#6213 = ( GEOMETRIC_REPRESENTATION_CONTEXT(2) 
PARAMETRIC_REPRESENTATION_CONTEXT() REPRESENTATION_CONTEXT('2D SPACE',''
  ) );
#6214 = PCURVE('',#6215,#6220);
#6215 = PLANE('',#6216);
#6216 = AXIS2_PLACEMENT_3D('',#6217,#6218,#6219);
#6217 = CARTESIAN_POINT('',(-1.05,1.05,0.872));
#6218 = DIRECTION('',(0.,0.,1.));
#6219 = DIRECTION('',(1.,0.,-0.));
#6220 = DEFINITIONAL_REPRESENTATION('',(#6221),#6225);
#6221 = CIRCLE('',#6222,0.18);
#6222 = AXIS2_PLACEMENT_2D('',#6223,#6224);
#6223 = CARTESIAN_POINT('',(0.,0.));
#6224 = DIRECTION('',(1.,0.));
#6225 = ( GEOMETRIC_REPRESENTATION_CONTEXT(2) 
PARAMETRIC_REPRESENTATION_CONTEXT() REPRESENTATION_CONTEXT('2D SPACE',''
  ) );
#6226 = ORIENTED_EDGE('',*,*,#6227,.F.);
#6227 = EDGE_CURVE('',#6228,#6194,#6230,.T.);
#6228 = VERTEX_POINT('',#6229);
#6229 = CARTESIAN_POINT('',(-0.87,1.05,0.87));
#6230 = SEAM_CURVE('',#6231,(#6235,#6242),.PCURVE_S1.);
#6231 = LINE('',#6232,#6233);
#6232 = CARTESIAN_POINT('',(-0.87,1.05,0.87));
#6233 = VECTOR('',#6234,1.);
#6234 = DIRECTION('',(0.,0.,1.));
#6235 = PCURVE('',#6203,#6236);
#6236 = DEFINITIONAL_REPRESENTATION('',(#6237),#6241);
#6237 = LINE('',#6238,#6239);
#6238 = CARTESIAN_POINT('',(6.28318530718,-0.));
#6239 = VECTOR('',#6240,1.);
#6240 = DIRECTION('',(0.,1.));
#6241 = ( GEOMETRIC_REPRESENTATION_CONTEXT(2) 
PARAMETRIC_REPRESENTATION_CONTEXT() REPRESENTATION_CONTEXT('2D SPACE',''
  ) );
#6242 = PCURVE('',#6203,#6243);
#6243 = DEFINITIONAL_REPRESENTATION('',(#6244),#6248);
#6244 = LINE('',#6245,#6246);
#6245 = CARTESIAN_POINT('',(0.,-0.));
#6246 = VECTOR('',#6247,1.);
#6247 = DIRECTION('',(0.,1.));
#6248 = ( GEOMETRIC_REPRESENTATION_CONTEXT(2) 
PARAMETRIC_REPRESENTATION_CONTEXT() REPRESENTATION_CONTEXT('2D SPACE',''
  ) );
#6249 = ORIENTED_EDGE('',*,*,#6250,.T.);
#6250 = EDGE_CURVE('',#6228,#6228,#6251,.T.);
#6251 = SURFACE_CURVE('',#6252,(#6257,#6264),.PCURVE_S1.);
#6252 = CIRCLE('',#6253,0.18);
#6253 = AXIS2_PLACEMENT_3D('',#6254,#6255,#6256);
#6254 = CARTESIAN_POINT('',(-1.05,1.05,0.87));
#6255 = DIRECTION('',(0.,0.,1.));
#6256 = DIRECTION('',(1.,0.,-0.));
#6257 = PCURVE('',#6203,#6258);
#6258 = DEFINITIONAL_REPRESENTATION('',(#6259),#6263);
#6259 = LINE('',#6260,#6261);
#6260 = CARTESIAN_POINT('',(0.,0.));
#6261 = VECTOR('',#6262,1.);
#6262 = DIRECTION('',(1.,0.));
#6263 = ( GEOMETRIC_REPRESENTATION_CONTEXT(2) 
PARAMETRIC_REPRESENTATION_CONTEXT() REPRESENTATION_CONTEXT('2D SPACE',''
  ) );
#6264 = PCURVE('',#6265,#6270);
#6265 = PLANE('',#6266);
#6266 = AXIS2_PLACEMENT_3D('',#6267,#6268,#6269);
#6267 = CARTESIAN_POINT('',(-1.05,1.05,0.87));
#6268 = DIRECTION('',(0.,0.,1.));
#6269 = DIRECTION('',(1.,0.,-0.));
#6270 = DEFINITIONAL_REPRESENTATION('',(#6271),#6275);
#6271 = CIRCLE('',#6272,0.18);
#6272 = AXIS2_PLACEMENT_2D('',#6273,#6274);
#6273 = CARTESIAN_POINT('',(0.,0.));
#6274 = DIRECTION('',(1.,0.));
#6275 = ( GEOMETRIC_REPRESENTATION_CONTEXT(2) 
PARAMETRIC_REPRESENTATION_CONTEXT() REPRESENTATION_CONTEXT('2D SPACE',''
  ) );
#6276 = ORIENTED_EDGE('',*,*,#6227,.T.);
#6277 = ADVANCED_FACE('',(#6278),#6215,.T.);
#6278 = FACE_BOUND('',#6279,.T.);
#6279 = EDGE_LOOP('',(#6280));
#6280 = ORIENTED_EDGE('',*,*,#6193,.T.);
#6281 = ADVANCED_FACE('',(#6282),#6265,.F.);
#6282 = FACE_BOUND('',#6283,.T.);
#6283 = EDGE_LOOP('',(#6284));
#6284 = ORIENTED_EDGE('',*,*,#6250,.F.);
#6285 = ( GEOMETRIC_REPRESENTATION_CONTEXT(3) 
GLOBAL_UNCERTAINTY_ASSIGNED_CONTEXT((#6289)) 
GLOBAL_UNIT_ASSIGNED_CONTEXT((#6286,#6287,#6288)) REPRESENTATION_CONTEXT
('Context #1','3D Context with UNIT and UNCERTAINTY') );
#6286 = ( LENGTH_UNIT() NAMED_UNIT(*) SI_UNIT(.MILLI.,.METRE.) );
#6287 = ( NAMED_UNIT(*) PLANE_ANGLE_UNIT() SI_UNIT($,.RADIAN.) );
#6288 = ( NAMED_UNIT(*) SI_UNIT($,.STERADIAN.) SOLID_ANGLE_UNIT() );
#6289 = UNCERTAINTY_MEASURE_WITH_UNIT(LENGTH_MEASURE(1.E-07),#6286,
  'distance_accuracy_value','confusion accuracy');
#6290 = CONTEXT_DEPENDENT_SHAPE_REPRESENTATION(#6291,#6293);
#6291 = ( REPRESENTATION_RELATIONSHIP('','',#6186,#10) 
REPRESENTATION_RELATIONSHIP_WITH_TRANSFORMATION(#6292) 
SHAPE_REPRESENTATION_RELATIONSHIP() );
#6292 = ITEM_DEFINED_TRANSFORMATION('','',#11,#23);
#6293 = PRODUCT_DEFINITION_SHAPE('Placement','Placement of an item',
  #6294);
#6294 = NEXT_ASSEMBLY_USAGE_OCCURRENCE('3','Pin1','',#5,#6181,$);
#6295 = PRODUCT_RELATED_PRODUCT_CATEGORY('part',$,(#6183));
#6296 = SHAPE_DEFINITION_REPRESENTATION(#6297,#6303);
#6297 = PRODUCT_DEFINITION_SHAPE('','',#6298);
#6298 = PRODUCT_DEFINITION('design','',#6299,#6302);
#6299 = PRODUCT_DEFINITION_FORMATION('','',#6300);
#6300 = PRODUCT('Marking','Marking','',(#6301));
#6301 = PRODUCT_CONTEXT('',#2,'mechanical');
#6302 = PRODUCT_DEFINITION_CONTEXT('part definition',#2,'design');
#6303 = SHAPE_REPRESENTATION('',(#11,#6304,#6952,#8574,#9688,#10802,
    #11682,#12246,#12888),#13218);
#6304 = MANIFOLD_SOLID_BREP('',#6305);
#6305 = CLOSED_SHELL('',(#6306,#6426,#6504,#6580,#6658,#6736,#6812,#6883
    ,#6930,#6941));
#6306 = ADVANCED_FACE('',(#6307),#6321,.T.);
#6307 = FACE_BOUND('',#6308,.T.);
#6308 = EDGE_LOOP('',(#6309,#6344,#6372,#6400));
#6309 = ORIENTED_EDGE('',*,*,#6310,.T.);
#6310 = EDGE_CURVE('',#6311,#6313,#6315,.T.);
#6311 = VERTEX_POINT('',#6312);
#6312 = CARTESIAN_POINT('',(-0.923205944798,1.900212314225E-02,0.9));
#6313 = VERTEX_POINT('',#6314);
#6314 = CARTESIAN_POINT('',(-0.923205944798,1.900212314225E-02,0.903));
#6315 = SURFACE_CURVE('',#6316,(#6320,#6332),.PCURVE_S1.);
#6316 = LINE('',#6317,#6318);
#6317 = CARTESIAN_POINT('',(-0.923205944798,1.900212314225E-02,0.9));
#6318 = VECTOR('',#6319,1.);
#6319 = DIRECTION('',(0.,0.,1.));
#6320 = PCURVE('',#6321,#6326);
#6321 = PLANE('',#6322);
#6322 = AXIS2_PLACEMENT_3D('',#6323,#6324,#6325);
#6323 = CARTESIAN_POINT('',(-0.923205944798,1.900212314225E-02,0.9));
#6324 = DIRECTION('',(0.,-1.,0.));
#6325 = DIRECTION('',(-1.,0.,0.));
#6326 = DEFINITIONAL_REPRESENTATION('',(#6327),#6331);
#6327 = LINE('',#6328,#6329);
#6328 = CARTESIAN_POINT('',(0.,-0.));
#6329 = VECTOR('',#6330,1.);
#6330 = DIRECTION('',(0.,-1.));
#6331 = ( GEOMETRIC_REPRESENTATION_CONTEXT(2) 
PARAMETRIC_REPRESENTATION_CONTEXT() REPRESENTATION_CONTEXT('2D SPACE',''
  ) );
#6332 = PCURVE('',#6333,#6338);
#6333 = PLANE('',#6334);
#6334 = AXIS2_PLACEMENT_3D('',#6335,#6336,#6337);
#6335 = CARTESIAN_POINT('',(-0.923205944798,0.4891507431,0.9));
#6336 = DIRECTION('',(1.,0.,-0.));
#6337 = DIRECTION('',(0.,-1.,0.));
#6338 = DEFINITIONAL_REPRESENTATION('',(#6339),#6343);
#6339 = LINE('',#6340,#6341);
#6340 = CARTESIAN_POINT('',(0.470148619958,0.));
#6341 = VECTOR('',#6342,1.);
#6342 = DIRECTION('',(0.,-1.));
#6343 = ( GEOMETRIC_REPRESENTATION_CONTEXT(2) 
PARAMETRIC_REPRESENTATION_CONTEXT() REPRESENTATION_CONTEXT('2D SPACE',''
  ) );
#6344 = ORIENTED_EDGE('',*,*,#6345,.T.);
#6345 = EDGE_CURVE('',#6313,#6346,#6348,.T.);
#6346 = VERTEX_POINT('',#6347);
#6347 = CARTESIAN_POINT('',(-1.012696390658,1.900212314225E-02,0.903));
#6348 = SURFACE_CURVE('',#6349,(#6353,#6360),.PCURVE_S1.);
#6349 = LINE('',#6350,#6351);
#6350 = CARTESIAN_POINT('',(-0.923205944798,1.900212314225E-02,0.903));
#6351 = VECTOR('',#6352,1.);
#6352 = DIRECTION('',(-1.,0.,0.));
#6353 = PCURVE('',#6321,#6354);
#6354 = DEFINITIONAL_REPRESENTATION('',(#6355),#6359);
#6355 = LINE('',#6356,#6357);
#6356 = CARTESIAN_POINT('',(0.,-3.E-03));
#6357 = VECTOR('',#6358,1.);
#6358 = DIRECTION('',(1.,0.));
#6359 = ( GEOMETRIC_REPRESENTATION_CONTEXT(2) 
PARAMETRIC_REPRESENTATION_CONTEXT() REPRESENTATION_CONTEXT('2D SPACE',''
  ) );
#6360 = PCURVE('',#6361,#6366);
#6361 = PLANE('',#6362);
#6362 = AXIS2_PLACEMENT_3D('',#6363,#6364,#6365);
#6363 = CARTESIAN_POINT('',(-0.994146682134,0.268276422818,0.903));
#6364 = DIRECTION('',(0.,0.,1.));
#6365 = DIRECTION('',(1.,0.,-0.));
#6366 = DEFINITIONAL_REPRESENTATION('',(#6367),#6371);
#6367 = LINE('',#6368,#6369);
#6368 = CARTESIAN_POINT('',(7.094073733617E-02,-0.249274299676));
#6369 = VECTOR('',#6370,1.);
#6370 = DIRECTION('',(-1.,0.));
#6371 = ( GEOMETRIC_REPRESENTATION_CONTEXT(2) 
PARAMETRIC_REPRESENTATION_CONTEXT() REPRESENTATION_CONTEXT('2D SPACE',''
  ) );
#6372 = ORIENTED_EDGE('',*,*,#6373,.F.);
#6373 = EDGE_CURVE('',#6374,#6346,#6376,.T.);
#6374 = VERTEX_POINT('',#6375);
#6375 = CARTESIAN_POINT('',(-1.012696390658,1.900212314225E-02,0.9));
#6376 = SURFACE_CURVE('',#6377,(#6381,#6388),.PCURVE_S1.);
#6377 = LINE('',#6378,#6379);
#6378 = CARTESIAN_POINT('',(-1.012696390658,1.900212314225E-02,0.9));
#6379 = VECTOR('',#6380,1.);
#6380 = DIRECTION('',(0.,0.,1.));
#6381 = PCURVE('',#6321,#6382);
#6382 = DEFINITIONAL_REPRESENTATION('',(#6383),#6387);
#6383 = LINE('',#6384,#6385);
#6384 = CARTESIAN_POINT('',(8.949044585987E-02,0.));
#6385 = VECTOR('',#6386,1.);
#6386 = DIRECTION('',(0.,-1.));
#6387 = ( GEOMETRIC_REPRESENTATION_CONTEXT(2) 
PARAMETRIC_REPRESENTATION_CONTEXT() REPRESENTATION_CONTEXT('2D SPACE',''
  ) );
#6388 = PCURVE('',#6389,#6394);
#6389 = PLANE('',#6390);
#6390 = AXIS2_PLACEMENT_3D('',#6391,#6392,#6393);
#6391 = CARTESIAN_POINT('',(-1.012696390658,1.900212314225E-02,0.9));
#6392 = DIRECTION('',(-1.,0.,0.));
#6393 = DIRECTION('',(0.,1.,0.));
#6394 = DEFINITIONAL_REPRESENTATION('',(#6395),#6399);
#6395 = LINE('',#6396,#6397);
#6396 = CARTESIAN_POINT('',(0.,0.));
#6397 = VECTOR('',#6398,1.);
#6398 = DIRECTION('',(0.,-1.));
#6399 = ( GEOMETRIC_REPRESENTATION_CONTEXT(2) 
PARAMETRIC_REPRESENTATION_CONTEXT() REPRESENTATION_CONTEXT('2D SPACE',''
  ) );
#6400 = ORIENTED_EDGE('',*,*,#6401,.F.);
#6401 = EDGE_CURVE('',#6311,#6374,#6402,.T.);
#6402 = SURFACE_CURVE('',#6403,(#6407,#6414),.PCURVE_S1.);
#6403 = LINE('',#6404,#6405);
#6404 = CARTESIAN_POINT('',(-0.923205944798,1.900212314225E-02,0.9));
#6405 = VECTOR('',#6406,1.);
#6406 = DIRECTION('',(-1.,0.,0.));
#6407 = PCURVE('',#6321,#6408);
#6408 = DEFINITIONAL_REPRESENTATION('',(#6409),#6413);
#6409 = LINE('',#6410,#6411);
#6410 = CARTESIAN_POINT('',(0.,-0.));
#6411 = VECTOR('',#6412,1.);
#6412 = DIRECTION('',(1.,0.));
#6413 = ( GEOMETRIC_REPRESENTATION_CONTEXT(2) 
PARAMETRIC_REPRESENTATION_CONTEXT() REPRESENTATION_CONTEXT('2D SPACE',''
  ) );
#6414 = PCURVE('',#6415,#6420);
#6415 = PLANE('',#6416);
#6416 = AXIS2_PLACEMENT_3D('',#6417,#6418,#6419);
#6417 = CARTESIAN_POINT('',(-0.994146682134,0.268276422818,0.9));
#6418 = DIRECTION('',(0.,0.,1.));
#6419 = DIRECTION('',(1.,0.,-0.));
#6420 = DEFINITIONAL_REPRESENTATION('',(#6421),#6425);
#6421 = LINE('',#6422,#6423);
#6422 = CARTESIAN_POINT('',(7.094073733617E-02,-0.249274299676));
#6423 = VECTOR('',#6424,1.);
#6424 = DIRECTION('',(-1.,0.));
#6425 = ( GEOMETRIC_REPRESENTATION_CONTEXT(2) 
PARAMETRIC_REPRESENTATION_CONTEXT() REPRESENTATION_CONTEXT('2D SPACE',''
  ) );
#6426 = ADVANCED_FACE('',(#6427),#6389,.T.);
#6427 = FACE_BOUND('',#6428,.T.);
#6428 = EDGE_LOOP('',(#6429,#6430,#6453,#6483));
#6429 = ORIENTED_EDGE('',*,*,#6373,.T.);
#6430 = ORIENTED_EDGE('',*,*,#6431,.T.);
#6431 = EDGE_CURVE('',#6346,#6432,#6434,.T.);
#6432 = VERTEX_POINT('',#6433);
#6433 = CARTESIAN_POINT('',(-1.012696390658,0.357515923567,0.903));
#6434 = SURFACE_CURVE('',#6435,(#6439,#6446),.PCURVE_S1.);
#6435 = LINE('',#6436,#6437);
#6436 = CARTESIAN_POINT('',(-1.012696390658,1.900212314225E-02,0.903));
#6437 = VECTOR('',#6438,1.);
#6438 = DIRECTION('',(0.,1.,0.));
#6439 = PCURVE('',#6389,#6440);
#6440 = DEFINITIONAL_REPRESENTATION('',(#6441),#6445);
#6441 = LINE('',#6442,#6443);
#6442 = CARTESIAN_POINT('',(0.,-3.E-03));
#6443 = VECTOR('',#6444,1.);
#6444 = DIRECTION('',(1.,0.));
#6445 = ( GEOMETRIC_REPRESENTATION_CONTEXT(2) 
PARAMETRIC_REPRESENTATION_CONTEXT() REPRESENTATION_CONTEXT('2D SPACE',''
  ) );
#6446 = PCURVE('',#6361,#6447);
#6447 = DEFINITIONAL_REPRESENTATION('',(#6448),#6452);
#6448 = LINE('',#6449,#6450);
#6449 = CARTESIAN_POINT('',(-1.85497085237E-02,-0.249274299676));
#6450 = VECTOR('',#6451,1.);
#6451 = DIRECTION('',(0.,1.));
#6452 = ( GEOMETRIC_REPRESENTATION_CONTEXT(2) 
PARAMETRIC_REPRESENTATION_CONTEXT() REPRESENTATION_CONTEXT('2D SPACE',''
  ) );
#6453 = ORIENTED_EDGE('',*,*,#6454,.F.);
#6454 = EDGE_CURVE('',#6455,#6432,#6457,.T.);
#6455 = VERTEX_POINT('',#6456);
#6456 = CARTESIAN_POINT('',(-1.012696390658,0.357515923567,0.9));
#6457 = SURFACE_CURVE('',#6458,(#6462,#6469),.PCURVE_S1.);
#6458 = LINE('',#6459,#6460);
#6459 = CARTESIAN_POINT('',(-1.012696390658,0.357515923567,0.9));
#6460 = VECTOR('',#6461,1.);
#6461 = DIRECTION('',(0.,0.,1.));
#6462 = PCURVE('',#6389,#6463);
#6463 = DEFINITIONAL_REPRESENTATION('',(#6464),#6468);
#6464 = LINE('',#6465,#6466);
#6465 = CARTESIAN_POINT('',(0.338513800425,0.));
#6466 = VECTOR('',#6467,1.);
#6467 = DIRECTION('',(0.,-1.));
#6468 = ( GEOMETRIC_REPRESENTATION_CONTEXT(2) 
PARAMETRIC_REPRESENTATION_CONTEXT() REPRESENTATION_CONTEXT('2D SPACE',''
  ) );
#6469 = PCURVE('',#6470,#6477);
#6470 = SURFACE_OF_LINEAR_EXTRUSION('',#6471,#6475);
#6471 = B_SPLINE_CURVE_WITH_KNOTS('',2,(#6472,#6473,#6474),
  .UNSPECIFIED.,.F.,.F.,(3,3),(0.,1.),.PIECEWISE_BEZIER_KNOTS.);
#6472 = CARTESIAN_POINT('',(-1.012696390658,0.357515923567,0.9));
#6473 = CARTESIAN_POINT('',(-1.061740976645,0.311464968153,0.9));
#6474 = CARTESIAN_POINT('',(-1.1283014862,0.28940552017,0.9));
#6475 = VECTOR('',#6476,1.);
#6476 = DIRECTION('',(-0.,-0.,-1.));
#6477 = DEFINITIONAL_REPRESENTATION('',(#6478),#6482);
#6478 = LINE('',#6479,#6480);
#6479 = CARTESIAN_POINT('',(0.,0.));
#6480 = VECTOR('',#6481,1.);
#6481 = DIRECTION('',(0.,-1.));
#6482 = ( GEOMETRIC_REPRESENTATION_CONTEXT(2) 
PARAMETRIC_REPRESENTATION_CONTEXT() REPRESENTATION_CONTEXT('2D SPACE',''
  ) );
#6483 = ORIENTED_EDGE('',*,*,#6484,.F.);
#6484 = EDGE_CURVE('',#6374,#6455,#6485,.T.);
#6485 = SURFACE_CURVE('',#6486,(#6490,#6497),.PCURVE_S1.);
#6486 = LINE('',#6487,#6488);
#6487 = CARTESIAN_POINT('',(-1.012696390658,1.900212314225E-02,0.9));
#6488 = VECTOR('',#6489,1.);
#6489 = DIRECTION('',(0.,1.,0.));
#6490 = PCURVE('',#6389,#6491);
#6491 = DEFINITIONAL_REPRESENTATION('',(#6492),#6496);
#6492 = LINE('',#6493,#6494);
#6493 = CARTESIAN_POINT('',(0.,0.));
#6494 = VECTOR('',#6495,1.);
#6495 = DIRECTION('',(1.,0.));
#6496 = ( GEOMETRIC_REPRESENTATION_CONTEXT(2) 
PARAMETRIC_REPRESENTATION_CONTEXT() REPRESENTATION_CONTEXT('2D SPACE',''
  ) );
#6497 = PCURVE('',#6415,#6498);
#6498 = DEFINITIONAL_REPRESENTATION('',(#6499),#6503);
#6499 = LINE('',#6500,#6501);
#6500 = CARTESIAN_POINT('',(-1.85497085237E-02,-0.249274299676));
#6501 = VECTOR('',#6502,1.);
#6502 = DIRECTION('',(0.,1.));
#6503 = ( GEOMETRIC_REPRESENTATION_CONTEXT(2) 
PARAMETRIC_REPRESENTATION_CONTEXT() REPRESENTATION_CONTEXT('2D SPACE',''
  ) );
#6504 = ADVANCED_FACE('',(#6505),#6470,.T.);
#6505 = FACE_BOUND('',#6506,.T.);
#6506 = EDGE_LOOP('',(#6507,#6508,#6531,#6559));
#6507 = ORIENTED_EDGE('',*,*,#6454,.T.);
#6508 = ORIENTED_EDGE('',*,*,#6509,.T.);
#6509 = EDGE_CURVE('',#6432,#6510,#6512,.T.);
#6510 = VERTEX_POINT('',#6511);
#6511 = CARTESIAN_POINT('',(-1.1283014862,0.28940552017,0.903));
#6512 = SURFACE_CURVE('',#6513,(#6517,#6524),.PCURVE_S1.);
#6513 = B_SPLINE_CURVE_WITH_KNOTS('',2,(#6514,#6515,#6516),
  .UNSPECIFIED.,.F.,.F.,(3,3),(0.,1.),.PIECEWISE_BEZIER_KNOTS.);
#6514 = CARTESIAN_POINT('',(-1.012696390658,0.357515923567,0.903));
#6515 = CARTESIAN_POINT('',(-1.061740976645,0.311464968153,0.903));
#6516 = CARTESIAN_POINT('',(-1.1283014862,0.28940552017,0.903));
#6517 = PCURVE('',#6470,#6518);
#6518 = DEFINITIONAL_REPRESENTATION('',(#6519),#6523);
#6519 = LINE('',#6520,#6521);
#6520 = CARTESIAN_POINT('',(0.,-3.E-03));
#6521 = VECTOR('',#6522,1.);
#6522 = DIRECTION('',(1.,0.));
#6523 = ( GEOMETRIC_REPRESENTATION_CONTEXT(2) 
PARAMETRIC_REPRESENTATION_CONTEXT() REPRESENTATION_CONTEXT('2D SPACE',''
  ) );
#6524 = PCURVE('',#6361,#6525);
#6525 = DEFINITIONAL_REPRESENTATION('',(#6526),#6530);
#6526 = B_SPLINE_CURVE_WITH_KNOTS('',2,(#6527,#6528,#6529),
  .UNSPECIFIED.,.F.,.F.,(3,3),(0.,1.),.PIECEWISE_BEZIER_KNOTS.);
#6527 = CARTESIAN_POINT('',(-1.85497085237E-02,8.923950074897E-02));
#6528 = CARTESIAN_POINT('',(-6.759429451096E-02,4.318854533495E-02));
#6529 = CARTESIAN_POINT('',(-0.134154804065,2.112909735194E-02));
#6530 = ( GEOMETRIC_REPRESENTATION_CONTEXT(2) 
PARAMETRIC_REPRESENTATION_CONTEXT() REPRESENTATION_CONTEXT('2D SPACE',''
  ) );
#6531 = ORIENTED_EDGE('',*,*,#6532,.F.);
#6532 = EDGE_CURVE('',#6533,#6510,#6535,.T.);
#6533 = VERTEX_POINT('',#6534);
#6534 = CARTESIAN_POINT('',(-1.1283014862,0.28940552017,0.9));
#6535 = SURFACE_CURVE('',#6536,(#6540,#6547),.PCURVE_S1.);
#6536 = LINE('',#6537,#6538);
#6537 = CARTESIAN_POINT('',(-1.1283014862,0.28940552017,0.9));
#6538 = VECTOR('',#6539,1.);
#6539 = DIRECTION('',(0.,0.,1.));
#6540 = PCURVE('',#6470,#6541);
#6541 = DEFINITIONAL_REPRESENTATION('',(#6542),#6546);
#6542 = LINE('',#6543,#6544);
#6543 = CARTESIAN_POINT('',(1.,0.));
#6544 = VECTOR('',#6545,1.);
#6545 = DIRECTION('',(0.,-1.));
#6546 = ( GEOMETRIC_REPRESENTATION_CONTEXT(2) 
PARAMETRIC_REPRESENTATION_CONTEXT() REPRESENTATION_CONTEXT('2D SPACE',''
  ) );
#6547 = PCURVE('',#6548,#6553);
#6548 = PLANE('',#6549);
#6549 = AXIS2_PLACEMENT_3D('',#6550,#6551,#6552);
#6550 = CARTESIAN_POINT('',(-1.1283014862,0.28940552017,0.9));
#6551 = DIRECTION('',(-1.,0.,0.));
#6552 = DIRECTION('',(0.,1.,0.));
#6553 = DEFINITIONAL_REPRESENTATION('',(#6554),#6558);
#6554 = LINE('',#6555,#6556);
#6555 = CARTESIAN_POINT('',(0.,0.));
#6556 = VECTOR('',#6557,1.);
#6557 = DIRECTION('',(0.,-1.));
#6558 = ( GEOMETRIC_REPRESENTATION_CONTEXT(2) 
PARAMETRIC_REPRESENTATION_CONTEXT() REPRESENTATION_CONTEXT('2D SPACE',''
  ) );
#6559 = ORIENTED_EDGE('',*,*,#6560,.F.);
#6560 = EDGE_CURVE('',#6455,#6533,#6561,.T.);
#6561 = SURFACE_CURVE('',#6562,(#6566,#6573),.PCURVE_S1.);
#6562 = B_SPLINE_CURVE_WITH_KNOTS('',2,(#6563,#6564,#6565),
  .UNSPECIFIED.,.F.,.F.,(3,3),(0.,1.),.PIECEWISE_BEZIER_KNOTS.);
#6563 = CARTESIAN_POINT('',(-1.012696390658,0.357515923567,0.9));
#6564 = CARTESIAN_POINT('',(-1.061740976645,0.311464968153,0.9));
#6565 = CARTESIAN_POINT('',(-1.1283014862,0.28940552017,0.9));
#6566 = PCURVE('',#6470,#6567);
#6567 = DEFINITIONAL_REPRESENTATION('',(#6568),#6572);
#6568 = LINE('',#6569,#6570);
#6569 = CARTESIAN_POINT('',(0.,0.));
#6570 = VECTOR('',#6571,1.);
#6571 = DIRECTION('',(1.,0.));
#6572 = ( GEOMETRIC_REPRESENTATION_CONTEXT(2) 
PARAMETRIC_REPRESENTATION_CONTEXT() REPRESENTATION_CONTEXT('2D SPACE',''
  ) );
#6573 = PCURVE('',#6415,#6574);
#6574 = DEFINITIONAL_REPRESENTATION('',(#6575),#6579);
#6575 = B_SPLINE_CURVE_WITH_KNOTS('',2,(#6576,#6577,#6578),
  .UNSPECIFIED.,.F.,.F.,(3,3),(0.,1.),.PIECEWISE_BEZIER_KNOTS.);
#6576 = CARTESIAN_POINT('',(-1.85497085237E-02,8.923950074897E-02));
#6577 = CARTESIAN_POINT('',(-6.759429451096E-02,4.318854533495E-02));
#6578 = CARTESIAN_POINT('',(-0.134154804065,2.112909735194E-02));
#6579 = ( GEOMETRIC_REPRESENTATION_CONTEXT(2) 
PARAMETRIC_REPRESENTATION_CONTEXT() REPRESENTATION_CONTEXT('2D SPACE',''
  ) );
#6580 = ADVANCED_FACE('',(#6581),#6548,.T.);
#6581 = FACE_BOUND('',#6582,.T.);
#6582 = EDGE_LOOP('',(#6583,#6584,#6607,#6637));
#6583 = ORIENTED_EDGE('',*,*,#6532,.T.);
#6584 = ORIENTED_EDGE('',*,*,#6585,.T.);
#6585 = EDGE_CURVE('',#6510,#6586,#6588,.T.);
#6586 = VERTEX_POINT('',#6587);
#6587 = CARTESIAN_POINT('',(-1.1283014862,0.37093418259,0.903));
#6588 = SURFACE_CURVE('',#6589,(#6593,#6600),.PCURVE_S1.);
#6589 = LINE('',#6590,#6591);
#6590 = CARTESIAN_POINT('',(-1.1283014862,0.28940552017,0.903));
#6591 = VECTOR('',#6592,1.);
#6592 = DIRECTION('',(0.,1.,0.));
#6593 = PCURVE('',#6548,#6594);
#6594 = DEFINITIONAL_REPRESENTATION('',(#6595),#6599);
#6595 = LINE('',#6596,#6597);
#6596 = CARTESIAN_POINT('',(0.,-3.E-03));
#6597 = VECTOR('',#6598,1.);
#6598 = DIRECTION('',(1.,0.));
#6599 = ( GEOMETRIC_REPRESENTATION_CONTEXT(2) 
PARAMETRIC_REPRESENTATION_CONTEXT() REPRESENTATION_CONTEXT('2D SPACE',''
  ) );
#6600 = PCURVE('',#6361,#6601);
#6601 = DEFINITIONAL_REPRESENTATION('',(#6602),#6606);
#6602 = LINE('',#6603,#6604);
#6603 = CARTESIAN_POINT('',(-0.134154804065,2.112909735194E-02));
#6604 = VECTOR('',#6605,1.);
#6605 = DIRECTION('',(0.,1.));
#6606 = ( GEOMETRIC_REPRESENTATION_CONTEXT(2) 
PARAMETRIC_REPRESENTATION_CONTEXT() REPRESENTATION_CONTEXT('2D SPACE',''
  ) );
#6607 = ORIENTED_EDGE('',*,*,#6608,.F.);
#6608 = EDGE_CURVE('',#6609,#6586,#6611,.T.);
#6609 = VERTEX_POINT('',#6610);
#6610 = CARTESIAN_POINT('',(-1.1283014862,0.37093418259,0.9));
#6611 = SURFACE_CURVE('',#6612,(#6616,#6623),.PCURVE_S1.);
#6612 = LINE('',#6613,#6614);
#6613 = CARTESIAN_POINT('',(-1.1283014862,0.37093418259,0.9));
#6614 = VECTOR('',#6615,1.);
#6615 = DIRECTION('',(0.,0.,1.));
#6616 = PCURVE('',#6548,#6617);
#6617 = DEFINITIONAL_REPRESENTATION('',(#6618),#6622);
#6618 = LINE('',#6619,#6620);
#6619 = CARTESIAN_POINT('',(8.152866242038E-02,0.));
#6620 = VECTOR('',#6621,1.);
#6621 = DIRECTION('',(0.,-1.));
#6622 = ( GEOMETRIC_REPRESENTATION_CONTEXT(2) 
PARAMETRIC_REPRESENTATION_CONTEXT() REPRESENTATION_CONTEXT('2D SPACE',''
  ) );
#6623 = PCURVE('',#6624,#6631);
#6624 = SURFACE_OF_LINEAR_EXTRUSION('',#6625,#6629);
#6625 = B_SPLINE_CURVE_WITH_KNOTS('',2,(#6626,#6627,#6628),
  .UNSPECIFIED.,.F.,.F.,(3,3),(0.,1.),.PIECEWISE_BEZIER_KNOTS.);
#6626 = CARTESIAN_POINT('',(-1.1283014862,0.37093418259,0.9));
#6627 = CARTESIAN_POINT('',(-1.093269639066,0.382399150743,0.9));
#6628 = CARTESIAN_POINT('',(-1.052186836518,0.414416135881,0.9));
#6629 = VECTOR('',#6630,1.);
#6630 = DIRECTION('',(-0.,-0.,-1.));
#6631 = DEFINITIONAL_REPRESENTATION('',(#6632),#6636);
#6632 = LINE('',#6633,#6634);
#6633 = CARTESIAN_POINT('',(0.,0.));
#6634 = VECTOR('',#6635,1.);
#6635 = DIRECTION('',(0.,-1.));
#6636 = ( GEOMETRIC_REPRESENTATION_CONTEXT(2) 
PARAMETRIC_REPRESENTATION_CONTEXT() REPRESENTATION_CONTEXT('2D SPACE',''
  ) );
#6637 = ORIENTED_EDGE('',*,*,#6638,.F.);
#6638 = EDGE_CURVE('',#6533,#6609,#6639,.T.);
#6639 = SURFACE_CURVE('',#6640,(#6644,#6651),.PCURVE_S1.);
#6640 = LINE('',#6641,#6642);
#6641 = CARTESIAN_POINT('',(-1.1283014862,0.28940552017,0.9));
#6642 = VECTOR('',#6643,1.);
#6643 = DIRECTION('',(0.,1.,0.));
#6644 = PCURVE('',#6548,#6645);
#6645 = DEFINITIONAL_REPRESENTATION('',(#6646),#6650);
#6646 = LINE('',#6647,#6648);
#6647 = CARTESIAN_POINT('',(0.,0.));
#6648 = VECTOR('',#6649,1.);
#6649 = DIRECTION('',(1.,0.));
#6650 = ( GEOMETRIC_REPRESENTATION_CONTEXT(2) 
PARAMETRIC_REPRESENTATION_CONTEXT() REPRESENTATION_CONTEXT('2D SPACE',''
  ) );
#6651 = PCURVE('',#6415,#6652);
#6652 = DEFINITIONAL_REPRESENTATION('',(#6653),#6657);
#6653 = LINE('',#6654,#6655);
#6654 = CARTESIAN_POINT('',(-0.134154804065,2.112909735194E-02));
#6655 = VECTOR('',#6656,1.);
#6656 = DIRECTION('',(0.,1.));
#6657 = ( GEOMETRIC_REPRESENTATION_CONTEXT(2) 
PARAMETRIC_REPRESENTATION_CONTEXT() REPRESENTATION_CONTEXT('2D SPACE',''
  ) );
#6658 = ADVANCED_FACE('',(#6659),#6624,.T.);
#6659 = FACE_BOUND('',#6660,.T.);
#6660 = EDGE_LOOP('',(#6661,#6662,#6685,#6715));
#6661 = ORIENTED_EDGE('',*,*,#6608,.T.);
#6662 = ORIENTED_EDGE('',*,*,#6663,.T.);
#6663 = EDGE_CURVE('',#6586,#6664,#6666,.T.);
#6664 = VERTEX_POINT('',#6665);
#6665 = CARTESIAN_POINT('',(-1.052186836518,0.414416135881,0.903));
#6666 = SURFACE_CURVE('',#6667,(#6671,#6678),.PCURVE_S1.);
#6667 = B_SPLINE_CURVE_WITH_KNOTS('',2,(#6668,#6669,#6670),
  .UNSPECIFIED.,.F.,.F.,(3,3),(0.,1.),.PIECEWISE_BEZIER_KNOTS.);
#6668 = CARTESIAN_POINT('',(-1.1283014862,0.37093418259,0.903));
#6669 = CARTESIAN_POINT('',(-1.093269639066,0.382399150743,0.903));
#6670 = CARTESIAN_POINT('',(-1.052186836518,0.414416135881,0.903));
#6671 = PCURVE('',#6624,#6672);
#6672 = DEFINITIONAL_REPRESENTATION('',(#6673),#6677);
#6673 = LINE('',#6674,#6675);
#6674 = CARTESIAN_POINT('',(0.,-3.E-03));
#6675 = VECTOR('',#6676,1.);
#6676 = DIRECTION('',(1.,0.));
#6677 = ( GEOMETRIC_REPRESENTATION_CONTEXT(2) 
PARAMETRIC_REPRESENTATION_CONTEXT() REPRESENTATION_CONTEXT('2D SPACE',''
  ) );
#6678 = PCURVE('',#6361,#6679);
#6679 = DEFINITIONAL_REPRESENTATION('',(#6680),#6684);
#6680 = B_SPLINE_CURVE_WITH_KNOTS('',2,(#6681,#6682,#6683),
  .UNSPECIFIED.,.F.,.F.,(3,3),(0.,1.),.PIECEWISE_BEZIER_KNOTS.);
#6681 = CARTESIAN_POINT('',(-0.134154804065,0.102657759772));
#6682 = CARTESIAN_POINT('',(-9.912295693134E-02,0.114122727925));
#6683 = CARTESIAN_POINT('',(-5.804015438357E-02,0.146139713063));
#6684 = ( GEOMETRIC_REPRESENTATION_CONTEXT(2) 
PARAMETRIC_REPRESENTATION_CONTEXT() REPRESENTATION_CONTEXT('2D SPACE',''
  ) );
#6685 = ORIENTED_EDGE('',*,*,#6686,.F.);
#6686 = EDGE_CURVE('',#6687,#6664,#6689,.T.);
#6687 = VERTEX_POINT('',#6688);
#6688 = CARTESIAN_POINT('',(-1.052186836518,0.414416135881,0.9));
#6689 = SURFACE_CURVE('',#6690,(#6694,#6701),.PCURVE_S1.);
#6690 = LINE('',#6691,#6692);
#6691 = CARTESIAN_POINT('',(-1.052186836518,0.414416135881,0.9));
#6692 = VECTOR('',#6693,1.);
#6693 = DIRECTION('',(0.,0.,1.));
#6694 = PCURVE('',#6624,#6695);
#6695 = DEFINITIONAL_REPRESENTATION('',(#6696),#6700);
#6696 = LINE('',#6697,#6698);
#6697 = CARTESIAN_POINT('',(1.,0.));
#6698 = VECTOR('',#6699,1.);
#6699 = DIRECTION('',(0.,-1.));
#6700 = ( GEOMETRIC_REPRESENTATION_CONTEXT(2) 
PARAMETRIC_REPRESENTATION_CONTEXT() REPRESENTATION_CONTEXT('2D SPACE',''
  ) );
#6701 = PCURVE('',#6702,#6709);
#6702 = SURFACE_OF_LINEAR_EXTRUSION('',#6703,#6707);
#6703 = B_SPLINE_CURVE_WITH_KNOTS('',2,(#6704,#6705,#6706),
  .UNSPECIFIED.,.F.,.F.,(3,3),(0.,1.),.PIECEWISE_BEZIER_KNOTS.);
#6704 = CARTESIAN_POINT('',(-1.052186836518,0.414416135881,0.9));
#6705 = CARTESIAN_POINT('',(-1.01110403397,0.446454352442,0.9));
#6706 = CARTESIAN_POINT('',(-0.995817409766,0.4891507431,0.9));
#6707 = VECTOR('',#6708,1.);
#6708 = DIRECTION('',(-0.,-0.,-1.));
#6709 = DEFINITIONAL_REPRESENTATION('',(#6710),#6714);
#6710 = LINE('',#6711,#6712);
#6711 = CARTESIAN_POINT('',(0.,0.));
#6712 = VECTOR('',#6713,1.);
#6713 = DIRECTION('',(0.,-1.));
#6714 = ( GEOMETRIC_REPRESENTATION_CONTEXT(2) 
PARAMETRIC_REPRESENTATION_CONTEXT() REPRESENTATION_CONTEXT('2D SPACE',''
  ) );
#6715 = ORIENTED_EDGE('',*,*,#6716,.F.);
#6716 = EDGE_CURVE('',#6609,#6687,#6717,.T.);
#6717 = SURFACE_CURVE('',#6718,(#6722,#6729),.PCURVE_S1.);
#6718 = B_SPLINE_CURVE_WITH_KNOTS('',2,(#6719,#6720,#6721),
  .UNSPECIFIED.,.F.,.F.,(3,3),(0.,1.),.PIECEWISE_BEZIER_KNOTS.);
#6719 = CARTESIAN_POINT('',(-1.1283014862,0.37093418259,0.9));
#6720 = CARTESIAN_POINT('',(-1.093269639066,0.382399150743,0.9));
#6721 = CARTESIAN_POINT('',(-1.052186836518,0.414416135881,0.9));
#6722 = PCURVE('',#6624,#6723);
#6723 = DEFINITIONAL_REPRESENTATION('',(#6724),#6728);
#6724 = LINE('',#6725,#6726);
#6725 = CARTESIAN_POINT('',(0.,0.));
#6726 = VECTOR('',#6727,1.);
#6727 = DIRECTION('',(1.,0.));
#6728 = ( GEOMETRIC_REPRESENTATION_CONTEXT(2) 
PARAMETRIC_REPRESENTATION_CONTEXT() REPRESENTATION_CONTEXT('2D SPACE',''
  ) );
#6729 = PCURVE('',#6415,#6730);
#6730 = DEFINITIONAL_REPRESENTATION('',(#6731),#6735);
#6731 = B_SPLINE_CURVE_WITH_KNOTS('',2,(#6732,#6733,#6734),
  .UNSPECIFIED.,.F.,.F.,(3,3),(0.,1.),.PIECEWISE_BEZIER_KNOTS.);
#6732 = CARTESIAN_POINT('',(-0.134154804065,0.102657759772));
#6733 = CARTESIAN_POINT('',(-9.912295693134E-02,0.114122727925));
#6734 = CARTESIAN_POINT('',(-5.804015438357E-02,0.146139713063));
#6735 = ( GEOMETRIC_REPRESENTATION_CONTEXT(2) 
PARAMETRIC_REPRESENTATION_CONTEXT() REPRESENTATION_CONTEXT('2D SPACE',''
  ) );
#6736 = ADVANCED_FACE('',(#6737),#6702,.T.);
#6737 = FACE_BOUND('',#6738,.T.);
#6738 = EDGE_LOOP('',(#6739,#6740,#6763,#6791));
#6739 = ORIENTED_EDGE('',*,*,#6686,.T.);
#6740 = ORIENTED_EDGE('',*,*,#6741,.T.);
#6741 = EDGE_CURVE('',#6664,#6742,#6744,.T.);
#6742 = VERTEX_POINT('',#6743);
#6743 = CARTESIAN_POINT('',(-0.995817409766,0.4891507431,0.903));
#6744 = SURFACE_CURVE('',#6745,(#6749,#6756),.PCURVE_S1.);
#6745 = B_SPLINE_CURVE_WITH_KNOTS('',2,(#6746,#6747,#6748),
  .UNSPECIFIED.,.F.,.F.,(3,3),(0.,1.),.PIECEWISE_BEZIER_KNOTS.);
#6746 = CARTESIAN_POINT('',(-1.052186836518,0.414416135881,0.903));
#6747 = CARTESIAN_POINT('',(-1.01110403397,0.446454352442,0.903));
#6748 = CARTESIAN_POINT('',(-0.995817409766,0.4891507431,0.903));
#6749 = PCURVE('',#6702,#6750);
#6750 = DEFINITIONAL_REPRESENTATION('',(#6751),#6755);
#6751 = LINE('',#6752,#6753);
#6752 = CARTESIAN_POINT('',(0.,-3.E-03));
#6753 = VECTOR('',#6754,1.);
#6754 = DIRECTION('',(1.,0.));
#6755 = ( GEOMETRIC_REPRESENTATION_CONTEXT(2) 
PARAMETRIC_REPRESENTATION_CONTEXT() REPRESENTATION_CONTEXT('2D SPACE',''
  ) );
#6756 = PCURVE('',#6361,#6757);
#6757 = DEFINITIONAL_REPRESENTATION('',(#6758),#6762);
#6758 = B_SPLINE_CURVE_WITH_KNOTS('',2,(#6759,#6760,#6761),
  .UNSPECIFIED.,.F.,.F.,(3,3),(0.,1.),.PIECEWISE_BEZIER_KNOTS.);
#6759 = CARTESIAN_POINT('',(-5.804015438357E-02,0.146139713063));
#6760 = CARTESIAN_POINT('',(-1.69573518358E-02,0.178177929624));
#6761 = CARTESIAN_POINT('',(-1.670727631981E-03,0.220874320282));
#6762 = ( GEOMETRIC_REPRESENTATION_CONTEXT(2) 
PARAMETRIC_REPRESENTATION_CONTEXT() REPRESENTATION_CONTEXT('2D SPACE',''
  ) );
#6763 = ORIENTED_EDGE('',*,*,#6764,.F.);
#6764 = EDGE_CURVE('',#6765,#6742,#6767,.T.);
#6765 = VERTEX_POINT('',#6766);
#6766 = CARTESIAN_POINT('',(-0.995817409766,0.4891507431,0.9));
#6767 = SURFACE_CURVE('',#6768,(#6772,#6779),.PCURVE_S1.);
#6768 = LINE('',#6769,#6770);
#6769 = CARTESIAN_POINT('',(-0.995817409766,0.4891507431,0.9));
#6770 = VECTOR('',#6771,1.);
#6771 = DIRECTION('',(0.,0.,1.));
#6772 = PCURVE('',#6702,#6773);
#6773 = DEFINITIONAL_REPRESENTATION('',(#6774),#6778);
#6774 = LINE('',#6775,#6776);
#6775 = CARTESIAN_POINT('',(1.,0.));
#6776 = VECTOR('',#6777,1.);
#6777 = DIRECTION('',(0.,-1.));
#6778 = ( GEOMETRIC_REPRESENTATION_CONTEXT(2) 
PARAMETRIC_REPRESENTATION_CONTEXT() REPRESENTATION_CONTEXT('2D SPACE',''
  ) );
#6779 = PCURVE('',#6780,#6785);
#6780 = PLANE('',#6781);
#6781 = AXIS2_PLACEMENT_3D('',#6782,#6783,#6784);
#6782 = CARTESIAN_POINT('',(-0.995817409766,0.4891507431,0.9));
#6783 = DIRECTION('',(0.,1.,0.));
#6784 = DIRECTION('',(1.,0.,0.));
#6785 = DEFINITIONAL_REPRESENTATION('',(#6786),#6790);
#6786 = LINE('',#6787,#6788);
#6787 = CARTESIAN_POINT('',(0.,0.));
#6788 = VECTOR('',#6789,1.);
#6789 = DIRECTION('',(0.,-1.));
#6790 = ( GEOMETRIC_REPRESENTATION_CONTEXT(2) 
PARAMETRIC_REPRESENTATION_CONTEXT() REPRESENTATION_CONTEXT('2D SPACE',''
  ) );
#6791 = ORIENTED_EDGE('',*,*,#6792,.F.);
#6792 = EDGE_CURVE('',#6687,#6765,#6793,.T.);
#6793 = SURFACE_CURVE('',#6794,(#6798,#6805),.PCURVE_S1.);
#6794 = B_SPLINE_CURVE_WITH_KNOTS('',2,(#6795,#6796,#6797),
  .UNSPECIFIED.,.F.,.F.,(3,3),(0.,1.),.PIECEWISE_BEZIER_KNOTS.);
#6795 = CARTESIAN_POINT('',(-1.052186836518,0.414416135881,0.9));
#6796 = CARTESIAN_POINT('',(-1.01110403397,0.446454352442,0.9));
#6797 = CARTESIAN_POINT('',(-0.995817409766,0.4891507431,0.9));
#6798 = PCURVE('',#6702,#6799);
#6799 = DEFINITIONAL_REPRESENTATION('',(#6800),#6804);
#6800 = LINE('',#6801,#6802);
#6801 = CARTESIAN_POINT('',(0.,0.));
#6802 = VECTOR('',#6803,1.);
#6803 = DIRECTION('',(1.,0.));
#6804 = ( GEOMETRIC_REPRESENTATION_CONTEXT(2) 
PARAMETRIC_REPRESENTATION_CONTEXT() REPRESENTATION_CONTEXT('2D SPACE',''
  ) );
#6805 = PCURVE('',#6415,#6806);
#6806 = DEFINITIONAL_REPRESENTATION('',(#6807),#6811);
#6807 = B_SPLINE_CURVE_WITH_KNOTS('',2,(#6808,#6809,#6810),
  .UNSPECIFIED.,.F.,.F.,(3,3),(0.,1.),.PIECEWISE_BEZIER_KNOTS.);
#6808 = CARTESIAN_POINT('',(-5.804015438357E-02,0.146139713063));
#6809 = CARTESIAN_POINT('',(-1.69573518358E-02,0.178177929624));
#6810 = CARTESIAN_POINT('',(-1.670727631981E-03,0.220874320282));
#6811 = ( GEOMETRIC_REPRESENTATION_CONTEXT(2) 
PARAMETRIC_REPRESENTATION_CONTEXT() REPRESENTATION_CONTEXT('2D SPACE',''
  ) );
#6812 = ADVANCED_FACE('',(#6813),#6780,.T.);
#6813 = FACE_BOUND('',#6814,.T.);
#6814 = EDGE_LOOP('',(#6815,#6816,#6839,#6862));
#6815 = ORIENTED_EDGE('',*,*,#6764,.T.);
#6816 = ORIENTED_EDGE('',*,*,#6817,.T.);
#6817 = EDGE_CURVE('',#6742,#6818,#6820,.T.);
#6818 = VERTEX_POINT('',#6819);
#6819 = CARTESIAN_POINT('',(-0.923205944798,0.4891507431,0.903));
#6820 = SURFACE_CURVE('',#6821,(#6825,#6832),.PCURVE_S1.);
#6821 = LINE('',#6822,#6823);
#6822 = CARTESIAN_POINT('',(-0.995817409766,0.4891507431,0.903));
#6823 = VECTOR('',#6824,1.);
#6824 = DIRECTION('',(1.,0.,0.));
#6825 = PCURVE('',#6780,#6826);
#6826 = DEFINITIONAL_REPRESENTATION('',(#6827),#6831);
#6827 = LINE('',#6828,#6829);
#6828 = CARTESIAN_POINT('',(0.,-3.E-03));
#6829 = VECTOR('',#6830,1.);
#6830 = DIRECTION('',(1.,0.));
#6831 = ( GEOMETRIC_REPRESENTATION_CONTEXT(2) 
PARAMETRIC_REPRESENTATION_CONTEXT() REPRESENTATION_CONTEXT('2D SPACE',''
  ) );
#6832 = PCURVE('',#6361,#6833);
#6833 = DEFINITIONAL_REPRESENTATION('',(#6834),#6838);
#6834 = LINE('',#6835,#6836);
#6835 = CARTESIAN_POINT('',(-1.670727631981E-03,0.220874320282));
#6836 = VECTOR('',#6837,1.);
#6837 = DIRECTION('',(1.,0.));
#6838 = ( GEOMETRIC_REPRESENTATION_CONTEXT(2) 
PARAMETRIC_REPRESENTATION_CONTEXT() REPRESENTATION_CONTEXT('2D SPACE',''
  ) );
#6839 = ORIENTED_EDGE('',*,*,#6840,.F.);
#6840 = EDGE_CURVE('',#6841,#6818,#6843,.T.);
#6841 = VERTEX_POINT('',#6842);
#6842 = CARTESIAN_POINT('',(-0.923205944798,0.4891507431,0.9));
#6843 = SURFACE_CURVE('',#6844,(#6848,#6855),.PCURVE_S1.);
#6844 = LINE('',#6845,#6846);
#6845 = CARTESIAN_POINT('',(-0.923205944798,0.4891507431,0.9));
#6846 = VECTOR('',#6847,1.);
#6847 = DIRECTION('',(0.,0.,1.));
#6848 = PCURVE('',#6780,#6849);
#6849 = DEFINITIONAL_REPRESENTATION('',(#6850),#6854);
#6850 = LINE('',#6851,#6852);
#6851 = CARTESIAN_POINT('',(7.261146496815E-02,0.));
#6852 = VECTOR('',#6853,1.);
#6853 = DIRECTION('',(0.,-1.));
#6854 = ( GEOMETRIC_REPRESENTATION_CONTEXT(2) 
PARAMETRIC_REPRESENTATION_CONTEXT() REPRESENTATION_CONTEXT('2D SPACE',''
  ) );
#6855 = PCURVE('',#6333,#6856);
#6856 = DEFINITIONAL_REPRESENTATION('',(#6857),#6861);
#6857 = LINE('',#6858,#6859);
#6858 = CARTESIAN_POINT('',(0.,0.));
#6859 = VECTOR('',#6860,1.);
#6860 = DIRECTION('',(0.,-1.));
#6861 = ( GEOMETRIC_REPRESENTATION_CONTEXT(2) 
PARAMETRIC_REPRESENTATION_CONTEXT() REPRESENTATION_CONTEXT('2D SPACE',''
  ) );
#6862 = ORIENTED_EDGE('',*,*,#6863,.F.);
#6863 = EDGE_CURVE('',#6765,#6841,#6864,.T.);
#6864 = SURFACE_CURVE('',#6865,(#6869,#6876),.PCURVE_S1.);
#6865 = LINE('',#6866,#6867);
#6866 = CARTESIAN_POINT('',(-0.995817409766,0.4891507431,0.9));
#6867 = VECTOR('',#6868,1.);
#6868 = DIRECTION('',(1.,0.,0.));
#6869 = PCURVE('',#6780,#6870);
#6870 = DEFINITIONAL_REPRESENTATION('',(#6871),#6875);
#6871 = LINE('',#6872,#6873);
#6872 = CARTESIAN_POINT('',(0.,0.));
#6873 = VECTOR('',#6874,1.);
#6874 = DIRECTION('',(1.,0.));
#6875 = ( GEOMETRIC_REPRESENTATION_CONTEXT(2) 
PARAMETRIC_REPRESENTATION_CONTEXT() REPRESENTATION_CONTEXT('2D SPACE',''
  ) );
#6876 = PCURVE('',#6415,#6877);
#6877 = DEFINITIONAL_REPRESENTATION('',(#6878),#6882);
#6878 = LINE('',#6879,#6880);
#6879 = CARTESIAN_POINT('',(-1.670727631981E-03,0.220874320282));
#6880 = VECTOR('',#6881,1.);
#6881 = DIRECTION('',(1.,0.));
#6882 = ( GEOMETRIC_REPRESENTATION_CONTEXT(2) 
PARAMETRIC_REPRESENTATION_CONTEXT() REPRESENTATION_CONTEXT('2D SPACE',''
  ) );
#6883 = ADVANCED_FACE('',(#6884),#6333,.T.);
#6884 = FACE_BOUND('',#6885,.T.);
#6885 = EDGE_LOOP('',(#6886,#6887,#6908,#6909));
#6886 = ORIENTED_EDGE('',*,*,#6840,.T.);
#6887 = ORIENTED_EDGE('',*,*,#6888,.T.);
#6888 = EDGE_CURVE('',#6818,#6313,#6889,.T.);
#6889 = SURFACE_CURVE('',#6890,(#6894,#6901),.PCURVE_S1.);
#6890 = LINE('',#6891,#6892);
#6891 = CARTESIAN_POINT('',(-0.923205944798,0.4891507431,0.903));
#6892 = VECTOR('',#6893,1.);
#6893 = DIRECTION('',(0.,-1.,-0.));
#6894 = PCURVE('',#6333,#6895);
#6895 = DEFINITIONAL_REPRESENTATION('',(#6896),#6900);
#6896 = LINE('',#6897,#6898);
#6897 = CARTESIAN_POINT('',(0.,-3.E-03));
#6898 = VECTOR('',#6899,1.);
#6899 = DIRECTION('',(1.,0.));
#6900 = ( GEOMETRIC_REPRESENTATION_CONTEXT(2) 
PARAMETRIC_REPRESENTATION_CONTEXT() REPRESENTATION_CONTEXT('2D SPACE',''
  ) );
#6901 = PCURVE('',#6361,#6902);
#6902 = DEFINITIONAL_REPRESENTATION('',(#6903),#6907);
#6903 = LINE('',#6904,#6905);
#6904 = CARTESIAN_POINT('',(7.094073733617E-02,0.220874320282));
#6905 = VECTOR('',#6906,1.);
#6906 = DIRECTION('',(0.,-1.));
#6907 = ( GEOMETRIC_REPRESENTATION_CONTEXT(2) 
PARAMETRIC_REPRESENTATION_CONTEXT() REPRESENTATION_CONTEXT('2D SPACE',''
  ) );
#6908 = ORIENTED_EDGE('',*,*,#6310,.F.);
#6909 = ORIENTED_EDGE('',*,*,#6910,.F.);
#6910 = EDGE_CURVE('',#6841,#6311,#6911,.T.);
#6911 = SURFACE_CURVE('',#6912,(#6916,#6923),.PCURVE_S1.);
#6912 = LINE('',#6913,#6914);
#6913 = CARTESIAN_POINT('',(-0.923205944798,0.4891507431,0.9));
#6914 = VECTOR('',#6915,1.);
#6915 = DIRECTION('',(0.,-1.,-0.));
#6916 = PCURVE('',#6333,#6917);
#6917 = DEFINITIONAL_REPRESENTATION('',(#6918),#6922);
#6918 = LINE('',#6919,#6920);
#6919 = CARTESIAN_POINT('',(0.,0.));
#6920 = VECTOR('',#6921,1.);
#6921 = DIRECTION('',(1.,0.));
#6922 = ( GEOMETRIC_REPRESENTATION_CONTEXT(2) 
PARAMETRIC_REPRESENTATION_CONTEXT() REPRESENTATION_CONTEXT('2D SPACE',''
  ) );
#6923 = PCURVE('',#6415,#6924);
#6924 = DEFINITIONAL_REPRESENTATION('',(#6925),#6929);
#6925 = LINE('',#6926,#6927);
#6926 = CARTESIAN_POINT('',(7.094073733617E-02,0.220874320282));
#6927 = VECTOR('',#6928,1.);
#6928 = DIRECTION('',(0.,-1.));
#6929 = ( GEOMETRIC_REPRESENTATION_CONTEXT(2) 
PARAMETRIC_REPRESENTATION_CONTEXT() REPRESENTATION_CONTEXT('2D SPACE',''
  ) );
#6930 = ADVANCED_FACE('',(#6931),#6415,.F.);
#6931 = FACE_BOUND('',#6932,.T.);
#6932 = EDGE_LOOP('',(#6933,#6934,#6935,#6936,#6937,#6938,#6939,#6940));
#6933 = ORIENTED_EDGE('',*,*,#6401,.T.);
#6934 = ORIENTED_EDGE('',*,*,#6484,.T.);
#6935 = ORIENTED_EDGE('',*,*,#6560,.T.);
#6936 = ORIENTED_EDGE('',*,*,#6638,.T.);
#6937 = ORIENTED_EDGE('',*,*,#6716,.T.);
#6938 = ORIENTED_EDGE('',*,*,#6792,.T.);
#6939 = ORIENTED_EDGE('',*,*,#6863,.T.);
#6940 = ORIENTED_EDGE('',*,*,#6910,.T.);
#6941 = ADVANCED_FACE('',(#6942),#6361,.T.);
#6942 = FACE_BOUND('',#6943,.F.);
#6943 = EDGE_LOOP('',(#6944,#6945,#6946,#6947,#6948,#6949,#6950,#6951));
#6944 = ORIENTED_EDGE('',*,*,#6345,.T.);
#6945 = ORIENTED_EDGE('',*,*,#6431,.T.);
#6946 = ORIENTED_EDGE('',*,*,#6509,.T.);
#6947 = ORIENTED_EDGE('',*,*,#6585,.T.);
#6948 = ORIENTED_EDGE('',*,*,#6663,.T.);
#6949 = ORIENTED_EDGE('',*,*,#6741,.T.);
#6950 = ORIENTED_EDGE('',*,*,#6817,.T.);
#6951 = ORIENTED_EDGE('',*,*,#6888,.T.);
#6952 = MANIFOLD_SOLID_BREP('',#6953);
#6953 = CLOSED_SHELL('',(#6954,#7080,#7158,#7236,#7314,#7392,#7470,#7541
    ,#7588,#7704,#7782,#7860,#7938,#8016,#8094,#8172,#8250,#8328,#8406,
    #8477,#8524,#8549));
#6954 = ADVANCED_FACE('',(#6955),#6969,.T.);
#6955 = FACE_BOUND('',#6956,.T.);
#6956 = EDGE_LOOP('',(#6957,#6996,#7024,#7054));
#6957 = ORIENTED_EDGE('',*,*,#6958,.T.);
#6958 = EDGE_CURVE('',#6959,#6961,#6963,.T.);
#6959 = VERTEX_POINT('',#6960);
#6960 = CARTESIAN_POINT('',(-0.638110403397,0.4891507431,0.9));
#6961 = VERTEX_POINT('',#6962);
#6962 = CARTESIAN_POINT('',(-0.638110403397,0.4891507431,0.903));
#6963 = SURFACE_CURVE('',#6964,(#6968,#6982),.PCURVE_S1.);
#6964 = LINE('',#6965,#6966);
#6965 = CARTESIAN_POINT('',(-0.638110403397,0.4891507431,0.9));
#6966 = VECTOR('',#6967,1.);
#6967 = DIRECTION('',(0.,0.,1.));
#6968 = PCURVE('',#6969,#6976);
#6969 = SURFACE_OF_LINEAR_EXTRUSION('',#6970,#6974);
#6970 = B_SPLINE_CURVE_WITH_KNOTS('',2,(#6971,#6972,#6973),
  .UNSPECIFIED.,.F.,.F.,(3,3),(0.,1.),.PIECEWISE_BEZIER_KNOTS.);
#6971 = CARTESIAN_POINT('',(-0.638110403397,0.4891507431,0.9));
#6972 = CARTESIAN_POINT('',(-0.570276008493,0.4891507431,0.9));
#6973 = CARTESIAN_POINT('',(-0.532059447983,0.44059447983,0.9));
#6974 = VECTOR('',#6975,1.);
#6975 = DIRECTION('',(-0.,-0.,-1.));
#6976 = DEFINITIONAL_REPRESENTATION('',(#6977),#6981);
#6977 = LINE('',#6978,#6979);
#6978 = CARTESIAN_POINT('',(0.,0.));
#6979 = VECTOR('',#6980,1.);
#6980 = DIRECTION('',(0.,-1.));
#6981 = ( GEOMETRIC_REPRESENTATION_CONTEXT(2) 
PARAMETRIC_REPRESENTATION_CONTEXT() REPRESENTATION_CONTEXT('2D SPACE',''
  ) );
#6982 = PCURVE('',#6983,#6990);
#6983 = SURFACE_OF_LINEAR_EXTRUSION('',#6984,#6988);
#6984 = B_SPLINE_CURVE_WITH_KNOTS('',2,(#6985,#6986,#6987),
  .UNSPECIFIED.,.F.,.F.,(3,3),(0.,1.),.PIECEWISE_BEZIER_KNOTS.);
#6985 = CARTESIAN_POINT('',(-0.743842887473,0.441231422505,0.9));
#6986 = CARTESIAN_POINT('',(-0.705944798301,0.4891507431,0.9));
#6987 = CARTESIAN_POINT('',(-0.638110403397,0.4891507431,0.9));
#6988 = VECTOR('',#6989,1.);
#6989 = DIRECTION('',(-0.,-0.,-1.));
#6990 = DEFINITIONAL_REPRESENTATION('',(#6991),#6995);
#6991 = LINE('',#6992,#6993);
#6992 = CARTESIAN_POINT('',(1.,0.));
#6993 = VECTOR('',#6994,1.);
#6994 = DIRECTION('',(0.,-1.));
#6995 = ( GEOMETRIC_REPRESENTATION_CONTEXT(2) 
PARAMETRIC_REPRESENTATION_CONTEXT() REPRESENTATION_CONTEXT('2D SPACE',''
  ) );
#6996 = ORIENTED_EDGE('',*,*,#6997,.T.);
#6997 = EDGE_CURVE('',#6961,#6998,#7000,.T.);
#6998 = VERTEX_POINT('',#6999);
#6999 = CARTESIAN_POINT('',(-0.532059447983,0.44059447983,0.903));
#7000 = SURFACE_CURVE('',#7001,(#7005,#7012),.PCURVE_S1.);
#7001 = B_SPLINE_CURVE_WITH_KNOTS('',2,(#7002,#7003,#7004),
  .UNSPECIFIED.,.F.,.F.,(3,3),(0.,1.),.PIECEWISE_BEZIER_KNOTS.);
#7002 = CARTESIAN_POINT('',(-0.638110403397,0.4891507431,0.903));
#7003 = CARTESIAN_POINT('',(-0.570276008493,0.4891507431,0.903));
#7004 = CARTESIAN_POINT('',(-0.532059447983,0.44059447983,0.903));
#7005 = PCURVE('',#6969,#7006);
#7006 = DEFINITIONAL_REPRESENTATION('',(#7007),#7011);
#7007 = LINE('',#7008,#7009);
#7008 = CARTESIAN_POINT('',(0.,-3.E-03));
#7009 = VECTOR('',#7010,1.);
#7010 = DIRECTION('',(1.,0.));
#7011 = ( GEOMETRIC_REPRESENTATION_CONTEXT(2) 
PARAMETRIC_REPRESENTATION_CONTEXT() REPRESENTATION_CONTEXT('2D SPACE',''
  ) );
#7012 = PCURVE('',#7013,#7018);
#7013 = PLANE('',#7014);
#7014 = AXIS2_PLACEMENT_3D('',#7015,#7016,#7017);
#7015 = CARTESIAN_POINT('',(-0.638205699032,0.249969689421,0.903));
#7016 = DIRECTION('',(0.,0.,1.));
#7017 = DIRECTION('',(1.,0.,-0.));
#7018 = DEFINITIONAL_REPRESENTATION('',(#7019),#7023);
#7019 = B_SPLINE_CURVE_WITH_KNOTS('',2,(#7020,#7021,#7022),
  .UNSPECIFIED.,.F.,.F.,(3,3),(0.,1.),.PIECEWISE_BEZIER_KNOTS.);
#7020 = CARTESIAN_POINT('',(9.529563473432E-05,0.239181053678));
#7021 = CARTESIAN_POINT('',(6.792969053919E-02,0.239181053678));
#7022 = CARTESIAN_POINT('',(0.106146251049,0.190624790409));
#7023 = ( GEOMETRIC_REPRESENTATION_CONTEXT(2) 
PARAMETRIC_REPRESENTATION_CONTEXT() REPRESENTATION_CONTEXT('2D SPACE',''
  ) );
#7024 = ORIENTED_EDGE('',*,*,#7025,.F.);
#7025 = EDGE_CURVE('',#7026,#6998,#7028,.T.);
#7026 = VERTEX_POINT('',#7027);
#7027 = CARTESIAN_POINT('',(-0.532059447983,0.44059447983,0.9));
#7028 = SURFACE_CURVE('',#7029,(#7033,#7040),.PCURVE_S1.);
#7029 = LINE('',#7030,#7031);
#7030 = CARTESIAN_POINT('',(-0.532059447983,0.44059447983,0.9));
#7031 = VECTOR('',#7032,1.);
#7032 = DIRECTION('',(0.,0.,1.));
#7033 = PCURVE('',#6969,#7034);
#7034 = DEFINITIONAL_REPRESENTATION('',(#7035),#7039);
#7035 = LINE('',#7036,#7037);
#7036 = CARTESIAN_POINT('',(1.,0.));
#7037 = VECTOR('',#7038,1.);
#7038 = DIRECTION('',(0.,-1.));
#7039 = ( GEOMETRIC_REPRESENTATION_CONTEXT(2) 
PARAMETRIC_REPRESENTATION_CONTEXT() REPRESENTATION_CONTEXT('2D SPACE',''
  ) );
#7040 = PCURVE('',#7041,#7048);
#7041 = SURFACE_OF_LINEAR_EXTRUSION('',#7042,#7046);
#7042 = B_SPLINE_CURVE_WITH_KNOTS('',2,(#7043,#7044,#7045),
  .UNSPECIFIED.,.F.,.F.,(3,3),(0.,1.),.PIECEWISE_BEZIER_KNOTS.);
#7043 = CARTESIAN_POINT('',(-0.532059447983,0.44059447983,0.9));
#7044 = CARTESIAN_POINT('',(-0.486518046709,0.383078556263,0.9));
#7045 = CARTESIAN_POINT('',(-0.486518046709,0.24983014862,0.9));
#7046 = VECTOR('',#7047,1.);
#7047 = DIRECTION('',(-0.,-0.,-1.));
#7048 = DEFINITIONAL_REPRESENTATION('',(#7049),#7053);
#7049 = LINE('',#7050,#7051);
#7050 = CARTESIAN_POINT('',(0.,0.));
#7051 = VECTOR('',#7052,1.);
#7052 = DIRECTION('',(0.,-1.));
#7053 = ( GEOMETRIC_REPRESENTATION_CONTEXT(2) 
PARAMETRIC_REPRESENTATION_CONTEXT() REPRESENTATION_CONTEXT('2D SPACE',''
  ) );
#7054 = ORIENTED_EDGE('',*,*,#7055,.F.);
#7055 = EDGE_CURVE('',#6959,#7026,#7056,.T.);
#7056 = SURFACE_CURVE('',#7057,(#7061,#7068),.PCURVE_S1.);
#7057 = B_SPLINE_CURVE_WITH_KNOTS('',2,(#7058,#7059,#7060),
  .UNSPECIFIED.,.F.,.F.,(3,3),(0.,1.),.PIECEWISE_BEZIER_KNOTS.);
#7058 = CARTESIAN_POINT('',(-0.638110403397,0.4891507431,0.9));
#7059 = CARTESIAN_POINT('',(-0.570276008493,0.4891507431,0.9));
#7060 = CARTESIAN_POINT('',(-0.532059447983,0.44059447983,0.9));
#7061 = PCURVE('',#6969,#7062);
#7062 = DEFINITIONAL_REPRESENTATION('',(#7063),#7067);
#7063 = LINE('',#7064,#7065);
#7064 = CARTESIAN_POINT('',(0.,0.));
#7065 = VECTOR('',#7066,1.);
#7066 = DIRECTION('',(1.,0.));
#7067 = ( GEOMETRIC_REPRESENTATION_CONTEXT(2) 
PARAMETRIC_REPRESENTATION_CONTEXT() REPRESENTATION_CONTEXT('2D SPACE',''
  ) );
#7068 = PCURVE('',#7069,#7074);
#7069 = PLANE('',#7070);
#7070 = AXIS2_PLACEMENT_3D('',#7071,#7072,#7073);
#7071 = CARTESIAN_POINT('',(-0.638205699032,0.249969689421,0.9));
#7072 = DIRECTION('',(0.,0.,1.));
#7073 = DIRECTION('',(1.,0.,-0.));
#7074 = DEFINITIONAL_REPRESENTATION('',(#7075),#7079);
#7075 = B_SPLINE_CURVE_WITH_KNOTS('',2,(#7076,#7077,#7078),
  .UNSPECIFIED.,.F.,.F.,(3,3),(0.,1.),.PIECEWISE_BEZIER_KNOTS.);
#7076 = CARTESIAN_POINT('',(9.529563473432E-05,0.239181053678));
#7077 = CARTESIAN_POINT('',(6.792969053919E-02,0.239181053678));
#7078 = CARTESIAN_POINT('',(0.106146251049,0.190624790409));
#7079 = ( GEOMETRIC_REPRESENTATION_CONTEXT(2) 
PARAMETRIC_REPRESENTATION_CONTEXT() REPRESENTATION_CONTEXT('2D SPACE',''
  ) );
#7080 = ADVANCED_FACE('',(#7081),#7041,.T.);
#7081 = FACE_BOUND('',#7082,.T.);
#7082 = EDGE_LOOP('',(#7083,#7084,#7107,#7137));
#7083 = ORIENTED_EDGE('',*,*,#7025,.T.);
#7084 = ORIENTED_EDGE('',*,*,#7085,.T.);
#7085 = EDGE_CURVE('',#6998,#7086,#7088,.T.);
#7086 = VERTEX_POINT('',#7087);
#7087 = CARTESIAN_POINT('',(-0.486518046709,0.24983014862,0.903));
#7088 = SURFACE_CURVE('',#7089,(#7093,#7100),.PCURVE_S1.);
#7089 = B_SPLINE_CURVE_WITH_KNOTS('',2,(#7090,#7091,#7092),
  .UNSPECIFIED.,.F.,.F.,(3,3),(0.,1.),.PIECEWISE_BEZIER_KNOTS.);
#7090 = CARTESIAN_POINT('',(-0.532059447983,0.44059447983,0.903));
#7091 = CARTESIAN_POINT('',(-0.486518046709,0.383078556263,0.903));
#7092 = CARTESIAN_POINT('',(-0.486518046709,0.24983014862,0.903));
#7093 = PCURVE('',#7041,#7094);
#7094 = DEFINITIONAL_REPRESENTATION('',(#7095),#7099);
#7095 = LINE('',#7096,#7097);
#7096 = CARTESIAN_POINT('',(0.,-3.E-03));
#7097 = VECTOR('',#7098,1.);
#7098 = DIRECTION('',(1.,0.));
#7099 = ( GEOMETRIC_REPRESENTATION_CONTEXT(2) 
PARAMETRIC_REPRESENTATION_CONTEXT() REPRESENTATION_CONTEXT('2D SPACE',''
  ) );
#7100 = PCURVE('',#7013,#7101);
#7101 = DEFINITIONAL_REPRESENTATION('',(#7102),#7106);
#7102 = B_SPLINE_CURVE_WITH_KNOTS('',2,(#7103,#7104,#7105),
  .UNSPECIFIED.,.F.,.F.,(3,3),(0.,1.),.PIECEWISE_BEZIER_KNOTS.);
#7103 = CARTESIAN_POINT('',(0.106146251049,0.190624790409));
#7104 = CARTESIAN_POINT('',(0.151687652323,0.133108866842));
#7105 = CARTESIAN_POINT('',(0.151687652323,-1.395408013495E-04));
#7106 = ( GEOMETRIC_REPRESENTATION_CONTEXT(2) 
PARAMETRIC_REPRESENTATION_CONTEXT() REPRESENTATION_CONTEXT('2D SPACE',''
  ) );
#7107 = ORIENTED_EDGE('',*,*,#7108,.F.);
#7108 = EDGE_CURVE('',#7109,#7086,#7111,.T.);
#7109 = VERTEX_POINT('',#7110);
#7110 = CARTESIAN_POINT('',(-0.486518046709,0.24983014862,0.9));
#7111 = SURFACE_CURVE('',#7112,(#7116,#7123),.PCURVE_S1.);
#7112 = LINE('',#7113,#7114);
#7113 = CARTESIAN_POINT('',(-0.486518046709,0.24983014862,0.9));
#7114 = VECTOR('',#7115,1.);
#7115 = DIRECTION('',(0.,0.,1.));
#7116 = PCURVE('',#7041,#7117);
#7117 = DEFINITIONAL_REPRESENTATION('',(#7118),#7122);
#7118 = LINE('',#7119,#7120);
#7119 = CARTESIAN_POINT('',(1.,0.));
#7120 = VECTOR('',#7121,1.);
#7121 = DIRECTION('',(0.,-1.));
#7122 = ( GEOMETRIC_REPRESENTATION_CONTEXT(2) 
PARAMETRIC_REPRESENTATION_CONTEXT() REPRESENTATION_CONTEXT('2D SPACE',''
  ) );
#7123 = PCURVE('',#7124,#7131);
#7124 = SURFACE_OF_LINEAR_EXTRUSION('',#7125,#7129);
#7125 = B_SPLINE_CURVE_WITH_KNOTS('',2,(#7126,#7127,#7128),
  .UNSPECIFIED.,.F.,.F.,(3,3),(0.,1.),.PIECEWISE_BEZIER_KNOTS.);
#7126 = CARTESIAN_POINT('',(-0.486518046709,0.24983014862,0.9));
#7127 = CARTESIAN_POINT('',(-0.486518046709,0.116921443737,0.9));
#7128 = CARTESIAN_POINT('',(-0.532377919321,5.876857749469E-02,0.9));
#7129 = VECTOR('',#7130,1.);
#7130 = DIRECTION('',(-0.,-0.,-1.));
#7131 = DEFINITIONAL_REPRESENTATION('',(#7132),#7136);
#7132 = LINE('',#7133,#7134);
#7133 = CARTESIAN_POINT('',(0.,0.));
#7134 = VECTOR('',#7135,1.);
#7135 = DIRECTION('',(0.,-1.));
#7136 = ( GEOMETRIC_REPRESENTATION_CONTEXT(2) 
PARAMETRIC_REPRESENTATION_CONTEXT() REPRESENTATION_CONTEXT('2D SPACE',''
  ) );
#7137 = ORIENTED_EDGE('',*,*,#7138,.F.);
#7138 = EDGE_CURVE('',#7026,#7109,#7139,.T.);
#7139 = SURFACE_CURVE('',#7140,(#7144,#7151),.PCURVE_S1.);
#7140 = B_SPLINE_CURVE_WITH_KNOTS('',2,(#7141,#7142,#7143),
  .UNSPECIFIED.,.F.,.F.,(3,3),(0.,1.),.PIECEWISE_BEZIER_KNOTS.);
#7141 = CARTESIAN_POINT('',(-0.532059447983,0.44059447983,0.9));
#7142 = CARTESIAN_POINT('',(-0.486518046709,0.383078556263,0.9));
#7143 = CARTESIAN_POINT('',(-0.486518046709,0.24983014862,0.9));
#7144 = PCURVE('',#7041,#7145);
#7145 = DEFINITIONAL_REPRESENTATION('',(#7146),#7150);
#7146 = LINE('',#7147,#7148);
#7147 = CARTESIAN_POINT('',(0.,0.));
#7148 = VECTOR('',#7149,1.);
#7149 = DIRECTION('',(1.,0.));
#7150 = ( GEOMETRIC_REPRESENTATION_CONTEXT(2) 
PARAMETRIC_REPRESENTATION_CONTEXT() REPRESENTATION_CONTEXT('2D SPACE',''
  ) );
#7151 = PCURVE('',#7069,#7152);
#7152 = DEFINITIONAL_REPRESENTATION('',(#7153),#7157);
#7153 = B_SPLINE_CURVE_WITH_KNOTS('',2,(#7154,#7155,#7156),
  .UNSPECIFIED.,.F.,.F.,(3,3),(0.,1.),.PIECEWISE_BEZIER_KNOTS.);
#7154 = CARTESIAN_POINT('',(0.106146251049,0.190624790409));
#7155 = CARTESIAN_POINT('',(0.151687652323,0.133108866842));
#7156 = CARTESIAN_POINT('',(0.151687652323,-1.395408013495E-04));
#7157 = ( GEOMETRIC_REPRESENTATION_CONTEXT(2) 
PARAMETRIC_REPRESENTATION_CONTEXT() REPRESENTATION_CONTEXT('2D SPACE',''
  ) );
#7158 = ADVANCED_FACE('',(#7159),#7124,.T.);
#7159 = FACE_BOUND('',#7160,.T.);
#7160 = EDGE_LOOP('',(#7161,#7162,#7185,#7215));
#7161 = ORIENTED_EDGE('',*,*,#7108,.T.);
#7162 = ORIENTED_EDGE('',*,*,#7163,.T.);
#7163 = EDGE_CURVE('',#7086,#7164,#7166,.T.);
#7164 = VERTEX_POINT('',#7165);
#7165 = CARTESIAN_POINT('',(-0.532377919321,5.876857749469E-02,0.903));
#7166 = SURFACE_CURVE('',#7167,(#7171,#7178),.PCURVE_S1.);
#7167 = B_SPLINE_CURVE_WITH_KNOTS('',2,(#7168,#7169,#7170),
  .UNSPECIFIED.,.F.,.F.,(3,3),(0.,1.),.PIECEWISE_BEZIER_KNOTS.);
#7168 = CARTESIAN_POINT('',(-0.486518046709,0.24983014862,0.903));
#7169 = CARTESIAN_POINT('',(-0.486518046709,0.116921443737,0.903));
#7170 = CARTESIAN_POINT('',(-0.532377919321,5.876857749469E-02,0.903));
#7171 = PCURVE('',#7124,#7172);
#7172 = DEFINITIONAL_REPRESENTATION('',(#7173),#7177);
#7173 = LINE('',#7174,#7175);
#7174 = CARTESIAN_POINT('',(0.,-3.E-03));
#7175 = VECTOR('',#7176,1.);
#7176 = DIRECTION('',(1.,0.));
#7177 = ( GEOMETRIC_REPRESENTATION_CONTEXT(2) 
PARAMETRIC_REPRESENTATION_CONTEXT() REPRESENTATION_CONTEXT('2D SPACE',''
  ) );
#7178 = PCURVE('',#7013,#7179);
#7179 = DEFINITIONAL_REPRESENTATION('',(#7180),#7184);
#7180 = B_SPLINE_CURVE_WITH_KNOTS('',2,(#7181,#7182,#7183),
  .UNSPECIFIED.,.F.,.F.,(3,3),(0.,1.),.PIECEWISE_BEZIER_KNOTS.);
#7181 = CARTESIAN_POINT('',(0.151687652323,-1.395408013495E-04));
#7182 = CARTESIAN_POINT('',(0.151687652323,-0.133048245685));
#7183 = CARTESIAN_POINT('',(0.105827779711,-0.191201111927));
#7184 = ( GEOMETRIC_REPRESENTATION_CONTEXT(2) 
PARAMETRIC_REPRESENTATION_CONTEXT() REPRESENTATION_CONTEXT('2D SPACE',''
  ) );
#7185 = ORIENTED_EDGE('',*,*,#7186,.F.);
#7186 = EDGE_CURVE('',#7187,#7164,#7189,.T.);
#7187 = VERTEX_POINT('',#7188);
#7188 = CARTESIAN_POINT('',(-0.532377919321,5.876857749469E-02,0.9));
#7189 = SURFACE_CURVE('',#7190,(#7194,#7201),.PCURVE_S1.);
#7190 = LINE('',#7191,#7192);
#7191 = CARTESIAN_POINT('',(-0.532377919321,5.876857749469E-02,0.9));
#7192 = VECTOR('',#7193,1.);
#7193 = DIRECTION('',(0.,0.,1.));
#7194 = PCURVE('',#7124,#7195);
#7195 = DEFINITIONAL_REPRESENTATION('',(#7196),#7200);
#7196 = LINE('',#7197,#7198);
#7197 = CARTESIAN_POINT('',(1.,0.));
#7198 = VECTOR('',#7199,1.);
#7199 = DIRECTION('',(0.,-1.));
#7200 = ( GEOMETRIC_REPRESENTATION_CONTEXT(2) 
PARAMETRIC_REPRESENTATION_CONTEXT() REPRESENTATION_CONTEXT('2D SPACE',''
  ) );
#7201 = PCURVE('',#7202,#7209);
#7202 = SURFACE_OF_LINEAR_EXTRUSION('',#7203,#7207);
#7203 = B_SPLINE_CURVE_WITH_KNOTS('',2,(#7204,#7205,#7206),
  .UNSPECIFIED.,.F.,.F.,(3,3),(0.,1.),.PIECEWISE_BEZIER_KNOTS.);
#7204 = CARTESIAN_POINT('',(-0.532377919321,5.876857749469E-02,0.9));
#7205 = CARTESIAN_POINT('',(-0.570276008493,1.084925690021E-02,0.9));
#7206 = CARTESIAN_POINT('',(-0.638110403397,1.084925690021E-02,0.9));
#7207 = VECTOR('',#7208,1.);
#7208 = DIRECTION('',(-0.,-0.,-1.));
#7209 = DEFINITIONAL_REPRESENTATION('',(#7210),#7214);
#7210 = LINE('',#7211,#7212);
#7211 = CARTESIAN_POINT('',(0.,0.));
#7212 = VECTOR('',#7213,1.);
#7213 = DIRECTION('',(0.,-1.));
#7214 = ( GEOMETRIC_REPRESENTATION_CONTEXT(2) 
PARAMETRIC_REPRESENTATION_CONTEXT() REPRESENTATION_CONTEXT('2D SPACE',''
  ) );
#7215 = ORIENTED_EDGE('',*,*,#7216,.F.);
#7216 = EDGE_CURVE('',#7109,#7187,#7217,.T.);
#7217 = SURFACE_CURVE('',#7218,(#7222,#7229),.PCURVE_S1.);
#7218 = B_SPLINE_CURVE_WITH_KNOTS('',2,(#7219,#7220,#7221),
  .UNSPECIFIED.,.F.,.F.,(3,3),(0.,1.),.PIECEWISE_BEZIER_KNOTS.);
#7219 = CARTESIAN_POINT('',(-0.486518046709,0.24983014862,0.9));
#7220 = CARTESIAN_POINT('',(-0.486518046709,0.116921443737,0.9));
#7221 = CARTESIAN_POINT('',(-0.532377919321,5.876857749469E-02,0.9));
#7222 = PCURVE('',#7124,#7223);
#7223 = DEFINITIONAL_REPRESENTATION('',(#7224),#7228);
#7224 = LINE('',#7225,#7226);
#7225 = CARTESIAN_POINT('',(0.,0.));
#7226 = VECTOR('',#7227,1.);
#7227 = DIRECTION('',(1.,0.));
#7228 = ( GEOMETRIC_REPRESENTATION_CONTEXT(2) 
PARAMETRIC_REPRESENTATION_CONTEXT() REPRESENTATION_CONTEXT('2D SPACE',''
  ) );
#7229 = PCURVE('',#7069,#7230);
#7230 = DEFINITIONAL_REPRESENTATION('',(#7231),#7235);
#7231 = B_SPLINE_CURVE_WITH_KNOTS('',2,(#7232,#7233,#7234),
  .UNSPECIFIED.,.F.,.F.,(3,3),(0.,1.),.PIECEWISE_BEZIER_KNOTS.);
#7232 = CARTESIAN_POINT('',(0.151687652323,-1.395408013495E-04));
#7233 = CARTESIAN_POINT('',(0.151687652323,-0.133048245685));
#7234 = CARTESIAN_POINT('',(0.105827779711,-0.191201111927));
#7235 = ( GEOMETRIC_REPRESENTATION_CONTEXT(2) 
PARAMETRIC_REPRESENTATION_CONTEXT() REPRESENTATION_CONTEXT('2D SPACE',''
  ) );
#7236 = ADVANCED_FACE('',(#7237),#7202,.T.);
#7237 = FACE_BOUND('',#7238,.T.);
#7238 = EDGE_LOOP('',(#7239,#7240,#7263,#7293));
#7239 = ORIENTED_EDGE('',*,*,#7186,.T.);
#7240 = ORIENTED_EDGE('',*,*,#7241,.T.);
#7241 = EDGE_CURVE('',#7164,#7242,#7244,.T.);
#7242 = VERTEX_POINT('',#7243);
#7243 = CARTESIAN_POINT('',(-0.638110403397,1.084925690021E-02,0.903));
#7244 = SURFACE_CURVE('',#7245,(#7249,#7256),.PCURVE_S1.);
#7245 = B_SPLINE_CURVE_WITH_KNOTS('',2,(#7246,#7247,#7248),
  .UNSPECIFIED.,.F.,.F.,(3,3),(0.,1.),.PIECEWISE_BEZIER_KNOTS.);
#7246 = CARTESIAN_POINT('',(-0.532377919321,5.876857749469E-02,0.903));
#7247 = CARTESIAN_POINT('',(-0.570276008493,1.084925690021E-02,0.903));
#7248 = CARTESIAN_POINT('',(-0.638110403397,1.084925690021E-02,0.903));
#7249 = PCURVE('',#7202,#7250);
#7250 = DEFINITIONAL_REPRESENTATION('',(#7251),#7255);
#7251 = LINE('',#7252,#7253);
#7252 = CARTESIAN_POINT('',(0.,-3.E-03));
#7253 = VECTOR('',#7254,1.);
#7254 = DIRECTION('',(1.,0.));
#7255 = ( GEOMETRIC_REPRESENTATION_CONTEXT(2) 
PARAMETRIC_REPRESENTATION_CONTEXT() REPRESENTATION_CONTEXT('2D SPACE',''
  ) );
#7256 = PCURVE('',#7013,#7257);
#7257 = DEFINITIONAL_REPRESENTATION('',(#7258),#7262);
#7258 = B_SPLINE_CURVE_WITH_KNOTS('',2,(#7259,#7260,#7261),
  .UNSPECIFIED.,.F.,.F.,(3,3),(0.,1.),.PIECEWISE_BEZIER_KNOTS.);
#7259 = CARTESIAN_POINT('',(0.105827779711,-0.191201111927));
#7260 = CARTESIAN_POINT('',(6.792969053919E-02,-0.239120432521));
#7261 = CARTESIAN_POINT('',(9.529563473432E-05,-0.239120432521));
#7262 = ( GEOMETRIC_REPRESENTATION_CONTEXT(2) 
PARAMETRIC_REPRESENTATION_CONTEXT() REPRESENTATION_CONTEXT('2D SPACE',''
  ) );
#7263 = ORIENTED_EDGE('',*,*,#7264,.F.);
#7264 = EDGE_CURVE('',#7265,#7242,#7267,.T.);
#7265 = VERTEX_POINT('',#7266);
#7266 = CARTESIAN_POINT('',(-0.638110403397,1.084925690021E-02,0.9));
#7267 = SURFACE_CURVE('',#7268,(#7272,#7279),.PCURVE_S1.);
#7268 = LINE('',#7269,#7270);
#7269 = CARTESIAN_POINT('',(-0.638110403397,1.084925690021E-02,0.9));
#7270 = VECTOR('',#7271,1.);
#7271 = DIRECTION('',(0.,0.,1.));
#7272 = PCURVE('',#7202,#7273);
#7273 = DEFINITIONAL_REPRESENTATION('',(#7274),#7278);
#7274 = LINE('',#7275,#7276);
#7275 = CARTESIAN_POINT('',(1.,0.));
#7276 = VECTOR('',#7277,1.);
#7277 = DIRECTION('',(0.,-1.));
#7278 = ( GEOMETRIC_REPRESENTATION_CONTEXT(2) 
PARAMETRIC_REPRESENTATION_CONTEXT() REPRESENTATION_CONTEXT('2D SPACE',''
  ) );
#7279 = PCURVE('',#7280,#7287);
#7280 = SURFACE_OF_LINEAR_EXTRUSION('',#7281,#7285);
#7281 = B_SPLINE_CURVE_WITH_KNOTS('',2,(#7282,#7283,#7284),
  .UNSPECIFIED.,.F.,.F.,(3,3),(0.,1.),.PIECEWISE_BEZIER_KNOTS.);
#7282 = CARTESIAN_POINT('',(-0.638110403397,1.084925690021E-02,0.9));
#7283 = CARTESIAN_POINT('',(-0.706263269639,1.084925690021E-02,0.9));
#7284 = CARTESIAN_POINT('',(-0.747983014862,6.339702760085E-02,0.9));
#7285 = VECTOR('',#7286,1.);
#7286 = DIRECTION('',(-0.,-0.,-1.));
#7287 = DEFINITIONAL_REPRESENTATION('',(#7288),#7292);
#7288 = LINE('',#7289,#7290);
#7289 = CARTESIAN_POINT('',(0.,0.));
#7290 = VECTOR('',#7291,1.);
#7291 = DIRECTION('',(0.,-1.));
#7292 = ( GEOMETRIC_REPRESENTATION_CONTEXT(2) 
PARAMETRIC_REPRESENTATION_CONTEXT() REPRESENTATION_CONTEXT('2D SPACE',''
  ) );
#7293 = ORIENTED_EDGE('',*,*,#7294,.F.);
#7294 = EDGE_CURVE('',#7187,#7265,#7295,.T.);
#7295 = SURFACE_CURVE('',#7296,(#7300,#7307),.PCURVE_S1.);
#7296 = B_SPLINE_CURVE_WITH_KNOTS('',2,(#7297,#7298,#7299),
  .UNSPECIFIED.,.F.,.F.,(3,3),(0.,1.),.PIECEWISE_BEZIER_KNOTS.);
#7297 = CARTESIAN_POINT('',(-0.532377919321,5.876857749469E-02,0.9));
#7298 = CARTESIAN_POINT('',(-0.570276008493,1.084925690021E-02,0.9));
#7299 = CARTESIAN_POINT('',(-0.638110403397,1.084925690021E-02,0.9));
#7300 = PCURVE('',#7202,#7301);
#7301 = DEFINITIONAL_REPRESENTATION('',(#7302),#7306);
#7302 = LINE('',#7303,#7304);
#7303 = CARTESIAN_POINT('',(0.,0.));
#7304 = VECTOR('',#7305,1.);
#7305 = DIRECTION('',(1.,0.));
#7306 = ( GEOMETRIC_REPRESENTATION_CONTEXT(2) 
PARAMETRIC_REPRESENTATION_CONTEXT() REPRESENTATION_CONTEXT('2D SPACE',''
  ) );
#7307 = PCURVE('',#7069,#7308);
#7308 = DEFINITIONAL_REPRESENTATION('',(#7309),#7313);
#7309 = B_SPLINE_CURVE_WITH_KNOTS('',2,(#7310,#7311,#7312),
  .UNSPECIFIED.,.F.,.F.,(3,3),(0.,1.),.PIECEWISE_BEZIER_KNOTS.);
#7310 = CARTESIAN_POINT('',(0.105827779711,-0.191201111927));
#7311 = CARTESIAN_POINT('',(6.792969053919E-02,-0.239120432521));
#7312 = CARTESIAN_POINT('',(9.529563473432E-05,-0.239120432521));
#7313 = ( GEOMETRIC_REPRESENTATION_CONTEXT(2) 
PARAMETRIC_REPRESENTATION_CONTEXT() REPRESENTATION_CONTEXT('2D SPACE',''
  ) );
#7314 = ADVANCED_FACE('',(#7315),#7280,.T.);
#7315 = FACE_BOUND('',#7316,.T.);
#7316 = EDGE_LOOP('',(#7317,#7318,#7341,#7371));
#7317 = ORIENTED_EDGE('',*,*,#7264,.T.);
#7318 = ORIENTED_EDGE('',*,*,#7319,.T.);
#7319 = EDGE_CURVE('',#7242,#7320,#7322,.T.);
#7320 = VERTEX_POINT('',#7321);
#7321 = CARTESIAN_POINT('',(-0.747983014862,6.339702760085E-02,0.903));
#7322 = SURFACE_CURVE('',#7323,(#7327,#7334),.PCURVE_S1.);
#7323 = B_SPLINE_CURVE_WITH_KNOTS('',2,(#7324,#7325,#7326),
  .UNSPECIFIED.,.F.,.F.,(3,3),(0.,1.),.PIECEWISE_BEZIER_KNOTS.);
#7324 = CARTESIAN_POINT('',(-0.638110403397,1.084925690021E-02,0.903));
#7325 = CARTESIAN_POINT('',(-0.706263269639,1.084925690021E-02,0.903));
#7326 = CARTESIAN_POINT('',(-0.747983014862,6.339702760085E-02,0.903));
#7327 = PCURVE('',#7280,#7328);
#7328 = DEFINITIONAL_REPRESENTATION('',(#7329),#7333);
#7329 = LINE('',#7330,#7331);
#7330 = CARTESIAN_POINT('',(0.,-3.E-03));
#7331 = VECTOR('',#7332,1.);
#7332 = DIRECTION('',(1.,0.));
#7333 = ( GEOMETRIC_REPRESENTATION_CONTEXT(2) 
PARAMETRIC_REPRESENTATION_CONTEXT() REPRESENTATION_CONTEXT('2D SPACE',''
  ) );
#7334 = PCURVE('',#7013,#7335);
#7335 = DEFINITIONAL_REPRESENTATION('',(#7336),#7340);
#7336 = B_SPLINE_CURVE_WITH_KNOTS('',2,(#7337,#7338,#7339),
  .UNSPECIFIED.,.F.,.F.,(3,3),(0.,1.),.PIECEWISE_BEZIER_KNOTS.);
#7337 = CARTESIAN_POINT('',(9.529563473432E-05,-0.239120432521));
#7338 = CARTESIAN_POINT('',(-6.80575706073E-02,-0.239120432521));
#7339 = CARTESIAN_POINT('',(-0.10977731583,-0.18657266182));
#7340 = ( GEOMETRIC_REPRESENTATION_CONTEXT(2) 
PARAMETRIC_REPRESENTATION_CONTEXT() REPRESENTATION_CONTEXT('2D SPACE',''
  ) );
#7341 = ORIENTED_EDGE('',*,*,#7342,.F.);
#7342 = EDGE_CURVE('',#7343,#7320,#7345,.T.);
#7343 = VERTEX_POINT('',#7344);
#7344 = CARTESIAN_POINT('',(-0.747983014862,6.339702760085E-02,0.9));
#7345 = SURFACE_CURVE('',#7346,(#7350,#7357),.PCURVE_S1.);
#7346 = LINE('',#7347,#7348);
#7347 = CARTESIAN_POINT('',(-0.747983014862,6.339702760085E-02,0.9));
#7348 = VECTOR('',#7349,1.);
#7349 = DIRECTION('',(0.,0.,1.));
#7350 = PCURVE('',#7280,#7351);
#7351 = DEFINITIONAL_REPRESENTATION('',(#7352),#7356);
#7352 = LINE('',#7353,#7354);
#7353 = CARTESIAN_POINT('',(1.,0.));
#7354 = VECTOR('',#7355,1.);
#7355 = DIRECTION('',(0.,-1.));
#7356 = ( GEOMETRIC_REPRESENTATION_CONTEXT(2) 
PARAMETRIC_REPRESENTATION_CONTEXT() REPRESENTATION_CONTEXT('2D SPACE',''
  ) );
#7357 = PCURVE('',#7358,#7365);
#7358 = SURFACE_OF_LINEAR_EXTRUSION('',#7359,#7363);
#7359 = B_SPLINE_CURVE_WITH_KNOTS('',2,(#7360,#7361,#7362),
  .UNSPECIFIED.,.F.,.F.,(3,3),(0.,1.),.PIECEWISE_BEZIER_KNOTS.);
#7360 = CARTESIAN_POINT('',(-0.747983014862,6.339702760085E-02,0.9));
#7361 = CARTESIAN_POINT('',(-0.789702760085,0.115966029724,0.9));
#7362 = CARTESIAN_POINT('',(-0.789702760085,0.250806794055,0.9));
#7363 = VECTOR('',#7364,1.);
#7364 = DIRECTION('',(-0.,-0.,-1.));
#7365 = DEFINITIONAL_REPRESENTATION('',(#7366),#7370);
#7366 = LINE('',#7367,#7368);
#7367 = CARTESIAN_POINT('',(0.,0.));
#7368 = VECTOR('',#7369,1.);
#7369 = DIRECTION('',(0.,-1.));
#7370 = ( GEOMETRIC_REPRESENTATION_CONTEXT(2) 
PARAMETRIC_REPRESENTATION_CONTEXT() REPRESENTATION_CONTEXT('2D SPACE',''
  ) );
#7371 = ORIENTED_EDGE('',*,*,#7372,.F.);
#7372 = EDGE_CURVE('',#7265,#7343,#7373,.T.);
#7373 = SURFACE_CURVE('',#7374,(#7378,#7385),.PCURVE_S1.);
#7374 = B_SPLINE_CURVE_WITH_KNOTS('',2,(#7375,#7376,#7377),
  .UNSPECIFIED.,.F.,.F.,(3,3),(0.,1.),.PIECEWISE_BEZIER_KNOTS.);
#7375 = CARTESIAN_POINT('',(-0.638110403397,1.084925690021E-02,0.9));
#7376 = CARTESIAN_POINT('',(-0.706263269639,1.084925690021E-02,0.9));
#7377 = CARTESIAN_POINT('',(-0.747983014862,6.339702760085E-02,0.9));
#7378 = PCURVE('',#7280,#7379);
#7379 = DEFINITIONAL_REPRESENTATION('',(#7380),#7384);
#7380 = LINE('',#7381,#7382);
#7381 = CARTESIAN_POINT('',(0.,0.));
#7382 = VECTOR('',#7383,1.);
#7383 = DIRECTION('',(1.,0.));
#7384 = ( GEOMETRIC_REPRESENTATION_CONTEXT(2) 
PARAMETRIC_REPRESENTATION_CONTEXT() REPRESENTATION_CONTEXT('2D SPACE',''
  ) );
#7385 = PCURVE('',#7069,#7386);
#7386 = DEFINITIONAL_REPRESENTATION('',(#7387),#7391);
#7387 = B_SPLINE_CURVE_WITH_KNOTS('',2,(#7388,#7389,#7390),
  .UNSPECIFIED.,.F.,.F.,(3,3),(0.,1.),.PIECEWISE_BEZIER_KNOTS.);
#7388 = CARTESIAN_POINT('',(9.529563473432E-05,-0.239120432521));
#7389 = CARTESIAN_POINT('',(-6.80575706073E-02,-0.239120432521));
#7390 = CARTESIAN_POINT('',(-0.10977731583,-0.18657266182));
#7391 = ( GEOMETRIC_REPRESENTATION_CONTEXT(2) 
PARAMETRIC_REPRESENTATION_CONTEXT() REPRESENTATION_CONTEXT('2D SPACE',''
  ) );
#7392 = ADVANCED_FACE('',(#7393),#7358,.T.);
#7393 = FACE_BOUND('',#7394,.T.);
#7394 = EDGE_LOOP('',(#7395,#7396,#7419,#7449));
#7395 = ORIENTED_EDGE('',*,*,#7342,.T.);
#7396 = ORIENTED_EDGE('',*,*,#7397,.T.);
#7397 = EDGE_CURVE('',#7320,#7398,#7400,.T.);
#7398 = VERTEX_POINT('',#7399);
#7399 = CARTESIAN_POINT('',(-0.789702760085,0.250806794055,0.903));
#7400 = SURFACE_CURVE('',#7401,(#7405,#7412),.PCURVE_S1.);
#7401 = B_SPLINE_CURVE_WITH_KNOTS('',2,(#7402,#7403,#7404),
  .UNSPECIFIED.,.F.,.F.,(3,3),(0.,1.),.PIECEWISE_BEZIER_KNOTS.);
#7402 = CARTESIAN_POINT('',(-0.747983014862,6.339702760085E-02,0.903));
#7403 = CARTESIAN_POINT('',(-0.789702760085,0.115966029724,0.903));
#7404 = CARTESIAN_POINT('',(-0.789702760085,0.250806794055,0.903));
#7405 = PCURVE('',#7358,#7406);
#7406 = DEFINITIONAL_REPRESENTATION('',(#7407),#7411);
#7407 = LINE('',#7408,#7409);
#7408 = CARTESIAN_POINT('',(0.,-3.E-03));
#7409 = VECTOR('',#7410,1.);
#7410 = DIRECTION('',(1.,0.));
#7411 = ( GEOMETRIC_REPRESENTATION_CONTEXT(2) 
PARAMETRIC_REPRESENTATION_CONTEXT() REPRESENTATION_CONTEXT('2D SPACE',''
  ) );
#7412 = PCURVE('',#7013,#7413);
#7413 = DEFINITIONAL_REPRESENTATION('',(#7414),#7418);
#7414 = B_SPLINE_CURVE_WITH_KNOTS('',2,(#7415,#7416,#7417),
  .UNSPECIFIED.,.F.,.F.,(3,3),(0.,1.),.PIECEWISE_BEZIER_KNOTS.);
#7415 = CARTESIAN_POINT('',(-0.10977731583,-0.18657266182));
#7416 = CARTESIAN_POINT('',(-0.151497061053,-0.134003659697));
#7417 = CARTESIAN_POINT('',(-0.151497061053,8.371046338947E-04));
#7418 = ( GEOMETRIC_REPRESENTATION_CONTEXT(2) 
PARAMETRIC_REPRESENTATION_CONTEXT() REPRESENTATION_CONTEXT('2D SPACE',''
  ) );
#7419 = ORIENTED_EDGE('',*,*,#7420,.F.);
#7420 = EDGE_CURVE('',#7421,#7398,#7423,.T.);
#7421 = VERTEX_POINT('',#7422);
#7422 = CARTESIAN_POINT('',(-0.789702760085,0.250806794055,0.9));
#7423 = SURFACE_CURVE('',#7424,(#7428,#7435),.PCURVE_S1.);
#7424 = LINE('',#7425,#7426);
#7425 = CARTESIAN_POINT('',(-0.789702760085,0.250806794055,0.9));
#7426 = VECTOR('',#7427,1.);
#7427 = DIRECTION('',(0.,0.,1.));
#7428 = PCURVE('',#7358,#7429);
#7429 = DEFINITIONAL_REPRESENTATION('',(#7430),#7434);
#7430 = LINE('',#7431,#7432);
#7431 = CARTESIAN_POINT('',(1.,0.));
#7432 = VECTOR('',#7433,1.);
#7433 = DIRECTION('',(0.,-1.));
#7434 = ( GEOMETRIC_REPRESENTATION_CONTEXT(2) 
PARAMETRIC_REPRESENTATION_CONTEXT() REPRESENTATION_CONTEXT('2D SPACE',''
  ) );
#7435 = PCURVE('',#7436,#7443);
#7436 = SURFACE_OF_LINEAR_EXTRUSION('',#7437,#7441);
#7437 = B_SPLINE_CURVE_WITH_KNOTS('',2,(#7438,#7439,#7440),
  .UNSPECIFIED.,.F.,.F.,(3,3),(0.,1.),.PIECEWISE_BEZIER_KNOTS.);
#7438 = CARTESIAN_POINT('',(-0.789702760085,0.250806794055,0.9));
#7439 = CARTESIAN_POINT('',(-0.789702760085,0.383078556263,0.9));
#7440 = CARTESIAN_POINT('',(-0.743842887473,0.441231422505,0.9));
#7441 = VECTOR('',#7442,1.);
#7442 = DIRECTION('',(-0.,-0.,-1.));
#7443 = DEFINITIONAL_REPRESENTATION('',(#7444),#7448);
#7444 = LINE('',#7445,#7446);
#7445 = CARTESIAN_POINT('',(0.,0.));
#7446 = VECTOR('',#7447,1.);
#7447 = DIRECTION('',(0.,-1.));
#7448 = ( GEOMETRIC_REPRESENTATION_CONTEXT(2) 
PARAMETRIC_REPRESENTATION_CONTEXT() REPRESENTATION_CONTEXT('2D SPACE',''
  ) );
#7449 = ORIENTED_EDGE('',*,*,#7450,.F.);
#7450 = EDGE_CURVE('',#7343,#7421,#7451,.T.);
#7451 = SURFACE_CURVE('',#7452,(#7456,#7463),.PCURVE_S1.);
#7452 = B_SPLINE_CURVE_WITH_KNOTS('',2,(#7453,#7454,#7455),
  .UNSPECIFIED.,.F.,.F.,(3,3),(0.,1.),.PIECEWISE_BEZIER_KNOTS.);
#7453 = CARTESIAN_POINT('',(-0.747983014862,6.339702760085E-02,0.9));
#7454 = CARTESIAN_POINT('',(-0.789702760085,0.115966029724,0.9));
#7455 = CARTESIAN_POINT('',(-0.789702760085,0.250806794055,0.9));
#7456 = PCURVE('',#7358,#7457);
#7457 = DEFINITIONAL_REPRESENTATION('',(#7458),#7462);
#7458 = LINE('',#7459,#7460);
#7459 = CARTESIAN_POINT('',(0.,0.));
#7460 = VECTOR('',#7461,1.);
#7461 = DIRECTION('',(1.,0.));
#7462 = ( GEOMETRIC_REPRESENTATION_CONTEXT(2) 
PARAMETRIC_REPRESENTATION_CONTEXT() REPRESENTATION_CONTEXT('2D SPACE',''
  ) );
#7463 = PCURVE('',#7069,#7464);
#7464 = DEFINITIONAL_REPRESENTATION('',(#7465),#7469);
#7465 = B_SPLINE_CURVE_WITH_KNOTS('',2,(#7466,#7467,#7468),
  .UNSPECIFIED.,.F.,.F.,(3,3),(0.,1.),.PIECEWISE_BEZIER_KNOTS.);
#7466 = CARTESIAN_POINT('',(-0.10977731583,-0.18657266182));
#7467 = CARTESIAN_POINT('',(-0.151497061053,-0.134003659697));
#7468 = CARTESIAN_POINT('',(-0.151497061053,8.371046338947E-04));
#7469 = ( GEOMETRIC_REPRESENTATION_CONTEXT(2) 
PARAMETRIC_REPRESENTATION_CONTEXT() REPRESENTATION_CONTEXT('2D SPACE',''
  ) );
#7470 = ADVANCED_FACE('',(#7471),#7436,.T.);
#7471 = FACE_BOUND('',#7472,.T.);
#7472 = EDGE_LOOP('',(#7473,#7474,#7497,#7520));
#7473 = ORIENTED_EDGE('',*,*,#7420,.T.);
#7474 = ORIENTED_EDGE('',*,*,#7475,.T.);
#7475 = EDGE_CURVE('',#7398,#7476,#7478,.T.);
#7476 = VERTEX_POINT('',#7477);
#7477 = CARTESIAN_POINT('',(-0.743842887473,0.441231422505,0.903));
#7478 = SURFACE_CURVE('',#7479,(#7483,#7490),.PCURVE_S1.);
#7479 = B_SPLINE_CURVE_WITH_KNOTS('',2,(#7480,#7481,#7482),
  .UNSPECIFIED.,.F.,.F.,(3,3),(0.,1.),.PIECEWISE_BEZIER_KNOTS.);
#7480 = CARTESIAN_POINT('',(-0.789702760085,0.250806794055,0.903));
#7481 = CARTESIAN_POINT('',(-0.789702760085,0.383078556263,0.903));
#7482 = CARTESIAN_POINT('',(-0.743842887473,0.441231422505,0.903));
#7483 = PCURVE('',#7436,#7484);
#7484 = DEFINITIONAL_REPRESENTATION('',(#7485),#7489);
#7485 = LINE('',#7486,#7487);
#7486 = CARTESIAN_POINT('',(0.,-3.E-03));
#7487 = VECTOR('',#7488,1.);
#7488 = DIRECTION('',(1.,0.));
#7489 = ( GEOMETRIC_REPRESENTATION_CONTEXT(2) 
PARAMETRIC_REPRESENTATION_CONTEXT() REPRESENTATION_CONTEXT('2D SPACE',''
  ) );
#7490 = PCURVE('',#7013,#7491);
#7491 = DEFINITIONAL_REPRESENTATION('',(#7492),#7496);
#7492 = B_SPLINE_CURVE_WITH_KNOTS('',2,(#7493,#7494,#7495),
  .UNSPECIFIED.,.F.,.F.,(3,3),(0.,1.),.PIECEWISE_BEZIER_KNOTS.);
#7493 = CARTESIAN_POINT('',(-0.151497061053,8.371046338947E-04));
#7494 = CARTESIAN_POINT('',(-0.151497061053,0.133108866842));
#7495 = CARTESIAN_POINT('',(-0.105637188442,0.191261733084));
#7496 = ( GEOMETRIC_REPRESENTATION_CONTEXT(2) 
PARAMETRIC_REPRESENTATION_CONTEXT() REPRESENTATION_CONTEXT('2D SPACE',''
  ) );
#7497 = ORIENTED_EDGE('',*,*,#7498,.F.);
#7498 = EDGE_CURVE('',#7499,#7476,#7501,.T.);
#7499 = VERTEX_POINT('',#7500);
#7500 = CARTESIAN_POINT('',(-0.743842887473,0.441231422505,0.9));
#7501 = SURFACE_CURVE('',#7502,(#7506,#7513),.PCURVE_S1.);
#7502 = LINE('',#7503,#7504);
#7503 = CARTESIAN_POINT('',(-0.743842887473,0.441231422505,0.9));
#7504 = VECTOR('',#7505,1.);
#7505 = DIRECTION('',(0.,0.,1.));
#7506 = PCURVE('',#7436,#7507);
#7507 = DEFINITIONAL_REPRESENTATION('',(#7508),#7512);
#7508 = LINE('',#7509,#7510);
#7509 = CARTESIAN_POINT('',(1.,0.));
#7510 = VECTOR('',#7511,1.);
#7511 = DIRECTION('',(0.,-1.));
#7512 = ( GEOMETRIC_REPRESENTATION_CONTEXT(2) 
PARAMETRIC_REPRESENTATION_CONTEXT() REPRESENTATION_CONTEXT('2D SPACE',''
  ) );
#7513 = PCURVE('',#6983,#7514);
#7514 = DEFINITIONAL_REPRESENTATION('',(#7515),#7519);
#7515 = LINE('',#7516,#7517);
#7516 = CARTESIAN_POINT('',(0.,0.));
#7517 = VECTOR('',#7518,1.);
#7518 = DIRECTION('',(0.,-1.));
#7519 = ( GEOMETRIC_REPRESENTATION_CONTEXT(2) 
PARAMETRIC_REPRESENTATION_CONTEXT() REPRESENTATION_CONTEXT('2D SPACE',''
  ) );
#7520 = ORIENTED_EDGE('',*,*,#7521,.F.);
#7521 = EDGE_CURVE('',#7421,#7499,#7522,.T.);
#7522 = SURFACE_CURVE('',#7523,(#7527,#7534),.PCURVE_S1.);
#7523 = B_SPLINE_CURVE_WITH_KNOTS('',2,(#7524,#7525,#7526),
  .UNSPECIFIED.,.F.,.F.,(3,3),(0.,1.),.PIECEWISE_BEZIER_KNOTS.);
#7524 = CARTESIAN_POINT('',(-0.789702760085,0.250806794055,0.9));
#7525 = CARTESIAN_POINT('',(-0.789702760085,0.383078556263,0.9));
#7526 = CARTESIAN_POINT('',(-0.743842887473,0.441231422505,0.9));
#7527 = PCURVE('',#7436,#7528);
#7528 = DEFINITIONAL_REPRESENTATION('',(#7529),#7533);
#7529 = LINE('',#7530,#7531);
#7530 = CARTESIAN_POINT('',(0.,0.));
#7531 = VECTOR('',#7532,1.);
#7532 = DIRECTION('',(1.,0.));
#7533 = ( GEOMETRIC_REPRESENTATION_CONTEXT(2) 
PARAMETRIC_REPRESENTATION_CONTEXT() REPRESENTATION_CONTEXT('2D SPACE',''
  ) );
#7534 = PCURVE('',#7069,#7535);
#7535 = DEFINITIONAL_REPRESENTATION('',(#7536),#7540);
#7536 = B_SPLINE_CURVE_WITH_KNOTS('',2,(#7537,#7538,#7539),
  .UNSPECIFIED.,.F.,.F.,(3,3),(0.,1.),.PIECEWISE_BEZIER_KNOTS.);
#7537 = CARTESIAN_POINT('',(-0.151497061053,8.371046338947E-04));
#7538 = CARTESIAN_POINT('',(-0.151497061053,0.133108866842));
#7539 = CARTESIAN_POINT('',(-0.105637188442,0.191261733084));
#7540 = ( GEOMETRIC_REPRESENTATION_CONTEXT(2) 
PARAMETRIC_REPRESENTATION_CONTEXT() REPRESENTATION_CONTEXT('2D SPACE',''
  ) );
#7541 = ADVANCED_FACE('',(#7542),#6983,.T.);
#7542 = FACE_BOUND('',#7543,.T.);
#7543 = EDGE_LOOP('',(#7544,#7545,#7566,#7567));
#7544 = ORIENTED_EDGE('',*,*,#7498,.T.);
#7545 = ORIENTED_EDGE('',*,*,#7546,.T.);
#7546 = EDGE_CURVE('',#7476,#6961,#7547,.T.);
#7547 = SURFACE_CURVE('',#7548,(#7552,#7559),.PCURVE_S1.);
#7548 = B_SPLINE_CURVE_WITH_KNOTS('',2,(#7549,#7550,#7551),
  .UNSPECIFIED.,.F.,.F.,(3,3),(0.,1.),.PIECEWISE_BEZIER_KNOTS.);
#7549 = CARTESIAN_POINT('',(-0.743842887473,0.441231422505,0.903));
#7550 = CARTESIAN_POINT('',(-0.705944798301,0.4891507431,0.903));
#7551 = CARTESIAN_POINT('',(-0.638110403397,0.4891507431,0.903));
#7552 = PCURVE('',#6983,#7553);
#7553 = DEFINITIONAL_REPRESENTATION('',(#7554),#7558);
#7554 = LINE('',#7555,#7556);
#7555 = CARTESIAN_POINT('',(0.,-3.E-03));
#7556 = VECTOR('',#7557,1.);
#7557 = DIRECTION('',(1.,0.));
#7558 = ( GEOMETRIC_REPRESENTATION_CONTEXT(2) 
PARAMETRIC_REPRESENTATION_CONTEXT() REPRESENTATION_CONTEXT('2D SPACE',''
  ) );
#7559 = PCURVE('',#7013,#7560);
#7560 = DEFINITIONAL_REPRESENTATION('',(#7561),#7565);
#7561 = B_SPLINE_CURVE_WITH_KNOTS('',2,(#7562,#7563,#7564),
  .UNSPECIFIED.,.F.,.F.,(3,3),(0.,1.),.PIECEWISE_BEZIER_KNOTS.);
#7562 = CARTESIAN_POINT('',(-0.105637188442,0.191261733084));
#7563 = CARTESIAN_POINT('',(-6.773909926972E-02,0.239181053678));
#7564 = CARTESIAN_POINT('',(9.529563473432E-05,0.239181053678));
#7565 = ( GEOMETRIC_REPRESENTATION_CONTEXT(2) 
PARAMETRIC_REPRESENTATION_CONTEXT() REPRESENTATION_CONTEXT('2D SPACE',''
  ) );
#7566 = ORIENTED_EDGE('',*,*,#6958,.F.);
#7567 = ORIENTED_EDGE('',*,*,#7568,.F.);
#7568 = EDGE_CURVE('',#7499,#6959,#7569,.T.);
#7569 = SURFACE_CURVE('',#7570,(#7574,#7581),.PCURVE_S1.);
#7570 = B_SPLINE_CURVE_WITH_KNOTS('',2,(#7571,#7572,#7573),
  .UNSPECIFIED.,.F.,.F.,(3,3),(0.,1.),.PIECEWISE_BEZIER_KNOTS.);
#7571 = CARTESIAN_POINT('',(-0.743842887473,0.441231422505,0.9));
#7572 = CARTESIAN_POINT('',(-0.705944798301,0.4891507431,0.9));
#7573 = CARTESIAN_POINT('',(-0.638110403397,0.4891507431,0.9));
#7574 = PCURVE('',#6983,#7575);
#7575 = DEFINITIONAL_REPRESENTATION('',(#7576),#7580);
#7576 = LINE('',#7577,#7578);
#7577 = CARTESIAN_POINT('',(0.,0.));
#7578 = VECTOR('',#7579,1.);
#7579 = DIRECTION('',(1.,0.));
#7580 = ( GEOMETRIC_REPRESENTATION_CONTEXT(2) 
PARAMETRIC_REPRESENTATION_CONTEXT() REPRESENTATION_CONTEXT('2D SPACE',''
  ) );
#7581 = PCURVE('',#7069,#7582);
#7582 = DEFINITIONAL_REPRESENTATION('',(#7583),#7587);
#7583 = B_SPLINE_CURVE_WITH_KNOTS('',2,(#7584,#7585,#7586),
  .UNSPECIFIED.,.F.,.F.,(3,3),(0.,1.),.PIECEWISE_BEZIER_KNOTS.);
#7584 = CARTESIAN_POINT('',(-0.105637188442,0.191261733084));
#7585 = CARTESIAN_POINT('',(-6.773909926972E-02,0.239181053678));
#7586 = CARTESIAN_POINT('',(9.529563473432E-05,0.239181053678));
#7587 = ( GEOMETRIC_REPRESENTATION_CONTEXT(2) 
PARAMETRIC_REPRESENTATION_CONTEXT() REPRESENTATION_CONTEXT('2D SPACE',''
  ) );
#7588 = ADVANCED_FACE('',(#7589),#7603,.T.);
#7589 = FACE_BOUND('',#7590,.T.);
#7590 = EDGE_LOOP('',(#7591,#7630,#7653,#7683));
#7591 = ORIENTED_EDGE('',*,*,#7592,.T.);
#7592 = EDGE_CURVE('',#7593,#7595,#7597,.T.);
#7593 = VERTEX_POINT('',#7594);
#7594 = CARTESIAN_POINT('',(-0.638110403397,0.414416135881,0.9));
#7595 = VERTEX_POINT('',#7596);
#7596 = CARTESIAN_POINT('',(-0.638110403397,0.414416135881,0.903));
#7597 = SURFACE_CURVE('',#7598,(#7602,#7616),.PCURVE_S1.);
#7598 = LINE('',#7599,#7600);
#7599 = CARTESIAN_POINT('',(-0.638110403397,0.414416135881,0.9));
#7600 = VECTOR('',#7601,1.);
#7601 = DIRECTION('',(0.,0.,1.));
#7602 = PCURVE('',#7603,#7610);
#7603 = SURFACE_OF_LINEAR_EXTRUSION('',#7604,#7608);
#7604 = B_SPLINE_CURVE_WITH_KNOTS('',2,(#7605,#7606,#7607),
  .UNSPECIFIED.,.F.,.F.,(3,3),(0.,1.),.PIECEWISE_BEZIER_KNOTS.);
#7605 = CARTESIAN_POINT('',(-0.638110403397,0.414416135881,0.9));
#7606 = CARTESIAN_POINT('',(-0.654352441614,0.414416135881,0.9));
#7607 = CARTESIAN_POINT('',(-0.667091295117,0.404055201699,0.9));
#7608 = VECTOR('',#7609,1.);
#7609 = DIRECTION('',(-0.,-0.,-1.));
#7610 = DEFINITIONAL_REPRESENTATION('',(#7611),#7615);
#7611 = LINE('',#7612,#7613);
#7612 = CARTESIAN_POINT('',(0.,0.));
#7613 = VECTOR('',#7614,1.);
#7614 = DIRECTION('',(0.,-1.));
#7615 = ( GEOMETRIC_REPRESENTATION_CONTEXT(2) 
PARAMETRIC_REPRESENTATION_CONTEXT() REPRESENTATION_CONTEXT('2D SPACE',''
  ) );
#7616 = PCURVE('',#7617,#7624);
#7617 = SURFACE_OF_LINEAR_EXTRUSION('',#7618,#7622);
#7618 = B_SPLINE_CURVE_WITH_KNOTS('',2,(#7619,#7620,#7621),
  .UNSPECIFIED.,.F.,.F.,(3,3),(0.,1.),.PIECEWISE_BEZIER_KNOTS.);
#7619 = CARTESIAN_POINT('',(-0.609299363057,0.404055201699,0.9));
#7620 = CARTESIAN_POINT('',(-0.62186836518,0.414416135881,0.9));
#7621 = CARTESIAN_POINT('',(-0.638110403397,0.414416135881,0.9));
#7622 = VECTOR('',#7623,1.);
#7623 = DIRECTION('',(-0.,-0.,-1.));
#7624 = DEFINITIONAL_REPRESENTATION('',(#7625),#7629);
#7625 = LINE('',#7626,#7627);
#7626 = CARTESIAN_POINT('',(1.,0.));
#7627 = VECTOR('',#7628,1.);
#7628 = DIRECTION('',(0.,-1.));
#7629 = ( GEOMETRIC_REPRESENTATION_CONTEXT(2) 
PARAMETRIC_REPRESENTATION_CONTEXT() REPRESENTATION_CONTEXT('2D SPACE',''
  ) );
#7630 = ORIENTED_EDGE('',*,*,#7631,.T.);
#7631 = EDGE_CURVE('',#7595,#7632,#7634,.T.);
#7632 = VERTEX_POINT('',#7633);
#7633 = CARTESIAN_POINT('',(-0.667091295117,0.404055201699,0.903));
#7634 = SURFACE_CURVE('',#7635,(#7639,#7646),.PCURVE_S1.);
#7635 = B_SPLINE_CURVE_WITH_KNOTS('',2,(#7636,#7637,#7638),
  .UNSPECIFIED.,.F.,.F.,(3,3),(0.,1.),.PIECEWISE_BEZIER_KNOTS.);
#7636 = CARTESIAN_POINT('',(-0.638110403397,0.414416135881,0.903));
#7637 = CARTESIAN_POINT('',(-0.654352441614,0.414416135881,0.903));
#7638 = CARTESIAN_POINT('',(-0.667091295117,0.404055201699,0.903));
#7639 = PCURVE('',#7603,#7640);
#7640 = DEFINITIONAL_REPRESENTATION('',(#7641),#7645);
#7641 = LINE('',#7642,#7643);
#7642 = CARTESIAN_POINT('',(0.,-3.E-03));
#7643 = VECTOR('',#7644,1.);
#7644 = DIRECTION('',(1.,0.));
#7645 = ( GEOMETRIC_REPRESENTATION_CONTEXT(2) 
PARAMETRIC_REPRESENTATION_CONTEXT() REPRESENTATION_CONTEXT('2D SPACE',''
  ) );
#7646 = PCURVE('',#7013,#7647);
#7647 = DEFINITIONAL_REPRESENTATION('',(#7648),#7652);
#7648 = B_SPLINE_CURVE_WITH_KNOTS('',2,(#7649,#7650,#7651),
  .UNSPECIFIED.,.F.,.F.,(3,3),(0.,1.),.PIECEWISE_BEZIER_KNOTS.);
#7649 = CARTESIAN_POINT('',(9.529563473432E-05,0.16444644646));
#7650 = CARTESIAN_POINT('',(-1.614674258183E-02,0.16444644646));
#7651 = CARTESIAN_POINT('',(-2.888559608501E-02,0.154085512277));
#7652 = ( GEOMETRIC_REPRESENTATION_CONTEXT(2) 
PARAMETRIC_REPRESENTATION_CONTEXT() REPRESENTATION_CONTEXT('2D SPACE',''
  ) );
#7653 = ORIENTED_EDGE('',*,*,#7654,.F.);
#7654 = EDGE_CURVE('',#7655,#7632,#7657,.T.);
#7655 = VERTEX_POINT('',#7656);
#7656 = CARTESIAN_POINT('',(-0.667091295117,0.404055201699,0.9));
#7657 = SURFACE_CURVE('',#7658,(#7662,#7669),.PCURVE_S1.);
#7658 = LINE('',#7659,#7660);
#7659 = CARTESIAN_POINT('',(-0.667091295117,0.404055201699,0.9));
#7660 = VECTOR('',#7661,1.);
#7661 = DIRECTION('',(0.,0.,1.));
#7662 = PCURVE('',#7603,#7663);
#7663 = DEFINITIONAL_REPRESENTATION('',(#7664),#7668);
#7664 = LINE('',#7665,#7666);
#7665 = CARTESIAN_POINT('',(1.,0.));
#7666 = VECTOR('',#7667,1.);
#7667 = DIRECTION('',(0.,-1.));
#7668 = ( GEOMETRIC_REPRESENTATION_CONTEXT(2) 
PARAMETRIC_REPRESENTATION_CONTEXT() REPRESENTATION_CONTEXT('2D SPACE',''
  ) );
#7669 = PCURVE('',#7670,#7677);
#7670 = SURFACE_OF_LINEAR_EXTRUSION('',#7671,#7675);
#7671 = B_SPLINE_CURVE_WITH_KNOTS('',2,(#7672,#7673,#7674),
  .UNSPECIFIED.,.F.,.F.,(3,3),(0.,1.),.PIECEWISE_BEZIER_KNOTS.);
#7672 = CARTESIAN_POINT('',(-0.667091295117,0.404055201699,0.9));
#7673 = CARTESIAN_POINT('',(-0.67983014862,0.393694267516,0.9));
#7674 = CARTESIAN_POINT('',(-0.686836518047,0.366900212314,0.9));
#7675 = VECTOR('',#7676,1.);
#7676 = DIRECTION('',(-0.,-0.,-1.));
#7677 = DEFINITIONAL_REPRESENTATION('',(#7678),#7682);
#7678 = LINE('',#7679,#7680);
#7679 = CARTESIAN_POINT('',(0.,0.));
#7680 = VECTOR('',#7681,1.);
#7681 = DIRECTION('',(0.,-1.));
#7682 = ( GEOMETRIC_REPRESENTATION_CONTEXT(2) 
PARAMETRIC_REPRESENTATION_CONTEXT() REPRESENTATION_CONTEXT('2D SPACE',''
  ) );
#7683 = ORIENTED_EDGE('',*,*,#7684,.F.);
#7684 = EDGE_CURVE('',#7593,#7655,#7685,.T.);
#7685 = SURFACE_CURVE('',#7686,(#7690,#7697),.PCURVE_S1.);
#7686 = B_SPLINE_CURVE_WITH_KNOTS('',2,(#7687,#7688,#7689),
  .UNSPECIFIED.,.F.,.F.,(3,3),(0.,1.),.PIECEWISE_BEZIER_KNOTS.);
#7687 = CARTESIAN_POINT('',(-0.638110403397,0.414416135881,0.9));
#7688 = CARTESIAN_POINT('',(-0.654352441614,0.414416135881,0.9));
#7689 = CARTESIAN_POINT('',(-0.667091295117,0.404055201699,0.9));
#7690 = PCURVE('',#7603,#7691);
#7691 = DEFINITIONAL_REPRESENTATION('',(#7692),#7696);
#7692 = LINE('',#7693,#7694);
#7693 = CARTESIAN_POINT('',(0.,0.));
#7694 = VECTOR('',#7695,1.);
#7695 = DIRECTION('',(1.,0.));
#7696 = ( GEOMETRIC_REPRESENTATION_CONTEXT(2) 
PARAMETRIC_REPRESENTATION_CONTEXT() REPRESENTATION_CONTEXT('2D SPACE',''
  ) );
#7697 = PCURVE('',#7069,#7698);
#7698 = DEFINITIONAL_REPRESENTATION('',(#7699),#7703);
#7699 = B_SPLINE_CURVE_WITH_KNOTS('',2,(#7700,#7701,#7702),
  .UNSPECIFIED.,.F.,.F.,(3,3),(0.,1.),.PIECEWISE_BEZIER_KNOTS.);
#7700 = CARTESIAN_POINT('',(9.529563473432E-05,0.16444644646));
#7701 = CARTESIAN_POINT('',(-1.614674258183E-02,0.16444644646));
#7702 = CARTESIAN_POINT('',(-2.888559608501E-02,0.154085512277));
#7703 = ( GEOMETRIC_REPRESENTATION_CONTEXT(2) 
PARAMETRIC_REPRESENTATION_CONTEXT() REPRESENTATION_CONTEXT('2D SPACE',''
  ) );
#7704 = ADVANCED_FACE('',(#7705),#7670,.T.);
#7705 = FACE_BOUND('',#7706,.T.);
#7706 = EDGE_LOOP('',(#7707,#7708,#7731,#7761));
#7707 = ORIENTED_EDGE('',*,*,#7654,.T.);
#7708 = ORIENTED_EDGE('',*,*,#7709,.T.);
#7709 = EDGE_CURVE('',#7632,#7710,#7712,.T.);
#7710 = VERTEX_POINT('',#7711);
#7711 = CARTESIAN_POINT('',(-0.686836518047,0.366900212314,0.903));
#7712 = SURFACE_CURVE('',#7713,(#7717,#7724),.PCURVE_S1.);
#7713 = B_SPLINE_CURVE_WITH_KNOTS('',2,(#7714,#7715,#7716),
  .UNSPECIFIED.,.F.,.F.,(3,3),(0.,1.),.PIECEWISE_BEZIER_KNOTS.);
#7714 = CARTESIAN_POINT('',(-0.667091295117,0.404055201699,0.903));
#7715 = CARTESIAN_POINT('',(-0.67983014862,0.393694267516,0.903));
#7716 = CARTESIAN_POINT('',(-0.686836518047,0.366900212314,0.903));
#7717 = PCURVE('',#7670,#7718);
#7718 = DEFINITIONAL_REPRESENTATION('',(#7719),#7723);
#7719 = LINE('',#7720,#7721);
#7720 = CARTESIAN_POINT('',(0.,-3.E-03));
#7721 = VECTOR('',#7722,1.);
#7722 = DIRECTION('',(1.,0.));
#7723 = ( GEOMETRIC_REPRESENTATION_CONTEXT(2) 
PARAMETRIC_REPRESENTATION_CONTEXT() REPRESENTATION_CONTEXT('2D SPACE',''
  ) );
#7724 = PCURVE('',#7013,#7725);
#7725 = DEFINITIONAL_REPRESENTATION('',(#7726),#7730);
#7726 = B_SPLINE_CURVE_WITH_KNOTS('',2,(#7727,#7728,#7729),
  .UNSPECIFIED.,.F.,.F.,(3,3),(0.,1.),.PIECEWISE_BEZIER_KNOTS.);
#7727 = CARTESIAN_POINT('',(-2.888559608501E-02,0.154085512277));
#7728 = CARTESIAN_POINT('',(-4.16244495882E-02,0.143724578095));
#7729 = CARTESIAN_POINT('',(-4.863081901495E-02,0.116930522893));
#7730 = ( GEOMETRIC_REPRESENTATION_CONTEXT(2) 
PARAMETRIC_REPRESENTATION_CONTEXT() REPRESENTATION_CONTEXT('2D SPACE',''
  ) );
#7731 = ORIENTED_EDGE('',*,*,#7732,.F.);
#7732 = EDGE_CURVE('',#7733,#7710,#7735,.T.);
#7733 = VERTEX_POINT('',#7734);
#7734 = CARTESIAN_POINT('',(-0.686836518047,0.366900212314,0.9));
#7735 = SURFACE_CURVE('',#7736,(#7740,#7747),.PCURVE_S1.);
#7736 = LINE('',#7737,#7738);
#7737 = CARTESIAN_POINT('',(-0.686836518047,0.366900212314,0.9));
#7738 = VECTOR('',#7739,1.);
#7739 = DIRECTION('',(0.,0.,1.));
#7740 = PCURVE('',#7670,#7741);
#7741 = DEFINITIONAL_REPRESENTATION('',(#7742),#7746);
#7742 = LINE('',#7743,#7744);
#7743 = CARTESIAN_POINT('',(1.,0.));
#7744 = VECTOR('',#7745,1.);
#7745 = DIRECTION('',(0.,-1.));
#7746 = ( GEOMETRIC_REPRESENTATION_CONTEXT(2) 
PARAMETRIC_REPRESENTATION_CONTEXT() REPRESENTATION_CONTEXT('2D SPACE',''
  ) );
#7747 = PCURVE('',#7748,#7755);
#7748 = SURFACE_OF_LINEAR_EXTRUSION('',#7749,#7753);
#7749 = B_SPLINE_CURVE_WITH_KNOTS('',2,(#7750,#7751,#7752),
  .UNSPECIFIED.,.F.,.F.,(3,3),(0.,1.),.PIECEWISE_BEZIER_KNOTS.);
#7750 = CARTESIAN_POINT('',(-0.686836518047,0.366900212314,0.9));
#7751 = CARTESIAN_POINT('',(-0.696072186837,0.332123142251,0.9));
#7752 = CARTESIAN_POINT('',(-0.696072186837,0.24983014862,0.9));
#7753 = VECTOR('',#7754,1.);
#7754 = DIRECTION('',(-0.,-0.,-1.));
#7755 = DEFINITIONAL_REPRESENTATION('',(#7756),#7760);
#7756 = LINE('',#7757,#7758);
#7757 = CARTESIAN_POINT('',(0.,0.));
#7758 = VECTOR('',#7759,1.);
#7759 = DIRECTION('',(0.,-1.));
#7760 = ( GEOMETRIC_REPRESENTATION_CONTEXT(2) 
PARAMETRIC_REPRESENTATION_CONTEXT() REPRESENTATION_CONTEXT('2D SPACE',''
  ) );
#7761 = ORIENTED_EDGE('',*,*,#7762,.F.);
#7762 = EDGE_CURVE('',#7655,#7733,#7763,.T.);
#7763 = SURFACE_CURVE('',#7764,(#7768,#7775),.PCURVE_S1.);
#7764 = B_SPLINE_CURVE_WITH_KNOTS('',2,(#7765,#7766,#7767),
  .UNSPECIFIED.,.F.,.F.,(3,3),(0.,1.),.PIECEWISE_BEZIER_KNOTS.);
#7765 = CARTESIAN_POINT('',(-0.667091295117,0.404055201699,0.9));
#7766 = CARTESIAN_POINT('',(-0.67983014862,0.393694267516,0.9));
#7767 = CARTESIAN_POINT('',(-0.686836518047,0.366900212314,0.9));
#7768 = PCURVE('',#7670,#7769);
#7769 = DEFINITIONAL_REPRESENTATION('',(#7770),#7774);
#7770 = LINE('',#7771,#7772);
#7771 = CARTESIAN_POINT('',(0.,0.));
#7772 = VECTOR('',#7773,1.);
#7773 = DIRECTION('',(1.,0.));
#7774 = ( GEOMETRIC_REPRESENTATION_CONTEXT(2) 
PARAMETRIC_REPRESENTATION_CONTEXT() REPRESENTATION_CONTEXT('2D SPACE',''
  ) );
#7775 = PCURVE('',#7069,#7776);
#7776 = DEFINITIONAL_REPRESENTATION('',(#7777),#7781);
#7777 = B_SPLINE_CURVE_WITH_KNOTS('',2,(#7778,#7779,#7780),
  .UNSPECIFIED.,.F.,.F.,(3,3),(0.,1.),.PIECEWISE_BEZIER_KNOTS.);
#7778 = CARTESIAN_POINT('',(-2.888559608501E-02,0.154085512277));
#7779 = CARTESIAN_POINT('',(-4.16244495882E-02,0.143724578095));
#7780 = CARTESIAN_POINT('',(-4.863081901495E-02,0.116930522893));
#7781 = ( GEOMETRIC_REPRESENTATION_CONTEXT(2) 
PARAMETRIC_REPRESENTATION_CONTEXT() REPRESENTATION_CONTEXT('2D SPACE',''
  ) );
#7782 = ADVANCED_FACE('',(#7783),#7748,.T.);
#7783 = FACE_BOUND('',#7784,.T.);
#7784 = EDGE_LOOP('',(#7785,#7786,#7809,#7839));
#7785 = ORIENTED_EDGE('',*,*,#7732,.T.);
#7786 = ORIENTED_EDGE('',*,*,#7787,.T.);
#7787 = EDGE_CURVE('',#7710,#7788,#7790,.T.);
#7788 = VERTEX_POINT('',#7789);
#7789 = CARTESIAN_POINT('',(-0.696072186837,0.24983014862,0.903));
#7790 = SURFACE_CURVE('',#7791,(#7795,#7802),.PCURVE_S1.);
#7791 = B_SPLINE_CURVE_WITH_KNOTS('',2,(#7792,#7793,#7794),
  .UNSPECIFIED.,.F.,.F.,(3,3),(0.,1.),.PIECEWISE_BEZIER_KNOTS.);
#7792 = CARTESIAN_POINT('',(-0.686836518047,0.366900212314,0.903));
#7793 = CARTESIAN_POINT('',(-0.696072186837,0.332123142251,0.903));
#7794 = CARTESIAN_POINT('',(-0.696072186837,0.24983014862,0.903));
#7795 = PCURVE('',#7748,#7796);
#7796 = DEFINITIONAL_REPRESENTATION('',(#7797),#7801);
#7797 = LINE('',#7798,#7799);
#7798 = CARTESIAN_POINT('',(0.,-3.E-03));
#7799 = VECTOR('',#7800,1.);
#7800 = DIRECTION('',(1.,0.));
#7801 = ( GEOMETRIC_REPRESENTATION_CONTEXT(2) 
PARAMETRIC_REPRESENTATION_CONTEXT() REPRESENTATION_CONTEXT('2D SPACE',''
  ) );
#7802 = PCURVE('',#7013,#7803);
#7803 = DEFINITIONAL_REPRESENTATION('',(#7804),#7808);
#7804 = B_SPLINE_CURVE_WITH_KNOTS('',2,(#7805,#7806,#7807),
  .UNSPECIFIED.,.F.,.F.,(3,3),(0.,1.),.PIECEWISE_BEZIER_KNOTS.);
#7805 = CARTESIAN_POINT('',(-4.863081901495E-02,0.116930522893));
#7806 = CARTESIAN_POINT('',(-5.786648780476E-02,8.215345282922E-02));
#7807 = CARTESIAN_POINT('',(-5.786648780476E-02,-1.395408013495E-04));
#7808 = ( GEOMETRIC_REPRESENTATION_CONTEXT(2) 
PARAMETRIC_REPRESENTATION_CONTEXT() REPRESENTATION_CONTEXT('2D SPACE',''
  ) );
#7809 = ORIENTED_EDGE('',*,*,#7810,.F.);
#7810 = EDGE_CURVE('',#7811,#7788,#7813,.T.);
#7811 = VERTEX_POINT('',#7812);
#7812 = CARTESIAN_POINT('',(-0.696072186837,0.24983014862,0.9));
#7813 = SURFACE_CURVE('',#7814,(#7818,#7825),.PCURVE_S1.);
#7814 = LINE('',#7815,#7816);
#7815 = CARTESIAN_POINT('',(-0.696072186837,0.24983014862,0.9));
#7816 = VECTOR('',#7817,1.);
#7817 = DIRECTION('',(0.,0.,1.));
#7818 = PCURVE('',#7748,#7819);
#7819 = DEFINITIONAL_REPRESENTATION('',(#7820),#7824);
#7820 = LINE('',#7821,#7822);
#7821 = CARTESIAN_POINT('',(1.,0.));
#7822 = VECTOR('',#7823,1.);
#7823 = DIRECTION('',(0.,-1.));
#7824 = ( GEOMETRIC_REPRESENTATION_CONTEXT(2) 
PARAMETRIC_REPRESENTATION_CONTEXT() REPRESENTATION_CONTEXT('2D SPACE',''
  ) );
#7825 = PCURVE('',#7826,#7833);
#7826 = SURFACE_OF_LINEAR_EXTRUSION('',#7827,#7831);
#7827 = B_SPLINE_CURVE_WITH_KNOTS('',2,(#7828,#7829,#7830),
  .UNSPECIFIED.,.F.,.F.,(3,3),(0.,1.),.PIECEWISE_BEZIER_KNOTS.);
#7828 = CARTESIAN_POINT('',(-0.696072186837,0.24983014862,0.9));
#7829 = CARTESIAN_POINT('',(-0.696072186837,0.167558386412,0.9));
#7830 = CARTESIAN_POINT('',(-0.687791932059,0.136772823779,0.9));
#7831 = VECTOR('',#7832,1.);
#7832 = DIRECTION('',(-0.,-0.,-1.));
#7833 = DEFINITIONAL_REPRESENTATION('',(#7834),#7838);
#7834 = LINE('',#7835,#7836);
#7835 = CARTESIAN_POINT('',(0.,0.));
#7836 = VECTOR('',#7837,1.);
#7837 = DIRECTION('',(0.,-1.));
#7838 = ( GEOMETRIC_REPRESENTATION_CONTEXT(2) 
PARAMETRIC_REPRESENTATION_CONTEXT() REPRESENTATION_CONTEXT('2D SPACE',''
  ) );
#7839 = ORIENTED_EDGE('',*,*,#7840,.F.);
#7840 = EDGE_CURVE('',#7733,#7811,#7841,.T.);
#7841 = SURFACE_CURVE('',#7842,(#7846,#7853),.PCURVE_S1.);
#7842 = B_SPLINE_CURVE_WITH_KNOTS('',2,(#7843,#7844,#7845),
  .UNSPECIFIED.,.F.,.F.,(3,3),(0.,1.),.PIECEWISE_BEZIER_KNOTS.);
#7843 = CARTESIAN_POINT('',(-0.686836518047,0.366900212314,0.9));
#7844 = CARTESIAN_POINT('',(-0.696072186837,0.332123142251,0.9));
#7845 = CARTESIAN_POINT('',(-0.696072186837,0.24983014862,0.9));
#7846 = PCURVE('',#7748,#7847);
#7847 = DEFINITIONAL_REPRESENTATION('',(#7848),#7852);
#7848 = LINE('',#7849,#7850);
#7849 = CARTESIAN_POINT('',(0.,0.));
#7850 = VECTOR('',#7851,1.);
#7851 = DIRECTION('',(1.,0.));
#7852 = ( GEOMETRIC_REPRESENTATION_CONTEXT(2) 
PARAMETRIC_REPRESENTATION_CONTEXT() REPRESENTATION_CONTEXT('2D SPACE',''
  ) );
#7853 = PCURVE('',#7069,#7854);
#7854 = DEFINITIONAL_REPRESENTATION('',(#7855),#7859);
#7855 = B_SPLINE_CURVE_WITH_KNOTS('',2,(#7856,#7857,#7858),
  .UNSPECIFIED.,.F.,.F.,(3,3),(0.,1.),.PIECEWISE_BEZIER_KNOTS.);
#7856 = CARTESIAN_POINT('',(-4.863081901495E-02,0.116930522893));
#7857 = CARTESIAN_POINT('',(-5.786648780476E-02,8.215345282922E-02));
#7858 = CARTESIAN_POINT('',(-5.786648780476E-02,-1.395408013495E-04));
#7859 = ( GEOMETRIC_REPRESENTATION_CONTEXT(2) 
PARAMETRIC_REPRESENTATION_CONTEXT() REPRESENTATION_CONTEXT('2D SPACE',''
  ) );
#7860 = ADVANCED_FACE('',(#7861),#7826,.T.);
#7861 = FACE_BOUND('',#7862,.T.);
#7862 = EDGE_LOOP('',(#7863,#7864,#7887,#7917));
#7863 = ORIENTED_EDGE('',*,*,#7810,.T.);
#7864 = ORIENTED_EDGE('',*,*,#7865,.T.);
#7865 = EDGE_CURVE('',#7788,#7866,#7868,.T.);
#7866 = VERTEX_POINT('',#7867);
#7867 = CARTESIAN_POINT('',(-0.687791932059,0.136772823779,0.903));
#7868 = SURFACE_CURVE('',#7869,(#7873,#7880),.PCURVE_S1.);
#7869 = B_SPLINE_CURVE_WITH_KNOTS('',2,(#7870,#7871,#7872),
  .UNSPECIFIED.,.F.,.F.,(3,3),(0.,1.),.PIECEWISE_BEZIER_KNOTS.);
#7870 = CARTESIAN_POINT('',(-0.696072186837,0.24983014862,0.903));
#7871 = CARTESIAN_POINT('',(-0.696072186837,0.167558386412,0.903));
#7872 = CARTESIAN_POINT('',(-0.687791932059,0.136772823779,0.903));
#7873 = PCURVE('',#7826,#7874);
#7874 = DEFINITIONAL_REPRESENTATION('',(#7875),#7879);
#7875 = LINE('',#7876,#7877);
#7876 = CARTESIAN_POINT('',(0.,-3.E-03));
#7877 = VECTOR('',#7878,1.);
#7878 = DIRECTION('',(1.,0.));
#7879 = ( GEOMETRIC_REPRESENTATION_CONTEXT(2) 
PARAMETRIC_REPRESENTATION_CONTEXT() REPRESENTATION_CONTEXT('2D SPACE',''
  ) );
#7880 = PCURVE('',#7013,#7881);
#7881 = DEFINITIONAL_REPRESENTATION('',(#7882),#7886);
#7882 = B_SPLINE_CURVE_WITH_KNOTS('',2,(#7883,#7884,#7885),
  .UNSPECIFIED.,.F.,.F.,(3,3),(0.,1.),.PIECEWISE_BEZIER_KNOTS.);
#7883 = CARTESIAN_POINT('',(-5.786648780476E-02,-1.395408013495E-04));
#7884 = CARTESIAN_POINT('',(-5.786648780476E-02,-8.241130300942E-02));
#7885 = CARTESIAN_POINT('',(-4.958623302769E-02,-0.113196865642));
#7886 = ( GEOMETRIC_REPRESENTATION_CONTEXT(2) 
PARAMETRIC_REPRESENTATION_CONTEXT() REPRESENTATION_CONTEXT('2D SPACE',''
  ) );
#7887 = ORIENTED_EDGE('',*,*,#7888,.F.);
#7888 = EDGE_CURVE('',#7889,#7866,#7891,.T.);
#7889 = VERTEX_POINT('',#7890);
#7890 = CARTESIAN_POINT('',(-0.687791932059,0.136772823779,0.9));
#7891 = SURFACE_CURVE('',#7892,(#7896,#7903),.PCURVE_S1.);
#7892 = LINE('',#7893,#7894);
#7893 = CARTESIAN_POINT('',(-0.687791932059,0.136772823779,0.9));
#7894 = VECTOR('',#7895,1.);
#7895 = DIRECTION('',(0.,0.,1.));
#7896 = PCURVE('',#7826,#7897);
#7897 = DEFINITIONAL_REPRESENTATION('',(#7898),#7902);
#7898 = LINE('',#7899,#7900);
#7899 = CARTESIAN_POINT('',(1.,0.));
#7900 = VECTOR('',#7901,1.);
#7901 = DIRECTION('',(0.,-1.));
#7902 = ( GEOMETRIC_REPRESENTATION_CONTEXT(2) 
PARAMETRIC_REPRESENTATION_CONTEXT() REPRESENTATION_CONTEXT('2D SPACE',''
  ) );
#7903 = PCURVE('',#7904,#7911);
#7904 = SURFACE_OF_LINEAR_EXTRUSION('',#7905,#7909);
#7905 = B_SPLINE_CURVE_WITH_KNOTS('',2,(#7906,#7907,#7908),
  .UNSPECIFIED.,.F.,.F.,(3,3),(0.,1.),.PIECEWISE_BEZIER_KNOTS.);
#7906 = CARTESIAN_POINT('',(-0.687791932059,0.136772823779,0.9));
#7907 = CARTESIAN_POINT('',(-0.679511677282,0.105987261146,0.9));
#7908 = CARTESIAN_POINT('',(-0.666942675159,9.577494692144E-02,0.9));
#7909 = VECTOR('',#7910,1.);
#7910 = DIRECTION('',(-0.,-0.,-1.));
#7911 = DEFINITIONAL_REPRESENTATION('',(#7912),#7916);
#7912 = LINE('',#7913,#7914);
#7913 = CARTESIAN_POINT('',(0.,0.));
#7914 = VECTOR('',#7915,1.);
#7915 = DIRECTION('',(0.,-1.));
#7916 = ( GEOMETRIC_REPRESENTATION_CONTEXT(2) 
PARAMETRIC_REPRESENTATION_CONTEXT() REPRESENTATION_CONTEXT('2D SPACE',''
  ) );
#7917 = ORIENTED_EDGE('',*,*,#7918,.F.);
#7918 = EDGE_CURVE('',#7811,#7889,#7919,.T.);
#7919 = SURFACE_CURVE('',#7920,(#7924,#7931),.PCURVE_S1.);
#7920 = B_SPLINE_CURVE_WITH_KNOTS('',2,(#7921,#7922,#7923),
  .UNSPECIFIED.,.F.,.F.,(3,3),(0.,1.),.PIECEWISE_BEZIER_KNOTS.);
#7921 = CARTESIAN_POINT('',(-0.696072186837,0.24983014862,0.9));
#7922 = CARTESIAN_POINT('',(-0.696072186837,0.167558386412,0.9));
#7923 = CARTESIAN_POINT('',(-0.687791932059,0.136772823779,0.9));
#7924 = PCURVE('',#7826,#7925);
#7925 = DEFINITIONAL_REPRESENTATION('',(#7926),#7930);
#7926 = LINE('',#7927,#7928);
#7927 = CARTESIAN_POINT('',(0.,0.));
#7928 = VECTOR('',#7929,1.);
#7929 = DIRECTION('',(1.,0.));
#7930 = ( GEOMETRIC_REPRESENTATION_CONTEXT(2) 
PARAMETRIC_REPRESENTATION_CONTEXT() REPRESENTATION_CONTEXT('2D SPACE',''
  ) );
#7931 = PCURVE('',#7069,#7932);
#7932 = DEFINITIONAL_REPRESENTATION('',(#7933),#7937);
#7933 = B_SPLINE_CURVE_WITH_KNOTS('',2,(#7934,#7935,#7936),
  .UNSPECIFIED.,.F.,.F.,(3,3),(0.,1.),.PIECEWISE_BEZIER_KNOTS.);
#7934 = CARTESIAN_POINT('',(-5.786648780476E-02,-1.395408013495E-04));
#7935 = CARTESIAN_POINT('',(-5.786648780476E-02,-8.241130300942E-02));
#7936 = CARTESIAN_POINT('',(-4.958623302769E-02,-0.113196865642));
#7937 = ( GEOMETRIC_REPRESENTATION_CONTEXT(2) 
PARAMETRIC_REPRESENTATION_CONTEXT() REPRESENTATION_CONTEXT('2D SPACE',''
  ) );
#7938 = ADVANCED_FACE('',(#7939),#7904,.T.);
#7939 = FACE_BOUND('',#7940,.T.);
#7940 = EDGE_LOOP('',(#7941,#7942,#7965,#7995));
#7941 = ORIENTED_EDGE('',*,*,#7888,.T.);
#7942 = ORIENTED_EDGE('',*,*,#7943,.T.);
#7943 = EDGE_CURVE('',#7866,#7944,#7946,.T.);
#7944 = VERTEX_POINT('',#7945);
#7945 = CARTESIAN_POINT('',(-0.666942675159,9.577494692144E-02,0.903));
#7946 = SURFACE_CURVE('',#7947,(#7951,#7958),.PCURVE_S1.);
#7947 = B_SPLINE_CURVE_WITH_KNOTS('',2,(#7948,#7949,#7950),
  .UNSPECIFIED.,.F.,.F.,(3,3),(0.,1.),.PIECEWISE_BEZIER_KNOTS.);
#7948 = CARTESIAN_POINT('',(-0.687791932059,0.136772823779,0.903));
#7949 = CARTESIAN_POINT('',(-0.679511677282,0.105987261146,0.903));
#7950 = CARTESIAN_POINT('',(-0.666942675159,9.577494692144E-02,0.903));
#7951 = PCURVE('',#7904,#7952);
#7952 = DEFINITIONAL_REPRESENTATION('',(#7953),#7957);
#7953 = LINE('',#7954,#7955);
#7954 = CARTESIAN_POINT('',(0.,-3.E-03));
#7955 = VECTOR('',#7956,1.);
#7956 = DIRECTION('',(1.,0.));
#7957 = ( GEOMETRIC_REPRESENTATION_CONTEXT(2) 
PARAMETRIC_REPRESENTATION_CONTEXT() REPRESENTATION_CONTEXT('2D SPACE',''
  ) );
#7958 = PCURVE('',#7013,#7959);
#7959 = DEFINITIONAL_REPRESENTATION('',(#7960),#7964);
#7960 = B_SPLINE_CURVE_WITH_KNOTS('',2,(#7961,#7962,#7963),
  .UNSPECIFIED.,.F.,.F.,(3,3),(0.,1.),.PIECEWISE_BEZIER_KNOTS.);
#7961 = CARTESIAN_POINT('',(-4.958623302769E-02,-0.113196865642));
#7962 = CARTESIAN_POINT('',(-4.130597825062E-02,-0.143982428275));
#7963 = CARTESIAN_POINT('',(-2.873697612747E-02,-0.1541947425));
#7964 = ( GEOMETRIC_REPRESENTATION_CONTEXT(2) 
PARAMETRIC_REPRESENTATION_CONTEXT() REPRESENTATION_CONTEXT('2D SPACE',''
  ) );
#7965 = ORIENTED_EDGE('',*,*,#7966,.F.);
#7966 = EDGE_CURVE('',#7967,#7944,#7969,.T.);
#7967 = VERTEX_POINT('',#7968);
#7968 = CARTESIAN_POINT('',(-0.666942675159,9.577494692144E-02,0.9));
#7969 = SURFACE_CURVE('',#7970,(#7974,#7981),.PCURVE_S1.);
#7970 = LINE('',#7971,#7972);
#7971 = CARTESIAN_POINT('',(-0.666942675159,9.577494692144E-02,0.9));
#7972 = VECTOR('',#7973,1.);
#7973 = DIRECTION('',(0.,0.,1.));
#7974 = PCURVE('',#7904,#7975);
#7975 = DEFINITIONAL_REPRESENTATION('',(#7976),#7980);
#7976 = LINE('',#7977,#7978);
#7977 = CARTESIAN_POINT('',(1.,0.));
#7978 = VECTOR('',#7979,1.);
#7979 = DIRECTION('',(0.,-1.));
#7980 = ( GEOMETRIC_REPRESENTATION_CONTEXT(2) 
PARAMETRIC_REPRESENTATION_CONTEXT() REPRESENTATION_CONTEXT('2D SPACE',''
  ) );
#7981 = PCURVE('',#7982,#7989);
#7982 = SURFACE_OF_LINEAR_EXTRUSION('',#7983,#7987);
#7983 = B_SPLINE_CURVE_WITH_KNOTS('',2,(#7984,#7985,#7986),
  .UNSPECIFIED.,.F.,.F.,(3,3),(0.,1.),.PIECEWISE_BEZIER_KNOTS.);
#7984 = CARTESIAN_POINT('',(-0.666942675159,9.577494692144E-02,0.9));
#7985 = CARTESIAN_POINT('',(-0.654352441614,8.55838641189E-02,0.9));
#7986 = CARTESIAN_POINT('',(-0.638110403397,8.55838641189E-02,0.9));
#7987 = VECTOR('',#7988,1.);
#7988 = DIRECTION('',(-0.,-0.,-1.));
#7989 = DEFINITIONAL_REPRESENTATION('',(#7990),#7994);
#7990 = LINE('',#7991,#7992);
#7991 = CARTESIAN_POINT('',(0.,0.));
#7992 = VECTOR('',#7993,1.);
#7993 = DIRECTION('',(0.,-1.));
#7994 = ( GEOMETRIC_REPRESENTATION_CONTEXT(2) 
PARAMETRIC_REPRESENTATION_CONTEXT() REPRESENTATION_CONTEXT('2D SPACE',''
  ) );
#7995 = ORIENTED_EDGE('',*,*,#7996,.F.);
#7996 = EDGE_CURVE('',#7889,#7967,#7997,.T.);
#7997 = SURFACE_CURVE('',#7998,(#8002,#8009),.PCURVE_S1.);
#7998 = B_SPLINE_CURVE_WITH_KNOTS('',2,(#7999,#8000,#8001),
  .UNSPECIFIED.,.F.,.F.,(3,3),(0.,1.),.PIECEWISE_BEZIER_KNOTS.);
#7999 = CARTESIAN_POINT('',(-0.687791932059,0.136772823779,0.9));
#8000 = CARTESIAN_POINT('',(-0.679511677282,0.105987261146,0.9));
#8001 = CARTESIAN_POINT('',(-0.666942675159,9.577494692144E-02,0.9));
#8002 = PCURVE('',#7904,#8003);
#8003 = DEFINITIONAL_REPRESENTATION('',(#8004),#8008);
#8004 = LINE('',#8005,#8006);
#8005 = CARTESIAN_POINT('',(0.,0.));
#8006 = VECTOR('',#8007,1.);
#8007 = DIRECTION('',(1.,0.));
#8008 = ( GEOMETRIC_REPRESENTATION_CONTEXT(2) 
PARAMETRIC_REPRESENTATION_CONTEXT() REPRESENTATION_CONTEXT('2D SPACE',''
  ) );
#8009 = PCURVE('',#7069,#8010);
#8010 = DEFINITIONAL_REPRESENTATION('',(#8011),#8015);
#8011 = B_SPLINE_CURVE_WITH_KNOTS('',2,(#8012,#8013,#8014),
  .UNSPECIFIED.,.F.,.F.,(3,3),(0.,1.),.PIECEWISE_BEZIER_KNOTS.);
#8012 = CARTESIAN_POINT('',(-4.958623302769E-02,-0.113196865642));
#8013 = CARTESIAN_POINT('',(-4.130597825062E-02,-0.143982428275));
#8014 = CARTESIAN_POINT('',(-2.873697612747E-02,-0.1541947425));
#8015 = ( GEOMETRIC_REPRESENTATION_CONTEXT(2) 
PARAMETRIC_REPRESENTATION_CONTEXT() REPRESENTATION_CONTEXT('2D SPACE',''
  ) );
#8016 = ADVANCED_FACE('',(#8017),#7982,.T.);
#8017 = FACE_BOUND('',#8018,.T.);
#8018 = EDGE_LOOP('',(#8019,#8020,#8043,#8073));
#8019 = ORIENTED_EDGE('',*,*,#7966,.T.);
#8020 = ORIENTED_EDGE('',*,*,#8021,.T.);
#8021 = EDGE_CURVE('',#7944,#8022,#8024,.T.);
#8022 = VERTEX_POINT('',#8023);
#8023 = CARTESIAN_POINT('',(-0.638110403397,8.55838641189E-02,0.903));
#8024 = SURFACE_CURVE('',#8025,(#8029,#8036),.PCURVE_S1.);
#8025 = B_SPLINE_CURVE_WITH_KNOTS('',2,(#8026,#8027,#8028),
  .UNSPECIFIED.,.F.,.F.,(3,3),(0.,1.),.PIECEWISE_BEZIER_KNOTS.);
#8026 = CARTESIAN_POINT('',(-0.666942675159,9.577494692144E-02,0.903));
#8027 = CARTESIAN_POINT('',(-0.654352441614,8.55838641189E-02,0.903));
#8028 = CARTESIAN_POINT('',(-0.638110403397,8.55838641189E-02,0.903));
#8029 = PCURVE('',#7982,#8030);
#8030 = DEFINITIONAL_REPRESENTATION('',(#8031),#8035);
#8031 = LINE('',#8032,#8033);
#8032 = CARTESIAN_POINT('',(0.,-3.E-03));
#8033 = VECTOR('',#8034,1.);
#8034 = DIRECTION('',(1.,0.));
#8035 = ( GEOMETRIC_REPRESENTATION_CONTEXT(2) 
PARAMETRIC_REPRESENTATION_CONTEXT() REPRESENTATION_CONTEXT('2D SPACE',''
  ) );
#8036 = PCURVE('',#7013,#8037);
#8037 = DEFINITIONAL_REPRESENTATION('',(#8038),#8042);
#8038 = B_SPLINE_CURVE_WITH_KNOTS('',2,(#8039,#8040,#8041),
  .UNSPECIFIED.,.F.,.F.,(3,3),(0.,1.),.PIECEWISE_BEZIER_KNOTS.);
#8039 = CARTESIAN_POINT('',(-2.873697612747E-02,-0.1541947425));
#8040 = CARTESIAN_POINT('',(-1.614674258183E-02,-0.164385825302));
#8041 = CARTESIAN_POINT('',(9.529563473432E-05,-0.164385825302));
#8042 = ( GEOMETRIC_REPRESENTATION_CONTEXT(2) 
PARAMETRIC_REPRESENTATION_CONTEXT() REPRESENTATION_CONTEXT('2D SPACE',''
  ) );
#8043 = ORIENTED_EDGE('',*,*,#8044,.F.);
#8044 = EDGE_CURVE('',#8045,#8022,#8047,.T.);
#8045 = VERTEX_POINT('',#8046);
#8046 = CARTESIAN_POINT('',(-0.638110403397,8.55838641189E-02,0.9));
#8047 = SURFACE_CURVE('',#8048,(#8052,#8059),.PCURVE_S1.);
#8048 = LINE('',#8049,#8050);
#8049 = CARTESIAN_POINT('',(-0.638110403397,8.55838641189E-02,0.9));
#8050 = VECTOR('',#8051,1.);
#8051 = DIRECTION('',(0.,0.,1.));
#8052 = PCURVE('',#7982,#8053);
#8053 = DEFINITIONAL_REPRESENTATION('',(#8054),#8058);
#8054 = LINE('',#8055,#8056);
#8055 = CARTESIAN_POINT('',(1.,0.));
#8056 = VECTOR('',#8057,1.);
#8057 = DIRECTION('',(0.,-1.));
#8058 = ( GEOMETRIC_REPRESENTATION_CONTEXT(2) 
PARAMETRIC_REPRESENTATION_CONTEXT() REPRESENTATION_CONTEXT('2D SPACE',''
  ) );
#8059 = PCURVE('',#8060,#8067);
#8060 = SURFACE_OF_LINEAR_EXTRUSION('',#8061,#8065);
#8061 = B_SPLINE_CURVE_WITH_KNOTS('',2,(#8062,#8063,#8064),
  .UNSPECIFIED.,.F.,.F.,(3,3),(0.,1.),.PIECEWISE_BEZIER_KNOTS.);
#8062 = CARTESIAN_POINT('',(-0.638110403397,8.55838641189E-02,0.9));
#8063 = CARTESIAN_POINT('',(-0.62186836518,8.55838641189E-02,0.9));
#8064 = CARTESIAN_POINT('',(-0.609129511677,9.594479830149E-02,0.9));
#8065 = VECTOR('',#8066,1.);
#8066 = DIRECTION('',(-0.,-0.,-1.));
#8067 = DEFINITIONAL_REPRESENTATION('',(#8068),#8072);
#8068 = LINE('',#8069,#8070);
#8069 = CARTESIAN_POINT('',(0.,0.));
#8070 = VECTOR('',#8071,1.);
#8071 = DIRECTION('',(0.,-1.));
#8072 = ( GEOMETRIC_REPRESENTATION_CONTEXT(2) 
PARAMETRIC_REPRESENTATION_CONTEXT() REPRESENTATION_CONTEXT('2D SPACE',''
  ) );
#8073 = ORIENTED_EDGE('',*,*,#8074,.F.);
#8074 = EDGE_CURVE('',#7967,#8045,#8075,.T.);
#8075 = SURFACE_CURVE('',#8076,(#8080,#8087),.PCURVE_S1.);
#8076 = B_SPLINE_CURVE_WITH_KNOTS('',2,(#8077,#8078,#8079),
  .UNSPECIFIED.,.F.,.F.,(3,3),(0.,1.),.PIECEWISE_BEZIER_KNOTS.);
#8077 = CARTESIAN_POINT('',(-0.666942675159,9.577494692144E-02,0.9));
#8078 = CARTESIAN_POINT('',(-0.654352441614,8.55838641189E-02,0.9));
#8079 = CARTESIAN_POINT('',(-0.638110403397,8.55838641189E-02,0.9));
#8080 = PCURVE('',#7982,#8081);
#8081 = DEFINITIONAL_REPRESENTATION('',(#8082),#8086);
#8082 = LINE('',#8083,#8084);
#8083 = CARTESIAN_POINT('',(0.,0.));
#8084 = VECTOR('',#8085,1.);
#8085 = DIRECTION('',(1.,0.));
#8086 = ( GEOMETRIC_REPRESENTATION_CONTEXT(2) 
PARAMETRIC_REPRESENTATION_CONTEXT() REPRESENTATION_CONTEXT('2D SPACE',''
  ) );
#8087 = PCURVE('',#7069,#8088);
#8088 = DEFINITIONAL_REPRESENTATION('',(#8089),#8093);
#8089 = B_SPLINE_CURVE_WITH_KNOTS('',2,(#8090,#8091,#8092),
  .UNSPECIFIED.,.F.,.F.,(3,3),(0.,1.),.PIECEWISE_BEZIER_KNOTS.);
#8090 = CARTESIAN_POINT('',(-2.873697612747E-02,-0.1541947425));
#8091 = CARTESIAN_POINT('',(-1.614674258183E-02,-0.164385825302));
#8092 = CARTESIAN_POINT('',(9.529563473432E-05,-0.164385825302));
#8093 = ( GEOMETRIC_REPRESENTATION_CONTEXT(2) 
PARAMETRIC_REPRESENTATION_CONTEXT() REPRESENTATION_CONTEXT('2D SPACE',''
  ) );
#8094 = ADVANCED_FACE('',(#8095),#8060,.T.);
#8095 = FACE_BOUND('',#8096,.T.);
#8096 = EDGE_LOOP('',(#8097,#8098,#8121,#8151));
#8097 = ORIENTED_EDGE('',*,*,#8044,.T.);
#8098 = ORIENTED_EDGE('',*,*,#8099,.T.);
#8099 = EDGE_CURVE('',#8022,#8100,#8102,.T.);
#8100 = VERTEX_POINT('',#8101);
#8101 = CARTESIAN_POINT('',(-0.609129511677,9.594479830149E-02,0.903));
#8102 = SURFACE_CURVE('',#8103,(#8107,#8114),.PCURVE_S1.);
#8103 = B_SPLINE_CURVE_WITH_KNOTS('',2,(#8104,#8105,#8106),
  .UNSPECIFIED.,.F.,.F.,(3,3),(0.,1.),.PIECEWISE_BEZIER_KNOTS.);
#8104 = CARTESIAN_POINT('',(-0.638110403397,8.55838641189E-02,0.903));
#8105 = CARTESIAN_POINT('',(-0.62186836518,8.55838641189E-02,0.903));
#8106 = CARTESIAN_POINT('',(-0.609129511677,9.594479830149E-02,0.903));
#8107 = PCURVE('',#8060,#8108);
#8108 = DEFINITIONAL_REPRESENTATION('',(#8109),#8113);
#8109 = LINE('',#8110,#8111);
#8110 = CARTESIAN_POINT('',(0.,-3.E-03));
#8111 = VECTOR('',#8112,1.);
#8112 = DIRECTION('',(1.,0.));
#8113 = ( GEOMETRIC_REPRESENTATION_CONTEXT(2) 
PARAMETRIC_REPRESENTATION_CONTEXT() REPRESENTATION_CONTEXT('2D SPACE',''
  ) );
#8114 = PCURVE('',#7013,#8115);
#8115 = DEFINITIONAL_REPRESENTATION('',(#8116),#8120);
#8116 = B_SPLINE_CURVE_WITH_KNOTS('',2,(#8117,#8118,#8119),
  .UNSPECIFIED.,.F.,.F.,(3,3),(0.,1.),.PIECEWISE_BEZIER_KNOTS.);
#8117 = CARTESIAN_POINT('',(9.529563473432E-05,-0.164385825302));
#8118 = CARTESIAN_POINT('',(1.633733385129E-02,-0.164385825302));
#8119 = CARTESIAN_POINT('',(2.907618735448E-02,-0.15402489112));
#8120 = ( GEOMETRIC_REPRESENTATION_CONTEXT(2) 
PARAMETRIC_REPRESENTATION_CONTEXT() REPRESENTATION_CONTEXT('2D SPACE',''
  ) );
#8121 = ORIENTED_EDGE('',*,*,#8122,.F.);
#8122 = EDGE_CURVE('',#8123,#8100,#8125,.T.);
#8123 = VERTEX_POINT('',#8124);
#8124 = CARTESIAN_POINT('',(-0.609129511677,9.594479830149E-02,0.9));
#8125 = SURFACE_CURVE('',#8126,(#8130,#8137),.PCURVE_S1.);
#8126 = LINE('',#8127,#8128);
#8127 = CARTESIAN_POINT('',(-0.609129511677,9.594479830149E-02,0.9));
#8128 = VECTOR('',#8129,1.);
#8129 = DIRECTION('',(0.,0.,1.));
#8130 = PCURVE('',#8060,#8131);
#8131 = DEFINITIONAL_REPRESENTATION('',(#8132),#8136);
#8132 = LINE('',#8133,#8134);
#8133 = CARTESIAN_POINT('',(1.,0.));
#8134 = VECTOR('',#8135,1.);
#8135 = DIRECTION('',(0.,-1.));
#8136 = ( GEOMETRIC_REPRESENTATION_CONTEXT(2) 
PARAMETRIC_REPRESENTATION_CONTEXT() REPRESENTATION_CONTEXT('2D SPACE',''
  ) );
#8137 = PCURVE('',#8138,#8145);
#8138 = SURFACE_OF_LINEAR_EXTRUSION('',#8139,#8143);
#8139 = B_SPLINE_CURVE_WITH_KNOTS('',2,(#8140,#8141,#8142),
  .UNSPECIFIED.,.F.,.F.,(3,3),(0.,1.),.PIECEWISE_BEZIER_KNOTS.);
#8140 = CARTESIAN_POINT('',(-0.609129511677,9.594479830149E-02,0.9));
#8141 = CARTESIAN_POINT('',(-0.596390658174,0.106305732484,0.9));
#8142 = CARTESIAN_POINT('',(-0.589384288747,0.133099787686,0.9));
#8143 = VECTOR('',#8144,1.);
#8144 = DIRECTION('',(-0.,-0.,-1.));
#8145 = DEFINITIONAL_REPRESENTATION('',(#8146),#8150);
#8146 = LINE('',#8147,#8148);
#8147 = CARTESIAN_POINT('',(0.,0.));
#8148 = VECTOR('',#8149,1.);
#8149 = DIRECTION('',(0.,-1.));
#8150 = ( GEOMETRIC_REPRESENTATION_CONTEXT(2) 
PARAMETRIC_REPRESENTATION_CONTEXT() REPRESENTATION_CONTEXT('2D SPACE',''
  ) );
#8151 = ORIENTED_EDGE('',*,*,#8152,.F.);
#8152 = EDGE_CURVE('',#8045,#8123,#8153,.T.);
#8153 = SURFACE_CURVE('',#8154,(#8158,#8165),.PCURVE_S1.);
#8154 = B_SPLINE_CURVE_WITH_KNOTS('',2,(#8155,#8156,#8157),
  .UNSPECIFIED.,.F.,.F.,(3,3),(0.,1.),.PIECEWISE_BEZIER_KNOTS.);
#8155 = CARTESIAN_POINT('',(-0.638110403397,8.55838641189E-02,0.9));
#8156 = CARTESIAN_POINT('',(-0.62186836518,8.55838641189E-02,0.9));
#8157 = CARTESIAN_POINT('',(-0.609129511677,9.594479830149E-02,0.9));
#8158 = PCURVE('',#8060,#8159);
#8159 = DEFINITIONAL_REPRESENTATION('',(#8160),#8164);
#8160 = LINE('',#8161,#8162);
#8161 = CARTESIAN_POINT('',(0.,0.));
#8162 = VECTOR('',#8163,1.);
#8163 = DIRECTION('',(1.,0.));
#8164 = ( GEOMETRIC_REPRESENTATION_CONTEXT(2) 
PARAMETRIC_REPRESENTATION_CONTEXT() REPRESENTATION_CONTEXT('2D SPACE',''
  ) );
#8165 = PCURVE('',#7069,#8166);
#8166 = DEFINITIONAL_REPRESENTATION('',(#8167),#8171);
#8167 = B_SPLINE_CURVE_WITH_KNOTS('',2,(#8168,#8169,#8170),
  .UNSPECIFIED.,.F.,.F.,(3,3),(0.,1.),.PIECEWISE_BEZIER_KNOTS.);
#8168 = CARTESIAN_POINT('',(9.529563473432E-05,-0.164385825302));
#8169 = CARTESIAN_POINT('',(1.633733385129E-02,-0.164385825302));
#8170 = CARTESIAN_POINT('',(2.907618735448E-02,-0.15402489112));
#8171 = ( GEOMETRIC_REPRESENTATION_CONTEXT(2) 
PARAMETRIC_REPRESENTATION_CONTEXT() REPRESENTATION_CONTEXT('2D SPACE',''
  ) );
#8172 = ADVANCED_FACE('',(#8173),#8138,.T.);
#8173 = FACE_BOUND('',#8174,.T.);
#8174 = EDGE_LOOP('',(#8175,#8176,#8199,#8229));
#8175 = ORIENTED_EDGE('',*,*,#8122,.T.);
#8176 = ORIENTED_EDGE('',*,*,#8177,.T.);
#8177 = EDGE_CURVE('',#8100,#8178,#8180,.T.);
#8178 = VERTEX_POINT('',#8179);
#8179 = CARTESIAN_POINT('',(-0.589384288747,0.133099787686,0.903));
#8180 = SURFACE_CURVE('',#8181,(#8185,#8192),.PCURVE_S1.);
#8181 = B_SPLINE_CURVE_WITH_KNOTS('',2,(#8182,#8183,#8184),
  .UNSPECIFIED.,.F.,.F.,(3,3),(0.,1.),.PIECEWISE_BEZIER_KNOTS.);
#8182 = CARTESIAN_POINT('',(-0.609129511677,9.594479830149E-02,0.903));
#8183 = CARTESIAN_POINT('',(-0.596390658174,0.106305732484,0.903));
#8184 = CARTESIAN_POINT('',(-0.589384288747,0.133099787686,0.903));
#8185 = PCURVE('',#8138,#8186);
#8186 = DEFINITIONAL_REPRESENTATION('',(#8187),#8191);
#8187 = LINE('',#8188,#8189);
#8188 = CARTESIAN_POINT('',(0.,-3.E-03));
#8189 = VECTOR('',#8190,1.);
#8190 = DIRECTION('',(1.,0.));
#8191 = ( GEOMETRIC_REPRESENTATION_CONTEXT(2) 
PARAMETRIC_REPRESENTATION_CONTEXT() REPRESENTATION_CONTEXT('2D SPACE',''
  ) );
#8192 = PCURVE('',#7013,#8193);
#8193 = DEFINITIONAL_REPRESENTATION('',(#8194),#8198);
#8194 = B_SPLINE_CURVE_WITH_KNOTS('',2,(#8195,#8196,#8197),
  .UNSPECIFIED.,.F.,.F.,(3,3),(0.,1.),.PIECEWISE_BEZIER_KNOTS.);
#8195 = CARTESIAN_POINT('',(2.907618735448E-02,-0.15402489112));
#8196 = CARTESIAN_POINT('',(4.181504085766E-02,-0.143663956937));
#8197 = CARTESIAN_POINT('',(4.882141028442E-02,-0.116869901736));
#8198 = ( GEOMETRIC_REPRESENTATION_CONTEXT(2) 
PARAMETRIC_REPRESENTATION_CONTEXT() REPRESENTATION_CONTEXT('2D SPACE',''
  ) );
#8199 = ORIENTED_EDGE('',*,*,#8200,.F.);
#8200 = EDGE_CURVE('',#8201,#8178,#8203,.T.);
#8201 = VERTEX_POINT('',#8202);
#8202 = CARTESIAN_POINT('',(-0.589384288747,0.133099787686,0.9));
#8203 = SURFACE_CURVE('',#8204,(#8208,#8215),.PCURVE_S1.);
#8204 = LINE('',#8205,#8206);
#8205 = CARTESIAN_POINT('',(-0.589384288747,0.133099787686,0.9));
#8206 = VECTOR('',#8207,1.);
#8207 = DIRECTION('',(0.,0.,1.));
#8208 = PCURVE('',#8138,#8209);
#8209 = DEFINITIONAL_REPRESENTATION('',(#8210),#8214);
#8210 = LINE('',#8211,#8212);
#8211 = CARTESIAN_POINT('',(1.,0.));
#8212 = VECTOR('',#8213,1.);
#8213 = DIRECTION('',(0.,-1.));
#8214 = ( GEOMETRIC_REPRESENTATION_CONTEXT(2) 
PARAMETRIC_REPRESENTATION_CONTEXT() REPRESENTATION_CONTEXT('2D SPACE',''
  ) );
#8215 = PCURVE('',#8216,#8223);
#8216 = SURFACE_OF_LINEAR_EXTRUSION('',#8217,#8221);
#8217 = B_SPLINE_CURVE_WITH_KNOTS('',2,(#8218,#8219,#8220),
  .UNSPECIFIED.,.F.,.F.,(3,3),(0.,1.),.PIECEWISE_BEZIER_KNOTS.);
#8218 = CARTESIAN_POINT('',(-0.589384288747,0.133099787686,0.9));
#8219 = CARTESIAN_POINT('',(-0.580148619958,0.167558386412,0.9));
#8220 = CARTESIAN_POINT('',(-0.580148619958,0.24983014862,0.9));
#8221 = VECTOR('',#8222,1.);
#8222 = DIRECTION('',(-0.,-0.,-1.));
#8223 = DEFINITIONAL_REPRESENTATION('',(#8224),#8228);
#8224 = LINE('',#8225,#8226);
#8225 = CARTESIAN_POINT('',(0.,0.));
#8226 = VECTOR('',#8227,1.);
#8227 = DIRECTION('',(0.,-1.));
#8228 = ( GEOMETRIC_REPRESENTATION_CONTEXT(2) 
PARAMETRIC_REPRESENTATION_CONTEXT() REPRESENTATION_CONTEXT('2D SPACE',''
  ) );
#8229 = ORIENTED_EDGE('',*,*,#8230,.F.);
#8230 = EDGE_CURVE('',#8123,#8201,#8231,.T.);
#8231 = SURFACE_CURVE('',#8232,(#8236,#8243),.PCURVE_S1.);
#8232 = B_SPLINE_CURVE_WITH_KNOTS('',2,(#8233,#8234,#8235),
  .UNSPECIFIED.,.F.,.F.,(3,3),(0.,1.),.PIECEWISE_BEZIER_KNOTS.);
#8233 = CARTESIAN_POINT('',(-0.609129511677,9.594479830149E-02,0.9));
#8234 = CARTESIAN_POINT('',(-0.596390658174,0.106305732484,0.9));
#8235 = CARTESIAN_POINT('',(-0.589384288747,0.133099787686,0.9));
#8236 = PCURVE('',#8138,#8237);
#8237 = DEFINITIONAL_REPRESENTATION('',(#8238),#8242);
#8238 = LINE('',#8239,#8240);
#8239 = CARTESIAN_POINT('',(0.,0.));
#8240 = VECTOR('',#8241,1.);
#8241 = DIRECTION('',(1.,0.));
#8242 = ( GEOMETRIC_REPRESENTATION_CONTEXT(2) 
PARAMETRIC_REPRESENTATION_CONTEXT() REPRESENTATION_CONTEXT('2D SPACE',''
  ) );
#8243 = PCURVE('',#7069,#8244);
#8244 = DEFINITIONAL_REPRESENTATION('',(#8245),#8249);
#8245 = B_SPLINE_CURVE_WITH_KNOTS('',2,(#8246,#8247,#8248),
  .UNSPECIFIED.,.F.,.F.,(3,3),(0.,1.),.PIECEWISE_BEZIER_KNOTS.);
#8246 = CARTESIAN_POINT('',(2.907618735448E-02,-0.15402489112));
#8247 = CARTESIAN_POINT('',(4.181504085766E-02,-0.143663956937));
#8248 = CARTESIAN_POINT('',(4.882141028442E-02,-0.116869901736));
#8249 = ( GEOMETRIC_REPRESENTATION_CONTEXT(2) 
PARAMETRIC_REPRESENTATION_CONTEXT() REPRESENTATION_CONTEXT('2D SPACE',''
  ) );
#8250 = ADVANCED_FACE('',(#8251),#8216,.T.);
#8251 = FACE_BOUND('',#8252,.T.);
#8252 = EDGE_LOOP('',(#8253,#8254,#8277,#8307));
#8253 = ORIENTED_EDGE('',*,*,#8200,.T.);
#8254 = ORIENTED_EDGE('',*,*,#8255,.T.);
#8255 = EDGE_CURVE('',#8178,#8256,#8258,.T.);
#8256 = VERTEX_POINT('',#8257);
#8257 = CARTESIAN_POINT('',(-0.580148619958,0.24983014862,0.903));
#8258 = SURFACE_CURVE('',#8259,(#8263,#8270),.PCURVE_S1.);
#8259 = B_SPLINE_CURVE_WITH_KNOTS('',2,(#8260,#8261,#8262),
  .UNSPECIFIED.,.F.,.F.,(3,3),(0.,1.),.PIECEWISE_BEZIER_KNOTS.);
#8260 = CARTESIAN_POINT('',(-0.589384288747,0.133099787686,0.903));
#8261 = CARTESIAN_POINT('',(-0.580148619958,0.167558386412,0.903));
#8262 = CARTESIAN_POINT('',(-0.580148619958,0.24983014862,0.903));
#8263 = PCURVE('',#8216,#8264);
#8264 = DEFINITIONAL_REPRESENTATION('',(#8265),#8269);
#8265 = LINE('',#8266,#8267);
#8266 = CARTESIAN_POINT('',(0.,-3.E-03));
#8267 = VECTOR('',#8268,1.);
#8268 = DIRECTION('',(1.,0.));
#8269 = ( GEOMETRIC_REPRESENTATION_CONTEXT(2) 
PARAMETRIC_REPRESENTATION_CONTEXT() REPRESENTATION_CONTEXT('2D SPACE',''
  ) );
#8270 = PCURVE('',#7013,#8271);
#8271 = DEFINITIONAL_REPRESENTATION('',(#8272),#8276);
#8272 = B_SPLINE_CURVE_WITH_KNOTS('',2,(#8273,#8274,#8275),
  .UNSPECIFIED.,.F.,.F.,(3,3),(0.,1.),.PIECEWISE_BEZIER_KNOTS.);
#8273 = CARTESIAN_POINT('',(4.882141028442E-02,-0.116869901736));
#8274 = CARTESIAN_POINT('',(5.805707907422E-02,-8.241130300942E-02));
#8275 = CARTESIAN_POINT('',(5.805707907422E-02,-1.395408013495E-04));
#8276 = ( GEOMETRIC_REPRESENTATION_CONTEXT(2) 
PARAMETRIC_REPRESENTATION_CONTEXT() REPRESENTATION_CONTEXT('2D SPACE',''
  ) );
#8277 = ORIENTED_EDGE('',*,*,#8278,.F.);
#8278 = EDGE_CURVE('',#8279,#8256,#8281,.T.);
#8279 = VERTEX_POINT('',#8280);
#8280 = CARTESIAN_POINT('',(-0.580148619958,0.24983014862,0.9));
#8281 = SURFACE_CURVE('',#8282,(#8286,#8293),.PCURVE_S1.);
#8282 = LINE('',#8283,#8284);
#8283 = CARTESIAN_POINT('',(-0.580148619958,0.24983014862,0.9));
#8284 = VECTOR('',#8285,1.);
#8285 = DIRECTION('',(0.,0.,1.));
#8286 = PCURVE('',#8216,#8287);
#8287 = DEFINITIONAL_REPRESENTATION('',(#8288),#8292);
#8288 = LINE('',#8289,#8290);
#8289 = CARTESIAN_POINT('',(1.,0.));
#8290 = VECTOR('',#8291,1.);
#8291 = DIRECTION('',(0.,-1.));
#8292 = ( GEOMETRIC_REPRESENTATION_CONTEXT(2) 
PARAMETRIC_REPRESENTATION_CONTEXT() REPRESENTATION_CONTEXT('2D SPACE',''
  ) );
#8293 = PCURVE('',#8294,#8301);
#8294 = SURFACE_OF_LINEAR_EXTRUSION('',#8295,#8299);
#8295 = B_SPLINE_CURVE_WITH_KNOTS('',2,(#8296,#8297,#8298),
  .UNSPECIFIED.,.F.,.F.,(3,3),(0.,1.),.PIECEWISE_BEZIER_KNOTS.);
#8296 = CARTESIAN_POINT('',(-0.580148619958,0.24983014862,0.9));
#8297 = CARTESIAN_POINT('',(-0.580148619958,0.332123142251,0.9));
#8298 = CARTESIAN_POINT('',(-0.588428874735,0.362908704883,0.9));
#8299 = VECTOR('',#8300,1.);
#8300 = DIRECTION('',(-0.,-0.,-1.));
#8301 = DEFINITIONAL_REPRESENTATION('',(#8302),#8306);
#8302 = LINE('',#8303,#8304);
#8303 = CARTESIAN_POINT('',(0.,0.));
#8304 = VECTOR('',#8305,1.);
#8305 = DIRECTION('',(0.,-1.));
#8306 = ( GEOMETRIC_REPRESENTATION_CONTEXT(2) 
PARAMETRIC_REPRESENTATION_CONTEXT() REPRESENTATION_CONTEXT('2D SPACE',''
  ) );
#8307 = ORIENTED_EDGE('',*,*,#8308,.F.);
#8308 = EDGE_CURVE('',#8201,#8279,#8309,.T.);
#8309 = SURFACE_CURVE('',#8310,(#8314,#8321),.PCURVE_S1.);
#8310 = B_SPLINE_CURVE_WITH_KNOTS('',2,(#8311,#8312,#8313),
  .UNSPECIFIED.,.F.,.F.,(3,3),(0.,1.),.PIECEWISE_BEZIER_KNOTS.);
#8311 = CARTESIAN_POINT('',(-0.589384288747,0.133099787686,0.9));
#8312 = CARTESIAN_POINT('',(-0.580148619958,0.167558386412,0.9));
#8313 = CARTESIAN_POINT('',(-0.580148619958,0.24983014862,0.9));
#8314 = PCURVE('',#8216,#8315);
#8315 = DEFINITIONAL_REPRESENTATION('',(#8316),#8320);
#8316 = LINE('',#8317,#8318);
#8317 = CARTESIAN_POINT('',(0.,0.));
#8318 = VECTOR('',#8319,1.);
#8319 = DIRECTION('',(1.,0.));
#8320 = ( GEOMETRIC_REPRESENTATION_CONTEXT(2) 
PARAMETRIC_REPRESENTATION_CONTEXT() REPRESENTATION_CONTEXT('2D SPACE',''
  ) );
#8321 = PCURVE('',#7069,#8322);
#8322 = DEFINITIONAL_REPRESENTATION('',(#8323),#8327);
#8323 = B_SPLINE_CURVE_WITH_KNOTS('',2,(#8324,#8325,#8326),
  .UNSPECIFIED.,.F.,.F.,(3,3),(0.,1.),.PIECEWISE_BEZIER_KNOTS.);
#8324 = CARTESIAN_POINT('',(4.882141028442E-02,-0.116869901736));
#8325 = CARTESIAN_POINT('',(5.805707907422E-02,-8.241130300942E-02));
#8326 = CARTESIAN_POINT('',(5.805707907422E-02,-1.395408013495E-04));
#8327 = ( GEOMETRIC_REPRESENTATION_CONTEXT(2) 
PARAMETRIC_REPRESENTATION_CONTEXT() REPRESENTATION_CONTEXT('2D SPACE',''
  ) );
#8328 = ADVANCED_FACE('',(#8329),#8294,.T.);
#8329 = FACE_BOUND('',#8330,.T.);
#8330 = EDGE_LOOP('',(#8331,#8332,#8355,#8385));
#8331 = ORIENTED_EDGE('',*,*,#8278,.T.);
#8332 = ORIENTED_EDGE('',*,*,#8333,.T.);
#8333 = EDGE_CURVE('',#8256,#8334,#8336,.T.);
#8334 = VERTEX_POINT('',#8335);
#8335 = CARTESIAN_POINT('',(-0.588428874735,0.362908704883,0.903));
#8336 = SURFACE_CURVE('',#8337,(#8341,#8348),.PCURVE_S1.);
#8337 = B_SPLINE_CURVE_WITH_KNOTS('',2,(#8338,#8339,#8340),
  .UNSPECIFIED.,.F.,.F.,(3,3),(0.,1.),.PIECEWISE_BEZIER_KNOTS.);
#8338 = CARTESIAN_POINT('',(-0.580148619958,0.24983014862,0.903));
#8339 = CARTESIAN_POINT('',(-0.580148619958,0.332123142251,0.903));
#8340 = CARTESIAN_POINT('',(-0.588428874735,0.362908704883,0.903));
#8341 = PCURVE('',#8294,#8342);
#8342 = DEFINITIONAL_REPRESENTATION('',(#8343),#8347);
#8343 = LINE('',#8344,#8345);
#8344 = CARTESIAN_POINT('',(0.,-3.E-03));
#8345 = VECTOR('',#8346,1.);
#8346 = DIRECTION('',(1.,0.));
#8347 = ( GEOMETRIC_REPRESENTATION_CONTEXT(2) 
PARAMETRIC_REPRESENTATION_CONTEXT() REPRESENTATION_CONTEXT('2D SPACE',''
  ) );
#8348 = PCURVE('',#7013,#8349);
#8349 = DEFINITIONAL_REPRESENTATION('',(#8350),#8354);
#8350 = B_SPLINE_CURVE_WITH_KNOTS('',2,(#8351,#8352,#8353),
  .UNSPECIFIED.,.F.,.F.,(3,3),(0.,1.),.PIECEWISE_BEZIER_KNOTS.);
#8351 = CARTESIAN_POINT('',(5.805707907422E-02,-1.395408013495E-04));
#8352 = CARTESIAN_POINT('',(5.805707907422E-02,8.215345282922E-02));
#8353 = CARTESIAN_POINT('',(4.977682429715E-02,0.112939015462));
#8354 = ( GEOMETRIC_REPRESENTATION_CONTEXT(2) 
PARAMETRIC_REPRESENTATION_CONTEXT() REPRESENTATION_CONTEXT('2D SPACE',''
  ) );
#8355 = ORIENTED_EDGE('',*,*,#8356,.F.);
#8356 = EDGE_CURVE('',#8357,#8334,#8359,.T.);
#8357 = VERTEX_POINT('',#8358);
#8358 = CARTESIAN_POINT('',(-0.588428874735,0.362908704883,0.9));
#8359 = SURFACE_CURVE('',#8360,(#8364,#8371),.PCURVE_S1.);
#8360 = LINE('',#8361,#8362);
#8361 = CARTESIAN_POINT('',(-0.588428874735,0.362908704883,0.9));
#8362 = VECTOR('',#8363,1.);
#8363 = DIRECTION('',(0.,0.,1.));
#8364 = PCURVE('',#8294,#8365);
#8365 = DEFINITIONAL_REPRESENTATION('',(#8366),#8370);
#8366 = LINE('',#8367,#8368);
#8367 = CARTESIAN_POINT('',(1.,0.));
#8368 = VECTOR('',#8369,1.);
#8369 = DIRECTION('',(0.,-1.));
#8370 = ( GEOMETRIC_REPRESENTATION_CONTEXT(2) 
PARAMETRIC_REPRESENTATION_CONTEXT() REPRESENTATION_CONTEXT('2D SPACE',''
  ) );
#8371 = PCURVE('',#8372,#8379);
#8372 = SURFACE_OF_LINEAR_EXTRUSION('',#8373,#8377);
#8373 = B_SPLINE_CURVE_WITH_KNOTS('',2,(#8374,#8375,#8376),
  .UNSPECIFIED.,.F.,.F.,(3,3),(0.,1.),.PIECEWISE_BEZIER_KNOTS.);
#8374 = CARTESIAN_POINT('',(-0.588428874735,0.362908704883,0.9));
#8375 = CARTESIAN_POINT('',(-0.596709129512,0.393694267516,0.9));
#8376 = CARTESIAN_POINT('',(-0.609299363057,0.404055201699,0.9));
#8377 = VECTOR('',#8378,1.);
#8378 = DIRECTION('',(-0.,-0.,-1.));
#8379 = DEFINITIONAL_REPRESENTATION('',(#8380),#8384);
#8380 = LINE('',#8381,#8382);
#8381 = CARTESIAN_POINT('',(0.,0.));
#8382 = VECTOR('',#8383,1.);
#8383 = DIRECTION('',(0.,-1.));
#8384 = ( GEOMETRIC_REPRESENTATION_CONTEXT(2) 
PARAMETRIC_REPRESENTATION_CONTEXT() REPRESENTATION_CONTEXT('2D SPACE',''
  ) );
#8385 = ORIENTED_EDGE('',*,*,#8386,.F.);
#8386 = EDGE_CURVE('',#8279,#8357,#8387,.T.);
#8387 = SURFACE_CURVE('',#8388,(#8392,#8399),.PCURVE_S1.);
#8388 = B_SPLINE_CURVE_WITH_KNOTS('',2,(#8389,#8390,#8391),
  .UNSPECIFIED.,.F.,.F.,(3,3),(0.,1.),.PIECEWISE_BEZIER_KNOTS.);
#8389 = CARTESIAN_POINT('',(-0.580148619958,0.24983014862,0.9));
#8390 = CARTESIAN_POINT('',(-0.580148619958,0.332123142251,0.9));
#8391 = CARTESIAN_POINT('',(-0.588428874735,0.362908704883,0.9));
#8392 = PCURVE('',#8294,#8393);
#8393 = DEFINITIONAL_REPRESENTATION('',(#8394),#8398);
#8394 = LINE('',#8395,#8396);
#8395 = CARTESIAN_POINT('',(0.,0.));
#8396 = VECTOR('',#8397,1.);
#8397 = DIRECTION('',(1.,0.));
#8398 = ( GEOMETRIC_REPRESENTATION_CONTEXT(2) 
PARAMETRIC_REPRESENTATION_CONTEXT() REPRESENTATION_CONTEXT('2D SPACE',''
  ) );
#8399 = PCURVE('',#7069,#8400);
#8400 = DEFINITIONAL_REPRESENTATION('',(#8401),#8405);
#8401 = B_SPLINE_CURVE_WITH_KNOTS('',2,(#8402,#8403,#8404),
  .UNSPECIFIED.,.F.,.F.,(3,3),(0.,1.),.PIECEWISE_BEZIER_KNOTS.);
#8402 = CARTESIAN_POINT('',(5.805707907422E-02,-1.395408013495E-04));
#8403 = CARTESIAN_POINT('',(5.805707907422E-02,8.215345282922E-02));
#8404 = CARTESIAN_POINT('',(4.977682429715E-02,0.112939015462));
#8405 = ( GEOMETRIC_REPRESENTATION_CONTEXT(2) 
PARAMETRIC_REPRESENTATION_CONTEXT() REPRESENTATION_CONTEXT('2D SPACE',''
  ) );
#8406 = ADVANCED_FACE('',(#8407),#8372,.T.);
#8407 = FACE_BOUND('',#8408,.T.);
#8408 = EDGE_LOOP('',(#8409,#8410,#8433,#8456));
#8409 = ORIENTED_EDGE('',*,*,#8356,.T.);
#8410 = ORIENTED_EDGE('',*,*,#8411,.T.);
#8411 = EDGE_CURVE('',#8334,#8412,#8414,.T.);
#8412 = VERTEX_POINT('',#8413);
#8413 = CARTESIAN_POINT('',(-0.609299363057,0.404055201699,0.903));
#8414 = SURFACE_CURVE('',#8415,(#8419,#8426),.PCURVE_S1.);
#8415 = B_SPLINE_CURVE_WITH_KNOTS('',2,(#8416,#8417,#8418),
  .UNSPECIFIED.,.F.,.F.,(3,3),(0.,1.),.PIECEWISE_BEZIER_KNOTS.);
#8416 = CARTESIAN_POINT('',(-0.588428874735,0.362908704883,0.903));
#8417 = CARTESIAN_POINT('',(-0.596709129512,0.393694267516,0.903));
#8418 = CARTESIAN_POINT('',(-0.609299363057,0.404055201699,0.903));
#8419 = PCURVE('',#8372,#8420);
#8420 = DEFINITIONAL_REPRESENTATION('',(#8421),#8425);
#8421 = LINE('',#8422,#8423);
#8422 = CARTESIAN_POINT('',(0.,-3.E-03));
#8423 = VECTOR('',#8424,1.);
#8424 = DIRECTION('',(1.,0.));
#8425 = ( GEOMETRIC_REPRESENTATION_CONTEXT(2) 
PARAMETRIC_REPRESENTATION_CONTEXT() REPRESENTATION_CONTEXT('2D SPACE',''
  ) );
#8426 = PCURVE('',#7013,#8427);
#8427 = DEFINITIONAL_REPRESENTATION('',(#8428),#8432);
#8428 = B_SPLINE_CURVE_WITH_KNOTS('',2,(#8429,#8430,#8431),
  .UNSPECIFIED.,.F.,.F.,(3,3),(0.,1.),.PIECEWISE_BEZIER_KNOTS.);
#8429 = CARTESIAN_POINT('',(4.977682429715E-02,0.112939015462));
#8430 = CARTESIAN_POINT('',(4.149656952008E-02,0.143724578095));
#8431 = CARTESIAN_POINT('',(2.890633597444E-02,0.154085512277));
#8432 = ( GEOMETRIC_REPRESENTATION_CONTEXT(2) 
PARAMETRIC_REPRESENTATION_CONTEXT() REPRESENTATION_CONTEXT('2D SPACE',''
  ) );
#8433 = ORIENTED_EDGE('',*,*,#8434,.F.);
#8434 = EDGE_CURVE('',#8435,#8412,#8437,.T.);
#8435 = VERTEX_POINT('',#8436);
#8436 = CARTESIAN_POINT('',(-0.609299363057,0.404055201699,0.9));
#8437 = SURFACE_CURVE('',#8438,(#8442,#8449),.PCURVE_S1.);
#8438 = LINE('',#8439,#8440);
#8439 = CARTESIAN_POINT('',(-0.609299363057,0.404055201699,0.9));
#8440 = VECTOR('',#8441,1.);
#8441 = DIRECTION('',(0.,0.,1.));
#8442 = PCURVE('',#8372,#8443);
#8443 = DEFINITIONAL_REPRESENTATION('',(#8444),#8448);
#8444 = LINE('',#8445,#8446);
#8445 = CARTESIAN_POINT('',(1.,0.));
#8446 = VECTOR('',#8447,1.);
#8447 = DIRECTION('',(0.,-1.));
#8448 = ( GEOMETRIC_REPRESENTATION_CONTEXT(2) 
PARAMETRIC_REPRESENTATION_CONTEXT() REPRESENTATION_CONTEXT('2D SPACE',''
  ) );
#8449 = PCURVE('',#7617,#8450);
#8450 = DEFINITIONAL_REPRESENTATION('',(#8451),#8455);
#8451 = LINE('',#8452,#8453);
#8452 = CARTESIAN_POINT('',(0.,0.));
#8453 = VECTOR('',#8454,1.);
#8454 = DIRECTION('',(0.,-1.));
#8455 = ( GEOMETRIC_REPRESENTATION_CONTEXT(2) 
PARAMETRIC_REPRESENTATION_CONTEXT() REPRESENTATION_CONTEXT('2D SPACE',''
  ) );
#8456 = ORIENTED_EDGE('',*,*,#8457,.F.);
#8457 = EDGE_CURVE('',#8357,#8435,#8458,.T.);
#8458 = SURFACE_CURVE('',#8459,(#8463,#8470),.PCURVE_S1.);
#8459 = B_SPLINE_CURVE_WITH_KNOTS('',2,(#8460,#8461,#8462),
  .UNSPECIFIED.,.F.,.F.,(3,3),(0.,1.),.PIECEWISE_BEZIER_KNOTS.);
#8460 = CARTESIAN_POINT('',(-0.588428874735,0.362908704883,0.9));
#8461 = CARTESIAN_POINT('',(-0.596709129512,0.393694267516,0.9));
#8462 = CARTESIAN_POINT('',(-0.609299363057,0.404055201699,0.9));
#8463 = PCURVE('',#8372,#8464);
#8464 = DEFINITIONAL_REPRESENTATION('',(#8465),#8469);
#8465 = LINE('',#8466,#8467);
#8466 = CARTESIAN_POINT('',(0.,0.));
#8467 = VECTOR('',#8468,1.);
#8468 = DIRECTION('',(1.,0.));
#8469 = ( GEOMETRIC_REPRESENTATION_CONTEXT(2) 
PARAMETRIC_REPRESENTATION_CONTEXT() REPRESENTATION_CONTEXT('2D SPACE',''
  ) );
#8470 = PCURVE('',#7069,#8471);
#8471 = DEFINITIONAL_REPRESENTATION('',(#8472),#8476);
#8472 = B_SPLINE_CURVE_WITH_KNOTS('',2,(#8473,#8474,#8475),
  .UNSPECIFIED.,.F.,.F.,(3,3),(0.,1.),.PIECEWISE_BEZIER_KNOTS.);
#8473 = CARTESIAN_POINT('',(4.977682429715E-02,0.112939015462));
#8474 = CARTESIAN_POINT('',(4.149656952008E-02,0.143724578095));
#8475 = CARTESIAN_POINT('',(2.890633597444E-02,0.154085512277));
#8476 = ( GEOMETRIC_REPRESENTATION_CONTEXT(2) 
PARAMETRIC_REPRESENTATION_CONTEXT() REPRESENTATION_CONTEXT('2D SPACE',''
  ) );
#8477 = ADVANCED_FACE('',(#8478),#7617,.T.);
#8478 = FACE_BOUND('',#8479,.T.);
#8479 = EDGE_LOOP('',(#8480,#8481,#8502,#8503));
#8480 = ORIENTED_EDGE('',*,*,#8434,.T.);
#8481 = ORIENTED_EDGE('',*,*,#8482,.T.);
#8482 = EDGE_CURVE('',#8412,#7595,#8483,.T.);
#8483 = SURFACE_CURVE('',#8484,(#8488,#8495),.PCURVE_S1.);
#8484 = B_SPLINE_CURVE_WITH_KNOTS('',2,(#8485,#8486,#8487),
  .UNSPECIFIED.,.F.,.F.,(3,3),(0.,1.),.PIECEWISE_BEZIER_KNOTS.);
#8485 = CARTESIAN_POINT('',(-0.609299363057,0.404055201699,0.903));
#8486 = CARTESIAN_POINT('',(-0.62186836518,0.414416135881,0.903));
#8487 = CARTESIAN_POINT('',(-0.638110403397,0.414416135881,0.903));
#8488 = PCURVE('',#7617,#8489);
#8489 = DEFINITIONAL_REPRESENTATION('',(#8490),#8494);
#8490 = LINE('',#8491,#8492);
#8491 = CARTESIAN_POINT('',(0.,-3.E-03));
#8492 = VECTOR('',#8493,1.);
#8493 = DIRECTION('',(1.,0.));
#8494 = ( GEOMETRIC_REPRESENTATION_CONTEXT(2) 
PARAMETRIC_REPRESENTATION_CONTEXT() REPRESENTATION_CONTEXT('2D SPACE',''
  ) );
#8495 = PCURVE('',#7013,#8496);
#8496 = DEFINITIONAL_REPRESENTATION('',(#8497),#8501);
#8497 = B_SPLINE_CURVE_WITH_KNOTS('',2,(#8498,#8499,#8500),
  .UNSPECIFIED.,.F.,.F.,(3,3),(0.,1.),.PIECEWISE_BEZIER_KNOTS.);
#8498 = CARTESIAN_POINT('',(2.890633597444E-02,0.154085512277));
#8499 = CARTESIAN_POINT('',(1.633733385129E-02,0.16444644646));
#8500 = CARTESIAN_POINT('',(9.529563473432E-05,0.16444644646));
#8501 = ( GEOMETRIC_REPRESENTATION_CONTEXT(2) 
PARAMETRIC_REPRESENTATION_CONTEXT() REPRESENTATION_CONTEXT('2D SPACE',''
  ) );
#8502 = ORIENTED_EDGE('',*,*,#7592,.F.);
#8503 = ORIENTED_EDGE('',*,*,#8504,.F.);
#8504 = EDGE_CURVE('',#8435,#7593,#8505,.T.);
#8505 = SURFACE_CURVE('',#8506,(#8510,#8517),.PCURVE_S1.);
#8506 = B_SPLINE_CURVE_WITH_KNOTS('',2,(#8507,#8508,#8509),
  .UNSPECIFIED.,.F.,.F.,(3,3),(0.,1.),.PIECEWISE_BEZIER_KNOTS.);
#8507 = CARTESIAN_POINT('',(-0.609299363057,0.404055201699,0.9));
#8508 = CARTESIAN_POINT('',(-0.62186836518,0.414416135881,0.9));
#8509 = CARTESIAN_POINT('',(-0.638110403397,0.414416135881,0.9));
#8510 = PCURVE('',#7617,#8511);
#8511 = DEFINITIONAL_REPRESENTATION('',(#8512),#8516);
#8512 = LINE('',#8513,#8514);
#8513 = CARTESIAN_POINT('',(0.,0.));
#8514 = VECTOR('',#8515,1.);
#8515 = DIRECTION('',(1.,0.));
#8516 = ( GEOMETRIC_REPRESENTATION_CONTEXT(2) 
PARAMETRIC_REPRESENTATION_CONTEXT() REPRESENTATION_CONTEXT('2D SPACE',''
  ) );
#8517 = PCURVE('',#7069,#8518);
#8518 = DEFINITIONAL_REPRESENTATION('',(#8519),#8523);
#8519 = B_SPLINE_CURVE_WITH_KNOTS('',2,(#8520,#8521,#8522),
  .UNSPECIFIED.,.F.,.F.,(3,3),(0.,1.),.PIECEWISE_BEZIER_KNOTS.);
#8520 = CARTESIAN_POINT('',(2.890633597444E-02,0.154085512277));
#8521 = CARTESIAN_POINT('',(1.633733385129E-02,0.16444644646));
#8522 = CARTESIAN_POINT('',(9.529563473432E-05,0.16444644646));
#8523 = ( GEOMETRIC_REPRESENTATION_CONTEXT(2) 
PARAMETRIC_REPRESENTATION_CONTEXT() REPRESENTATION_CONTEXT('2D SPACE',''
  ) );
#8524 = ADVANCED_FACE('',(#8525,#8535),#7069,.F.);
#8525 = FACE_BOUND('',#8526,.T.);
#8526 = EDGE_LOOP('',(#8527,#8528,#8529,#8530,#8531,#8532,#8533,#8534));
#8527 = ORIENTED_EDGE('',*,*,#7055,.T.);
#8528 = ORIENTED_EDGE('',*,*,#7138,.T.);
#8529 = ORIENTED_EDGE('',*,*,#7216,.T.);
#8530 = ORIENTED_EDGE('',*,*,#7294,.T.);
#8531 = ORIENTED_EDGE('',*,*,#7372,.T.);
#8532 = ORIENTED_EDGE('',*,*,#7450,.T.);
#8533 = ORIENTED_EDGE('',*,*,#7521,.T.);
#8534 = ORIENTED_EDGE('',*,*,#7568,.T.);
#8535 = FACE_BOUND('',#8536,.T.);
#8536 = EDGE_LOOP('',(#8537,#8538,#8539,#8540,#8541,#8542,#8543,#8544,
    #8545,#8546,#8547,#8548));
#8537 = ORIENTED_EDGE('',*,*,#7684,.T.);
#8538 = ORIENTED_EDGE('',*,*,#7762,.T.);
#8539 = ORIENTED_EDGE('',*,*,#7840,.T.);
#8540 = ORIENTED_EDGE('',*,*,#7918,.T.);
#8541 = ORIENTED_EDGE('',*,*,#7996,.T.);
#8542 = ORIENTED_EDGE('',*,*,#8074,.T.);
#8543 = ORIENTED_EDGE('',*,*,#8152,.T.);
#8544 = ORIENTED_EDGE('',*,*,#8230,.T.);
#8545 = ORIENTED_EDGE('',*,*,#8308,.T.);
#8546 = ORIENTED_EDGE('',*,*,#8386,.T.);
#8547 = ORIENTED_EDGE('',*,*,#8457,.T.);
#8548 = ORIENTED_EDGE('',*,*,#8504,.T.);
#8549 = ADVANCED_FACE('',(#8550,#8560),#7013,.T.);
#8550 = FACE_BOUND('',#8551,.F.);
#8551 = EDGE_LOOP('',(#8552,#8553,#8554,#8555,#8556,#8557,#8558,#8559));
#8552 = ORIENTED_EDGE('',*,*,#6997,.T.);
#8553 = ORIENTED_EDGE('',*,*,#7085,.T.);
#8554 = ORIENTED_EDGE('',*,*,#7163,.T.);
#8555 = ORIENTED_EDGE('',*,*,#7241,.T.);
#8556 = ORIENTED_EDGE('',*,*,#7319,.T.);
#8557 = ORIENTED_EDGE('',*,*,#7397,.T.);
#8558 = ORIENTED_EDGE('',*,*,#7475,.T.);
#8559 = ORIENTED_EDGE('',*,*,#7546,.T.);
#8560 = FACE_BOUND('',#8561,.F.);
#8561 = EDGE_LOOP('',(#8562,#8563,#8564,#8565,#8566,#8567,#8568,#8569,
    #8570,#8571,#8572,#8573));
#8562 = ORIENTED_EDGE('',*,*,#7631,.T.);
#8563 = ORIENTED_EDGE('',*,*,#7709,.T.);
#8564 = ORIENTED_EDGE('',*,*,#7787,.T.);
#8565 = ORIENTED_EDGE('',*,*,#7865,.T.);
#8566 = ORIENTED_EDGE('',*,*,#7943,.T.);
#8567 = ORIENTED_EDGE('',*,*,#8021,.T.);
#8568 = ORIENTED_EDGE('',*,*,#8099,.T.);
#8569 = ORIENTED_EDGE('',*,*,#8177,.T.);
#8570 = ORIENTED_EDGE('',*,*,#8255,.T.);
#8571 = ORIENTED_EDGE('',*,*,#8333,.T.);
#8572 = ORIENTED_EDGE('',*,*,#8411,.T.);
#8573 = ORIENTED_EDGE('',*,*,#8482,.T.);
#8574 = MANIFOLD_SOLID_BREP('',#8575);
#8575 = CLOSED_SHELL('',(#8576,#8696,#8772,#8848,#8924,#9000,#9076,#9152
    ,#9228,#9304,#9375,#9422,#9532,#9603,#9650,#9669));
#8576 = ADVANCED_FACE('',(#8577),#8591,.T.);
#8577 = FACE_BOUND('',#8578,.T.);
#8578 = EDGE_LOOP('',(#8579,#8614,#8642,#8670));
#8579 = ORIENTED_EDGE('',*,*,#8580,.T.);
#8580 = EDGE_CURVE('',#8581,#8583,#8585,.T.);
#8581 = VERTEX_POINT('',#8582);
#8582 = CARTESIAN_POINT('',(-0.25110403397,1.900212314225E-02,0.9));
#8583 = VERTEX_POINT('',#8584);
#8584 = CARTESIAN_POINT('',(-0.25110403397,1.900212314225E-02,0.903));
#8585 = SURFACE_CURVE('',#8586,(#8590,#8602),.PCURVE_S1.);
#8586 = LINE('',#8587,#8588);
#8587 = CARTESIAN_POINT('',(-0.25110403397,1.900212314225E-02,0.9));
#8588 = VECTOR('',#8589,1.);
#8589 = DIRECTION('',(0.,0.,1.));
#8590 = PCURVE('',#8591,#8596);
#8591 = PLANE('',#8592);
#8592 = AXIS2_PLACEMENT_3D('',#8593,#8594,#8595);
#8593 = CARTESIAN_POINT('',(-0.25110403397,1.900212314225E-02,0.9));
#8594 = DIRECTION('',(-1.,0.,0.));
#8595 = DIRECTION('',(0.,1.,0.));
#8596 = DEFINITIONAL_REPRESENTATION('',(#8597),#8601);
#8597 = LINE('',#8598,#8599);
#8598 = CARTESIAN_POINT('',(0.,0.));
#8599 = VECTOR('',#8600,1.);
#8600 = DIRECTION('',(0.,-1.));
#8601 = ( GEOMETRIC_REPRESENTATION_CONTEXT(2) 
PARAMETRIC_REPRESENTATION_CONTEXT() REPRESENTATION_CONTEXT('2D SPACE',''
  ) );
#8602 = PCURVE('',#8603,#8608);
#8603 = PLANE('',#8604);
#8604 = AXIS2_PLACEMENT_3D('',#8605,#8606,#8607);
#8605 = CARTESIAN_POINT('',(-0.164479830149,1.900212314225E-02,0.9));
#8606 = DIRECTION('',(0.,-1.,0.));
#8607 = DIRECTION('',(-1.,0.,0.));
#8608 = DEFINITIONAL_REPRESENTATION('',(#8609),#8613);
#8609 = LINE('',#8610,#8611);
#8610 = CARTESIAN_POINT('',(8.662420382166E-02,0.));
#8611 = VECTOR('',#8612,1.);
#8612 = DIRECTION('',(0.,-1.));
#8613 = ( GEOMETRIC_REPRESENTATION_CONTEXT(2) 
PARAMETRIC_REPRESENTATION_CONTEXT() REPRESENTATION_CONTEXT('2D SPACE',''
  ) );
#8614 = ORIENTED_EDGE('',*,*,#8615,.T.);
#8615 = EDGE_CURVE('',#8583,#8616,#8618,.T.);
#8616 = VERTEX_POINT('',#8617);
#8617 = CARTESIAN_POINT('',(-0.25110403397,0.112760084926,0.903));
#8618 = SURFACE_CURVE('',#8619,(#8623,#8630),.PCURVE_S1.);
#8619 = LINE('',#8620,#8621);
#8620 = CARTESIAN_POINT('',(-0.25110403397,1.900212314225E-02,0.903));
#8621 = VECTOR('',#8622,1.);
#8622 = DIRECTION('',(0.,1.,0.));
#8623 = PCURVE('',#8591,#8624);
#8624 = DEFINITIONAL_REPRESENTATION('',(#8625),#8629);
#8625 = LINE('',#8626,#8627);
#8626 = CARTESIAN_POINT('',(0.,-3.E-03));
#8627 = VECTOR('',#8628,1.);
#8628 = DIRECTION('',(1.,0.));
#8629 = ( GEOMETRIC_REPRESENTATION_CONTEXT(2) 
PARAMETRIC_REPRESENTATION_CONTEXT() REPRESENTATION_CONTEXT('2D SPACE',''
  ) );
#8630 = PCURVE('',#8631,#8636);
#8631 = PLANE('',#8632);
#8632 = AXIS2_PLACEMENT_3D('',#8633,#8634,#8635);
#8633 = CARTESIAN_POINT('',(-0.259141201158,0.23430560593,0.903));
#8634 = DIRECTION('',(0.,0.,1.));
#8635 = DIRECTION('',(1.,0.,-0.));
#8636 = DEFINITIONAL_REPRESENTATION('',(#8637),#8641);
#8637 = LINE('',#8638,#8639);
#8638 = CARTESIAN_POINT('',(8.037167187969E-03,-0.215303482788));
#8639 = VECTOR('',#8640,1.);
#8640 = DIRECTION('',(0.,1.));
#8641 = ( GEOMETRIC_REPRESENTATION_CONTEXT(2) 
PARAMETRIC_REPRESENTATION_CONTEXT() REPRESENTATION_CONTEXT('2D SPACE',''
  ) );
#8642 = ORIENTED_EDGE('',*,*,#8643,.F.);
#8643 = EDGE_CURVE('',#8644,#8616,#8646,.T.);
#8644 = VERTEX_POINT('',#8645);
#8645 = CARTESIAN_POINT('',(-0.25110403397,0.112760084926,0.9));
#8646 = SURFACE_CURVE('',#8647,(#8651,#8658),.PCURVE_S1.);
#8647 = LINE('',#8648,#8649);
#8648 = CARTESIAN_POINT('',(-0.25110403397,0.112760084926,0.9));
#8649 = VECTOR('',#8650,1.);
#8650 = DIRECTION('',(0.,0.,1.));
#8651 = PCURVE('',#8591,#8652);
#8652 = DEFINITIONAL_REPRESENTATION('',(#8653),#8657);
#8653 = LINE('',#8654,#8655);
#8654 = CARTESIAN_POINT('',(9.375796178344E-02,0.));
#8655 = VECTOR('',#8656,1.);
#8656 = DIRECTION('',(0.,-1.));
#8657 = ( GEOMETRIC_REPRESENTATION_CONTEXT(2) 
PARAMETRIC_REPRESENTATION_CONTEXT() REPRESENTATION_CONTEXT('2D SPACE',''
  ) );
#8658 = PCURVE('',#8659,#8664);
#8659 = PLANE('',#8660);
#8660 = AXIS2_PLACEMENT_3D('',#8661,#8662,#8663);
#8661 = CARTESIAN_POINT('',(-0.25110403397,0.112760084926,0.9));
#8662 = DIRECTION('',(0.,-1.,0.));
#8663 = DIRECTION('',(-1.,0.,0.));
#8664 = DEFINITIONAL_REPRESENTATION('',(#8665),#8669);
#8665 = LINE('',#8666,#8667);
#8666 = CARTESIAN_POINT('',(0.,-0.));
#8667 = VECTOR('',#8668,1.);
#8668 = DIRECTION('',(0.,-1.));
#8669 = ( GEOMETRIC_REPRESENTATION_CONTEXT(2) 
PARAMETRIC_REPRESENTATION_CONTEXT() REPRESENTATION_CONTEXT('2D SPACE',''
  ) );
#8670 = ORIENTED_EDGE('',*,*,#8671,.F.);
#8671 = EDGE_CURVE('',#8581,#8644,#8672,.T.);
#8672 = SURFACE_CURVE('',#8673,(#8677,#8684),.PCURVE_S1.);
#8673 = LINE('',#8674,#8675);
#8674 = CARTESIAN_POINT('',(-0.25110403397,1.900212314225E-02,0.9));
#8675 = VECTOR('',#8676,1.);
#8676 = DIRECTION('',(0.,1.,0.));
#8677 = PCURVE('',#8591,#8678);
#8678 = DEFINITIONAL_REPRESENTATION('',(#8679),#8683);
#8679 = LINE('',#8680,#8681);
#8680 = CARTESIAN_POINT('',(0.,0.));
#8681 = VECTOR('',#8682,1.);
#8682 = DIRECTION('',(1.,0.));
#8683 = ( GEOMETRIC_REPRESENTATION_CONTEXT(2) 
PARAMETRIC_REPRESENTATION_CONTEXT() REPRESENTATION_CONTEXT('2D SPACE',''
  ) );
#8684 = PCURVE('',#8685,#8690);
#8685 = PLANE('',#8686);
#8686 = AXIS2_PLACEMENT_3D('',#8687,#8688,#8689);
#8687 = CARTESIAN_POINT('',(-0.259141201158,0.23430560593,0.9));
#8688 = DIRECTION('',(0.,0.,1.));
#8689 = DIRECTION('',(1.,0.,-0.));
#8690 = DEFINITIONAL_REPRESENTATION('',(#8691),#8695);
#8691 = LINE('',#8692,#8693);
#8692 = CARTESIAN_POINT('',(8.037167187969E-03,-0.215303482788));
#8693 = VECTOR('',#8694,1.);
#8694 = DIRECTION('',(0.,1.));
#8695 = ( GEOMETRIC_REPRESENTATION_CONTEXT(2) 
PARAMETRIC_REPRESENTATION_CONTEXT() REPRESENTATION_CONTEXT('2D SPACE',''
  ) );
#8696 = ADVANCED_FACE('',(#8697),#8659,.T.);
#8697 = FACE_BOUND('',#8698,.T.);
#8698 = EDGE_LOOP('',(#8699,#8700,#8723,#8751));
#8699 = ORIENTED_EDGE('',*,*,#8643,.T.);
#8700 = ORIENTED_EDGE('',*,*,#8701,.T.);
#8701 = EDGE_CURVE('',#8616,#8702,#8704,.T.);
#8702 = VERTEX_POINT('',#8703);
#8703 = CARTESIAN_POINT('',(-0.442186836518,0.112760084926,0.903));
#8704 = SURFACE_CURVE('',#8705,(#8709,#8716),.PCURVE_S1.);
#8705 = LINE('',#8706,#8707);
#8706 = CARTESIAN_POINT('',(-0.25110403397,0.112760084926,0.903));
#8707 = VECTOR('',#8708,1.);
#8708 = DIRECTION('',(-1.,0.,0.));
#8709 = PCURVE('',#8659,#8710);
#8710 = DEFINITIONAL_REPRESENTATION('',(#8711),#8715);
#8711 = LINE('',#8712,#8713);
#8712 = CARTESIAN_POINT('',(0.,-3.E-03));
#8713 = VECTOR('',#8714,1.);
#8714 = DIRECTION('',(1.,0.));
#8715 = ( GEOMETRIC_REPRESENTATION_CONTEXT(2) 
PARAMETRIC_REPRESENTATION_CONTEXT() REPRESENTATION_CONTEXT('2D SPACE',''
  ) );
#8716 = PCURVE('',#8631,#8717);
#8717 = DEFINITIONAL_REPRESENTATION('',(#8718),#8722);
#8718 = LINE('',#8719,#8720);
#8719 = CARTESIAN_POINT('',(8.037167187969E-03,-0.121545521005));
#8720 = VECTOR('',#8721,1.);
#8721 = DIRECTION('',(-1.,0.));
#8722 = ( GEOMETRIC_REPRESENTATION_CONTEXT(2) 
PARAMETRIC_REPRESENTATION_CONTEXT() REPRESENTATION_CONTEXT('2D SPACE',''
  ) );
#8723 = ORIENTED_EDGE('',*,*,#8724,.F.);
#8724 = EDGE_CURVE('',#8725,#8702,#8727,.T.);
#8725 = VERTEX_POINT('',#8726);
#8726 = CARTESIAN_POINT('',(-0.442186836518,0.112760084926,0.9));
#8727 = SURFACE_CURVE('',#8728,(#8732,#8739),.PCURVE_S1.);
#8728 = LINE('',#8729,#8730);
#8729 = CARTESIAN_POINT('',(-0.442186836518,0.112760084926,0.9));
#8730 = VECTOR('',#8731,1.);
#8731 = DIRECTION('',(0.,0.,1.));
#8732 = PCURVE('',#8659,#8733);
#8733 = DEFINITIONAL_REPRESENTATION('',(#8734),#8738);
#8734 = LINE('',#8735,#8736);
#8735 = CARTESIAN_POINT('',(0.191082802548,0.));
#8736 = VECTOR('',#8737,1.);
#8737 = DIRECTION('',(0.,-1.));
#8738 = ( GEOMETRIC_REPRESENTATION_CONTEXT(2) 
PARAMETRIC_REPRESENTATION_CONTEXT() REPRESENTATION_CONTEXT('2D SPACE',''
  ) );
#8739 = PCURVE('',#8740,#8745);
#8740 = PLANE('',#8741);
#8741 = AXIS2_PLACEMENT_3D('',#8742,#8743,#8744);
#8742 = CARTESIAN_POINT('',(-0.442186836518,0.112760084926,0.9));
#8743 = DIRECTION('',(-1.,0.,0.));
#8744 = DIRECTION('',(0.,1.,0.));
#8745 = DEFINITIONAL_REPRESENTATION('',(#8746),#8750);
#8746 = LINE('',#8747,#8748);
#8747 = CARTESIAN_POINT('',(0.,0.));
#8748 = VECTOR('',#8749,1.);
#8749 = DIRECTION('',(0.,-1.));
#8750 = ( GEOMETRIC_REPRESENTATION_CONTEXT(2) 
PARAMETRIC_REPRESENTATION_CONTEXT() REPRESENTATION_CONTEXT('2D SPACE',''
  ) );
#8751 = ORIENTED_EDGE('',*,*,#8752,.F.);
#8752 = EDGE_CURVE('',#8644,#8725,#8753,.T.);
#8753 = SURFACE_CURVE('',#8754,(#8758,#8765),.PCURVE_S1.);
#8754 = LINE('',#8755,#8756);
#8755 = CARTESIAN_POINT('',(-0.25110403397,0.112760084926,0.9));
#8756 = VECTOR('',#8757,1.);
#8757 = DIRECTION('',(-1.,0.,0.));
#8758 = PCURVE('',#8659,#8759);
#8759 = DEFINITIONAL_REPRESENTATION('',(#8760),#8764);
#8760 = LINE('',#8761,#8762);
#8761 = CARTESIAN_POINT('',(0.,-0.));
#8762 = VECTOR('',#8763,1.);
#8763 = DIRECTION('',(1.,0.));
#8764 = ( GEOMETRIC_REPRESENTATION_CONTEXT(2) 
PARAMETRIC_REPRESENTATION_CONTEXT() REPRESENTATION_CONTEXT('2D SPACE',''
  ) );
#8765 = PCURVE('',#8685,#8766);
#8766 = DEFINITIONAL_REPRESENTATION('',(#8767),#8771);
#8767 = LINE('',#8768,#8769);
#8768 = CARTESIAN_POINT('',(8.037167187969E-03,-0.121545521005));
#8769 = VECTOR('',#8770,1.);
#8770 = DIRECTION('',(-1.,0.));
#8771 = ( GEOMETRIC_REPRESENTATION_CONTEXT(2) 
PARAMETRIC_REPRESENTATION_CONTEXT() REPRESENTATION_CONTEXT('2D SPACE',''
  ) );
#8772 = ADVANCED_FACE('',(#8773),#8740,.T.);
#8773 = FACE_BOUND('',#8774,.T.);
#8774 = EDGE_LOOP('',(#8775,#8776,#8799,#8827));
#8775 = ORIENTED_EDGE('',*,*,#8724,.T.);
#8776 = ORIENTED_EDGE('',*,*,#8777,.T.);
#8777 = EDGE_CURVE('',#8702,#8778,#8780,.T.);
#8778 = VERTEX_POINT('',#8779);
#8779 = CARTESIAN_POINT('',(-0.442186836518,0.191252653928,0.903));
#8780 = SURFACE_CURVE('',#8781,(#8785,#8792),.PCURVE_S1.);
#8781 = LINE('',#8782,#8783);
#8782 = CARTESIAN_POINT('',(-0.442186836518,0.112760084926,0.903));
#8783 = VECTOR('',#8784,1.);
#8784 = DIRECTION('',(0.,1.,0.));
#8785 = PCURVE('',#8740,#8786);
#8786 = DEFINITIONAL_REPRESENTATION('',(#8787),#8791);
#8787 = LINE('',#8788,#8789);
#8788 = CARTESIAN_POINT('',(0.,-3.E-03));
#8789 = VECTOR('',#8790,1.);
#8790 = DIRECTION('',(1.,0.));
#8791 = ( GEOMETRIC_REPRESENTATION_CONTEXT(2) 
PARAMETRIC_REPRESENTATION_CONTEXT() REPRESENTATION_CONTEXT('2D SPACE',''
  ) );
#8792 = PCURVE('',#8631,#8793);
#8793 = DEFINITIONAL_REPRESENTATION('',(#8794),#8798);
#8794 = LINE('',#8795,#8796);
#8795 = CARTESIAN_POINT('',(-0.18304563536,-0.121545521005));
#8796 = VECTOR('',#8797,1.);
#8797 = DIRECTION('',(0.,1.));
#8798 = ( GEOMETRIC_REPRESENTATION_CONTEXT(2) 
PARAMETRIC_REPRESENTATION_CONTEXT() REPRESENTATION_CONTEXT('2D SPACE',''
  ) );
#8799 = ORIENTED_EDGE('',*,*,#8800,.F.);
#8800 = EDGE_CURVE('',#8801,#8778,#8803,.T.);
#8801 = VERTEX_POINT('',#8802);
#8802 = CARTESIAN_POINT('',(-0.442186836518,0.191252653928,0.9));
#8803 = SURFACE_CURVE('',#8804,(#8808,#8815),.PCURVE_S1.);
#8804 = LINE('',#8805,#8806);
#8805 = CARTESIAN_POINT('',(-0.442186836518,0.191252653928,0.9));
#8806 = VECTOR('',#8807,1.);
#8807 = DIRECTION('',(0.,0.,1.));
#8808 = PCURVE('',#8740,#8809);
#8809 = DEFINITIONAL_REPRESENTATION('',(#8810),#8814);
#8810 = LINE('',#8811,#8812);
#8811 = CARTESIAN_POINT('',(7.849256900212E-02,0.));
#8812 = VECTOR('',#8813,1.);
#8813 = DIRECTION('',(0.,-1.));
#8814 = ( GEOMETRIC_REPRESENTATION_CONTEXT(2) 
PARAMETRIC_REPRESENTATION_CONTEXT() REPRESENTATION_CONTEXT('2D SPACE',''
  ) );
#8815 = PCURVE('',#8816,#8821);
#8816 = PLANE('',#8817);
#8817 = AXIS2_PLACEMENT_3D('',#8818,#8819,#8820);
#8818 = CARTESIAN_POINT('',(-0.442186836518,0.191252653928,0.9));
#8819 = DIRECTION('',(-0.825757999047,0.564024580147,0.));
#8820 = DIRECTION('',(0.564024580147,0.825757999047,0.));
#8821 = DEFINITIONAL_REPRESENTATION('',(#8822),#8826);
#8822 = LINE('',#8823,#8824);
#8823 = CARTESIAN_POINT('',(0.,0.));
#8824 = VECTOR('',#8825,1.);
#8825 = DIRECTION('',(0.,-1.));
#8826 = ( GEOMETRIC_REPRESENTATION_CONTEXT(2) 
PARAMETRIC_REPRESENTATION_CONTEXT() REPRESENTATION_CONTEXT('2D SPACE',''
  ) );
#8827 = ORIENTED_EDGE('',*,*,#8828,.F.);
#8828 = EDGE_CURVE('',#8725,#8801,#8829,.T.);
#8829 = SURFACE_CURVE('',#8830,(#8834,#8841),.PCURVE_S1.);
#8830 = LINE('',#8831,#8832);
#8831 = CARTESIAN_POINT('',(-0.442186836518,0.112760084926,0.9));
#8832 = VECTOR('',#8833,1.);
#8833 = DIRECTION('',(0.,1.,0.));
#8834 = PCURVE('',#8740,#8835);
#8835 = DEFINITIONAL_REPRESENTATION('',(#8836),#8840);
#8836 = LINE('',#8837,#8838);
#8837 = CARTESIAN_POINT('',(0.,0.));
#8838 = VECTOR('',#8839,1.);
#8839 = DIRECTION('',(1.,0.));
#8840 = ( GEOMETRIC_REPRESENTATION_CONTEXT(2) 
PARAMETRIC_REPRESENTATION_CONTEXT() REPRESENTATION_CONTEXT('2D SPACE',''
  ) );
#8841 = PCURVE('',#8685,#8842);
#8842 = DEFINITIONAL_REPRESENTATION('',(#8843),#8847);
#8843 = LINE('',#8844,#8845);
#8844 = CARTESIAN_POINT('',(-0.18304563536,-0.121545521005));
#8845 = VECTOR('',#8846,1.);
#8846 = DIRECTION('',(0.,1.));
#8847 = ( GEOMETRIC_REPRESENTATION_CONTEXT(2) 
PARAMETRIC_REPRESENTATION_CONTEXT() REPRESENTATION_CONTEXT('2D SPACE',''
  ) );
#8848 = ADVANCED_FACE('',(#8849),#8816,.T.);
#8849 = FACE_BOUND('',#8850,.T.);
#8850 = EDGE_LOOP('',(#8851,#8852,#8875,#8903));
#8851 = ORIENTED_EDGE('',*,*,#8800,.T.);
#8852 = ORIENTED_EDGE('',*,*,#8853,.T.);
#8853 = EDGE_CURVE('',#8778,#8854,#8856,.T.);
#8854 = VERTEX_POINT('',#8855);
#8855 = CARTESIAN_POINT('',(-0.239639065817,0.487791932059,0.903));
#8856 = SURFACE_CURVE('',#8857,(#8861,#8868),.PCURVE_S1.);
#8857 = LINE('',#8858,#8859);
#8858 = CARTESIAN_POINT('',(-0.442186836518,0.191252653928,0.903));
#8859 = VECTOR('',#8860,1.);
#8860 = DIRECTION('',(0.564024580147,0.825757999047,0.));
#8861 = PCURVE('',#8816,#8862);
#8862 = DEFINITIONAL_REPRESENTATION('',(#8863),#8867);
#8863 = LINE('',#8864,#8865);
#8864 = CARTESIAN_POINT('',(0.,-3.E-03));
#8865 = VECTOR('',#8866,1.);
#8866 = DIRECTION('',(1.,0.));
#8867 = ( GEOMETRIC_REPRESENTATION_CONTEXT(2) 
PARAMETRIC_REPRESENTATION_CONTEXT() REPRESENTATION_CONTEXT('2D SPACE',''
  ) );
#8868 = PCURVE('',#8631,#8869);
#8869 = DEFINITIONAL_REPRESENTATION('',(#8870),#8874);
#8870 = LINE('',#8871,#8872);
#8871 = CARTESIAN_POINT('',(-0.18304563536,-4.305295200266E-02));
#8872 = VECTOR('',#8873,1.);
#8873 = DIRECTION('',(0.564024580147,0.825757999047));
#8874 = ( GEOMETRIC_REPRESENTATION_CONTEXT(2) 
PARAMETRIC_REPRESENTATION_CONTEXT() REPRESENTATION_CONTEXT('2D SPACE',''
  ) );
#8875 = ORIENTED_EDGE('',*,*,#8876,.F.);
#8876 = EDGE_CURVE('',#8877,#8854,#8879,.T.);
#8877 = VERTEX_POINT('',#8878);
#8878 = CARTESIAN_POINT('',(-0.239639065817,0.487791932059,0.9));
#8879 = SURFACE_CURVE('',#8880,(#8884,#8891),.PCURVE_S1.);
#8880 = LINE('',#8881,#8882);
#8881 = CARTESIAN_POINT('',(-0.239639065817,0.487791932059,0.9));
#8882 = VECTOR('',#8883,1.);
#8883 = DIRECTION('',(0.,0.,1.));
#8884 = PCURVE('',#8816,#8885);
#8885 = DEFINITIONAL_REPRESENTATION('',(#8886),#8890);
#8886 = LINE('',#8887,#8888);
#8887 = CARTESIAN_POINT('',(0.359111602278,0.));
#8888 = VECTOR('',#8889,1.);
#8889 = DIRECTION('',(0.,-1.));
#8890 = ( GEOMETRIC_REPRESENTATION_CONTEXT(2) 
PARAMETRIC_REPRESENTATION_CONTEXT() REPRESENTATION_CONTEXT('2D SPACE',''
  ) );
#8891 = PCURVE('',#8892,#8897);
#8892 = PLANE('',#8893);
#8893 = AXIS2_PLACEMENT_3D('',#8894,#8895,#8896);
#8894 = CARTESIAN_POINT('',(-0.239639065817,0.487791932059,0.9));
#8895 = DIRECTION('',(0.,1.,0.));
#8896 = DIRECTION('',(1.,0.,0.));
#8897 = DEFINITIONAL_REPRESENTATION('',(#8898),#8902);
#8898 = LINE('',#8899,#8900);
#8899 = CARTESIAN_POINT('',(0.,0.));
#8900 = VECTOR('',#8901,1.);
#8901 = DIRECTION('',(0.,-1.));
#8902 = ( GEOMETRIC_REPRESENTATION_CONTEXT(2) 
PARAMETRIC_REPRESENTATION_CONTEXT() REPRESENTATION_CONTEXT('2D SPACE',''
  ) );
#8903 = ORIENTED_EDGE('',*,*,#8904,.F.);
#8904 = EDGE_CURVE('',#8801,#8877,#8905,.T.);
#8905 = SURFACE_CURVE('',#8906,(#8910,#8917),.PCURVE_S1.);
#8906 = LINE('',#8907,#8908);
#8907 = CARTESIAN_POINT('',(-0.442186836518,0.191252653928,0.9));
#8908 = VECTOR('',#8909,1.);
#8909 = DIRECTION('',(0.564024580147,0.825757999047,0.));
#8910 = PCURVE('',#8816,#8911);
#8911 = DEFINITIONAL_REPRESENTATION('',(#8912),#8916);
#8912 = LINE('',#8913,#8914);
#8913 = CARTESIAN_POINT('',(0.,0.));
#8914 = VECTOR('',#8915,1.);
#8915 = DIRECTION('',(1.,0.));
#8916 = ( GEOMETRIC_REPRESENTATION_CONTEXT(2) 
PARAMETRIC_REPRESENTATION_CONTEXT() REPRESENTATION_CONTEXT('2D SPACE',''
  ) );
#8917 = PCURVE('',#8685,#8918);
#8918 = DEFINITIONAL_REPRESENTATION('',(#8919),#8923);
#8919 = LINE('',#8920,#8921);
#8920 = CARTESIAN_POINT('',(-0.18304563536,-4.305295200266E-02));
#8921 = VECTOR('',#8922,1.);
#8922 = DIRECTION('',(0.564024580147,0.825757999047));
#8923 = ( GEOMETRIC_REPRESENTATION_CONTEXT(2) 
PARAMETRIC_REPRESENTATION_CONTEXT() REPRESENTATION_CONTEXT('2D SPACE',''
  ) );
#8924 = ADVANCED_FACE('',(#8925),#8892,.T.);
#8925 = FACE_BOUND('',#8926,.T.);
#8926 = EDGE_LOOP('',(#8927,#8928,#8951,#8979));
#8927 = ORIENTED_EDGE('',*,*,#8876,.T.);
#8928 = ORIENTED_EDGE('',*,*,#8929,.T.);
#8929 = EDGE_CURVE('',#8854,#8930,#8932,.T.);
#8930 = VERTEX_POINT('',#8931);
#8931 = CARTESIAN_POINT('',(-0.164479830149,0.487791932059,0.903));
#8932 = SURFACE_CURVE('',#8933,(#8937,#8944),.PCURVE_S1.);
#8933 = LINE('',#8934,#8935);
#8934 = CARTESIAN_POINT('',(-0.239639065817,0.487791932059,0.903));
#8935 = VECTOR('',#8936,1.);
#8936 = DIRECTION('',(1.,0.,0.));
#8937 = PCURVE('',#8892,#8938);
#8938 = DEFINITIONAL_REPRESENTATION('',(#8939),#8943);
#8939 = LINE('',#8940,#8941);
#8940 = CARTESIAN_POINT('',(0.,-3.E-03));
#8941 = VECTOR('',#8942,1.);
#8942 = DIRECTION('',(1.,0.));
#8943 = ( GEOMETRIC_REPRESENTATION_CONTEXT(2) 
PARAMETRIC_REPRESENTATION_CONTEXT() REPRESENTATION_CONTEXT('2D SPACE',''
  ) );
#8944 = PCURVE('',#8631,#8945);
#8945 = DEFINITIONAL_REPRESENTATION('',(#8946),#8950);
#8946 = LINE('',#8947,#8948);
#8947 = CARTESIAN_POINT('',(1.950213534083E-02,0.253486326129));
#8948 = VECTOR('',#8949,1.);
#8949 = DIRECTION('',(1.,0.));
#8950 = ( GEOMETRIC_REPRESENTATION_CONTEXT(2) 
PARAMETRIC_REPRESENTATION_CONTEXT() REPRESENTATION_CONTEXT('2D SPACE',''
  ) );
#8951 = ORIENTED_EDGE('',*,*,#8952,.F.);
#8952 = EDGE_CURVE('',#8953,#8930,#8955,.T.);
#8953 = VERTEX_POINT('',#8954);
#8954 = CARTESIAN_POINT('',(-0.164479830149,0.487791932059,0.9));
#8955 = SURFACE_CURVE('',#8956,(#8960,#8967),.PCURVE_S1.);
#8956 = LINE('',#8957,#8958);
#8957 = CARTESIAN_POINT('',(-0.164479830149,0.487791932059,0.9));
#8958 = VECTOR('',#8959,1.);
#8959 = DIRECTION('',(0.,0.,1.));
#8960 = PCURVE('',#8892,#8961);
#8961 = DEFINITIONAL_REPRESENTATION('',(#8962),#8966);
#8962 = LINE('',#8963,#8964);
#8963 = CARTESIAN_POINT('',(7.515923566879E-02,0.));
#8964 = VECTOR('',#8965,1.);
#8965 = DIRECTION('',(0.,-1.));
#8966 = ( GEOMETRIC_REPRESENTATION_CONTEXT(2) 
PARAMETRIC_REPRESENTATION_CONTEXT() REPRESENTATION_CONTEXT('2D SPACE',''
  ) );
#8967 = PCURVE('',#8968,#8973);
#8968 = PLANE('',#8969);
#8969 = AXIS2_PLACEMENT_3D('',#8970,#8971,#8972);
#8970 = CARTESIAN_POINT('',(-0.164479830149,0.487791932059,0.9));
#8971 = DIRECTION('',(1.,0.,-0.));
#8972 = DIRECTION('',(0.,-1.,0.));
#8973 = DEFINITIONAL_REPRESENTATION('',(#8974),#8978);
#8974 = LINE('',#8975,#8976);
#8975 = CARTESIAN_POINT('',(0.,0.));
#8976 = VECTOR('',#8977,1.);
#8977 = DIRECTION('',(0.,-1.));
#8978 = ( GEOMETRIC_REPRESENTATION_CONTEXT(2) 
PARAMETRIC_REPRESENTATION_CONTEXT() REPRESENTATION_CONTEXT('2D SPACE',''
  ) );
#8979 = ORIENTED_EDGE('',*,*,#8980,.F.);
#8980 = EDGE_CURVE('',#8877,#8953,#8981,.T.);
#8981 = SURFACE_CURVE('',#8982,(#8986,#8993),.PCURVE_S1.);
#8982 = LINE('',#8983,#8984);
#8983 = CARTESIAN_POINT('',(-0.239639065817,0.487791932059,0.9));
#8984 = VECTOR('',#8985,1.);
#8985 = DIRECTION('',(1.,0.,0.));
#8986 = PCURVE('',#8892,#8987);
#8987 = DEFINITIONAL_REPRESENTATION('',(#8988),#8992);
#8988 = LINE('',#8989,#8990);
#8989 = CARTESIAN_POINT('',(0.,0.));
#8990 = VECTOR('',#8991,1.);
#8991 = DIRECTION('',(1.,0.));
#8992 = ( GEOMETRIC_REPRESENTATION_CONTEXT(2) 
PARAMETRIC_REPRESENTATION_CONTEXT() REPRESENTATION_CONTEXT('2D SPACE',''
  ) );
#8993 = PCURVE('',#8685,#8994);
#8994 = DEFINITIONAL_REPRESENTATION('',(#8995),#8999);
#8995 = LINE('',#8996,#8997);
#8996 = CARTESIAN_POINT('',(1.950213534083E-02,0.253486326129));
#8997 = VECTOR('',#8998,1.);
#8998 = DIRECTION('',(1.,0.));
#8999 = ( GEOMETRIC_REPRESENTATION_CONTEXT(2) 
PARAMETRIC_REPRESENTATION_CONTEXT() REPRESENTATION_CONTEXT('2D SPACE',''
  ) );
#9000 = ADVANCED_FACE('',(#9001),#8968,.T.);
#9001 = FACE_BOUND('',#9002,.T.);
#9002 = EDGE_LOOP('',(#9003,#9004,#9027,#9055));
#9003 = ORIENTED_EDGE('',*,*,#8952,.T.);
#9004 = ORIENTED_EDGE('',*,*,#9005,.T.);
#9005 = EDGE_CURVE('',#8930,#9006,#9008,.T.);
#9006 = VERTEX_POINT('',#9007);
#9007 = CARTESIAN_POINT('',(-0.164479830149,0.191571125265,0.903));
#9008 = SURFACE_CURVE('',#9009,(#9013,#9020),.PCURVE_S1.);
#9009 = LINE('',#9010,#9011);
#9010 = CARTESIAN_POINT('',(-0.164479830149,0.487791932059,0.903));
#9011 = VECTOR('',#9012,1.);
#9012 = DIRECTION('',(0.,-1.,0.));
#9013 = PCURVE('',#8968,#9014);
#9014 = DEFINITIONAL_REPRESENTATION('',(#9015),#9019);
#9015 = LINE('',#9016,#9017);
#9016 = CARTESIAN_POINT('',(0.,-3.E-03));
#9017 = VECTOR('',#9018,1.);
#9018 = DIRECTION('',(1.,0.));
#9019 = ( GEOMETRIC_REPRESENTATION_CONTEXT(2) 
PARAMETRIC_REPRESENTATION_CONTEXT() REPRESENTATION_CONTEXT('2D SPACE',''
  ) );
#9020 = PCURVE('',#8631,#9021);
#9021 = DEFINITIONAL_REPRESENTATION('',(#9022),#9026);
#9022 = LINE('',#9023,#9024);
#9023 = CARTESIAN_POINT('',(9.466137100962E-02,0.253486326129));
#9024 = VECTOR('',#9025,1.);
#9025 = DIRECTION('',(0.,-1.));
#9026 = ( GEOMETRIC_REPRESENTATION_CONTEXT(2) 
PARAMETRIC_REPRESENTATION_CONTEXT() REPRESENTATION_CONTEXT('2D SPACE',''
  ) );
#9027 = ORIENTED_EDGE('',*,*,#9028,.F.);
#9028 = EDGE_CURVE('',#9029,#9006,#9031,.T.);
#9029 = VERTEX_POINT('',#9030);
#9030 = CARTESIAN_POINT('',(-0.164479830149,0.191571125265,0.9));
#9031 = SURFACE_CURVE('',#9032,(#9036,#9043),.PCURVE_S1.);
#9032 = LINE('',#9033,#9034);
#9033 = CARTESIAN_POINT('',(-0.164479830149,0.191571125265,0.9));
#9034 = VECTOR('',#9035,1.);
#9035 = DIRECTION('',(0.,0.,1.));
#9036 = PCURVE('',#8968,#9037);
#9037 = DEFINITIONAL_REPRESENTATION('',(#9038),#9042);
#9038 = LINE('',#9039,#9040);
#9039 = CARTESIAN_POINT('',(0.296220806794,0.));
#9040 = VECTOR('',#9041,1.);
#9041 = DIRECTION('',(0.,-1.));
#9042 = ( GEOMETRIC_REPRESENTATION_CONTEXT(2) 
PARAMETRIC_REPRESENTATION_CONTEXT() REPRESENTATION_CONTEXT('2D SPACE',''
  ) );
#9043 = PCURVE('',#9044,#9049);
#9044 = PLANE('',#9045);
#9045 = AXIS2_PLACEMENT_3D('',#9046,#9047,#9048);
#9046 = CARTESIAN_POINT('',(-0.164479830149,0.191571125265,0.9));
#9047 = DIRECTION('',(0.,1.,0.));
#9048 = DIRECTION('',(1.,0.,0.));
#9049 = DEFINITIONAL_REPRESENTATION('',(#9050),#9054);
#9050 = LINE('',#9051,#9052);
#9051 = CARTESIAN_POINT('',(0.,0.));
#9052 = VECTOR('',#9053,1.);
#9053 = DIRECTION('',(0.,-1.));
#9054 = ( GEOMETRIC_REPRESENTATION_CONTEXT(2) 
PARAMETRIC_REPRESENTATION_CONTEXT() REPRESENTATION_CONTEXT('2D SPACE',''
  ) );
#9055 = ORIENTED_EDGE('',*,*,#9056,.F.);
#9056 = EDGE_CURVE('',#8953,#9029,#9057,.T.);
#9057 = SURFACE_CURVE('',#9058,(#9062,#9069),.PCURVE_S1.);
#9058 = LINE('',#9059,#9060);
#9059 = CARTESIAN_POINT('',(-0.164479830149,0.487791932059,0.9));
#9060 = VECTOR('',#9061,1.);
#9061 = DIRECTION('',(0.,-1.,0.));
#9062 = PCURVE('',#8968,#9063);
#9063 = DEFINITIONAL_REPRESENTATION('',(#9064),#9068);
#9064 = LINE('',#9065,#9066);
#9065 = CARTESIAN_POINT('',(0.,0.));
#9066 = VECTOR('',#9067,1.);
#9067 = DIRECTION('',(1.,0.));
#9068 = ( GEOMETRIC_REPRESENTATION_CONTEXT(2) 
PARAMETRIC_REPRESENTATION_CONTEXT() REPRESENTATION_CONTEXT('2D SPACE',''
  ) );
#9069 = PCURVE('',#8685,#9070);
#9070 = DEFINITIONAL_REPRESENTATION('',(#9071),#9075);
#9071 = LINE('',#9072,#9073);
#9072 = CARTESIAN_POINT('',(9.466137100962E-02,0.253486326129));
#9073 = VECTOR('',#9074,1.);
#9074 = DIRECTION('',(0.,-1.));
#9075 = ( GEOMETRIC_REPRESENTATION_CONTEXT(2) 
PARAMETRIC_REPRESENTATION_CONTEXT() REPRESENTATION_CONTEXT('2D SPACE',''
  ) );
#9076 = ADVANCED_FACE('',(#9077),#9044,.T.);
#9077 = FACE_BOUND('',#9078,.T.);
#9078 = EDGE_LOOP('',(#9079,#9080,#9103,#9131));
#9079 = ORIENTED_EDGE('',*,*,#9028,.T.);
#9080 = ORIENTED_EDGE('',*,*,#9081,.T.);
#9081 = EDGE_CURVE('',#9006,#9082,#9084,.T.);
#9082 = VERTEX_POINT('',#9083);
#9083 = CARTESIAN_POINT('',(-0.106518046709,0.191571125265,0.903));
#9084 = SURFACE_CURVE('',#9085,(#9089,#9096),.PCURVE_S1.);
#9085 = LINE('',#9086,#9087);
#9086 = CARTESIAN_POINT('',(-0.164479830149,0.191571125265,0.903));
#9087 = VECTOR('',#9088,1.);
#9088 = DIRECTION('',(1.,0.,0.));
#9089 = PCURVE('',#9044,#9090);
#9090 = DEFINITIONAL_REPRESENTATION('',(#9091),#9095);
#9091 = LINE('',#9092,#9093);
#9092 = CARTESIAN_POINT('',(0.,-3.E-03));
#9093 = VECTOR('',#9094,1.);
#9094 = DIRECTION('',(1.,0.));
#9095 = ( GEOMETRIC_REPRESENTATION_CONTEXT(2) 
PARAMETRIC_REPRESENTATION_CONTEXT() REPRESENTATION_CONTEXT('2D SPACE',''
  ) );
#9096 = PCURVE('',#8631,#9097);
#9097 = DEFINITIONAL_REPRESENTATION('',(#9098),#9102);
#9098 = LINE('',#9099,#9100);
#9099 = CARTESIAN_POINT('',(9.466137100962E-02,-4.273448066508E-02));
#9100 = VECTOR('',#9101,1.);
#9101 = DIRECTION('',(1.,0.));
#9102 = ( GEOMETRIC_REPRESENTATION_CONTEXT(2) 
PARAMETRIC_REPRESENTATION_CONTEXT() REPRESENTATION_CONTEXT('2D SPACE',''
  ) );
#9103 = ORIENTED_EDGE('',*,*,#9104,.F.);
#9104 = EDGE_CURVE('',#9105,#9082,#9107,.T.);
#9105 = VERTEX_POINT('',#9106);
#9106 = CARTESIAN_POINT('',(-0.106518046709,0.191571125265,0.9));
#9107 = SURFACE_CURVE('',#9108,(#9112,#9119),.PCURVE_S1.);
#9108 = LINE('',#9109,#9110);
#9109 = CARTESIAN_POINT('',(-0.106518046709,0.191571125265,0.9));
#9110 = VECTOR('',#9111,1.);
#9111 = DIRECTION('',(0.,0.,1.));
#9112 = PCURVE('',#9044,#9113);
#9113 = DEFINITIONAL_REPRESENTATION('',(#9114),#9118);
#9114 = LINE('',#9115,#9116);
#9115 = CARTESIAN_POINT('',(5.796178343949E-02,0.));
#9116 = VECTOR('',#9117,1.);
#9117 = DIRECTION('',(0.,-1.));
#9118 = ( GEOMETRIC_REPRESENTATION_CONTEXT(2) 
PARAMETRIC_REPRESENTATION_CONTEXT() REPRESENTATION_CONTEXT('2D SPACE',''
  ) );
#9119 = PCURVE('',#9120,#9125);
#9120 = PLANE('',#9121);
#9121 = AXIS2_PLACEMENT_3D('',#9122,#9123,#9124);
#9122 = CARTESIAN_POINT('',(-0.106518046709,0.191571125265,0.9));
#9123 = DIRECTION('',(1.,0.,-0.));
#9124 = DIRECTION('',(0.,-1.,0.));
#9125 = DEFINITIONAL_REPRESENTATION('',(#9126),#9130);
#9126 = LINE('',#9127,#9128);
#9127 = CARTESIAN_POINT('',(0.,0.));
#9128 = VECTOR('',#9129,1.);
#9129 = DIRECTION('',(0.,-1.));
#9130 = ( GEOMETRIC_REPRESENTATION_CONTEXT(2) 
PARAMETRIC_REPRESENTATION_CONTEXT() REPRESENTATION_CONTEXT('2D SPACE',''
  ) );
#9131 = ORIENTED_EDGE('',*,*,#9132,.F.);
#9132 = EDGE_CURVE('',#9029,#9105,#9133,.T.);
#9133 = SURFACE_CURVE('',#9134,(#9138,#9145),.PCURVE_S1.);
#9134 = LINE('',#9135,#9136);
#9135 = CARTESIAN_POINT('',(-0.164479830149,0.191571125265,0.9));
#9136 = VECTOR('',#9137,1.);
#9137 = DIRECTION('',(1.,0.,0.));
#9138 = PCURVE('',#9044,#9139);
#9139 = DEFINITIONAL_REPRESENTATION('',(#9140),#9144);
#9140 = LINE('',#9141,#9142);
#9141 = CARTESIAN_POINT('',(0.,0.));
#9142 = VECTOR('',#9143,1.);
#9143 = DIRECTION('',(1.,0.));
#9144 = ( GEOMETRIC_REPRESENTATION_CONTEXT(2) 
PARAMETRIC_REPRESENTATION_CONTEXT() REPRESENTATION_CONTEXT('2D SPACE',''
  ) );
#9145 = PCURVE('',#8685,#9146);
#9146 = DEFINITIONAL_REPRESENTATION('',(#9147),#9151);
#9147 = LINE('',#9148,#9149);
#9148 = CARTESIAN_POINT('',(9.466137100962E-02,-4.273448066508E-02));
#9149 = VECTOR('',#9150,1.);
#9150 = DIRECTION('',(1.,0.));
#9151 = ( GEOMETRIC_REPRESENTATION_CONTEXT(2) 
PARAMETRIC_REPRESENTATION_CONTEXT() REPRESENTATION_CONTEXT('2D SPACE',''
  ) );
#9152 = ADVANCED_FACE('',(#9153),#9120,.T.);
#9153 = FACE_BOUND('',#9154,.T.);
#9154 = EDGE_LOOP('',(#9155,#9156,#9179,#9207));
#9155 = ORIENTED_EDGE('',*,*,#9104,.T.);
#9156 = ORIENTED_EDGE('',*,*,#9157,.T.);
#9157 = EDGE_CURVE('',#9082,#9158,#9160,.T.);
#9158 = VERTEX_POINT('',#9159);
#9159 = CARTESIAN_POINT('',(-0.106518046709,0.112760084926,0.903));
#9160 = SURFACE_CURVE('',#9161,(#9165,#9172),.PCURVE_S1.);
#9161 = LINE('',#9162,#9163);
#9162 = CARTESIAN_POINT('',(-0.106518046709,0.191571125265,0.903));
#9163 = VECTOR('',#9164,1.);
#9164 = DIRECTION('',(0.,-1.,0.));
#9165 = PCURVE('',#9120,#9166);
#9166 = DEFINITIONAL_REPRESENTATION('',(#9167),#9171);
#9167 = LINE('',#9168,#9169);
#9168 = CARTESIAN_POINT('',(0.,-3.E-03));
#9169 = VECTOR('',#9170,1.);
#9170 = DIRECTION('',(1.,0.));
#9171 = ( GEOMETRIC_REPRESENTATION_CONTEXT(2) 
PARAMETRIC_REPRESENTATION_CONTEXT() REPRESENTATION_CONTEXT('2D SPACE',''
  ) );
#9172 = PCURVE('',#8631,#9173);
#9173 = DEFINITIONAL_REPRESENTATION('',(#9174),#9178);
#9174 = LINE('',#9175,#9176);
#9175 = CARTESIAN_POINT('',(0.152623154449,-4.273448066508E-02));
#9176 = VECTOR('',#9177,1.);
#9177 = DIRECTION('',(0.,-1.));
#9178 = ( GEOMETRIC_REPRESENTATION_CONTEXT(2) 
PARAMETRIC_REPRESENTATION_CONTEXT() REPRESENTATION_CONTEXT('2D SPACE',''
  ) );
#9179 = ORIENTED_EDGE('',*,*,#9180,.F.);
#9180 = EDGE_CURVE('',#9181,#9158,#9183,.T.);
#9181 = VERTEX_POINT('',#9182);
#9182 = CARTESIAN_POINT('',(-0.106518046709,0.112760084926,0.9));
#9183 = SURFACE_CURVE('',#9184,(#9188,#9195),.PCURVE_S1.);
#9184 = LINE('',#9185,#9186);
#9185 = CARTESIAN_POINT('',(-0.106518046709,0.112760084926,0.9));
#9186 = VECTOR('',#9187,1.);
#9187 = DIRECTION('',(0.,0.,1.));
#9188 = PCURVE('',#9120,#9189);
#9189 = DEFINITIONAL_REPRESENTATION('',(#9190),#9194);
#9190 = LINE('',#9191,#9192);
#9191 = CARTESIAN_POINT('',(7.88110403397E-02,0.));
#9192 = VECTOR('',#9193,1.);
#9193 = DIRECTION('',(0.,-1.));
#9194 = ( GEOMETRIC_REPRESENTATION_CONTEXT(2) 
PARAMETRIC_REPRESENTATION_CONTEXT() REPRESENTATION_CONTEXT('2D SPACE',''
  ) );
#9195 = PCURVE('',#9196,#9201);
#9196 = PLANE('',#9197);
#9197 = AXIS2_PLACEMENT_3D('',#9198,#9199,#9200);
#9198 = CARTESIAN_POINT('',(-0.106518046709,0.112760084926,0.9));
#9199 = DIRECTION('',(0.,-1.,0.));
#9200 = DIRECTION('',(-1.,0.,0.));
#9201 = DEFINITIONAL_REPRESENTATION('',(#9202),#9206);
#9202 = LINE('',#9203,#9204);
#9203 = CARTESIAN_POINT('',(0.,-0.));
#9204 = VECTOR('',#9205,1.);
#9205 = DIRECTION('',(0.,-1.));
#9206 = ( GEOMETRIC_REPRESENTATION_CONTEXT(2) 
PARAMETRIC_REPRESENTATION_CONTEXT() REPRESENTATION_CONTEXT('2D SPACE',''
  ) );
#9207 = ORIENTED_EDGE('',*,*,#9208,.F.);
#9208 = EDGE_CURVE('',#9105,#9181,#9209,.T.);
#9209 = SURFACE_CURVE('',#9210,(#9214,#9221),.PCURVE_S1.);
#9210 = LINE('',#9211,#9212);
#9211 = CARTESIAN_POINT('',(-0.106518046709,0.191571125265,0.9));
#9212 = VECTOR('',#9213,1.);
#9213 = DIRECTION('',(0.,-1.,0.));
#9214 = PCURVE('',#9120,#9215);
#9215 = DEFINITIONAL_REPRESENTATION('',(#9216),#9220);
#9216 = LINE('',#9217,#9218);
#9217 = CARTESIAN_POINT('',(0.,0.));
#9218 = VECTOR('',#9219,1.);
#9219 = DIRECTION('',(1.,0.));
#9220 = ( GEOMETRIC_REPRESENTATION_CONTEXT(2) 
PARAMETRIC_REPRESENTATION_CONTEXT() REPRESENTATION_CONTEXT('2D SPACE',''
  ) );
#9221 = PCURVE('',#8685,#9222);
#9222 = DEFINITIONAL_REPRESENTATION('',(#9223),#9227);
#9223 = LINE('',#9224,#9225);
#9224 = CARTESIAN_POINT('',(0.152623154449,-4.273448066508E-02));
#9225 = VECTOR('',#9226,1.);
#9226 = DIRECTION('',(0.,-1.));
#9227 = ( GEOMETRIC_REPRESENTATION_CONTEXT(2) 
PARAMETRIC_REPRESENTATION_CONTEXT() REPRESENTATION_CONTEXT('2D SPACE',''
  ) );
#9228 = ADVANCED_FACE('',(#9229),#9196,.T.);
#9229 = FACE_BOUND('',#9230,.T.);
#9230 = EDGE_LOOP('',(#9231,#9232,#9255,#9283));
#9231 = ORIENTED_EDGE('',*,*,#9180,.T.);
#9232 = ORIENTED_EDGE('',*,*,#9233,.T.);
#9233 = EDGE_CURVE('',#9158,#9234,#9236,.T.);
#9234 = VERTEX_POINT('',#9235);
#9235 = CARTESIAN_POINT('',(-0.164479830149,0.112760084926,0.903));
#9236 = SURFACE_CURVE('',#9237,(#9241,#9248),.PCURVE_S1.);
#9237 = LINE('',#9238,#9239);
#9238 = CARTESIAN_POINT('',(-0.106518046709,0.112760084926,0.903));
#9239 = VECTOR('',#9240,1.);
#9240 = DIRECTION('',(-1.,0.,0.));
#9241 = PCURVE('',#9196,#9242);
#9242 = DEFINITIONAL_REPRESENTATION('',(#9243),#9247);
#9243 = LINE('',#9244,#9245);
#9244 = CARTESIAN_POINT('',(0.,-3.E-03));
#9245 = VECTOR('',#9246,1.);
#9246 = DIRECTION('',(1.,0.));
#9247 = ( GEOMETRIC_REPRESENTATION_CONTEXT(2) 
PARAMETRIC_REPRESENTATION_CONTEXT() REPRESENTATION_CONTEXT('2D SPACE',''
  ) );
#9248 = PCURVE('',#8631,#9249);
#9249 = DEFINITIONAL_REPRESENTATION('',(#9250),#9254);
#9250 = LINE('',#9251,#9252);
#9251 = CARTESIAN_POINT('',(0.152623154449,-0.121545521005));
#9252 = VECTOR('',#9253,1.);
#9253 = DIRECTION('',(-1.,0.));
#9254 = ( GEOMETRIC_REPRESENTATION_CONTEXT(2) 
PARAMETRIC_REPRESENTATION_CONTEXT() REPRESENTATION_CONTEXT('2D SPACE',''
  ) );
#9255 = ORIENTED_EDGE('',*,*,#9256,.F.);
#9256 = EDGE_CURVE('',#9257,#9234,#9259,.T.);
#9257 = VERTEX_POINT('',#9258);
#9258 = CARTESIAN_POINT('',(-0.164479830149,0.112760084926,0.9));
#9259 = SURFACE_CURVE('',#9260,(#9264,#9271),.PCURVE_S1.);
#9260 = LINE('',#9261,#9262);
#9261 = CARTESIAN_POINT('',(-0.164479830149,0.112760084926,0.9));
#9262 = VECTOR('',#9263,1.);
#9263 = DIRECTION('',(0.,0.,1.));
#9264 = PCURVE('',#9196,#9265);
#9265 = DEFINITIONAL_REPRESENTATION('',(#9266),#9270);
#9266 = LINE('',#9267,#9268);
#9267 = CARTESIAN_POINT('',(5.796178343949E-02,0.));
#9268 = VECTOR('',#9269,1.);
#9269 = DIRECTION('',(0.,-1.));
#9270 = ( GEOMETRIC_REPRESENTATION_CONTEXT(2) 
PARAMETRIC_REPRESENTATION_CONTEXT() REPRESENTATION_CONTEXT('2D SPACE',''
  ) );
#9271 = PCURVE('',#9272,#9277);
#9272 = PLANE('',#9273);
#9273 = AXIS2_PLACEMENT_3D('',#9274,#9275,#9276);
#9274 = CARTESIAN_POINT('',(-0.164479830149,0.112760084926,0.9));
#9275 = DIRECTION('',(1.,0.,-0.));
#9276 = DIRECTION('',(0.,-1.,0.));
#9277 = DEFINITIONAL_REPRESENTATION('',(#9278),#9282);
#9278 = LINE('',#9279,#9280);
#9279 = CARTESIAN_POINT('',(0.,0.));
#9280 = VECTOR('',#9281,1.);
#9281 = DIRECTION('',(0.,-1.));
#9282 = ( GEOMETRIC_REPRESENTATION_CONTEXT(2) 
PARAMETRIC_REPRESENTATION_CONTEXT() REPRESENTATION_CONTEXT('2D SPACE',''
  ) );
#9283 = ORIENTED_EDGE('',*,*,#9284,.F.);
#9284 = EDGE_CURVE('',#9181,#9257,#9285,.T.);
#9285 = SURFACE_CURVE('',#9286,(#9290,#9297),.PCURVE_S1.);
#9286 = LINE('',#9287,#9288);
#9287 = CARTESIAN_POINT('',(-0.106518046709,0.112760084926,0.9));
#9288 = VECTOR('',#9289,1.);
#9289 = DIRECTION('',(-1.,0.,0.));
#9290 = PCURVE('',#9196,#9291);
#9291 = DEFINITIONAL_REPRESENTATION('',(#9292),#9296);
#9292 = LINE('',#9293,#9294);
#9293 = CARTESIAN_POINT('',(0.,-0.));
#9294 = VECTOR('',#9295,1.);
#9295 = DIRECTION('',(1.,0.));
#9296 = ( GEOMETRIC_REPRESENTATION_CONTEXT(2) 
PARAMETRIC_REPRESENTATION_CONTEXT() REPRESENTATION_CONTEXT('2D SPACE',''
  ) );
#9297 = PCURVE('',#8685,#9298);
#9298 = DEFINITIONAL_REPRESENTATION('',(#9299),#9303);
#9299 = LINE('',#9300,#9301);
#9300 = CARTESIAN_POINT('',(0.152623154449,-0.121545521005));
#9301 = VECTOR('',#9302,1.);
#9302 = DIRECTION('',(-1.,0.));
#9303 = ( GEOMETRIC_REPRESENTATION_CONTEXT(2) 
PARAMETRIC_REPRESENTATION_CONTEXT() REPRESENTATION_CONTEXT('2D SPACE',''
  ) );
#9304 = ADVANCED_FACE('',(#9305),#9272,.T.);
#9305 = FACE_BOUND('',#9306,.T.);
#9306 = EDGE_LOOP('',(#9307,#9308,#9331,#9354));
#9307 = ORIENTED_EDGE('',*,*,#9256,.T.);
#9308 = ORIENTED_EDGE('',*,*,#9309,.T.);
#9309 = EDGE_CURVE('',#9234,#9310,#9312,.T.);
#9310 = VERTEX_POINT('',#9311);
#9311 = CARTESIAN_POINT('',(-0.164479830149,1.900212314225E-02,0.903));
#9312 = SURFACE_CURVE('',#9313,(#9317,#9324),.PCURVE_S1.);
#9313 = LINE('',#9314,#9315);
#9314 = CARTESIAN_POINT('',(-0.164479830149,0.112760084926,0.903));
#9315 = VECTOR('',#9316,1.);
#9316 = DIRECTION('',(0.,-1.,0.));
#9317 = PCURVE('',#9272,#9318);
#9318 = DEFINITIONAL_REPRESENTATION('',(#9319),#9323);
#9319 = LINE('',#9320,#9321);
#9320 = CARTESIAN_POINT('',(0.,-3.E-03));
#9321 = VECTOR('',#9322,1.);
#9322 = DIRECTION('',(1.,0.));
#9323 = ( GEOMETRIC_REPRESENTATION_CONTEXT(2) 
PARAMETRIC_REPRESENTATION_CONTEXT() REPRESENTATION_CONTEXT('2D SPACE',''
  ) );
#9324 = PCURVE('',#8631,#9325);
#9325 = DEFINITIONAL_REPRESENTATION('',(#9326),#9330);
#9326 = LINE('',#9327,#9328);
#9327 = CARTESIAN_POINT('',(9.466137100962E-02,-0.121545521005));
#9328 = VECTOR('',#9329,1.);
#9329 = DIRECTION('',(0.,-1.));
#9330 = ( GEOMETRIC_REPRESENTATION_CONTEXT(2) 
PARAMETRIC_REPRESENTATION_CONTEXT() REPRESENTATION_CONTEXT('2D SPACE',''
  ) );
#9331 = ORIENTED_EDGE('',*,*,#9332,.F.);
#9332 = EDGE_CURVE('',#9333,#9310,#9335,.T.);
#9333 = VERTEX_POINT('',#9334);
#9334 = CARTESIAN_POINT('',(-0.164479830149,1.900212314225E-02,0.9));
#9335 = SURFACE_CURVE('',#9336,(#9340,#9347),.PCURVE_S1.);
#9336 = LINE('',#9337,#9338);
#9337 = CARTESIAN_POINT('',(-0.164479830149,1.900212314225E-02,0.9));
#9338 = VECTOR('',#9339,1.);
#9339 = DIRECTION('',(0.,0.,1.));
#9340 = PCURVE('',#9272,#9341);
#9341 = DEFINITIONAL_REPRESENTATION('',(#9342),#9346);
#9342 = LINE('',#9343,#9344);
#9343 = CARTESIAN_POINT('',(9.375796178344E-02,0.));
#9344 = VECTOR('',#9345,1.);
#9345 = DIRECTION('',(0.,-1.));
#9346 = ( GEOMETRIC_REPRESENTATION_CONTEXT(2) 
PARAMETRIC_REPRESENTATION_CONTEXT() REPRESENTATION_CONTEXT('2D SPACE',''
  ) );
#9347 = PCURVE('',#8603,#9348);
#9348 = DEFINITIONAL_REPRESENTATION('',(#9349),#9353);
#9349 = LINE('',#9350,#9351);
#9350 = CARTESIAN_POINT('',(0.,-0.));
#9351 = VECTOR('',#9352,1.);
#9352 = DIRECTION('',(0.,-1.));
#9353 = ( GEOMETRIC_REPRESENTATION_CONTEXT(2) 
PARAMETRIC_REPRESENTATION_CONTEXT() REPRESENTATION_CONTEXT('2D SPACE',''
  ) );
#9354 = ORIENTED_EDGE('',*,*,#9355,.F.);
#9355 = EDGE_CURVE('',#9257,#9333,#9356,.T.);
#9356 = SURFACE_CURVE('',#9357,(#9361,#9368),.PCURVE_S1.);
#9357 = LINE('',#9358,#9359);
#9358 = CARTESIAN_POINT('',(-0.164479830149,0.112760084926,0.9));
#9359 = VECTOR('',#9360,1.);
#9360 = DIRECTION('',(0.,-1.,0.));
#9361 = PCURVE('',#9272,#9362);
#9362 = DEFINITIONAL_REPRESENTATION('',(#9363),#9367);
#9363 = LINE('',#9364,#9365);
#9364 = CARTESIAN_POINT('',(0.,0.));
#9365 = VECTOR('',#9366,1.);
#9366 = DIRECTION('',(1.,0.));
#9367 = ( GEOMETRIC_REPRESENTATION_CONTEXT(2) 
PARAMETRIC_REPRESENTATION_CONTEXT() REPRESENTATION_CONTEXT('2D SPACE',''
  ) );
#9368 = PCURVE('',#8685,#9369);
#9369 = DEFINITIONAL_REPRESENTATION('',(#9370),#9374);
#9370 = LINE('',#9371,#9372);
#9371 = CARTESIAN_POINT('',(9.466137100962E-02,-0.121545521005));
#9372 = VECTOR('',#9373,1.);
#9373 = DIRECTION('',(0.,-1.));
#9374 = ( GEOMETRIC_REPRESENTATION_CONTEXT(2) 
PARAMETRIC_REPRESENTATION_CONTEXT() REPRESENTATION_CONTEXT('2D SPACE',''
  ) );
#9375 = ADVANCED_FACE('',(#9376),#8603,.T.);
#9376 = FACE_BOUND('',#9377,.T.);
#9377 = EDGE_LOOP('',(#9378,#9379,#9400,#9401));
#9378 = ORIENTED_EDGE('',*,*,#9332,.T.);
#9379 = ORIENTED_EDGE('',*,*,#9380,.T.);
#9380 = EDGE_CURVE('',#9310,#8583,#9381,.T.);
#9381 = SURFACE_CURVE('',#9382,(#9386,#9393),.PCURVE_S1.);
#9382 = LINE('',#9383,#9384);
#9383 = CARTESIAN_POINT('',(-0.164479830149,1.900212314225E-02,0.903));
#9384 = VECTOR('',#9385,1.);
#9385 = DIRECTION('',(-1.,0.,0.));
#9386 = PCURVE('',#8603,#9387);
#9387 = DEFINITIONAL_REPRESENTATION('',(#9388),#9392);
#9388 = LINE('',#9389,#9390);
#9389 = CARTESIAN_POINT('',(0.,-3.E-03));
#9390 = VECTOR('',#9391,1.);
#9391 = DIRECTION('',(1.,0.));
#9392 = ( GEOMETRIC_REPRESENTATION_CONTEXT(2) 
PARAMETRIC_REPRESENTATION_CONTEXT() REPRESENTATION_CONTEXT('2D SPACE',''
  ) );
#9393 = PCURVE('',#8631,#9394);
#9394 = DEFINITIONAL_REPRESENTATION('',(#9395),#9399);
#9395 = LINE('',#9396,#9397);
#9396 = CARTESIAN_POINT('',(9.466137100962E-02,-0.215303482788));
#9397 = VECTOR('',#9398,1.);
#9398 = DIRECTION('',(-1.,0.));
#9399 = ( GEOMETRIC_REPRESENTATION_CONTEXT(2) 
PARAMETRIC_REPRESENTATION_CONTEXT() REPRESENTATION_CONTEXT('2D SPACE',''
  ) );
#9400 = ORIENTED_EDGE('',*,*,#8580,.F.);
#9401 = ORIENTED_EDGE('',*,*,#9402,.F.);
#9402 = EDGE_CURVE('',#9333,#8581,#9403,.T.);
#9403 = SURFACE_CURVE('',#9404,(#9408,#9415),.PCURVE_S1.);
#9404 = LINE('',#9405,#9406);
#9405 = CARTESIAN_POINT('',(-0.164479830149,1.900212314225E-02,0.9));
#9406 = VECTOR('',#9407,1.);
#9407 = DIRECTION('',(-1.,0.,0.));
#9408 = PCURVE('',#8603,#9409);
#9409 = DEFINITIONAL_REPRESENTATION('',(#9410),#9414);
#9410 = LINE('',#9411,#9412);
#9411 = CARTESIAN_POINT('',(0.,-0.));
#9412 = VECTOR('',#9413,1.);
#9413 = DIRECTION('',(1.,0.));
#9414 = ( GEOMETRIC_REPRESENTATION_CONTEXT(2) 
PARAMETRIC_REPRESENTATION_CONTEXT() REPRESENTATION_CONTEXT('2D SPACE',''
  ) );
#9415 = PCURVE('',#8685,#9416);
#9416 = DEFINITIONAL_REPRESENTATION('',(#9417),#9421);
#9417 = LINE('',#9418,#9419);
#9418 = CARTESIAN_POINT('',(9.466137100962E-02,-0.215303482788));
#9419 = VECTOR('',#9420,1.);
#9420 = DIRECTION('',(-1.,0.));
#9421 = ( GEOMETRIC_REPRESENTATION_CONTEXT(2) 
PARAMETRIC_REPRESENTATION_CONTEXT() REPRESENTATION_CONTEXT('2D SPACE',''
  ) );
#9422 = ADVANCED_FACE('',(#9423),#9437,.T.);
#9423 = FACE_BOUND('',#9424,.T.);
#9424 = EDGE_LOOP('',(#9425,#9460,#9483,#9511));
#9425 = ORIENTED_EDGE('',*,*,#9426,.T.);
#9426 = EDGE_CURVE('',#9427,#9429,#9431,.T.);
#9427 = VERTEX_POINT('',#9428);
#9428 = CARTESIAN_POINT('',(-0.25110403397,0.191571125265,0.9));
#9429 = VERTEX_POINT('',#9430);
#9430 = CARTESIAN_POINT('',(-0.25110403397,0.191571125265,0.903));
#9431 = SURFACE_CURVE('',#9432,(#9436,#9448),.PCURVE_S1.);
#9432 = LINE('',#9433,#9434);
#9433 = CARTESIAN_POINT('',(-0.25110403397,0.191571125265,0.9));
#9434 = VECTOR('',#9435,1.);
#9435 = DIRECTION('',(0.,0.,1.));
#9436 = PCURVE('',#9437,#9442);
#9437 = PLANE('',#9438);
#9438 = AXIS2_PLACEMENT_3D('',#9439,#9440,#9441);
#9439 = CARTESIAN_POINT('',(-0.25110403397,0.191571125265,0.9));
#9440 = DIRECTION('',(-1.,0.,0.));
#9441 = DIRECTION('',(0.,1.,0.));
#9442 = DEFINITIONAL_REPRESENTATION('',(#9443),#9447);
#9443 = LINE('',#9444,#9445);
#9444 = CARTESIAN_POINT('',(0.,0.));
#9445 = VECTOR('',#9446,1.);
#9446 = DIRECTION('',(0.,-1.));
#9447 = ( GEOMETRIC_REPRESENTATION_CONTEXT(2) 
PARAMETRIC_REPRESENTATION_CONTEXT() REPRESENTATION_CONTEXT('2D SPACE',''
  ) );
#9448 = PCURVE('',#9449,#9454);
#9449 = PLANE('',#9450);
#9450 = AXIS2_PLACEMENT_3D('',#9451,#9452,#9453);
#9451 = CARTESIAN_POINT('',(-0.358428874735,0.191571125265,0.9));
#9452 = DIRECTION('',(0.,1.,0.));
#9453 = DIRECTION('',(1.,0.,0.));
#9454 = DEFINITIONAL_REPRESENTATION('',(#9455),#9459);
#9455 = LINE('',#9456,#9457);
#9456 = CARTESIAN_POINT('',(0.107324840764,0.));
#9457 = VECTOR('',#9458,1.);
#9458 = DIRECTION('',(0.,-1.));
#9459 = ( GEOMETRIC_REPRESENTATION_CONTEXT(2) 
PARAMETRIC_REPRESENTATION_CONTEXT() REPRESENTATION_CONTEXT('2D SPACE',''
  ) );
#9460 = ORIENTED_EDGE('',*,*,#9461,.T.);
#9461 = EDGE_CURVE('',#9429,#9462,#9464,.T.);
#9462 = VERTEX_POINT('',#9463);
#9463 = CARTESIAN_POINT('',(-0.25110403397,0.348704883227,0.903));
#9464 = SURFACE_CURVE('',#9465,(#9469,#9476),.PCURVE_S1.);
#9465 = LINE('',#9466,#9467);
#9466 = CARTESIAN_POINT('',(-0.25110403397,0.191571125265,0.903));
#9467 = VECTOR('',#9468,1.);
#9468 = DIRECTION('',(0.,1.,0.));
#9469 = PCURVE('',#9437,#9470);
#9470 = DEFINITIONAL_REPRESENTATION('',(#9471),#9475);
#9471 = LINE('',#9472,#9473);
#9472 = CARTESIAN_POINT('',(0.,-3.E-03));
#9473 = VECTOR('',#9474,1.);
#9474 = DIRECTION('',(1.,0.));
#9475 = ( GEOMETRIC_REPRESENTATION_CONTEXT(2) 
PARAMETRIC_REPRESENTATION_CONTEXT() REPRESENTATION_CONTEXT('2D SPACE',''
  ) );
#9476 = PCURVE('',#8631,#9477);
#9477 = DEFINITIONAL_REPRESENTATION('',(#9478),#9482);
#9478 = LINE('',#9479,#9480);
#9479 = CARTESIAN_POINT('',(8.037167187969E-03,-4.273448066508E-02));
#9480 = VECTOR('',#9481,1.);
#9481 = DIRECTION('',(0.,1.));
#9482 = ( GEOMETRIC_REPRESENTATION_CONTEXT(2) 
PARAMETRIC_REPRESENTATION_CONTEXT() REPRESENTATION_CONTEXT('2D SPACE',''
  ) );
#9483 = ORIENTED_EDGE('',*,*,#9484,.F.);
#9484 = EDGE_CURVE('',#9485,#9462,#9487,.T.);
#9485 = VERTEX_POINT('',#9486);
#9486 = CARTESIAN_POINT('',(-0.25110403397,0.348704883227,0.9));
#9487 = SURFACE_CURVE('',#9488,(#9492,#9499),.PCURVE_S1.);
#9488 = LINE('',#9489,#9490);
#9489 = CARTESIAN_POINT('',(-0.25110403397,0.348704883227,0.9));
#9490 = VECTOR('',#9491,1.);
#9491 = DIRECTION('',(0.,0.,1.));
#9492 = PCURVE('',#9437,#9493);
#9493 = DEFINITIONAL_REPRESENTATION('',(#9494),#9498);
#9494 = LINE('',#9495,#9496);
#9495 = CARTESIAN_POINT('',(0.157133757962,0.));
#9496 = VECTOR('',#9497,1.);
#9497 = DIRECTION('',(0.,-1.));
#9498 = ( GEOMETRIC_REPRESENTATION_CONTEXT(2) 
PARAMETRIC_REPRESENTATION_CONTEXT() REPRESENTATION_CONTEXT('2D SPACE',''
  ) );
#9499 = PCURVE('',#9500,#9505);
#9500 = PLANE('',#9501);
#9501 = AXIS2_PLACEMENT_3D('',#9502,#9503,#9504);
#9502 = CARTESIAN_POINT('',(-0.25110403397,0.348704883227,0.9));
#9503 = DIRECTION('',(0.825766760995,-0.564011752037,0.));
#9504 = DIRECTION('',(-0.564011752037,-0.825766760995,0.));
#9505 = DEFINITIONAL_REPRESENTATION('',(#9506),#9510);
#9506 = LINE('',#9507,#9508);
#9507 = CARTESIAN_POINT('',(0.,0.));
#9508 = VECTOR('',#9509,1.);
#9509 = DIRECTION('',(0.,-1.));
#9510 = ( GEOMETRIC_REPRESENTATION_CONTEXT(2) 
PARAMETRIC_REPRESENTATION_CONTEXT() REPRESENTATION_CONTEXT('2D SPACE',''
  ) );
#9511 = ORIENTED_EDGE('',*,*,#9512,.F.);
#9512 = EDGE_CURVE('',#9427,#9485,#9513,.T.);
#9513 = SURFACE_CURVE('',#9514,(#9518,#9525),.PCURVE_S1.);
#9514 = LINE('',#9515,#9516);
#9515 = CARTESIAN_POINT('',(-0.25110403397,0.191571125265,0.9));
#9516 = VECTOR('',#9517,1.);
#9517 = DIRECTION('',(0.,1.,0.));
#9518 = PCURVE('',#9437,#9519);
#9519 = DEFINITIONAL_REPRESENTATION('',(#9520),#9524);
#9520 = LINE('',#9521,#9522);
#9521 = CARTESIAN_POINT('',(0.,0.));
#9522 = VECTOR('',#9523,1.);
#9523 = DIRECTION('',(1.,0.));
#9524 = ( GEOMETRIC_REPRESENTATION_CONTEXT(2) 
PARAMETRIC_REPRESENTATION_CONTEXT() REPRESENTATION_CONTEXT('2D SPACE',''
  ) );
#9525 = PCURVE('',#8685,#9526);
#9526 = DEFINITIONAL_REPRESENTATION('',(#9527),#9531);
#9527 = LINE('',#9528,#9529);
#9528 = CARTESIAN_POINT('',(8.037167187969E-03,-4.273448066508E-02));
#9529 = VECTOR('',#9530,1.);
#9530 = DIRECTION('',(0.,1.));
#9531 = ( GEOMETRIC_REPRESENTATION_CONTEXT(2) 
PARAMETRIC_REPRESENTATION_CONTEXT() REPRESENTATION_CONTEXT('2D SPACE',''
  ) );
#9532 = ADVANCED_FACE('',(#9533),#9500,.T.);
#9533 = FACE_BOUND('',#9534,.T.);
#9534 = EDGE_LOOP('',(#9535,#9536,#9559,#9582));
#9535 = ORIENTED_EDGE('',*,*,#9484,.T.);
#9536 = ORIENTED_EDGE('',*,*,#9537,.T.);
#9537 = EDGE_CURVE('',#9462,#9538,#9540,.T.);
#9538 = VERTEX_POINT('',#9539);
#9539 = CARTESIAN_POINT('',(-0.358428874735,0.191571125265,0.903));
#9540 = SURFACE_CURVE('',#9541,(#9545,#9552),.PCURVE_S1.);
#9541 = LINE('',#9542,#9543);
#9542 = CARTESIAN_POINT('',(-0.25110403397,0.348704883227,0.903));
#9543 = VECTOR('',#9544,1.);
#9544 = DIRECTION('',(-0.564011752037,-0.825766760995,0.));
#9545 = PCURVE('',#9500,#9546);
#9546 = DEFINITIONAL_REPRESENTATION('',(#9547),#9551);
#9547 = LINE('',#9548,#9549);
#9548 = CARTESIAN_POINT('',(0.,-3.E-03));
#9549 = VECTOR('',#9550,1.);
#9550 = DIRECTION('',(1.,0.));
#9551 = ( GEOMETRIC_REPRESENTATION_CONTEXT(2) 
PARAMETRIC_REPRESENTATION_CONTEXT() REPRESENTATION_CONTEXT('2D SPACE',''
  ) );
#9552 = PCURVE('',#8631,#9553);
#9553 = DEFINITIONAL_REPRESENTATION('',(#9554),#9558);
#9554 = LINE('',#9555,#9556);
#9555 = CARTESIAN_POINT('',(8.037167187969E-03,0.114399277297));
#9556 = VECTOR('',#9557,1.);
#9557 = DIRECTION('',(-0.564011752037,-0.825766760995));
#9558 = ( GEOMETRIC_REPRESENTATION_CONTEXT(2) 
PARAMETRIC_REPRESENTATION_CONTEXT() REPRESENTATION_CONTEXT('2D SPACE',''
  ) );
#9559 = ORIENTED_EDGE('',*,*,#9560,.F.);
#9560 = EDGE_CURVE('',#9561,#9538,#9563,.T.);
#9561 = VERTEX_POINT('',#9562);
#9562 = CARTESIAN_POINT('',(-0.358428874735,0.191571125265,0.9));
#9563 = SURFACE_CURVE('',#9564,(#9568,#9575),.PCURVE_S1.);
#9564 = LINE('',#9565,#9566);
#9565 = CARTESIAN_POINT('',(-0.358428874735,0.191571125265,0.9));
#9566 = VECTOR('',#9567,1.);
#9567 = DIRECTION('',(0.,0.,1.));
#9568 = PCURVE('',#9500,#9569);
#9569 = DEFINITIONAL_REPRESENTATION('',(#9570),#9574);
#9570 = LINE('',#9571,#9572);
#9571 = CARTESIAN_POINT('',(0.190288305832,0.));
#9572 = VECTOR('',#9573,1.);
#9573 = DIRECTION('',(0.,-1.));
#9574 = ( GEOMETRIC_REPRESENTATION_CONTEXT(2) 
PARAMETRIC_REPRESENTATION_CONTEXT() REPRESENTATION_CONTEXT('2D SPACE',''
  ) );
#9575 = PCURVE('',#9449,#9576);
#9576 = DEFINITIONAL_REPRESENTATION('',(#9577),#9581);
#9577 = LINE('',#9578,#9579);
#9578 = CARTESIAN_POINT('',(0.,0.));
#9579 = VECTOR('',#9580,1.);
#9580 = DIRECTION('',(0.,-1.));
#9581 = ( GEOMETRIC_REPRESENTATION_CONTEXT(2) 
PARAMETRIC_REPRESENTATION_CONTEXT() REPRESENTATION_CONTEXT('2D SPACE',''
  ) );
#9582 = ORIENTED_EDGE('',*,*,#9583,.F.);
#9583 = EDGE_CURVE('',#9485,#9561,#9584,.T.);
#9584 = SURFACE_CURVE('',#9585,(#9589,#9596),.PCURVE_S1.);
#9585 = LINE('',#9586,#9587);
#9586 = CARTESIAN_POINT('',(-0.25110403397,0.348704883227,0.9));
#9587 = VECTOR('',#9588,1.);
#9588 = DIRECTION('',(-0.564011752037,-0.825766760995,0.));
#9589 = PCURVE('',#9500,#9590);
#9590 = DEFINITIONAL_REPRESENTATION('',(#9591),#9595);
#9591 = LINE('',#9592,#9593);
#9592 = CARTESIAN_POINT('',(0.,0.));
#9593 = VECTOR('',#9594,1.);
#9594 = DIRECTION('',(1.,0.));
#9595 = ( GEOMETRIC_REPRESENTATION_CONTEXT(2) 
PARAMETRIC_REPRESENTATION_CONTEXT() REPRESENTATION_CONTEXT('2D SPACE',''
  ) );
#9596 = PCURVE('',#8685,#9597);
#9597 = DEFINITIONAL_REPRESENTATION('',(#9598),#9602);
#9598 = LINE('',#9599,#9600);
#9599 = CARTESIAN_POINT('',(8.037167187969E-03,0.114399277297));
#9600 = VECTOR('',#9601,1.);
#9601 = DIRECTION('',(-0.564011752037,-0.825766760995));
#9602 = ( GEOMETRIC_REPRESENTATION_CONTEXT(2) 
PARAMETRIC_REPRESENTATION_CONTEXT() REPRESENTATION_CONTEXT('2D SPACE',''
  ) );
#9603 = ADVANCED_FACE('',(#9604),#9449,.T.);
#9604 = FACE_BOUND('',#9605,.T.);
#9605 = EDGE_LOOP('',(#9606,#9607,#9628,#9629));
#9606 = ORIENTED_EDGE('',*,*,#9560,.T.);
#9607 = ORIENTED_EDGE('',*,*,#9608,.T.);
#9608 = EDGE_CURVE('',#9538,#9429,#9609,.T.);
#9609 = SURFACE_CURVE('',#9610,(#9614,#9621),.PCURVE_S1.);
#9610 = LINE('',#9611,#9612);
#9611 = CARTESIAN_POINT('',(-0.358428874735,0.191571125265,0.903));
#9612 = VECTOR('',#9613,1.);
#9613 = DIRECTION('',(1.,0.,0.));
#9614 = PCURVE('',#9449,#9615);
#9615 = DEFINITIONAL_REPRESENTATION('',(#9616),#9620);
#9616 = LINE('',#9617,#9618);
#9617 = CARTESIAN_POINT('',(0.,-3.E-03));
#9618 = VECTOR('',#9619,1.);
#9619 = DIRECTION('',(1.,0.));
#9620 = ( GEOMETRIC_REPRESENTATION_CONTEXT(2) 
PARAMETRIC_REPRESENTATION_CONTEXT() REPRESENTATION_CONTEXT('2D SPACE',''
  ) );
#9621 = PCURVE('',#8631,#9622);
#9622 = DEFINITIONAL_REPRESENTATION('',(#9623),#9627);
#9623 = LINE('',#9624,#9625);
#9624 = CARTESIAN_POINT('',(-9.928767357636E-02,-4.273448066508E-02));
#9625 = VECTOR('',#9626,1.);
#9626 = DIRECTION('',(1.,0.));
#9627 = ( GEOMETRIC_REPRESENTATION_CONTEXT(2) 
PARAMETRIC_REPRESENTATION_CONTEXT() REPRESENTATION_CONTEXT('2D SPACE',''
  ) );
#9628 = ORIENTED_EDGE('',*,*,#9426,.F.);
#9629 = ORIENTED_EDGE('',*,*,#9630,.F.);
#9630 = EDGE_CURVE('',#9561,#9427,#9631,.T.);
#9631 = SURFACE_CURVE('',#9632,(#9636,#9643),.PCURVE_S1.);
#9632 = LINE('',#9633,#9634);
#9633 = CARTESIAN_POINT('',(-0.358428874735,0.191571125265,0.9));
#9634 = VECTOR('',#9635,1.);
#9635 = DIRECTION('',(1.,0.,0.));
#9636 = PCURVE('',#9449,#9637);
#9637 = DEFINITIONAL_REPRESENTATION('',(#9638),#9642);
#9638 = LINE('',#9639,#9640);
#9639 = CARTESIAN_POINT('',(0.,0.));
#9640 = VECTOR('',#9641,1.);
#9641 = DIRECTION('',(1.,0.));
#9642 = ( GEOMETRIC_REPRESENTATION_CONTEXT(2) 
PARAMETRIC_REPRESENTATION_CONTEXT() REPRESENTATION_CONTEXT('2D SPACE',''
  ) );
#9643 = PCURVE('',#8685,#9644);
#9644 = DEFINITIONAL_REPRESENTATION('',(#9645),#9649);
#9645 = LINE('',#9646,#9647);
#9646 = CARTESIAN_POINT('',(-9.928767357636E-02,-4.273448066508E-02));
#9647 = VECTOR('',#9648,1.);
#9648 = DIRECTION('',(1.,0.));
#9649 = ( GEOMETRIC_REPRESENTATION_CONTEXT(2) 
PARAMETRIC_REPRESENTATION_CONTEXT() REPRESENTATION_CONTEXT('2D SPACE',''
  ) );
#9650 = ADVANCED_FACE('',(#9651,#9664),#8685,.F.);
#9651 = FACE_BOUND('',#9652,.T.);
#9652 = EDGE_LOOP('',(#9653,#9654,#9655,#9656,#9657,#9658,#9659,#9660,
    #9661,#9662,#9663));
#9653 = ORIENTED_EDGE('',*,*,#8671,.T.);
#9654 = ORIENTED_EDGE('',*,*,#8752,.T.);
#9655 = ORIENTED_EDGE('',*,*,#8828,.T.);
#9656 = ORIENTED_EDGE('',*,*,#8904,.T.);
#9657 = ORIENTED_EDGE('',*,*,#8980,.T.);
#9658 = ORIENTED_EDGE('',*,*,#9056,.T.);
#9659 = ORIENTED_EDGE('',*,*,#9132,.T.);
#9660 = ORIENTED_EDGE('',*,*,#9208,.T.);
#9661 = ORIENTED_EDGE('',*,*,#9284,.T.);
#9662 = ORIENTED_EDGE('',*,*,#9355,.T.);
#9663 = ORIENTED_EDGE('',*,*,#9402,.T.);
#9664 = FACE_BOUND('',#9665,.T.);
#9665 = EDGE_LOOP('',(#9666,#9667,#9668));
#9666 = ORIENTED_EDGE('',*,*,#9512,.T.);
#9667 = ORIENTED_EDGE('',*,*,#9583,.T.);
#9668 = ORIENTED_EDGE('',*,*,#9630,.T.);
#9669 = ADVANCED_FACE('',(#9670,#9683),#8631,.T.);
#9670 = FACE_BOUND('',#9671,.F.);
#9671 = EDGE_LOOP('',(#9672,#9673,#9674,#9675,#9676,#9677,#9678,#9679,
    #9680,#9681,#9682));
#9672 = ORIENTED_EDGE('',*,*,#8615,.T.);
#9673 = ORIENTED_EDGE('',*,*,#8701,.T.);
#9674 = ORIENTED_EDGE('',*,*,#8777,.T.);
#9675 = ORIENTED_EDGE('',*,*,#8853,.T.);
#9676 = ORIENTED_EDGE('',*,*,#8929,.T.);
#9677 = ORIENTED_EDGE('',*,*,#9005,.T.);
#9678 = ORIENTED_EDGE('',*,*,#9081,.T.);
#9679 = ORIENTED_EDGE('',*,*,#9157,.T.);
#9680 = ORIENTED_EDGE('',*,*,#9233,.T.);
#9681 = ORIENTED_EDGE('',*,*,#9309,.T.);
#9682 = ORIENTED_EDGE('',*,*,#9380,.T.);
#9683 = FACE_BOUND('',#9684,.F.);
#9684 = EDGE_LOOP('',(#9685,#9686,#9687));
#9685 = ORIENTED_EDGE('',*,*,#9461,.T.);
#9686 = ORIENTED_EDGE('',*,*,#9537,.T.);
#9687 = ORIENTED_EDGE('',*,*,#9608,.T.);
#9688 = MANIFOLD_SOLID_BREP('',#9689);
#9689 = CLOSED_SHELL('',(#9690,#9810,#9886,#9962,#10038,#10114,#10190,
    #10266,#10342,#10418,#10489,#10536,#10646,#10717,#10764,#10783));
#9690 = ADVANCED_FACE('',(#9691),#9705,.T.);
#9691 = FACE_BOUND('',#9692,.T.);
#9692 = EDGE_LOOP('',(#9693,#9728,#9756,#9784));
#9693 = ORIENTED_EDGE('',*,*,#9694,.T.);
#9694 = EDGE_CURVE('',#9695,#9697,#9699,.T.);
#9695 = VERTEX_POINT('',#9696);
#9696 = CARTESIAN_POINT('',(0.1116985138,1.900212314225E-02,0.9));
#9697 = VERTEX_POINT('',#9698);
#9698 = CARTESIAN_POINT('',(0.1116985138,1.900212314225E-02,0.903));
#9699 = SURFACE_CURVE('',#9700,(#9704,#9716),.PCURVE_S1.);
#9700 = LINE('',#9701,#9702);
#9701 = CARTESIAN_POINT('',(0.1116985138,1.900212314225E-02,0.9));
#9702 = VECTOR('',#9703,1.);
#9703 = DIRECTION('',(0.,0.,1.));
#9704 = PCURVE('',#9705,#9710);
#9705 = PLANE('',#9706);
#9706 = AXIS2_PLACEMENT_3D('',#9707,#9708,#9709);
#9707 = CARTESIAN_POINT('',(0.1116985138,1.900212314225E-02,0.9));
#9708 = DIRECTION('',(-1.,0.,0.));
#9709 = DIRECTION('',(0.,1.,0.));
#9710 = DEFINITIONAL_REPRESENTATION('',(#9711),#9715);
#9711 = LINE('',#9712,#9713);
#9712 = CARTESIAN_POINT('',(0.,0.));
#9713 = VECTOR('',#9714,1.);
#9714 = DIRECTION('',(0.,-1.));
#9715 = ( GEOMETRIC_REPRESENTATION_CONTEXT(2) 
PARAMETRIC_REPRESENTATION_CONTEXT() REPRESENTATION_CONTEXT('2D SPACE',''
  ) );
#9716 = PCURVE('',#9717,#9722);
#9717 = PLANE('',#9718);
#9718 = AXIS2_PLACEMENT_3D('',#9719,#9720,#9721);
#9719 = CARTESIAN_POINT('',(0.198322717622,1.900212314225E-02,0.9));
#9720 = DIRECTION('',(0.,-1.,0.));
#9721 = DIRECTION('',(-1.,0.,0.));
#9722 = DEFINITIONAL_REPRESENTATION('',(#9723),#9727);
#9723 = LINE('',#9724,#9725);
#9724 = CARTESIAN_POINT('',(8.662420382166E-02,0.));
#9725 = VECTOR('',#9726,1.);
#9726 = DIRECTION('',(0.,-1.));
#9727 = ( GEOMETRIC_REPRESENTATION_CONTEXT(2) 
PARAMETRIC_REPRESENTATION_CONTEXT() REPRESENTATION_CONTEXT('2D SPACE',''
  ) );
#9728 = ORIENTED_EDGE('',*,*,#9729,.T.);
#9729 = EDGE_CURVE('',#9697,#9730,#9732,.T.);
#9730 = VERTEX_POINT('',#9731);
#9731 = CARTESIAN_POINT('',(0.1116985138,0.112760084926,0.903));
#9732 = SURFACE_CURVE('',#9733,(#9737,#9744),.PCURVE_S1.);
#9733 = LINE('',#9734,#9735);
#9734 = CARTESIAN_POINT('',(0.1116985138,1.900212314225E-02,0.903));
#9735 = VECTOR('',#9736,1.);
#9736 = DIRECTION('',(0.,1.,0.));
#9737 = PCURVE('',#9705,#9738);
#9738 = DEFINITIONAL_REPRESENTATION('',(#9739),#9743);
#9739 = LINE('',#9740,#9741);
#9740 = CARTESIAN_POINT('',(0.,-3.E-03));
#9741 = VECTOR('',#9742,1.);
#9742 = DIRECTION('',(1.,0.));
#9743 = ( GEOMETRIC_REPRESENTATION_CONTEXT(2) 
PARAMETRIC_REPRESENTATION_CONTEXT() REPRESENTATION_CONTEXT('2D SPACE',''
  ) );
#9744 = PCURVE('',#9745,#9750);
#9745 = PLANE('',#9746);
#9746 = AXIS2_PLACEMENT_3D('',#9747,#9748,#9749);
#9747 = CARTESIAN_POINT('',(0.103661346612,0.23430560593,0.903));
#9748 = DIRECTION('',(0.,0.,1.));
#9749 = DIRECTION('',(1.,0.,-0.));
#9750 = DEFINITIONAL_REPRESENTATION('',(#9751),#9755);
#9751 = LINE('',#9752,#9753);
#9752 = CARTESIAN_POINT('',(8.037167187968E-03,-0.215303482788));
#9753 = VECTOR('',#9754,1.);
#9754 = DIRECTION('',(0.,1.));
#9755 = ( GEOMETRIC_REPRESENTATION_CONTEXT(2) 
PARAMETRIC_REPRESENTATION_CONTEXT() REPRESENTATION_CONTEXT('2D SPACE',''
  ) );
#9756 = ORIENTED_EDGE('',*,*,#9757,.F.);
#9757 = EDGE_CURVE('',#9758,#9730,#9760,.T.);
#9758 = VERTEX_POINT('',#9759);
#9759 = CARTESIAN_POINT('',(0.1116985138,0.112760084926,0.9));
#9760 = SURFACE_CURVE('',#9761,(#9765,#9772),.PCURVE_S1.);
#9761 = LINE('',#9762,#9763);
#9762 = CARTESIAN_POINT('',(0.1116985138,0.112760084926,0.9));
#9763 = VECTOR('',#9764,1.);
#9764 = DIRECTION('',(0.,0.,1.));
#9765 = PCURVE('',#9705,#9766);
#9766 = DEFINITIONAL_REPRESENTATION('',(#9767),#9771);
#9767 = LINE('',#9768,#9769);
#9768 = CARTESIAN_POINT('',(9.375796178344E-02,0.));
#9769 = VECTOR('',#9770,1.);
#9770 = DIRECTION('',(0.,-1.));
#9771 = ( GEOMETRIC_REPRESENTATION_CONTEXT(2) 
PARAMETRIC_REPRESENTATION_CONTEXT() REPRESENTATION_CONTEXT('2D SPACE',''
  ) );
#9772 = PCURVE('',#9773,#9778);
#9773 = PLANE('',#9774);
#9774 = AXIS2_PLACEMENT_3D('',#9775,#9776,#9777);
#9775 = CARTESIAN_POINT('',(0.1116985138,0.112760084926,0.9));
#9776 = DIRECTION('',(0.,-1.,0.));
#9777 = DIRECTION('',(-1.,0.,0.));
#9778 = DEFINITIONAL_REPRESENTATION('',(#9779),#9783);
#9779 = LINE('',#9780,#9781);
#9780 = CARTESIAN_POINT('',(0.,-0.));
#9781 = VECTOR('',#9782,1.);
#9782 = DIRECTION('',(0.,-1.));
#9783 = ( GEOMETRIC_REPRESENTATION_CONTEXT(2) 
PARAMETRIC_REPRESENTATION_CONTEXT() REPRESENTATION_CONTEXT('2D SPACE',''
  ) );
#9784 = ORIENTED_EDGE('',*,*,#9785,.F.);
#9785 = EDGE_CURVE('',#9695,#9758,#9786,.T.);
#9786 = SURFACE_CURVE('',#9787,(#9791,#9798),.PCURVE_S1.);
#9787 = LINE('',#9788,#9789);
#9788 = CARTESIAN_POINT('',(0.1116985138,1.900212314225E-02,0.9));
#9789 = VECTOR('',#9790,1.);
#9790 = DIRECTION('',(0.,1.,0.));
#9791 = PCURVE('',#9705,#9792);
#9792 = DEFINITIONAL_REPRESENTATION('',(#9793),#9797);
#9793 = LINE('',#9794,#9795);
#9794 = CARTESIAN_POINT('',(0.,0.));
#9795 = VECTOR('',#9796,1.);
#9796 = DIRECTION('',(1.,0.));
#9797 = ( GEOMETRIC_REPRESENTATION_CONTEXT(2) 
PARAMETRIC_REPRESENTATION_CONTEXT() REPRESENTATION_CONTEXT('2D SPACE',''
  ) );
#9798 = PCURVE('',#9799,#9804);
#9799 = PLANE('',#9800);
#9800 = AXIS2_PLACEMENT_3D('',#9801,#9802,#9803);
#9801 = CARTESIAN_POINT('',(0.103661346612,0.23430560593,0.9));
#9802 = DIRECTION('',(0.,0.,1.));
#9803 = DIRECTION('',(1.,0.,-0.));
#9804 = DEFINITIONAL_REPRESENTATION('',(#9805),#9809);
#9805 = LINE('',#9806,#9807);
#9806 = CARTESIAN_POINT('',(8.037167187968E-03,-0.215303482788));
#9807 = VECTOR('',#9808,1.);
#9808 = DIRECTION('',(0.,1.));
#9809 = ( GEOMETRIC_REPRESENTATION_CONTEXT(2) 
PARAMETRIC_REPRESENTATION_CONTEXT() REPRESENTATION_CONTEXT('2D SPACE',''
  ) );
#9810 = ADVANCED_FACE('',(#9811),#9773,.T.);
#9811 = FACE_BOUND('',#9812,.T.);
#9812 = EDGE_LOOP('',(#9813,#9814,#9837,#9865));
#9813 = ORIENTED_EDGE('',*,*,#9757,.T.);
#9814 = ORIENTED_EDGE('',*,*,#9815,.T.);
#9815 = EDGE_CURVE('',#9730,#9816,#9818,.T.);
#9816 = VERTEX_POINT('',#9817);
#9817 = CARTESIAN_POINT('',(-7.938428874735E-02,0.112760084926,0.903));
#9818 = SURFACE_CURVE('',#9819,(#9823,#9830),.PCURVE_S1.);
#9819 = LINE('',#9820,#9821);
#9820 = CARTESIAN_POINT('',(0.1116985138,0.112760084926,0.903));
#9821 = VECTOR('',#9822,1.);
#9822 = DIRECTION('',(-1.,0.,0.));
#9823 = PCURVE('',#9773,#9824);
#9824 = DEFINITIONAL_REPRESENTATION('',(#9825),#9829);
#9825 = LINE('',#9826,#9827);
#9826 = CARTESIAN_POINT('',(0.,-3.E-03));
#9827 = VECTOR('',#9828,1.);
#9828 = DIRECTION('',(1.,0.));
#9829 = ( GEOMETRIC_REPRESENTATION_CONTEXT(2) 
PARAMETRIC_REPRESENTATION_CONTEXT() REPRESENTATION_CONTEXT('2D SPACE',''
  ) );
#9830 = PCURVE('',#9745,#9831);
#9831 = DEFINITIONAL_REPRESENTATION('',(#9832),#9836);
#9832 = LINE('',#9833,#9834);
#9833 = CARTESIAN_POINT('',(8.037167187968E-03,-0.121545521005));
#9834 = VECTOR('',#9835,1.);
#9835 = DIRECTION('',(-1.,0.));
#9836 = ( GEOMETRIC_REPRESENTATION_CONTEXT(2) 
PARAMETRIC_REPRESENTATION_CONTEXT() REPRESENTATION_CONTEXT('2D SPACE',''
  ) );
#9837 = ORIENTED_EDGE('',*,*,#9838,.F.);
#9838 = EDGE_CURVE('',#9839,#9816,#9841,.T.);
#9839 = VERTEX_POINT('',#9840);
#9840 = CARTESIAN_POINT('',(-7.938428874735E-02,0.112760084926,0.9));
#9841 = SURFACE_CURVE('',#9842,(#9846,#9853),.PCURVE_S1.);
#9842 = LINE('',#9843,#9844);
#9843 = CARTESIAN_POINT('',(-7.938428874735E-02,0.112760084926,0.9));
#9844 = VECTOR('',#9845,1.);
#9845 = DIRECTION('',(0.,0.,1.));
#9846 = PCURVE('',#9773,#9847);
#9847 = DEFINITIONAL_REPRESENTATION('',(#9848),#9852);
#9848 = LINE('',#9849,#9850);
#9849 = CARTESIAN_POINT('',(0.191082802548,0.));
#9850 = VECTOR('',#9851,1.);
#9851 = DIRECTION('',(0.,-1.));
#9852 = ( GEOMETRIC_REPRESENTATION_CONTEXT(2) 
PARAMETRIC_REPRESENTATION_CONTEXT() REPRESENTATION_CONTEXT('2D SPACE',''
  ) );
#9853 = PCURVE('',#9854,#9859);
#9854 = PLANE('',#9855);
#9855 = AXIS2_PLACEMENT_3D('',#9856,#9857,#9858);
#9856 = CARTESIAN_POINT('',(-7.938428874735E-02,0.112760084926,0.9));
#9857 = DIRECTION('',(-1.,0.,0.));
#9858 = DIRECTION('',(0.,1.,0.));
#9859 = DEFINITIONAL_REPRESENTATION('',(#9860),#9864);
#9860 = LINE('',#9861,#9862);
#9861 = CARTESIAN_POINT('',(0.,0.));
#9862 = VECTOR('',#9863,1.);
#9863 = DIRECTION('',(0.,-1.));
#9864 = ( GEOMETRIC_REPRESENTATION_CONTEXT(2) 
PARAMETRIC_REPRESENTATION_CONTEXT() REPRESENTATION_CONTEXT('2D SPACE',''
  ) );
#9865 = ORIENTED_EDGE('',*,*,#9866,.F.);
#9866 = EDGE_CURVE('',#9758,#9839,#9867,.T.);
#9867 = SURFACE_CURVE('',#9868,(#9872,#9879),.PCURVE_S1.);
#9868 = LINE('',#9869,#9870);
#9869 = CARTESIAN_POINT('',(0.1116985138,0.112760084926,0.9));
#9870 = VECTOR('',#9871,1.);
#9871 = DIRECTION('',(-1.,0.,0.));
#9872 = PCURVE('',#9773,#9873);
#9873 = DEFINITIONAL_REPRESENTATION('',(#9874),#9878);
#9874 = LINE('',#9875,#9876);
#9875 = CARTESIAN_POINT('',(0.,-0.));
#9876 = VECTOR('',#9877,1.);
#9877 = DIRECTION('',(1.,0.));
#9878 = ( GEOMETRIC_REPRESENTATION_CONTEXT(2) 
PARAMETRIC_REPRESENTATION_CONTEXT() REPRESENTATION_CONTEXT('2D SPACE',''
  ) );
#9879 = PCURVE('',#9799,#9880);
#9880 = DEFINITIONAL_REPRESENTATION('',(#9881),#9885);
#9881 = LINE('',#9882,#9883);
#9882 = CARTESIAN_POINT('',(8.037167187968E-03,-0.121545521005));
#9883 = VECTOR('',#9884,1.);
#9884 = DIRECTION('',(-1.,0.));
#9885 = ( GEOMETRIC_REPRESENTATION_CONTEXT(2) 
PARAMETRIC_REPRESENTATION_CONTEXT() REPRESENTATION_CONTEXT('2D SPACE',''
  ) );
#9886 = ADVANCED_FACE('',(#9887),#9854,.T.);
#9887 = FACE_BOUND('',#9888,.T.);
#9888 = EDGE_LOOP('',(#9889,#9890,#9913,#9941));
#9889 = ORIENTED_EDGE('',*,*,#9838,.T.);
#9890 = ORIENTED_EDGE('',*,*,#9891,.T.);
#9891 = EDGE_CURVE('',#9816,#9892,#9894,.T.);
#9892 = VERTEX_POINT('',#9893);
#9893 = CARTESIAN_POINT('',(-7.938428874735E-02,0.191252653928,0.903));
#9894 = SURFACE_CURVE('',#9895,(#9899,#9906),.PCURVE_S1.);
#9895 = LINE('',#9896,#9897);
#9896 = CARTESIAN_POINT('',(-7.938428874735E-02,0.112760084926,0.903));
#9897 = VECTOR('',#9898,1.);
#9898 = DIRECTION('',(0.,1.,0.));
#9899 = PCURVE('',#9854,#9900);
#9900 = DEFINITIONAL_REPRESENTATION('',(#9901),#9905);
#9901 = LINE('',#9902,#9903);
#9902 = CARTESIAN_POINT('',(0.,-3.E-03));
#9903 = VECTOR('',#9904,1.);
#9904 = DIRECTION('',(1.,0.));
#9905 = ( GEOMETRIC_REPRESENTATION_CONTEXT(2) 
PARAMETRIC_REPRESENTATION_CONTEXT() REPRESENTATION_CONTEXT('2D SPACE',''
  ) );
#9906 = PCURVE('',#9745,#9907);
#9907 = DEFINITIONAL_REPRESENTATION('',(#9908),#9912);
#9908 = LINE('',#9909,#9910);
#9909 = CARTESIAN_POINT('',(-0.18304563536,-0.121545521005));
#9910 = VECTOR('',#9911,1.);
#9911 = DIRECTION('',(0.,1.));
#9912 = ( GEOMETRIC_REPRESENTATION_CONTEXT(2) 
PARAMETRIC_REPRESENTATION_CONTEXT() REPRESENTATION_CONTEXT('2D SPACE',''
  ) );
#9913 = ORIENTED_EDGE('',*,*,#9914,.F.);
#9914 = EDGE_CURVE('',#9915,#9892,#9917,.T.);
#9915 = VERTEX_POINT('',#9916);
#9916 = CARTESIAN_POINT('',(-7.938428874735E-02,0.191252653928,0.9));
#9917 = SURFACE_CURVE('',#9918,(#9922,#9929),.PCURVE_S1.);
#9918 = LINE('',#9919,#9920);
#9919 = CARTESIAN_POINT('',(-7.938428874735E-02,0.191252653928,0.9));
#9920 = VECTOR('',#9921,1.);
#9921 = DIRECTION('',(0.,0.,1.));
#9922 = PCURVE('',#9854,#9923);
#9923 = DEFINITIONAL_REPRESENTATION('',(#9924),#9928);
#9924 = LINE('',#9925,#9926);
#9925 = CARTESIAN_POINT('',(7.849256900212E-02,0.));
#9926 = VECTOR('',#9927,1.);
#9927 = DIRECTION('',(0.,-1.));
#9928 = ( GEOMETRIC_REPRESENTATION_CONTEXT(2) 
PARAMETRIC_REPRESENTATION_CONTEXT() REPRESENTATION_CONTEXT('2D SPACE',''
  ) );
#9929 = PCURVE('',#9930,#9935);
#9930 = PLANE('',#9931);
#9931 = AXIS2_PLACEMENT_3D('',#9932,#9933,#9934);
#9932 = CARTESIAN_POINT('',(-7.938428874735E-02,0.191252653928,0.9));
#9933 = DIRECTION('',(-0.825757999047,0.564024580147,0.));
#9934 = DIRECTION('',(0.564024580147,0.825757999047,0.));
#9935 = DEFINITIONAL_REPRESENTATION('',(#9936),#9940);
#9936 = LINE('',#9937,#9938);
#9937 = CARTESIAN_POINT('',(0.,0.));
#9938 = VECTOR('',#9939,1.);
#9939 = DIRECTION('',(0.,-1.));
#9940 = ( GEOMETRIC_REPRESENTATION_CONTEXT(2) 
PARAMETRIC_REPRESENTATION_CONTEXT() REPRESENTATION_CONTEXT('2D SPACE',''
  ) );
#9941 = ORIENTED_EDGE('',*,*,#9942,.F.);
#9942 = EDGE_CURVE('',#9839,#9915,#9943,.T.);
#9943 = SURFACE_CURVE('',#9944,(#9948,#9955),.PCURVE_S1.);
#9944 = LINE('',#9945,#9946);
#9945 = CARTESIAN_POINT('',(-7.938428874735E-02,0.112760084926,0.9));
#9946 = VECTOR('',#9947,1.);
#9947 = DIRECTION('',(0.,1.,0.));
#9948 = PCURVE('',#9854,#9949);
#9949 = DEFINITIONAL_REPRESENTATION('',(#9950),#9954);
#9950 = LINE('',#9951,#9952);
#9951 = CARTESIAN_POINT('',(0.,0.));
#9952 = VECTOR('',#9953,1.);
#9953 = DIRECTION('',(1.,0.));
#9954 = ( GEOMETRIC_REPRESENTATION_CONTEXT(2) 
PARAMETRIC_REPRESENTATION_CONTEXT() REPRESENTATION_CONTEXT('2D SPACE',''
  ) );
#9955 = PCURVE('',#9799,#9956);
#9956 = DEFINITIONAL_REPRESENTATION('',(#9957),#9961);
#9957 = LINE('',#9958,#9959);
#9958 = CARTESIAN_POINT('',(-0.18304563536,-0.121545521005));
#9959 = VECTOR('',#9960,1.);
#9960 = DIRECTION('',(0.,1.));
#9961 = ( GEOMETRIC_REPRESENTATION_CONTEXT(2) 
PARAMETRIC_REPRESENTATION_CONTEXT() REPRESENTATION_CONTEXT('2D SPACE',''
  ) );
#9962 = ADVANCED_FACE('',(#9963),#9930,.T.);
#9963 = FACE_BOUND('',#9964,.T.);
#9964 = EDGE_LOOP('',(#9965,#9966,#9989,#10017));
#9965 = ORIENTED_EDGE('',*,*,#9914,.T.);
#9966 = ORIENTED_EDGE('',*,*,#9967,.T.);
#9967 = EDGE_CURVE('',#9892,#9968,#9970,.T.);
#9968 = VERTEX_POINT('',#9969);
#9969 = CARTESIAN_POINT('',(0.123163481953,0.487791932059,0.903));
#9970 = SURFACE_CURVE('',#9971,(#9975,#9982),.PCURVE_S1.);
#9971 = LINE('',#9972,#9973);
#9972 = CARTESIAN_POINT('',(-7.938428874735E-02,0.191252653928,0.903));
#9973 = VECTOR('',#9974,1.);
#9974 = DIRECTION('',(0.564024580147,0.825757999047,0.));
#9975 = PCURVE('',#9930,#9976);
#9976 = DEFINITIONAL_REPRESENTATION('',(#9977),#9981);
#9977 = LINE('',#9978,#9979);
#9978 = CARTESIAN_POINT('',(0.,-3.E-03));
#9979 = VECTOR('',#9980,1.);
#9980 = DIRECTION('',(1.,0.));
#9981 = ( GEOMETRIC_REPRESENTATION_CONTEXT(2) 
PARAMETRIC_REPRESENTATION_CONTEXT() REPRESENTATION_CONTEXT('2D SPACE',''
  ) );
#9982 = PCURVE('',#9745,#9983);
#9983 = DEFINITIONAL_REPRESENTATION('',(#9984),#9988);
#9984 = LINE('',#9985,#9986);
#9985 = CARTESIAN_POINT('',(-0.18304563536,-4.305295200266E-02));
#9986 = VECTOR('',#9987,1.);
#9987 = DIRECTION('',(0.564024580147,0.825757999047));
#9988 = ( GEOMETRIC_REPRESENTATION_CONTEXT(2) 
PARAMETRIC_REPRESENTATION_CONTEXT() REPRESENTATION_CONTEXT('2D SPACE',''
  ) );
#9989 = ORIENTED_EDGE('',*,*,#9990,.F.);
#9990 = EDGE_CURVE('',#9991,#9968,#9993,.T.);
#9991 = VERTEX_POINT('',#9992);
#9992 = CARTESIAN_POINT('',(0.123163481953,0.487791932059,0.9));
#9993 = SURFACE_CURVE('',#9994,(#9998,#10005),.PCURVE_S1.);
#9994 = LINE('',#9995,#9996);
#9995 = CARTESIAN_POINT('',(0.123163481953,0.487791932059,0.9));
#9996 = VECTOR('',#9997,1.);
#9997 = DIRECTION('',(0.,0.,1.));
#9998 = PCURVE('',#9930,#9999);
#9999 = DEFINITIONAL_REPRESENTATION('',(#10000),#10004);
#10000 = LINE('',#10001,#10002);
#10001 = CARTESIAN_POINT('',(0.359111602278,0.));
#10002 = VECTOR('',#10003,1.);
#10003 = DIRECTION('',(0.,-1.));
#10004 = ( GEOMETRIC_REPRESENTATION_CONTEXT(2) 
PARAMETRIC_REPRESENTATION_CONTEXT() REPRESENTATION_CONTEXT('2D SPACE',''
  ) );
#10005 = PCURVE('',#10006,#10011);
#10006 = PLANE('',#10007);
#10007 = AXIS2_PLACEMENT_3D('',#10008,#10009,#10010);
#10008 = CARTESIAN_POINT('',(0.123163481953,0.487791932059,0.9));
#10009 = DIRECTION('',(0.,1.,0.));
#10010 = DIRECTION('',(1.,0.,0.));
#10011 = DEFINITIONAL_REPRESENTATION('',(#10012),#10016);
#10012 = LINE('',#10013,#10014);
#10013 = CARTESIAN_POINT('',(0.,0.));
#10014 = VECTOR('',#10015,1.);
#10015 = DIRECTION('',(0.,-1.));
#10016 = ( GEOMETRIC_REPRESENTATION_CONTEXT(2) 
PARAMETRIC_REPRESENTATION_CONTEXT() REPRESENTATION_CONTEXT('2D SPACE',''
  ) );
#10017 = ORIENTED_EDGE('',*,*,#10018,.F.);
#10018 = EDGE_CURVE('',#9915,#9991,#10019,.T.);
#10019 = SURFACE_CURVE('',#10020,(#10024,#10031),.PCURVE_S1.);
#10020 = LINE('',#10021,#10022);
#10021 = CARTESIAN_POINT('',(-7.938428874735E-02,0.191252653928,0.9));
#10022 = VECTOR('',#10023,1.);
#10023 = DIRECTION('',(0.564024580147,0.825757999047,0.));
#10024 = PCURVE('',#9930,#10025);
#10025 = DEFINITIONAL_REPRESENTATION('',(#10026),#10030);
#10026 = LINE('',#10027,#10028);
#10027 = CARTESIAN_POINT('',(0.,0.));
#10028 = VECTOR('',#10029,1.);
#10029 = DIRECTION('',(1.,0.));
#10030 = ( GEOMETRIC_REPRESENTATION_CONTEXT(2) 
PARAMETRIC_REPRESENTATION_CONTEXT() REPRESENTATION_CONTEXT('2D SPACE',''
  ) );
#10031 = PCURVE('',#9799,#10032);
#10032 = DEFINITIONAL_REPRESENTATION('',(#10033),#10037);
#10033 = LINE('',#10034,#10035);
#10034 = CARTESIAN_POINT('',(-0.18304563536,-4.305295200266E-02));
#10035 = VECTOR('',#10036,1.);
#10036 = DIRECTION('',(0.564024580147,0.825757999047));
#10037 = ( GEOMETRIC_REPRESENTATION_CONTEXT(2) 
PARAMETRIC_REPRESENTATION_CONTEXT() REPRESENTATION_CONTEXT('2D SPACE',''
  ) );
#10038 = ADVANCED_FACE('',(#10039),#10006,.T.);
#10039 = FACE_BOUND('',#10040,.T.);
#10040 = EDGE_LOOP('',(#10041,#10042,#10065,#10093));
#10041 = ORIENTED_EDGE('',*,*,#9990,.T.);
#10042 = ORIENTED_EDGE('',*,*,#10043,.T.);
#10043 = EDGE_CURVE('',#9968,#10044,#10046,.T.);
#10044 = VERTEX_POINT('',#10045);
#10045 = CARTESIAN_POINT('',(0.198322717622,0.487791932059,0.903));
#10046 = SURFACE_CURVE('',#10047,(#10051,#10058),.PCURVE_S1.);
#10047 = LINE('',#10048,#10049);
#10048 = CARTESIAN_POINT('',(0.123163481953,0.487791932059,0.903));
#10049 = VECTOR('',#10050,1.);
#10050 = DIRECTION('',(1.,0.,0.));
#10051 = PCURVE('',#10006,#10052);
#10052 = DEFINITIONAL_REPRESENTATION('',(#10053),#10057);
#10053 = LINE('',#10054,#10055);
#10054 = CARTESIAN_POINT('',(0.,-3.E-03));
#10055 = VECTOR('',#10056,1.);
#10056 = DIRECTION('',(1.,0.));
#10057 = ( GEOMETRIC_REPRESENTATION_CONTEXT(2) 
PARAMETRIC_REPRESENTATION_CONTEXT() REPRESENTATION_CONTEXT('2D SPACE',''
  ) );
#10058 = PCURVE('',#9745,#10059);
#10059 = DEFINITIONAL_REPRESENTATION('',(#10060),#10064);
#10060 = LINE('',#10061,#10062);
#10061 = CARTESIAN_POINT('',(1.950213534083E-02,0.253486326129));
#10062 = VECTOR('',#10063,1.);
#10063 = DIRECTION('',(1.,0.));
#10064 = ( GEOMETRIC_REPRESENTATION_CONTEXT(2) 
PARAMETRIC_REPRESENTATION_CONTEXT() REPRESENTATION_CONTEXT('2D SPACE',''
  ) );
#10065 = ORIENTED_EDGE('',*,*,#10066,.F.);
#10066 = EDGE_CURVE('',#10067,#10044,#10069,.T.);
#10067 = VERTEX_POINT('',#10068);
#10068 = CARTESIAN_POINT('',(0.198322717622,0.487791932059,0.9));
#10069 = SURFACE_CURVE('',#10070,(#10074,#10081),.PCURVE_S1.);
#10070 = LINE('',#10071,#10072);
#10071 = CARTESIAN_POINT('',(0.198322717622,0.487791932059,0.9));
#10072 = VECTOR('',#10073,1.);
#10073 = DIRECTION('',(0.,0.,1.));
#10074 = PCURVE('',#10006,#10075);
#10075 = DEFINITIONAL_REPRESENTATION('',(#10076),#10080);
#10076 = LINE('',#10077,#10078);
#10077 = CARTESIAN_POINT('',(7.515923566879E-02,0.));
#10078 = VECTOR('',#10079,1.);
#10079 = DIRECTION('',(0.,-1.));
#10080 = ( GEOMETRIC_REPRESENTATION_CONTEXT(2) 
PARAMETRIC_REPRESENTATION_CONTEXT() REPRESENTATION_CONTEXT('2D SPACE',''
  ) );
#10081 = PCURVE('',#10082,#10087);
#10082 = PLANE('',#10083);
#10083 = AXIS2_PLACEMENT_3D('',#10084,#10085,#10086);
#10084 = CARTESIAN_POINT('',(0.198322717622,0.487791932059,0.9));
#10085 = DIRECTION('',(1.,0.,-0.));
#10086 = DIRECTION('',(0.,-1.,0.));
#10087 = DEFINITIONAL_REPRESENTATION('',(#10088),#10092);
#10088 = LINE('',#10089,#10090);
#10089 = CARTESIAN_POINT('',(0.,0.));
#10090 = VECTOR('',#10091,1.);
#10091 = DIRECTION('',(0.,-1.));
#10092 = ( GEOMETRIC_REPRESENTATION_CONTEXT(2) 
PARAMETRIC_REPRESENTATION_CONTEXT() REPRESENTATION_CONTEXT('2D SPACE',''
  ) );
#10093 = ORIENTED_EDGE('',*,*,#10094,.F.);
#10094 = EDGE_CURVE('',#9991,#10067,#10095,.T.);
#10095 = SURFACE_CURVE('',#10096,(#10100,#10107),.PCURVE_S1.);
#10096 = LINE('',#10097,#10098);
#10097 = CARTESIAN_POINT('',(0.123163481953,0.487791932059,0.9));
#10098 = VECTOR('',#10099,1.);
#10099 = DIRECTION('',(1.,0.,0.));
#10100 = PCURVE('',#10006,#10101);
#10101 = DEFINITIONAL_REPRESENTATION('',(#10102),#10106);
#10102 = LINE('',#10103,#10104);
#10103 = CARTESIAN_POINT('',(0.,0.));
#10104 = VECTOR('',#10105,1.);
#10105 = DIRECTION('',(1.,0.));
#10106 = ( GEOMETRIC_REPRESENTATION_CONTEXT(2) 
PARAMETRIC_REPRESENTATION_CONTEXT() REPRESENTATION_CONTEXT('2D SPACE',''
  ) );
#10107 = PCURVE('',#9799,#10108);
#10108 = DEFINITIONAL_REPRESENTATION('',(#10109),#10113);
#10109 = LINE('',#10110,#10111);
#10110 = CARTESIAN_POINT('',(1.950213534083E-02,0.253486326129));
#10111 = VECTOR('',#10112,1.);
#10112 = DIRECTION('',(1.,0.));
#10113 = ( GEOMETRIC_REPRESENTATION_CONTEXT(2) 
PARAMETRIC_REPRESENTATION_CONTEXT() REPRESENTATION_CONTEXT('2D SPACE',''
  ) );
#10114 = ADVANCED_FACE('',(#10115),#10082,.T.);
#10115 = FACE_BOUND('',#10116,.T.);
#10116 = EDGE_LOOP('',(#10117,#10118,#10141,#10169));
#10117 = ORIENTED_EDGE('',*,*,#10066,.T.);
#10118 = ORIENTED_EDGE('',*,*,#10119,.T.);
#10119 = EDGE_CURVE('',#10044,#10120,#10122,.T.);
#10120 = VERTEX_POINT('',#10121);
#10121 = CARTESIAN_POINT('',(0.198322717622,0.191571125265,0.903));
#10122 = SURFACE_CURVE('',#10123,(#10127,#10134),.PCURVE_S1.);
#10123 = LINE('',#10124,#10125);
#10124 = CARTESIAN_POINT('',(0.198322717622,0.487791932059,0.903));
#10125 = VECTOR('',#10126,1.);
#10126 = DIRECTION('',(0.,-1.,0.));
#10127 = PCURVE('',#10082,#10128);
#10128 = DEFINITIONAL_REPRESENTATION('',(#10129),#10133);
#10129 = LINE('',#10130,#10131);
#10130 = CARTESIAN_POINT('',(0.,-3.E-03));
#10131 = VECTOR('',#10132,1.);
#10132 = DIRECTION('',(1.,0.));
#10133 = ( GEOMETRIC_REPRESENTATION_CONTEXT(2) 
PARAMETRIC_REPRESENTATION_CONTEXT() REPRESENTATION_CONTEXT('2D SPACE',''
  ) );
#10134 = PCURVE('',#9745,#10135);
#10135 = DEFINITIONAL_REPRESENTATION('',(#10136),#10140);
#10136 = LINE('',#10137,#10138);
#10137 = CARTESIAN_POINT('',(9.466137100962E-02,0.253486326129));
#10138 = VECTOR('',#10139,1.);
#10139 = DIRECTION('',(0.,-1.));
#10140 = ( GEOMETRIC_REPRESENTATION_CONTEXT(2) 
PARAMETRIC_REPRESENTATION_CONTEXT() REPRESENTATION_CONTEXT('2D SPACE',''
  ) );
#10141 = ORIENTED_EDGE('',*,*,#10142,.F.);
#10142 = EDGE_CURVE('',#10143,#10120,#10145,.T.);
#10143 = VERTEX_POINT('',#10144);
#10144 = CARTESIAN_POINT('',(0.198322717622,0.191571125265,0.9));
#10145 = SURFACE_CURVE('',#10146,(#10150,#10157),.PCURVE_S1.);
#10146 = LINE('',#10147,#10148);
#10147 = CARTESIAN_POINT('',(0.198322717622,0.191571125265,0.9));
#10148 = VECTOR('',#10149,1.);
#10149 = DIRECTION('',(0.,0.,1.));
#10150 = PCURVE('',#10082,#10151);
#10151 = DEFINITIONAL_REPRESENTATION('',(#10152),#10156);
#10152 = LINE('',#10153,#10154);
#10153 = CARTESIAN_POINT('',(0.296220806794,0.));
#10154 = VECTOR('',#10155,1.);
#10155 = DIRECTION('',(0.,-1.));
#10156 = ( GEOMETRIC_REPRESENTATION_CONTEXT(2) 
PARAMETRIC_REPRESENTATION_CONTEXT() REPRESENTATION_CONTEXT('2D SPACE',''
  ) );
#10157 = PCURVE('',#10158,#10163);
#10158 = PLANE('',#10159);
#10159 = AXIS2_PLACEMENT_3D('',#10160,#10161,#10162);
#10160 = CARTESIAN_POINT('',(0.198322717622,0.191571125265,0.9));
#10161 = DIRECTION('',(0.,1.,0.));
#10162 = DIRECTION('',(1.,0.,0.));
#10163 = DEFINITIONAL_REPRESENTATION('',(#10164),#10168);
#10164 = LINE('',#10165,#10166);
#10165 = CARTESIAN_POINT('',(0.,0.));
#10166 = VECTOR('',#10167,1.);
#10167 = DIRECTION('',(0.,-1.));
#10168 = ( GEOMETRIC_REPRESENTATION_CONTEXT(2) 
PARAMETRIC_REPRESENTATION_CONTEXT() REPRESENTATION_CONTEXT('2D SPACE',''
  ) );
#10169 = ORIENTED_EDGE('',*,*,#10170,.F.);
#10170 = EDGE_CURVE('',#10067,#10143,#10171,.T.);
#10171 = SURFACE_CURVE('',#10172,(#10176,#10183),.PCURVE_S1.);
#10172 = LINE('',#10173,#10174);
#10173 = CARTESIAN_POINT('',(0.198322717622,0.487791932059,0.9));
#10174 = VECTOR('',#10175,1.);
#10175 = DIRECTION('',(0.,-1.,0.));
#10176 = PCURVE('',#10082,#10177);
#10177 = DEFINITIONAL_REPRESENTATION('',(#10178),#10182);
#10178 = LINE('',#10179,#10180);
#10179 = CARTESIAN_POINT('',(0.,0.));
#10180 = VECTOR('',#10181,1.);
#10181 = DIRECTION('',(1.,0.));
#10182 = ( GEOMETRIC_REPRESENTATION_CONTEXT(2) 
PARAMETRIC_REPRESENTATION_CONTEXT() REPRESENTATION_CONTEXT('2D SPACE',''
  ) );
#10183 = PCURVE('',#9799,#10184);
#10184 = DEFINITIONAL_REPRESENTATION('',(#10185),#10189);
#10185 = LINE('',#10186,#10187);
#10186 = CARTESIAN_POINT('',(9.466137100962E-02,0.253486326129));
#10187 = VECTOR('',#10188,1.);
#10188 = DIRECTION('',(0.,-1.));
#10189 = ( GEOMETRIC_REPRESENTATION_CONTEXT(2) 
PARAMETRIC_REPRESENTATION_CONTEXT() REPRESENTATION_CONTEXT('2D SPACE',''
  ) );
#10190 = ADVANCED_FACE('',(#10191),#10158,.T.);
#10191 = FACE_BOUND('',#10192,.T.);
#10192 = EDGE_LOOP('',(#10193,#10194,#10217,#10245));
#10193 = ORIENTED_EDGE('',*,*,#10142,.T.);
#10194 = ORIENTED_EDGE('',*,*,#10195,.T.);
#10195 = EDGE_CURVE('',#10120,#10196,#10198,.T.);
#10196 = VERTEX_POINT('',#10197);
#10197 = CARTESIAN_POINT('',(0.256284501062,0.191571125265,0.903));
#10198 = SURFACE_CURVE('',#10199,(#10203,#10210),.PCURVE_S1.);
#10199 = LINE('',#10200,#10201);
#10200 = CARTESIAN_POINT('',(0.198322717622,0.191571125265,0.903));
#10201 = VECTOR('',#10202,1.);
#10202 = DIRECTION('',(1.,0.,0.));
#10203 = PCURVE('',#10158,#10204);
#10204 = DEFINITIONAL_REPRESENTATION('',(#10205),#10209);
#10205 = LINE('',#10206,#10207);
#10206 = CARTESIAN_POINT('',(0.,-3.E-03));
#10207 = VECTOR('',#10208,1.);
#10208 = DIRECTION('',(1.,0.));
#10209 = ( GEOMETRIC_REPRESENTATION_CONTEXT(2) 
PARAMETRIC_REPRESENTATION_CONTEXT() REPRESENTATION_CONTEXT('2D SPACE',''
  ) );
#10210 = PCURVE('',#9745,#10211);
#10211 = DEFINITIONAL_REPRESENTATION('',(#10212),#10216);
#10212 = LINE('',#10213,#10214);
#10213 = CARTESIAN_POINT('',(9.466137100962E-02,-4.273448066508E-02));
#10214 = VECTOR('',#10215,1.);
#10215 = DIRECTION('',(1.,0.));
#10216 = ( GEOMETRIC_REPRESENTATION_CONTEXT(2) 
PARAMETRIC_REPRESENTATION_CONTEXT() REPRESENTATION_CONTEXT('2D SPACE',''
  ) );
#10217 = ORIENTED_EDGE('',*,*,#10218,.F.);
#10218 = EDGE_CURVE('',#10219,#10196,#10221,.T.);
#10219 = VERTEX_POINT('',#10220);
#10220 = CARTESIAN_POINT('',(0.256284501062,0.191571125265,0.9));
#10221 = SURFACE_CURVE('',#10222,(#10226,#10233),.PCURVE_S1.);
#10222 = LINE('',#10223,#10224);
#10223 = CARTESIAN_POINT('',(0.256284501062,0.191571125265,0.9));
#10224 = VECTOR('',#10225,1.);
#10225 = DIRECTION('',(0.,0.,1.));
#10226 = PCURVE('',#10158,#10227);
#10227 = DEFINITIONAL_REPRESENTATION('',(#10228),#10232);
#10228 = LINE('',#10229,#10230);
#10229 = CARTESIAN_POINT('',(5.796178343949E-02,0.));
#10230 = VECTOR('',#10231,1.);
#10231 = DIRECTION('',(0.,-1.));
#10232 = ( GEOMETRIC_REPRESENTATION_CONTEXT(2) 
PARAMETRIC_REPRESENTATION_CONTEXT() REPRESENTATION_CONTEXT('2D SPACE',''
  ) );
#10233 = PCURVE('',#10234,#10239);
#10234 = PLANE('',#10235);
#10235 = AXIS2_PLACEMENT_3D('',#10236,#10237,#10238);
#10236 = CARTESIAN_POINT('',(0.256284501062,0.191571125265,0.9));
#10237 = DIRECTION('',(1.,0.,-0.));
#10238 = DIRECTION('',(0.,-1.,0.));
#10239 = DEFINITIONAL_REPRESENTATION('',(#10240),#10244);
#10240 = LINE('',#10241,#10242);
#10241 = CARTESIAN_POINT('',(0.,0.));
#10242 = VECTOR('',#10243,1.);
#10243 = DIRECTION('',(0.,-1.));
#10244 = ( GEOMETRIC_REPRESENTATION_CONTEXT(2) 
PARAMETRIC_REPRESENTATION_CONTEXT() REPRESENTATION_CONTEXT('2D SPACE',''
  ) );
#10245 = ORIENTED_EDGE('',*,*,#10246,.F.);
#10246 = EDGE_CURVE('',#10143,#10219,#10247,.T.);
#10247 = SURFACE_CURVE('',#10248,(#10252,#10259),.PCURVE_S1.);
#10248 = LINE('',#10249,#10250);
#10249 = CARTESIAN_POINT('',(0.198322717622,0.191571125265,0.9));
#10250 = VECTOR('',#10251,1.);
#10251 = DIRECTION('',(1.,0.,0.));
#10252 = PCURVE('',#10158,#10253);
#10253 = DEFINITIONAL_REPRESENTATION('',(#10254),#10258);
#10254 = LINE('',#10255,#10256);
#10255 = CARTESIAN_POINT('',(0.,0.));
#10256 = VECTOR('',#10257,1.);
#10257 = DIRECTION('',(1.,0.));
#10258 = ( GEOMETRIC_REPRESENTATION_CONTEXT(2) 
PARAMETRIC_REPRESENTATION_CONTEXT() REPRESENTATION_CONTEXT('2D SPACE',''
  ) );
#10259 = PCURVE('',#9799,#10260);
#10260 = DEFINITIONAL_REPRESENTATION('',(#10261),#10265);
#10261 = LINE('',#10262,#10263);
#10262 = CARTESIAN_POINT('',(9.466137100962E-02,-4.273448066508E-02));
#10263 = VECTOR('',#10264,1.);
#10264 = DIRECTION('',(1.,0.));
#10265 = ( GEOMETRIC_REPRESENTATION_CONTEXT(2) 
PARAMETRIC_REPRESENTATION_CONTEXT() REPRESENTATION_CONTEXT('2D SPACE',''
  ) );
#10266 = ADVANCED_FACE('',(#10267),#10234,.T.);
#10267 = FACE_BOUND('',#10268,.T.);
#10268 = EDGE_LOOP('',(#10269,#10270,#10293,#10321));
#10269 = ORIENTED_EDGE('',*,*,#10218,.T.);
#10270 = ORIENTED_EDGE('',*,*,#10271,.T.);
#10271 = EDGE_CURVE('',#10196,#10272,#10274,.T.);
#10272 = VERTEX_POINT('',#10273);
#10273 = CARTESIAN_POINT('',(0.256284501062,0.112760084926,0.903));
#10274 = SURFACE_CURVE('',#10275,(#10279,#10286),.PCURVE_S1.);
#10275 = LINE('',#10276,#10277);
#10276 = CARTESIAN_POINT('',(0.256284501062,0.191571125265,0.903));
#10277 = VECTOR('',#10278,1.);
#10278 = DIRECTION('',(0.,-1.,0.));
#10279 = PCURVE('',#10234,#10280);
#10280 = DEFINITIONAL_REPRESENTATION('',(#10281),#10285);
#10281 = LINE('',#10282,#10283);
#10282 = CARTESIAN_POINT('',(0.,-3.E-03));
#10283 = VECTOR('',#10284,1.);
#10284 = DIRECTION('',(1.,0.));
#10285 = ( GEOMETRIC_REPRESENTATION_CONTEXT(2) 
PARAMETRIC_REPRESENTATION_CONTEXT() REPRESENTATION_CONTEXT('2D SPACE',''
  ) );
#10286 = PCURVE('',#9745,#10287);
#10287 = DEFINITIONAL_REPRESENTATION('',(#10288),#10292);
#10288 = LINE('',#10289,#10290);
#10289 = CARTESIAN_POINT('',(0.152623154449,-4.273448066508E-02));
#10290 = VECTOR('',#10291,1.);
#10291 = DIRECTION('',(0.,-1.));
#10292 = ( GEOMETRIC_REPRESENTATION_CONTEXT(2) 
PARAMETRIC_REPRESENTATION_CONTEXT() REPRESENTATION_CONTEXT('2D SPACE',''
  ) );
#10293 = ORIENTED_EDGE('',*,*,#10294,.F.);
#10294 = EDGE_CURVE('',#10295,#10272,#10297,.T.);
#10295 = VERTEX_POINT('',#10296);
#10296 = CARTESIAN_POINT('',(0.256284501062,0.112760084926,0.9));
#10297 = SURFACE_CURVE('',#10298,(#10302,#10309),.PCURVE_S1.);
#10298 = LINE('',#10299,#10300);
#10299 = CARTESIAN_POINT('',(0.256284501062,0.112760084926,0.9));
#10300 = VECTOR('',#10301,1.);
#10301 = DIRECTION('',(0.,0.,1.));
#10302 = PCURVE('',#10234,#10303);
#10303 = DEFINITIONAL_REPRESENTATION('',(#10304),#10308);
#10304 = LINE('',#10305,#10306);
#10305 = CARTESIAN_POINT('',(7.88110403397E-02,0.));
#10306 = VECTOR('',#10307,1.);
#10307 = DIRECTION('',(0.,-1.));
#10308 = ( GEOMETRIC_REPRESENTATION_CONTEXT(2) 
PARAMETRIC_REPRESENTATION_CONTEXT() REPRESENTATION_CONTEXT('2D SPACE',''
  ) );
#10309 = PCURVE('',#10310,#10315);
#10310 = PLANE('',#10311);
#10311 = AXIS2_PLACEMENT_3D('',#10312,#10313,#10314);
#10312 = CARTESIAN_POINT('',(0.256284501062,0.112760084926,0.9));
#10313 = DIRECTION('',(0.,-1.,0.));
#10314 = DIRECTION('',(-1.,0.,0.));
#10315 = DEFINITIONAL_REPRESENTATION('',(#10316),#10320);
#10316 = LINE('',#10317,#10318);
#10317 = CARTESIAN_POINT('',(0.,-0.));
#10318 = VECTOR('',#10319,1.);
#10319 = DIRECTION('',(0.,-1.));
#10320 = ( GEOMETRIC_REPRESENTATION_CONTEXT(2) 
PARAMETRIC_REPRESENTATION_CONTEXT() REPRESENTATION_CONTEXT('2D SPACE',''
  ) );
#10321 = ORIENTED_EDGE('',*,*,#10322,.F.);
#10322 = EDGE_CURVE('',#10219,#10295,#10323,.T.);
#10323 = SURFACE_CURVE('',#10324,(#10328,#10335),.PCURVE_S1.);
#10324 = LINE('',#10325,#10326);
#10325 = CARTESIAN_POINT('',(0.256284501062,0.191571125265,0.9));
#10326 = VECTOR('',#10327,1.);
#10327 = DIRECTION('',(0.,-1.,0.));
#10328 = PCURVE('',#10234,#10329);
#10329 = DEFINITIONAL_REPRESENTATION('',(#10330),#10334);
#10330 = LINE('',#10331,#10332);
#10331 = CARTESIAN_POINT('',(0.,0.));
#10332 = VECTOR('',#10333,1.);
#10333 = DIRECTION('',(1.,0.));
#10334 = ( GEOMETRIC_REPRESENTATION_CONTEXT(2) 
PARAMETRIC_REPRESENTATION_CONTEXT() REPRESENTATION_CONTEXT('2D SPACE',''
  ) );
#10335 = PCURVE('',#9799,#10336);
#10336 = DEFINITIONAL_REPRESENTATION('',(#10337),#10341);
#10337 = LINE('',#10338,#10339);
#10338 = CARTESIAN_POINT('',(0.152623154449,-4.273448066508E-02));
#10339 = VECTOR('',#10340,1.);
#10340 = DIRECTION('',(0.,-1.));
#10341 = ( GEOMETRIC_REPRESENTATION_CONTEXT(2) 
PARAMETRIC_REPRESENTATION_CONTEXT() REPRESENTATION_CONTEXT('2D SPACE',''
  ) );
#10342 = ADVANCED_FACE('',(#10343),#10310,.T.);
#10343 = FACE_BOUND('',#10344,.T.);
#10344 = EDGE_LOOP('',(#10345,#10346,#10369,#10397));
#10345 = ORIENTED_EDGE('',*,*,#10294,.T.);
#10346 = ORIENTED_EDGE('',*,*,#10347,.T.);
#10347 = EDGE_CURVE('',#10272,#10348,#10350,.T.);
#10348 = VERTEX_POINT('',#10349);
#10349 = CARTESIAN_POINT('',(0.198322717622,0.112760084926,0.903));
#10350 = SURFACE_CURVE('',#10351,(#10355,#10362),.PCURVE_S1.);
#10351 = LINE('',#10352,#10353);
#10352 = CARTESIAN_POINT('',(0.256284501062,0.112760084926,0.903));
#10353 = VECTOR('',#10354,1.);
#10354 = DIRECTION('',(-1.,0.,0.));
#10355 = PCURVE('',#10310,#10356);
#10356 = DEFINITIONAL_REPRESENTATION('',(#10357),#10361);
#10357 = LINE('',#10358,#10359);
#10358 = CARTESIAN_POINT('',(0.,-3.E-03));
#10359 = VECTOR('',#10360,1.);
#10360 = DIRECTION('',(1.,0.));
#10361 = ( GEOMETRIC_REPRESENTATION_CONTEXT(2) 
PARAMETRIC_REPRESENTATION_CONTEXT() REPRESENTATION_CONTEXT('2D SPACE',''
  ) );
#10362 = PCURVE('',#9745,#10363);
#10363 = DEFINITIONAL_REPRESENTATION('',(#10364),#10368);
#10364 = LINE('',#10365,#10366);
#10365 = CARTESIAN_POINT('',(0.152623154449,-0.121545521005));
#10366 = VECTOR('',#10367,1.);
#10367 = DIRECTION('',(-1.,0.));
#10368 = ( GEOMETRIC_REPRESENTATION_CONTEXT(2) 
PARAMETRIC_REPRESENTATION_CONTEXT() REPRESENTATION_CONTEXT('2D SPACE',''
  ) );
#10369 = ORIENTED_EDGE('',*,*,#10370,.F.);
#10370 = EDGE_CURVE('',#10371,#10348,#10373,.T.);
#10371 = VERTEX_POINT('',#10372);
#10372 = CARTESIAN_POINT('',(0.198322717622,0.112760084926,0.9));
#10373 = SURFACE_CURVE('',#10374,(#10378,#10385),.PCURVE_S1.);
#10374 = LINE('',#10375,#10376);
#10375 = CARTESIAN_POINT('',(0.198322717622,0.112760084926,0.9));
#10376 = VECTOR('',#10377,1.);
#10377 = DIRECTION('',(0.,0.,1.));
#10378 = PCURVE('',#10310,#10379);
#10379 = DEFINITIONAL_REPRESENTATION('',(#10380),#10384);
#10380 = LINE('',#10381,#10382);
#10381 = CARTESIAN_POINT('',(5.796178343949E-02,0.));
#10382 = VECTOR('',#10383,1.);
#10383 = DIRECTION('',(0.,-1.));
#10384 = ( GEOMETRIC_REPRESENTATION_CONTEXT(2) 
PARAMETRIC_REPRESENTATION_CONTEXT() REPRESENTATION_CONTEXT('2D SPACE',''
  ) );
#10385 = PCURVE('',#10386,#10391);
#10386 = PLANE('',#10387);
#10387 = AXIS2_PLACEMENT_3D('',#10388,#10389,#10390);
#10388 = CARTESIAN_POINT('',(0.198322717622,0.112760084926,0.9));
#10389 = DIRECTION('',(1.,0.,-0.));
#10390 = DIRECTION('',(0.,-1.,0.));
#10391 = DEFINITIONAL_REPRESENTATION('',(#10392),#10396);
#10392 = LINE('',#10393,#10394);
#10393 = CARTESIAN_POINT('',(0.,0.));
#10394 = VECTOR('',#10395,1.);
#10395 = DIRECTION('',(0.,-1.));
#10396 = ( GEOMETRIC_REPRESENTATION_CONTEXT(2) 
PARAMETRIC_REPRESENTATION_CONTEXT() REPRESENTATION_CONTEXT('2D SPACE',''
  ) );
#10397 = ORIENTED_EDGE('',*,*,#10398,.F.);
#10398 = EDGE_CURVE('',#10295,#10371,#10399,.T.);
#10399 = SURFACE_CURVE('',#10400,(#10404,#10411),.PCURVE_S1.);
#10400 = LINE('',#10401,#10402);
#10401 = CARTESIAN_POINT('',(0.256284501062,0.112760084926,0.9));
#10402 = VECTOR('',#10403,1.);
#10403 = DIRECTION('',(-1.,0.,0.));
#10404 = PCURVE('',#10310,#10405);
#10405 = DEFINITIONAL_REPRESENTATION('',(#10406),#10410);
#10406 = LINE('',#10407,#10408);
#10407 = CARTESIAN_POINT('',(0.,-0.));
#10408 = VECTOR('',#10409,1.);
#10409 = DIRECTION('',(1.,0.));
#10410 = ( GEOMETRIC_REPRESENTATION_CONTEXT(2) 
PARAMETRIC_REPRESENTATION_CONTEXT() REPRESENTATION_CONTEXT('2D SPACE',''
  ) );
#10411 = PCURVE('',#9799,#10412);
#10412 = DEFINITIONAL_REPRESENTATION('',(#10413),#10417);
#10413 = LINE('',#10414,#10415);
#10414 = CARTESIAN_POINT('',(0.152623154449,-0.121545521005));
#10415 = VECTOR('',#10416,1.);
#10416 = DIRECTION('',(-1.,0.));
#10417 = ( GEOMETRIC_REPRESENTATION_CONTEXT(2) 
PARAMETRIC_REPRESENTATION_CONTEXT() REPRESENTATION_CONTEXT('2D SPACE',''
  ) );
#10418 = ADVANCED_FACE('',(#10419),#10386,.T.);
#10419 = FACE_BOUND('',#10420,.T.);
#10420 = EDGE_LOOP('',(#10421,#10422,#10445,#10468));
#10421 = ORIENTED_EDGE('',*,*,#10370,.T.);
#10422 = ORIENTED_EDGE('',*,*,#10423,.T.);
#10423 = EDGE_CURVE('',#10348,#10424,#10426,.T.);
#10424 = VERTEX_POINT('',#10425);
#10425 = CARTESIAN_POINT('',(0.198322717622,1.900212314225E-02,0.903));
#10426 = SURFACE_CURVE('',#10427,(#10431,#10438),.PCURVE_S1.);
#10427 = LINE('',#10428,#10429);
#10428 = CARTESIAN_POINT('',(0.198322717622,0.112760084926,0.903));
#10429 = VECTOR('',#10430,1.);
#10430 = DIRECTION('',(0.,-1.,0.));
#10431 = PCURVE('',#10386,#10432);
#10432 = DEFINITIONAL_REPRESENTATION('',(#10433),#10437);
#10433 = LINE('',#10434,#10435);
#10434 = CARTESIAN_POINT('',(0.,-3.E-03));
#10435 = VECTOR('',#10436,1.);
#10436 = DIRECTION('',(1.,0.));
#10437 = ( GEOMETRIC_REPRESENTATION_CONTEXT(2) 
PARAMETRIC_REPRESENTATION_CONTEXT() REPRESENTATION_CONTEXT('2D SPACE',''
  ) );
#10438 = PCURVE('',#9745,#10439);
#10439 = DEFINITIONAL_REPRESENTATION('',(#10440),#10444);
#10440 = LINE('',#10441,#10442);
#10441 = CARTESIAN_POINT('',(9.466137100962E-02,-0.121545521005));
#10442 = VECTOR('',#10443,1.);
#10443 = DIRECTION('',(0.,-1.));
#10444 = ( GEOMETRIC_REPRESENTATION_CONTEXT(2) 
PARAMETRIC_REPRESENTATION_CONTEXT() REPRESENTATION_CONTEXT('2D SPACE',''
  ) );
#10445 = ORIENTED_EDGE('',*,*,#10446,.F.);
#10446 = EDGE_CURVE('',#10447,#10424,#10449,.T.);
#10447 = VERTEX_POINT('',#10448);
#10448 = CARTESIAN_POINT('',(0.198322717622,1.900212314225E-02,0.9));
#10449 = SURFACE_CURVE('',#10450,(#10454,#10461),.PCURVE_S1.);
#10450 = LINE('',#10451,#10452);
#10451 = CARTESIAN_POINT('',(0.198322717622,1.900212314225E-02,0.9));
#10452 = VECTOR('',#10453,1.);
#10453 = DIRECTION('',(0.,0.,1.));
#10454 = PCURVE('',#10386,#10455);
#10455 = DEFINITIONAL_REPRESENTATION('',(#10456),#10460);
#10456 = LINE('',#10457,#10458);
#10457 = CARTESIAN_POINT('',(9.375796178344E-02,0.));
#10458 = VECTOR('',#10459,1.);
#10459 = DIRECTION('',(0.,-1.));
#10460 = ( GEOMETRIC_REPRESENTATION_CONTEXT(2) 
PARAMETRIC_REPRESENTATION_CONTEXT() REPRESENTATION_CONTEXT('2D SPACE',''
  ) );
#10461 = PCURVE('',#9717,#10462);
#10462 = DEFINITIONAL_REPRESENTATION('',(#10463),#10467);
#10463 = LINE('',#10464,#10465);
#10464 = CARTESIAN_POINT('',(0.,-0.));
#10465 = VECTOR('',#10466,1.);
#10466 = DIRECTION('',(0.,-1.));
#10467 = ( GEOMETRIC_REPRESENTATION_CONTEXT(2) 
PARAMETRIC_REPRESENTATION_CONTEXT() REPRESENTATION_CONTEXT('2D SPACE',''
  ) );
#10468 = ORIENTED_EDGE('',*,*,#10469,.F.);
#10469 = EDGE_CURVE('',#10371,#10447,#10470,.T.);
#10470 = SURFACE_CURVE('',#10471,(#10475,#10482),.PCURVE_S1.);
#10471 = LINE('',#10472,#10473);
#10472 = CARTESIAN_POINT('',(0.198322717622,0.112760084926,0.9));
#10473 = VECTOR('',#10474,1.);
#10474 = DIRECTION('',(0.,-1.,0.));
#10475 = PCURVE('',#10386,#10476);
#10476 = DEFINITIONAL_REPRESENTATION('',(#10477),#10481);
#10477 = LINE('',#10478,#10479);
#10478 = CARTESIAN_POINT('',(0.,0.));
#10479 = VECTOR('',#10480,1.);
#10480 = DIRECTION('',(1.,0.));
#10481 = ( GEOMETRIC_REPRESENTATION_CONTEXT(2) 
PARAMETRIC_REPRESENTATION_CONTEXT() REPRESENTATION_CONTEXT('2D SPACE',''
  ) );
#10482 = PCURVE('',#9799,#10483);
#10483 = DEFINITIONAL_REPRESENTATION('',(#10484),#10488);
#10484 = LINE('',#10485,#10486);
#10485 = CARTESIAN_POINT('',(9.466137100962E-02,-0.121545521005));
#10486 = VECTOR('',#10487,1.);
#10487 = DIRECTION('',(0.,-1.));
#10488 = ( GEOMETRIC_REPRESENTATION_CONTEXT(2) 
PARAMETRIC_REPRESENTATION_CONTEXT() REPRESENTATION_CONTEXT('2D SPACE',''
  ) );
#10489 = ADVANCED_FACE('',(#10490),#9717,.T.);
#10490 = FACE_BOUND('',#10491,.T.);
#10491 = EDGE_LOOP('',(#10492,#10493,#10514,#10515));
#10492 = ORIENTED_EDGE('',*,*,#10446,.T.);
#10493 = ORIENTED_EDGE('',*,*,#10494,.T.);
#10494 = EDGE_CURVE('',#10424,#9697,#10495,.T.);
#10495 = SURFACE_CURVE('',#10496,(#10500,#10507),.PCURVE_S1.);
#10496 = LINE('',#10497,#10498);
#10497 = CARTESIAN_POINT('',(0.198322717622,1.900212314225E-02,0.903));
#10498 = VECTOR('',#10499,1.);
#10499 = DIRECTION('',(-1.,0.,0.));
#10500 = PCURVE('',#9717,#10501);
#10501 = DEFINITIONAL_REPRESENTATION('',(#10502),#10506);
#10502 = LINE('',#10503,#10504);
#10503 = CARTESIAN_POINT('',(0.,-3.E-03));
#10504 = VECTOR('',#10505,1.);
#10505 = DIRECTION('',(1.,0.));
#10506 = ( GEOMETRIC_REPRESENTATION_CONTEXT(2) 
PARAMETRIC_REPRESENTATION_CONTEXT() REPRESENTATION_CONTEXT('2D SPACE',''
  ) );
#10507 = PCURVE('',#9745,#10508);
#10508 = DEFINITIONAL_REPRESENTATION('',(#10509),#10513);
#10509 = LINE('',#10510,#10511);
#10510 = CARTESIAN_POINT('',(9.466137100962E-02,-0.215303482788));
#10511 = VECTOR('',#10512,1.);
#10512 = DIRECTION('',(-1.,0.));
#10513 = ( GEOMETRIC_REPRESENTATION_CONTEXT(2) 
PARAMETRIC_REPRESENTATION_CONTEXT() REPRESENTATION_CONTEXT('2D SPACE',''
  ) );
#10514 = ORIENTED_EDGE('',*,*,#9694,.F.);
#10515 = ORIENTED_EDGE('',*,*,#10516,.F.);
#10516 = EDGE_CURVE('',#10447,#9695,#10517,.T.);
#10517 = SURFACE_CURVE('',#10518,(#10522,#10529),.PCURVE_S1.);
#10518 = LINE('',#10519,#10520);
#10519 = CARTESIAN_POINT('',(0.198322717622,1.900212314225E-02,0.9));
#10520 = VECTOR('',#10521,1.);
#10521 = DIRECTION('',(-1.,0.,0.));
#10522 = PCURVE('',#9717,#10523);
#10523 = DEFINITIONAL_REPRESENTATION('',(#10524),#10528);
#10524 = LINE('',#10525,#10526);
#10525 = CARTESIAN_POINT('',(0.,-0.));
#10526 = VECTOR('',#10527,1.);
#10527 = DIRECTION('',(1.,0.));
#10528 = ( GEOMETRIC_REPRESENTATION_CONTEXT(2) 
PARAMETRIC_REPRESENTATION_CONTEXT() REPRESENTATION_CONTEXT('2D SPACE',''
  ) );
#10529 = PCURVE('',#9799,#10530);
#10530 = DEFINITIONAL_REPRESENTATION('',(#10531),#10535);
#10531 = LINE('',#10532,#10533);
#10532 = CARTESIAN_POINT('',(9.466137100962E-02,-0.215303482788));
#10533 = VECTOR('',#10534,1.);
#10534 = DIRECTION('',(-1.,0.));
#10535 = ( GEOMETRIC_REPRESENTATION_CONTEXT(2) 
PARAMETRIC_REPRESENTATION_CONTEXT() REPRESENTATION_CONTEXT('2D SPACE',''
  ) );
#10536 = ADVANCED_FACE('',(#10537),#10551,.T.);
#10537 = FACE_BOUND('',#10538,.T.);
#10538 = EDGE_LOOP('',(#10539,#10574,#10597,#10625));
#10539 = ORIENTED_EDGE('',*,*,#10540,.T.);
#10540 = EDGE_CURVE('',#10541,#10543,#10545,.T.);
#10541 = VERTEX_POINT('',#10542);
#10542 = CARTESIAN_POINT('',(0.1116985138,0.191571125265,0.9));
#10543 = VERTEX_POINT('',#10544);
#10544 = CARTESIAN_POINT('',(0.1116985138,0.191571125265,0.903));
#10545 = SURFACE_CURVE('',#10546,(#10550,#10562),.PCURVE_S1.);
#10546 = LINE('',#10547,#10548);
#10547 = CARTESIAN_POINT('',(0.1116985138,0.191571125265,0.9));
#10548 = VECTOR('',#10549,1.);
#10549 = DIRECTION('',(0.,0.,1.));
#10550 = PCURVE('',#10551,#10556);
#10551 = PLANE('',#10552);
#10552 = AXIS2_PLACEMENT_3D('',#10553,#10554,#10555);
#10553 = CARTESIAN_POINT('',(0.1116985138,0.191571125265,0.9));
#10554 = DIRECTION('',(-1.,0.,0.));
#10555 = DIRECTION('',(0.,1.,0.));
#10556 = DEFINITIONAL_REPRESENTATION('',(#10557),#10561);
#10557 = LINE('',#10558,#10559);
#10558 = CARTESIAN_POINT('',(0.,0.));
#10559 = VECTOR('',#10560,1.);
#10560 = DIRECTION('',(0.,-1.));
#10561 = ( GEOMETRIC_REPRESENTATION_CONTEXT(2) 
PARAMETRIC_REPRESENTATION_CONTEXT() REPRESENTATION_CONTEXT('2D SPACE',''
  ) );
#10562 = PCURVE('',#10563,#10568);
#10563 = PLANE('',#10564);
#10564 = AXIS2_PLACEMENT_3D('',#10565,#10566,#10567);
#10565 = CARTESIAN_POINT('',(4.373673036093E-03,0.191571125265,0.9));
#10566 = DIRECTION('',(0.,1.,0.));
#10567 = DIRECTION('',(1.,0.,0.));
#10568 = DEFINITIONAL_REPRESENTATION('',(#10569),#10573);
#10569 = LINE('',#10570,#10571);
#10570 = CARTESIAN_POINT('',(0.107324840764,0.));
#10571 = VECTOR('',#10572,1.);
#10572 = DIRECTION('',(0.,-1.));
#10573 = ( GEOMETRIC_REPRESENTATION_CONTEXT(2) 
PARAMETRIC_REPRESENTATION_CONTEXT() REPRESENTATION_CONTEXT('2D SPACE',''
  ) );
#10574 = ORIENTED_EDGE('',*,*,#10575,.T.);
#10575 = EDGE_CURVE('',#10543,#10576,#10578,.T.);
#10576 = VERTEX_POINT('',#10577);
#10577 = CARTESIAN_POINT('',(0.1116985138,0.348704883227,0.903));
#10578 = SURFACE_CURVE('',#10579,(#10583,#10590),.PCURVE_S1.);
#10579 = LINE('',#10580,#10581);
#10580 = CARTESIAN_POINT('',(0.1116985138,0.191571125265,0.903));
#10581 = VECTOR('',#10582,1.);
#10582 = DIRECTION('',(0.,1.,0.));
#10583 = PCURVE('',#10551,#10584);
#10584 = DEFINITIONAL_REPRESENTATION('',(#10585),#10589);
#10585 = LINE('',#10586,#10587);
#10586 = CARTESIAN_POINT('',(0.,-3.E-03));
#10587 = VECTOR('',#10588,1.);
#10588 = DIRECTION('',(1.,0.));
#10589 = ( GEOMETRIC_REPRESENTATION_CONTEXT(2) 
PARAMETRIC_REPRESENTATION_CONTEXT() REPRESENTATION_CONTEXT('2D SPACE',''
  ) );
#10590 = PCURVE('',#9745,#10591);
#10591 = DEFINITIONAL_REPRESENTATION('',(#10592),#10596);
#10592 = LINE('',#10593,#10594);
#10593 = CARTESIAN_POINT('',(8.037167187968E-03,-4.273448066508E-02));
#10594 = VECTOR('',#10595,1.);
#10595 = DIRECTION('',(0.,1.));
#10596 = ( GEOMETRIC_REPRESENTATION_CONTEXT(2) 
PARAMETRIC_REPRESENTATION_CONTEXT() REPRESENTATION_CONTEXT('2D SPACE',''
  ) );
#10597 = ORIENTED_EDGE('',*,*,#10598,.F.);
#10598 = EDGE_CURVE('',#10599,#10576,#10601,.T.);
#10599 = VERTEX_POINT('',#10600);
#10600 = CARTESIAN_POINT('',(0.1116985138,0.348704883227,0.9));
#10601 = SURFACE_CURVE('',#10602,(#10606,#10613),.PCURVE_S1.);
#10602 = LINE('',#10603,#10604);
#10603 = CARTESIAN_POINT('',(0.1116985138,0.348704883227,0.9));
#10604 = VECTOR('',#10605,1.);
#10605 = DIRECTION('',(0.,0.,1.));
#10606 = PCURVE('',#10551,#10607);
#10607 = DEFINITIONAL_REPRESENTATION('',(#10608),#10612);
#10608 = LINE('',#10609,#10610);
#10609 = CARTESIAN_POINT('',(0.157133757962,0.));
#10610 = VECTOR('',#10611,1.);
#10611 = DIRECTION('',(0.,-1.));
#10612 = ( GEOMETRIC_REPRESENTATION_CONTEXT(2) 
PARAMETRIC_REPRESENTATION_CONTEXT() REPRESENTATION_CONTEXT('2D SPACE',''
  ) );
#10613 = PCURVE('',#10614,#10619);
#10614 = PLANE('',#10615);
#10615 = AXIS2_PLACEMENT_3D('',#10616,#10617,#10618);
#10616 = CARTESIAN_POINT('',(0.1116985138,0.348704883227,0.9));
#10617 = DIRECTION('',(0.825766760995,-0.564011752037,0.));
#10618 = DIRECTION('',(-0.564011752037,-0.825766760995,0.));
#10619 = DEFINITIONAL_REPRESENTATION('',(#10620),#10624);
#10620 = LINE('',#10621,#10622);
#10621 = CARTESIAN_POINT('',(0.,0.));
#10622 = VECTOR('',#10623,1.);
#10623 = DIRECTION('',(0.,-1.));
#10624 = ( GEOMETRIC_REPRESENTATION_CONTEXT(2) 
PARAMETRIC_REPRESENTATION_CONTEXT() REPRESENTATION_CONTEXT('2D SPACE',''
  ) );
#10625 = ORIENTED_EDGE('',*,*,#10626,.F.);
#10626 = EDGE_CURVE('',#10541,#10599,#10627,.T.);
#10627 = SURFACE_CURVE('',#10628,(#10632,#10639),.PCURVE_S1.);
#10628 = LINE('',#10629,#10630);
#10629 = CARTESIAN_POINT('',(0.1116985138,0.191571125265,0.9));
#10630 = VECTOR('',#10631,1.);
#10631 = DIRECTION('',(0.,1.,0.));
#10632 = PCURVE('',#10551,#10633);
#10633 = DEFINITIONAL_REPRESENTATION('',(#10634),#10638);
#10634 = LINE('',#10635,#10636);
#10635 = CARTESIAN_POINT('',(0.,0.));
#10636 = VECTOR('',#10637,1.);
#10637 = DIRECTION('',(1.,0.));
#10638 = ( GEOMETRIC_REPRESENTATION_CONTEXT(2) 
PARAMETRIC_REPRESENTATION_CONTEXT() REPRESENTATION_CONTEXT('2D SPACE',''
  ) );
#10639 = PCURVE('',#9799,#10640);
#10640 = DEFINITIONAL_REPRESENTATION('',(#10641),#10645);
#10641 = LINE('',#10642,#10643);
#10642 = CARTESIAN_POINT('',(8.037167187968E-03,-4.273448066508E-02));
#10643 = VECTOR('',#10644,1.);
#10644 = DIRECTION('',(0.,1.));
#10645 = ( GEOMETRIC_REPRESENTATION_CONTEXT(2) 
PARAMETRIC_REPRESENTATION_CONTEXT() REPRESENTATION_CONTEXT('2D SPACE',''
  ) );
#10646 = ADVANCED_FACE('',(#10647),#10614,.T.);
#10647 = FACE_BOUND('',#10648,.T.);
#10648 = EDGE_LOOP('',(#10649,#10650,#10673,#10696));
#10649 = ORIENTED_EDGE('',*,*,#10598,.T.);
#10650 = ORIENTED_EDGE('',*,*,#10651,.T.);
#10651 = EDGE_CURVE('',#10576,#10652,#10654,.T.);
#10652 = VERTEX_POINT('',#10653);
#10653 = CARTESIAN_POINT('',(4.373673036093E-03,0.191571125265,0.903));
#10654 = SURFACE_CURVE('',#10655,(#10659,#10666),.PCURVE_S1.);
#10655 = LINE('',#10656,#10657);
#10656 = CARTESIAN_POINT('',(0.1116985138,0.348704883227,0.903));
#10657 = VECTOR('',#10658,1.);
#10658 = DIRECTION('',(-0.564011752037,-0.825766760995,0.));
#10659 = PCURVE('',#10614,#10660);
#10660 = DEFINITIONAL_REPRESENTATION('',(#10661),#10665);
#10661 = LINE('',#10662,#10663);
#10662 = CARTESIAN_POINT('',(0.,-3.E-03));
#10663 = VECTOR('',#10664,1.);
#10664 = DIRECTION('',(1.,0.));
#10665 = ( GEOMETRIC_REPRESENTATION_CONTEXT(2) 
PARAMETRIC_REPRESENTATION_CONTEXT() REPRESENTATION_CONTEXT('2D SPACE',''
  ) );
#10666 = PCURVE('',#9745,#10667);
#10667 = DEFINITIONAL_REPRESENTATION('',(#10668),#10672);
#10668 = LINE('',#10669,#10670);
#10669 = CARTESIAN_POINT('',(8.037167187968E-03,0.114399277297));
#10670 = VECTOR('',#10671,1.);
#10671 = DIRECTION('',(-0.564011752037,-0.825766760995));
#10672 = ( GEOMETRIC_REPRESENTATION_CONTEXT(2) 
PARAMETRIC_REPRESENTATION_CONTEXT() REPRESENTATION_CONTEXT('2D SPACE',''
  ) );
#10673 = ORIENTED_EDGE('',*,*,#10674,.F.);
#10674 = EDGE_CURVE('',#10675,#10652,#10677,.T.);
#10675 = VERTEX_POINT('',#10676);
#10676 = CARTESIAN_POINT('',(4.373673036093E-03,0.191571125265,0.9));
#10677 = SURFACE_CURVE('',#10678,(#10682,#10689),.PCURVE_S1.);
#10678 = LINE('',#10679,#10680);
#10679 = CARTESIAN_POINT('',(4.373673036093E-03,0.191571125265,0.9));
#10680 = VECTOR('',#10681,1.);
#10681 = DIRECTION('',(0.,0.,1.));
#10682 = PCURVE('',#10614,#10683);
#10683 = DEFINITIONAL_REPRESENTATION('',(#10684),#10688);
#10684 = LINE('',#10685,#10686);
#10685 = CARTESIAN_POINT('',(0.190288305832,0.));
#10686 = VECTOR('',#10687,1.);
#10687 = DIRECTION('',(0.,-1.));
#10688 = ( GEOMETRIC_REPRESENTATION_CONTEXT(2) 
PARAMETRIC_REPRESENTATION_CONTEXT() REPRESENTATION_CONTEXT('2D SPACE',''
  ) );
#10689 = PCURVE('',#10563,#10690);
#10690 = DEFINITIONAL_REPRESENTATION('',(#10691),#10695);
#10691 = LINE('',#10692,#10693);
#10692 = CARTESIAN_POINT('',(0.,0.));
#10693 = VECTOR('',#10694,1.);
#10694 = DIRECTION('',(0.,-1.));
#10695 = ( GEOMETRIC_REPRESENTATION_CONTEXT(2) 
PARAMETRIC_REPRESENTATION_CONTEXT() REPRESENTATION_CONTEXT('2D SPACE',''
  ) );
#10696 = ORIENTED_EDGE('',*,*,#10697,.F.);
#10697 = EDGE_CURVE('',#10599,#10675,#10698,.T.);
#10698 = SURFACE_CURVE('',#10699,(#10703,#10710),.PCURVE_S1.);
#10699 = LINE('',#10700,#10701);
#10700 = CARTESIAN_POINT('',(0.1116985138,0.348704883227,0.9));
#10701 = VECTOR('',#10702,1.);
#10702 = DIRECTION('',(-0.564011752037,-0.825766760995,0.));
#10703 = PCURVE('',#10614,#10704);
#10704 = DEFINITIONAL_REPRESENTATION('',(#10705),#10709);
#10705 = LINE('',#10706,#10707);
#10706 = CARTESIAN_POINT('',(0.,0.));
#10707 = VECTOR('',#10708,1.);
#10708 = DIRECTION('',(1.,0.));
#10709 = ( GEOMETRIC_REPRESENTATION_CONTEXT(2) 
PARAMETRIC_REPRESENTATION_CONTEXT() REPRESENTATION_CONTEXT('2D SPACE',''
  ) );
#10710 = PCURVE('',#9799,#10711);
#10711 = DEFINITIONAL_REPRESENTATION('',(#10712),#10716);
#10712 = LINE('',#10713,#10714);
#10713 = CARTESIAN_POINT('',(8.037167187968E-03,0.114399277297));
#10714 = VECTOR('',#10715,1.);
#10715 = DIRECTION('',(-0.564011752037,-0.825766760995));
#10716 = ( GEOMETRIC_REPRESENTATION_CONTEXT(2) 
PARAMETRIC_REPRESENTATION_CONTEXT() REPRESENTATION_CONTEXT('2D SPACE',''
  ) );
#10717 = ADVANCED_FACE('',(#10718),#10563,.T.);
#10718 = FACE_BOUND('',#10719,.T.);
#10719 = EDGE_LOOP('',(#10720,#10721,#10742,#10743));
#10720 = ORIENTED_EDGE('',*,*,#10674,.T.);
#10721 = ORIENTED_EDGE('',*,*,#10722,.T.);
#10722 = EDGE_CURVE('',#10652,#10543,#10723,.T.);
#10723 = SURFACE_CURVE('',#10724,(#10728,#10735),.PCURVE_S1.);
#10724 = LINE('',#10725,#10726);
#10725 = CARTESIAN_POINT('',(4.373673036093E-03,0.191571125265,0.903));
#10726 = VECTOR('',#10727,1.);
#10727 = DIRECTION('',(1.,0.,0.));
#10728 = PCURVE('',#10563,#10729);
#10729 = DEFINITIONAL_REPRESENTATION('',(#10730),#10734);
#10730 = LINE('',#10731,#10732);
#10731 = CARTESIAN_POINT('',(0.,-3.E-03));
#10732 = VECTOR('',#10733,1.);
#10733 = DIRECTION('',(1.,0.));
#10734 = ( GEOMETRIC_REPRESENTATION_CONTEXT(2) 
PARAMETRIC_REPRESENTATION_CONTEXT() REPRESENTATION_CONTEXT('2D SPACE',''
  ) );
#10735 = PCURVE('',#9745,#10736);
#10736 = DEFINITIONAL_REPRESENTATION('',(#10737),#10741);
#10737 = LINE('',#10738,#10739);
#10738 = CARTESIAN_POINT('',(-9.928767357636E-02,-4.273448066508E-02));
#10739 = VECTOR('',#10740,1.);
#10740 = DIRECTION('',(1.,0.));
#10741 = ( GEOMETRIC_REPRESENTATION_CONTEXT(2) 
PARAMETRIC_REPRESENTATION_CONTEXT() REPRESENTATION_CONTEXT('2D SPACE',''
  ) );
#10742 = ORIENTED_EDGE('',*,*,#10540,.F.);
#10743 = ORIENTED_EDGE('',*,*,#10744,.F.);
#10744 = EDGE_CURVE('',#10675,#10541,#10745,.T.);
#10745 = SURFACE_CURVE('',#10746,(#10750,#10757),.PCURVE_S1.);
#10746 = LINE('',#10747,#10748);
#10747 = CARTESIAN_POINT('',(4.373673036093E-03,0.191571125265,0.9));
#10748 = VECTOR('',#10749,1.);
#10749 = DIRECTION('',(1.,0.,0.));
#10750 = PCURVE('',#10563,#10751);
#10751 = DEFINITIONAL_REPRESENTATION('',(#10752),#10756);
#10752 = LINE('',#10753,#10754);
#10753 = CARTESIAN_POINT('',(0.,0.));
#10754 = VECTOR('',#10755,1.);
#10755 = DIRECTION('',(1.,0.));
#10756 = ( GEOMETRIC_REPRESENTATION_CONTEXT(2) 
PARAMETRIC_REPRESENTATION_CONTEXT() REPRESENTATION_CONTEXT('2D SPACE',''
  ) );
#10757 = PCURVE('',#9799,#10758);
#10758 = DEFINITIONAL_REPRESENTATION('',(#10759),#10763);
#10759 = LINE('',#10760,#10761);
#10760 = CARTESIAN_POINT('',(-9.928767357636E-02,-4.273448066508E-02));
#10761 = VECTOR('',#10762,1.);
#10762 = DIRECTION('',(1.,0.));
#10763 = ( GEOMETRIC_REPRESENTATION_CONTEXT(2) 
PARAMETRIC_REPRESENTATION_CONTEXT() REPRESENTATION_CONTEXT('2D SPACE',''
  ) );
#10764 = ADVANCED_FACE('',(#10765,#10778),#9799,.F.);
#10765 = FACE_BOUND('',#10766,.T.);
#10766 = EDGE_LOOP('',(#10767,#10768,#10769,#10770,#10771,#10772,#10773,
    #10774,#10775,#10776,#10777));
#10767 = ORIENTED_EDGE('',*,*,#9785,.T.);
#10768 = ORIENTED_EDGE('',*,*,#9866,.T.);
#10769 = ORIENTED_EDGE('',*,*,#9942,.T.);
#10770 = ORIENTED_EDGE('',*,*,#10018,.T.);
#10771 = ORIENTED_EDGE('',*,*,#10094,.T.);
#10772 = ORIENTED_EDGE('',*,*,#10170,.T.);
#10773 = ORIENTED_EDGE('',*,*,#10246,.T.);
#10774 = ORIENTED_EDGE('',*,*,#10322,.T.);
#10775 = ORIENTED_EDGE('',*,*,#10398,.T.);
#10776 = ORIENTED_EDGE('',*,*,#10469,.T.);
#10777 = ORIENTED_EDGE('',*,*,#10516,.T.);
#10778 = FACE_BOUND('',#10779,.T.);
#10779 = EDGE_LOOP('',(#10780,#10781,#10782));
#10780 = ORIENTED_EDGE('',*,*,#10626,.T.);
#10781 = ORIENTED_EDGE('',*,*,#10697,.T.);
#10782 = ORIENTED_EDGE('',*,*,#10744,.T.);
#10783 = ADVANCED_FACE('',(#10784,#10797),#9745,.T.);
#10784 = FACE_BOUND('',#10785,.F.);
#10785 = EDGE_LOOP('',(#10786,#10787,#10788,#10789,#10790,#10791,#10792,
    #10793,#10794,#10795,#10796));
#10786 = ORIENTED_EDGE('',*,*,#9729,.T.);
#10787 = ORIENTED_EDGE('',*,*,#9815,.T.);
#10788 = ORIENTED_EDGE('',*,*,#9891,.T.);
#10789 = ORIENTED_EDGE('',*,*,#9967,.T.);
#10790 = ORIENTED_EDGE('',*,*,#10043,.T.);
#10791 = ORIENTED_EDGE('',*,*,#10119,.T.);
#10792 = ORIENTED_EDGE('',*,*,#10195,.T.);
#10793 = ORIENTED_EDGE('',*,*,#10271,.T.);
#10794 = ORIENTED_EDGE('',*,*,#10347,.T.);
#10795 = ORIENTED_EDGE('',*,*,#10423,.T.);
#10796 = ORIENTED_EDGE('',*,*,#10494,.T.);
#10797 = FACE_BOUND('',#10798,.F.);
#10798 = EDGE_LOOP('',(#10799,#10800,#10801));
#10799 = ORIENTED_EDGE('',*,*,#10575,.T.);
#10800 = ORIENTED_EDGE('',*,*,#10651,.T.);
#10801 = ORIENTED_EDGE('',*,*,#10722,.T.);
#10802 = MANIFOLD_SOLID_BREP('',#10803);
#10803 = CLOSED_SHELL('',(#10804,#10924,#11000,#11076,#11152,#11228,
    #11304,#11375,#11422,#11532,#11603,#11650,#11666));
#10804 = ADVANCED_FACE('',(#10805),#10819,.T.);
#10805 = FACE_BOUND('',#10806,.T.);
#10806 = EDGE_LOOP('',(#10807,#10842,#10870,#10898));
#10807 = ORIENTED_EDGE('',*,*,#10808,.T.);
#10808 = EDGE_CURVE('',#10809,#10811,#10813,.T.);
#10809 = VERTEX_POINT('',#10810);
#10810 = CARTESIAN_POINT('',(0.739787685775,1.900212314225E-02,0.9));
#10811 = VERTEX_POINT('',#10812);
#10812 = CARTESIAN_POINT('',(0.739787685775,1.900212314225E-02,0.903));
#10813 = SURFACE_CURVE('',#10814,(#10818,#10830),.PCURVE_S1.);
#10814 = LINE('',#10815,#10816);
#10815 = CARTESIAN_POINT('',(0.739787685775,1.900212314225E-02,0.9));
#10816 = VECTOR('',#10817,1.);
#10817 = DIRECTION('',(0.,0.,1.));
#10818 = PCURVE('',#10819,#10824);
#10819 = PLANE('',#10820);
#10820 = AXIS2_PLACEMENT_3D('',#10821,#10822,#10823);
#10821 = CARTESIAN_POINT('',(0.739787685775,1.900212314225E-02,0.9));
#10822 = DIRECTION('',(0.,-1.,0.));
#10823 = DIRECTION('',(-1.,0.,0.));
#10824 = DEFINITIONAL_REPRESENTATION('',(#10825),#10829);
#10825 = LINE('',#10826,#10827);
#10826 = CARTESIAN_POINT('',(2.22044604925E-16,0.));
#10827 = VECTOR('',#10828,1.);
#10828 = DIRECTION('',(0.,-1.));
#10829 = ( GEOMETRIC_REPRESENTATION_CONTEXT(2) 
PARAMETRIC_REPRESENTATION_CONTEXT() REPRESENTATION_CONTEXT('2D SPACE',''
  ) );
#10830 = PCURVE('',#10831,#10836);
#10831 = PLANE('',#10832);
#10832 = AXIS2_PLACEMENT_3D('',#10833,#10834,#10835);
#10833 = CARTESIAN_POINT('',(0.552845010616,0.486433121019,0.9));
#10834 = DIRECTION('',(0.928497049226,0.371339776455,-0.));
#10835 = DIRECTION('',(0.371339776455,-0.928497049226,0.));
#10836 = DEFINITIONAL_REPRESENTATION('',(#10837),#10841);
#10837 = LINE('',#10838,#10839);
#10838 = CARTESIAN_POINT('',(0.503427553449,0.));
#10839 = VECTOR('',#10840,1.);
#10840 = DIRECTION('',(0.,-1.));
#10841 = ( GEOMETRIC_REPRESENTATION_CONTEXT(2) 
PARAMETRIC_REPRESENTATION_CONTEXT() REPRESENTATION_CONTEXT('2D SPACE',''
  ) );
#10842 = ORIENTED_EDGE('',*,*,#10843,.T.);
#10843 = EDGE_CURVE('',#10811,#10844,#10846,.T.);
#10844 = VERTEX_POINT('',#10845);
#10845 = CARTESIAN_POINT('',(0.637239915074,1.900212314225E-02,0.903));
#10846 = SURFACE_CURVE('',#10847,(#10851,#10858),.PCURVE_S1.);
#10847 = LINE('',#10848,#10849);
#10848 = CARTESIAN_POINT('',(0.739787685775,1.900212314225E-02,0.903));
#10849 = VECTOR('',#10850,1.);
#10850 = DIRECTION('',(-1.,0.,0.));
#10851 = PCURVE('',#10819,#10852);
#10852 = DEFINITIONAL_REPRESENTATION('',(#10853),#10857);
#10853 = LINE('',#10854,#10855);
#10854 = CARTESIAN_POINT('',(0.,-3.E-03));
#10855 = VECTOR('',#10856,1.);
#10856 = DIRECTION('',(1.,0.));
#10857 = ( GEOMETRIC_REPRESENTATION_CONTEXT(2) 
PARAMETRIC_REPRESENTATION_CONTEXT() REPRESENTATION_CONTEXT('2D SPACE',''
  ) );
#10858 = PCURVE('',#10859,#10864);
#10859 = PLANE('',#10860);
#10860 = AXIS2_PLACEMENT_3D('',#10861,#10862,#10863);
#10861 = CARTESIAN_POINT('',(0.504058817598,0.216234992194,0.903));
#10862 = DIRECTION('',(0.,0.,1.));
#10863 = DIRECTION('',(1.,0.,-0.));
#10864 = DEFINITIONAL_REPRESENTATION('',(#10865),#10869);
#10865 = LINE('',#10866,#10867);
#10866 = CARTESIAN_POINT('',(0.235728868177,-0.197232869052));
#10867 = VECTOR('',#10868,1.);
#10868 = DIRECTION('',(-1.,0.));
#10869 = ( GEOMETRIC_REPRESENTATION_CONTEXT(2) 
PARAMETRIC_REPRESENTATION_CONTEXT() REPRESENTATION_CONTEXT('2D SPACE',''
  ) );
#10870 = ORIENTED_EDGE('',*,*,#10871,.F.);
#10871 = EDGE_CURVE('',#10872,#10844,#10874,.T.);
#10872 = VERTEX_POINT('',#10873);
#10873 = CARTESIAN_POINT('',(0.637239915074,1.900212314225E-02,0.9));
#10874 = SURFACE_CURVE('',#10875,(#10879,#10886),.PCURVE_S1.);
#10875 = LINE('',#10876,#10877);
#10876 = CARTESIAN_POINT('',(0.637239915074,1.900212314225E-02,0.9));
#10877 = VECTOR('',#10878,1.);
#10878 = DIRECTION('',(0.,0.,1.));
#10879 = PCURVE('',#10819,#10880);
#10880 = DEFINITIONAL_REPRESENTATION('',(#10881),#10885);
#10881 = LINE('',#10882,#10883);
#10882 = CARTESIAN_POINT('',(0.102547770701,0.));
#10883 = VECTOR('',#10884,1.);
#10884 = DIRECTION('',(0.,-1.));
#10885 = ( GEOMETRIC_REPRESENTATION_CONTEXT(2) 
PARAMETRIC_REPRESENTATION_CONTEXT() REPRESENTATION_CONTEXT('2D SPACE',''
  ) );
#10886 = PCURVE('',#10887,#10892);
#10887 = PLANE('',#10888);
#10888 = AXIS2_PLACEMENT_3D('',#10889,#10890,#10891);
#10889 = CARTESIAN_POINT('',(0.637239915074,1.900212314225E-02,0.9));
#10890 = DIRECTION('',(-0.933345606203,-0.358979079309,0.));
#10891 = DIRECTION('',(-0.358979079309,0.933345606203,0.));
#10892 = DEFINITIONAL_REPRESENTATION('',(#10893),#10897);
#10893 = LINE('',#10894,#10895);
#10894 = CARTESIAN_POINT('',(0.,0.));
#10895 = VECTOR('',#10896,1.);
#10896 = DIRECTION('',(0.,-1.));
#10897 = ( GEOMETRIC_REPRESENTATION_CONTEXT(2) 
PARAMETRIC_REPRESENTATION_CONTEXT() REPRESENTATION_CONTEXT('2D SPACE',''
  ) );
#10898 = ORIENTED_EDGE('',*,*,#10899,.F.);
#10899 = EDGE_CURVE('',#10809,#10872,#10900,.T.);
#10900 = SURFACE_CURVE('',#10901,(#10905,#10912),.PCURVE_S1.);
#10901 = LINE('',#10902,#10903);
#10902 = CARTESIAN_POINT('',(0.739787685775,1.900212314225E-02,0.9));
#10903 = VECTOR('',#10904,1.);
#10904 = DIRECTION('',(-1.,0.,0.));
#10905 = PCURVE('',#10819,#10906);
#10906 = DEFINITIONAL_REPRESENTATION('',(#10907),#10911);
#10907 = LINE('',#10908,#10909);
#10908 = CARTESIAN_POINT('',(0.,-0.));
#10909 = VECTOR('',#10910,1.);
#10910 = DIRECTION('',(1.,0.));
#10911 = ( GEOMETRIC_REPRESENTATION_CONTEXT(2) 
PARAMETRIC_REPRESENTATION_CONTEXT() REPRESENTATION_CONTEXT('2D SPACE',''
  ) );
#10912 = PCURVE('',#10913,#10918);
#10913 = PLANE('',#10914);
#10914 = AXIS2_PLACEMENT_3D('',#10915,#10916,#10917);
#10915 = CARTESIAN_POINT('',(0.504058817598,0.216234992194,0.9));
#10916 = DIRECTION('',(0.,0.,1.));
#10917 = DIRECTION('',(1.,0.,-0.));
#10918 = DEFINITIONAL_REPRESENTATION('',(#10919),#10923);
#10919 = LINE('',#10920,#10921);
#10920 = CARTESIAN_POINT('',(0.235728868177,-0.197232869052));
#10921 = VECTOR('',#10922,1.);
#10922 = DIRECTION('',(-1.,0.));
#10923 = ( GEOMETRIC_REPRESENTATION_CONTEXT(2) 
PARAMETRIC_REPRESENTATION_CONTEXT() REPRESENTATION_CONTEXT('2D SPACE',''
  ) );
#10924 = ADVANCED_FACE('',(#10925),#10887,.T.);
#10925 = FACE_BOUND('',#10926,.T.);
#10926 = EDGE_LOOP('',(#10927,#10928,#10951,#10979));
#10927 = ORIENTED_EDGE('',*,*,#10871,.T.);
#10928 = ORIENTED_EDGE('',*,*,#10929,.T.);
#10929 = EDGE_CURVE('',#10844,#10930,#10932,.T.);
#10930 = VERTEX_POINT('',#10931);
#10931 = CARTESIAN_POINT('',(0.596475583864,0.124989384289,0.903));
#10932 = SURFACE_CURVE('',#10933,(#10937,#10944),.PCURVE_S1.);
#10933 = LINE('',#10934,#10935);
#10934 = CARTESIAN_POINT('',(0.637239915074,1.900212314225E-02,0.903));
#10935 = VECTOR('',#10936,1.);
#10936 = DIRECTION('',(-0.358979079309,0.933345606203,0.));
#10937 = PCURVE('',#10887,#10938);
#10938 = DEFINITIONAL_REPRESENTATION('',(#10939),#10943);
#10939 = LINE('',#10940,#10941);
#10940 = CARTESIAN_POINT('',(0.,-3.E-03));
#10941 = VECTOR('',#10942,1.);
#10942 = DIRECTION('',(1.,0.));
#10943 = ( GEOMETRIC_REPRESENTATION_CONTEXT(2) 
PARAMETRIC_REPRESENTATION_CONTEXT() REPRESENTATION_CONTEXT('2D SPACE',''
  ) );
#10944 = PCURVE('',#10859,#10945);
#10945 = DEFINITIONAL_REPRESENTATION('',(#10946),#10950);
#10946 = LINE('',#10947,#10948);
#10947 = CARTESIAN_POINT('',(0.133181097476,-0.197232869052));
#10948 = VECTOR('',#10949,1.);
#10949 = DIRECTION('',(-0.358979079309,0.933345606203));
#10950 = ( GEOMETRIC_REPRESENTATION_CONTEXT(2) 
PARAMETRIC_REPRESENTATION_CONTEXT() REPRESENTATION_CONTEXT('2D SPACE',''
  ) );
#10951 = ORIENTED_EDGE('',*,*,#10952,.F.);
#10952 = EDGE_CURVE('',#10953,#10930,#10955,.T.);
#10953 = VERTEX_POINT('',#10954);
#10954 = CARTESIAN_POINT('',(0.596475583864,0.124989384289,0.9));
#10955 = SURFACE_CURVE('',#10956,(#10960,#10967),.PCURVE_S1.);
#10956 = LINE('',#10957,#10958);
#10957 = CARTESIAN_POINT('',(0.596475583864,0.124989384289,0.9));
#10958 = VECTOR('',#10959,1.);
#10959 = DIRECTION('',(0.,0.,1.));
#10960 = PCURVE('',#10887,#10961);
#10961 = DEFINITIONAL_REPRESENTATION('',(#10962),#10966);
#10962 = LINE('',#10963,#10964);
#10963 = CARTESIAN_POINT('',(0.113556286591,0.));
#10964 = VECTOR('',#10965,1.);
#10965 = DIRECTION('',(0.,-1.));
#10966 = ( GEOMETRIC_REPRESENTATION_CONTEXT(2) 
PARAMETRIC_REPRESENTATION_CONTEXT() REPRESENTATION_CONTEXT('2D SPACE',''
  ) );
#10967 = PCURVE('',#10968,#10973);
#10968 = PLANE('',#10969);
#10969 = AXIS2_PLACEMENT_3D('',#10970,#10971,#10972);
#10970 = CARTESIAN_POINT('',(0.596475583864,0.124989384289,0.9));
#10971 = DIRECTION('',(0.,-1.,0.));
#10972 = DIRECTION('',(-1.,0.,0.));
#10973 = DEFINITIONAL_REPRESENTATION('',(#10974),#10978);
#10974 = LINE('',#10975,#10976);
#10975 = CARTESIAN_POINT('',(0.,-0.));
#10976 = VECTOR('',#10977,1.);
#10977 = DIRECTION('',(0.,-1.));
#10978 = ( GEOMETRIC_REPRESENTATION_CONTEXT(2) 
PARAMETRIC_REPRESENTATION_CONTEXT() REPRESENTATION_CONTEXT('2D SPACE',''
  ) );
#10979 = ORIENTED_EDGE('',*,*,#10980,.F.);
#10980 = EDGE_CURVE('',#10872,#10953,#10981,.T.);
#10981 = SURFACE_CURVE('',#10982,(#10986,#10993),.PCURVE_S1.);
#10982 = LINE('',#10983,#10984);
#10983 = CARTESIAN_POINT('',(0.637239915074,1.900212314225E-02,0.9));
#10984 = VECTOR('',#10985,1.);
#10985 = DIRECTION('',(-0.358979079309,0.933345606203,0.));
#10986 = PCURVE('',#10887,#10987);
#10987 = DEFINITIONAL_REPRESENTATION('',(#10988),#10992);
#10988 = LINE('',#10989,#10990);
#10989 = CARTESIAN_POINT('',(0.,0.));
#10990 = VECTOR('',#10991,1.);
#10991 = DIRECTION('',(1.,0.));
#10992 = ( GEOMETRIC_REPRESENTATION_CONTEXT(2) 
PARAMETRIC_REPRESENTATION_CONTEXT() REPRESENTATION_CONTEXT('2D SPACE',''
  ) );
#10993 = PCURVE('',#10913,#10994);
#10994 = DEFINITIONAL_REPRESENTATION('',(#10995),#10999);
#10995 = LINE('',#10996,#10997);
#10996 = CARTESIAN_POINT('',(0.133181097476,-0.197232869052));
#10997 = VECTOR('',#10998,1.);
#10998 = DIRECTION('',(-0.358979079309,0.933345606203));
#10999 = ( GEOMETRIC_REPRESENTATION_CONTEXT(2) 
PARAMETRIC_REPRESENTATION_CONTEXT() REPRESENTATION_CONTEXT('2D SPACE',''
  ) );
#11000 = ADVANCED_FACE('',(#11001),#10968,.T.);
#11001 = FACE_BOUND('',#11002,.T.);
#11002 = EDGE_LOOP('',(#11003,#11004,#11027,#11055));
#11003 = ORIENTED_EDGE('',*,*,#10952,.T.);
#11004 = ORIENTED_EDGE('',*,*,#11005,.T.);
#11005 = EDGE_CURVE('',#10930,#11006,#11008,.T.);
#11006 = VERTEX_POINT('',#11007);
#11007 = CARTESIAN_POINT('',(0.409851380042,0.124989384289,0.903));
#11008 = SURFACE_CURVE('',#11009,(#11013,#11020),.PCURVE_S1.);
#11009 = LINE('',#11010,#11011);
#11010 = CARTESIAN_POINT('',(0.596475583864,0.124989384289,0.903));
#11011 = VECTOR('',#11012,1.);
#11012 = DIRECTION('',(-1.,0.,0.));
#11013 = PCURVE('',#10968,#11014);
#11014 = DEFINITIONAL_REPRESENTATION('',(#11015),#11019);
#11015 = LINE('',#11016,#11017);
#11016 = CARTESIAN_POINT('',(0.,-3.E-03));
#11017 = VECTOR('',#11018,1.);
#11018 = DIRECTION('',(1.,0.));
#11019 = ( GEOMETRIC_REPRESENTATION_CONTEXT(2) 
PARAMETRIC_REPRESENTATION_CONTEXT() REPRESENTATION_CONTEXT('2D SPACE',''
  ) );
#11020 = PCURVE('',#10859,#11021);
#11021 = DEFINITIONAL_REPRESENTATION('',(#11022),#11026);
#11022 = LINE('',#11023,#11024);
#11023 = CARTESIAN_POINT('',(9.241676626619E-02,-9.124560790561E-02));
#11024 = VECTOR('',#11025,1.);
#11025 = DIRECTION('',(-1.,0.));
#11026 = ( GEOMETRIC_REPRESENTATION_CONTEXT(2) 
PARAMETRIC_REPRESENTATION_CONTEXT() REPRESENTATION_CONTEXT('2D SPACE',''
  ) );
#11027 = ORIENTED_EDGE('',*,*,#11028,.F.);
#11028 = EDGE_CURVE('',#11029,#11006,#11031,.T.);
#11029 = VERTEX_POINT('',#11030);
#11030 = CARTESIAN_POINT('',(0.409851380042,0.124989384289,0.9));
#11031 = SURFACE_CURVE('',#11032,(#11036,#11043),.PCURVE_S1.);
#11032 = LINE('',#11033,#11034);
#11033 = CARTESIAN_POINT('',(0.409851380042,0.124989384289,0.9));
#11034 = VECTOR('',#11035,1.);
#11035 = DIRECTION('',(0.,0.,1.));
#11036 = PCURVE('',#10968,#11037);
#11037 = DEFINITIONAL_REPRESENTATION('',(#11038),#11042);
#11038 = LINE('',#11039,#11040);
#11039 = CARTESIAN_POINT('',(0.186624203822,0.));
#11040 = VECTOR('',#11041,1.);
#11041 = DIRECTION('',(0.,-1.));
#11042 = ( GEOMETRIC_REPRESENTATION_CONTEXT(2) 
PARAMETRIC_REPRESENTATION_CONTEXT() REPRESENTATION_CONTEXT('2D SPACE',''
  ) );
#11043 = PCURVE('',#11044,#11049);
#11044 = PLANE('',#11045);
#11045 = AXIS2_PLACEMENT_3D('',#11046,#11047,#11048);
#11046 = CARTESIAN_POINT('',(0.409851380042,0.124989384289,0.9));
#11047 = DIRECTION('',(0.939809912602,-0.341697714618,0.));
#11048 = DIRECTION('',(-0.341697714618,-0.939809912602,0.));
#11049 = DEFINITIONAL_REPRESENTATION('',(#11050),#11054);
#11050 = LINE('',#11051,#11052);
#11051 = CARTESIAN_POINT('',(0.,0.));
#11052 = VECTOR('',#11053,1.);
#11053 = DIRECTION('',(0.,-1.));
#11054 = ( GEOMETRIC_REPRESENTATION_CONTEXT(2) 
PARAMETRIC_REPRESENTATION_CONTEXT() REPRESENTATION_CONTEXT('2D SPACE',''
  ) );
#11055 = ORIENTED_EDGE('',*,*,#11056,.F.);
#11056 = EDGE_CURVE('',#10953,#11029,#11057,.T.);
#11057 = SURFACE_CURVE('',#11058,(#11062,#11069),.PCURVE_S1.);
#11058 = LINE('',#11059,#11060);
#11059 = CARTESIAN_POINT('',(0.596475583864,0.124989384289,0.9));
#11060 = VECTOR('',#11061,1.);
#11061 = DIRECTION('',(-1.,0.,0.));
#11062 = PCURVE('',#10968,#11063);
#11063 = DEFINITIONAL_REPRESENTATION('',(#11064),#11068);
#11064 = LINE('',#11065,#11066);
#11065 = CARTESIAN_POINT('',(0.,-0.));
#11066 = VECTOR('',#11067,1.);
#11067 = DIRECTION('',(1.,0.));
#11068 = ( GEOMETRIC_REPRESENTATION_CONTEXT(2) 
PARAMETRIC_REPRESENTATION_CONTEXT() REPRESENTATION_CONTEXT('2D SPACE',''
  ) );
#11069 = PCURVE('',#10913,#11070);
#11070 = DEFINITIONAL_REPRESENTATION('',(#11071),#11075);
#11071 = LINE('',#11072,#11073);
#11072 = CARTESIAN_POINT('',(9.241676626619E-02,-9.124560790561E-02));
#11073 = VECTOR('',#11074,1.);
#11074 = DIRECTION('',(-1.,0.));
#11075 = ( GEOMETRIC_REPRESENTATION_CONTEXT(2) 
PARAMETRIC_REPRESENTATION_CONTEXT() REPRESENTATION_CONTEXT('2D SPACE',''
  ) );
#11076 = ADVANCED_FACE('',(#11077),#11044,.T.);
#11077 = FACE_BOUND('',#11078,.T.);
#11078 = EDGE_LOOP('',(#11079,#11080,#11103,#11131));
#11079 = ORIENTED_EDGE('',*,*,#11028,.T.);
#11080 = ORIENTED_EDGE('',*,*,#11081,.T.);
#11081 = EDGE_CURVE('',#11006,#11082,#11084,.T.);
#11082 = VERTEX_POINT('',#11083);
#11083 = CARTESIAN_POINT('',(0.371316348195,1.900212314225E-02,0.903));
#11084 = SURFACE_CURVE('',#11085,(#11089,#11096),.PCURVE_S1.);
#11085 = LINE('',#11086,#11087);
#11086 = CARTESIAN_POINT('',(0.409851380042,0.124989384289,0.903));
#11087 = VECTOR('',#11088,1.);
#11088 = DIRECTION('',(-0.341697714618,-0.939809912602,0.));
#11089 = PCURVE('',#11044,#11090);
#11090 = DEFINITIONAL_REPRESENTATION('',(#11091),#11095);
#11091 = LINE('',#11092,#11093);
#11092 = CARTESIAN_POINT('',(0.,-3.E-03));
#11093 = VECTOR('',#11094,1.);
#11094 = DIRECTION('',(1.,0.));
#11095 = ( GEOMETRIC_REPRESENTATION_CONTEXT(2) 
PARAMETRIC_REPRESENTATION_CONTEXT() REPRESENTATION_CONTEXT('2D SPACE',''
  ) );
#11096 = PCURVE('',#10859,#11097);
#11097 = DEFINITIONAL_REPRESENTATION('',(#11098),#11102);
#11098 = LINE('',#11099,#11100);
#11099 = CARTESIAN_POINT('',(-9.420743755547E-02,-9.124560790561E-02));
#11100 = VECTOR('',#11101,1.);
#11101 = DIRECTION('',(-0.341697714618,-0.939809912602));
#11102 = ( GEOMETRIC_REPRESENTATION_CONTEXT(2) 
PARAMETRIC_REPRESENTATION_CONTEXT() REPRESENTATION_CONTEXT('2D SPACE',''
  ) );
#11103 = ORIENTED_EDGE('',*,*,#11104,.F.);
#11104 = EDGE_CURVE('',#11105,#11082,#11107,.T.);
#11105 = VERTEX_POINT('',#11106);
#11106 = CARTESIAN_POINT('',(0.371316348195,1.900212314225E-02,0.9));
#11107 = SURFACE_CURVE('',#11108,(#11112,#11119),.PCURVE_S1.);
#11108 = LINE('',#11109,#11110);
#11109 = CARTESIAN_POINT('',(0.371316348195,1.900212314225E-02,0.9));
#11110 = VECTOR('',#11111,1.);
#11111 = DIRECTION('',(0.,0.,1.));
#11112 = PCURVE('',#11044,#11113);
#11113 = DEFINITIONAL_REPRESENTATION('',(#11114),#11118);
#11114 = LINE('',#11115,#11116);
#11115 = CARTESIAN_POINT('',(0.11277521095,0.));
#11116 = VECTOR('',#11117,1.);
#11117 = DIRECTION('',(0.,-1.));
#11118 = ( GEOMETRIC_REPRESENTATION_CONTEXT(2) 
PARAMETRIC_REPRESENTATION_CONTEXT() REPRESENTATION_CONTEXT('2D SPACE',''
  ) );
#11119 = PCURVE('',#11120,#11125);
#11120 = PLANE('',#11121);
#11121 = AXIS2_PLACEMENT_3D('',#11122,#11123,#11124);
#11122 = CARTESIAN_POINT('',(0.371316348195,1.900212314225E-02,0.9));
#11123 = DIRECTION('',(0.,-1.,0.));
#11124 = DIRECTION('',(-1.,0.,0.));
#11125 = DEFINITIONAL_REPRESENTATION('',(#11126),#11130);
#11126 = LINE('',#11127,#11128);
#11127 = CARTESIAN_POINT('',(0.,-0.));
#11128 = VECTOR('',#11129,1.);
#11129 = DIRECTION('',(0.,-1.));
#11130 = ( GEOMETRIC_REPRESENTATION_CONTEXT(2) 
PARAMETRIC_REPRESENTATION_CONTEXT() REPRESENTATION_CONTEXT('2D SPACE',''
  ) );
#11131 = ORIENTED_EDGE('',*,*,#11132,.F.);
#11132 = EDGE_CURVE('',#11029,#11105,#11133,.T.);
#11133 = SURFACE_CURVE('',#11134,(#11138,#11145),.PCURVE_S1.);
#11134 = LINE('',#11135,#11136);
#11135 = CARTESIAN_POINT('',(0.409851380042,0.124989384289,0.9));
#11136 = VECTOR('',#11137,1.);
#11137 = DIRECTION('',(-0.341697714618,-0.939809912602,0.));
#11138 = PCURVE('',#11044,#11139);
#11139 = DEFINITIONAL_REPRESENTATION('',(#11140),#11144);
#11140 = LINE('',#11141,#11142);
#11141 = CARTESIAN_POINT('',(0.,0.));
#11142 = VECTOR('',#11143,1.);
#11143 = DIRECTION('',(1.,0.));
#11144 = ( GEOMETRIC_REPRESENTATION_CONTEXT(2) 
PARAMETRIC_REPRESENTATION_CONTEXT() REPRESENTATION_CONTEXT('2D SPACE',''
  ) );
#11145 = PCURVE('',#10913,#11146);
#11146 = DEFINITIONAL_REPRESENTATION('',(#11147),#11151);
#11147 = LINE('',#11148,#11149);
#11148 = CARTESIAN_POINT('',(-9.420743755547E-02,-9.124560790561E-02));
#11149 = VECTOR('',#11150,1.);
#11150 = DIRECTION('',(-0.341697714618,-0.939809912602));
#11151 = ( GEOMETRIC_REPRESENTATION_CONTEXT(2) 
PARAMETRIC_REPRESENTATION_CONTEXT() REPRESENTATION_CONTEXT('2D SPACE',''
  ) );
#11152 = ADVANCED_FACE('',(#11153),#11120,.T.);
#11153 = FACE_BOUND('',#11154,.T.);
#11154 = EDGE_LOOP('',(#11155,#11156,#11179,#11207));
#11155 = ORIENTED_EDGE('',*,*,#11104,.T.);
#11156 = ORIENTED_EDGE('',*,*,#11157,.T.);
#11157 = EDGE_CURVE('',#11082,#11158,#11160,.T.);
#11158 = VERTEX_POINT('',#11159);
#11159 = CARTESIAN_POINT('',(0.271316348195,1.900212314225E-02,0.903));
#11160 = SURFACE_CURVE('',#11161,(#11165,#11172),.PCURVE_S1.);
#11161 = LINE('',#11162,#11163);
#11162 = CARTESIAN_POINT('',(0.371316348195,1.900212314225E-02,0.903));
#11163 = VECTOR('',#11164,1.);
#11164 = DIRECTION('',(-1.,0.,0.));
#11165 = PCURVE('',#11120,#11166);
#11166 = DEFINITIONAL_REPRESENTATION('',(#11167),#11171);
#11167 = LINE('',#11168,#11169);
#11168 = CARTESIAN_POINT('',(0.,-3.E-03));
#11169 = VECTOR('',#11170,1.);
#11170 = DIRECTION('',(1.,0.));
#11171 = ( GEOMETRIC_REPRESENTATION_CONTEXT(2) 
PARAMETRIC_REPRESENTATION_CONTEXT() REPRESENTATION_CONTEXT('2D SPACE',''
  ) );
#11172 = PCURVE('',#10859,#11173);
#11173 = DEFINITIONAL_REPRESENTATION('',(#11174),#11178);
#11174 = LINE('',#11175,#11176);
#11175 = CARTESIAN_POINT('',(-0.132742469403,-0.197232869052));
#11176 = VECTOR('',#11177,1.);
#11177 = DIRECTION('',(-1.,0.));
#11178 = ( GEOMETRIC_REPRESENTATION_CONTEXT(2) 
PARAMETRIC_REPRESENTATION_CONTEXT() REPRESENTATION_CONTEXT('2D SPACE',''
  ) );
#11179 = ORIENTED_EDGE('',*,*,#11180,.F.);
#11180 = EDGE_CURVE('',#11181,#11158,#11183,.T.);
#11181 = VERTEX_POINT('',#11182);
#11182 = CARTESIAN_POINT('',(0.271316348195,1.900212314225E-02,0.9));
#11183 = SURFACE_CURVE('',#11184,(#11188,#11195),.PCURVE_S1.);
#11184 = LINE('',#11185,#11186);
#11185 = CARTESIAN_POINT('',(0.271316348195,1.900212314225E-02,0.9));
#11186 = VECTOR('',#11187,1.);
#11187 = DIRECTION('',(0.,0.,1.));
#11188 = PCURVE('',#11120,#11189);
#11189 = DEFINITIONAL_REPRESENTATION('',(#11190),#11194);
#11190 = LINE('',#11191,#11192);
#11191 = CARTESIAN_POINT('',(0.1,0.));
#11192 = VECTOR('',#11193,1.);
#11193 = DIRECTION('',(0.,-1.));
#11194 = ( GEOMETRIC_REPRESENTATION_CONTEXT(2) 
PARAMETRIC_REPRESENTATION_CONTEXT() REPRESENTATION_CONTEXT('2D SPACE',''
  ) );
#11195 = PCURVE('',#11196,#11201);
#11196 = PLANE('',#11197);
#11197 = AXIS2_PLACEMENT_3D('',#11198,#11199,#11200);
#11198 = CARTESIAN_POINT('',(0.271316348195,1.900212314225E-02,0.9));
#11199 = DIRECTION('',(-0.931958587943,0.362564739541,0.));
#11200 = DIRECTION('',(0.362564739541,0.931958587943,0.));
#11201 = DEFINITIONAL_REPRESENTATION('',(#11202),#11206);
#11202 = LINE('',#11203,#11204);
#11203 = CARTESIAN_POINT('',(0.,0.));
#11204 = VECTOR('',#11205,1.);
#11205 = DIRECTION('',(0.,-1.));
#11206 = ( GEOMETRIC_REPRESENTATION_CONTEXT(2) 
PARAMETRIC_REPRESENTATION_CONTEXT() REPRESENTATION_CONTEXT('2D SPACE',''
  ) );
#11207 = ORIENTED_EDGE('',*,*,#11208,.F.);
#11208 = EDGE_CURVE('',#11105,#11181,#11209,.T.);
#11209 = SURFACE_CURVE('',#11210,(#11214,#11221),.PCURVE_S1.);
#11210 = LINE('',#11211,#11212);
#11211 = CARTESIAN_POINT('',(0.371316348195,1.900212314225E-02,0.9));
#11212 = VECTOR('',#11213,1.);
#11213 = DIRECTION('',(-1.,0.,0.));
#11214 = PCURVE('',#11120,#11215);
#11215 = DEFINITIONAL_REPRESENTATION('',(#11216),#11220);
#11216 = LINE('',#11217,#11218);
#11217 = CARTESIAN_POINT('',(0.,-0.));
#11218 = VECTOR('',#11219,1.);
#11219 = DIRECTION('',(1.,0.));
#11220 = ( GEOMETRIC_REPRESENTATION_CONTEXT(2) 
PARAMETRIC_REPRESENTATION_CONTEXT() REPRESENTATION_CONTEXT('2D SPACE',''
  ) );
#11221 = PCURVE('',#10913,#11222);
#11222 = DEFINITIONAL_REPRESENTATION('',(#11223),#11227);
#11223 = LINE('',#11224,#11225);
#11224 = CARTESIAN_POINT('',(-0.132742469403,-0.197232869052));
#11225 = VECTOR('',#11226,1.);
#11226 = DIRECTION('',(-1.,0.));
#11227 = ( GEOMETRIC_REPRESENTATION_CONTEXT(2) 
PARAMETRIC_REPRESENTATION_CONTEXT() REPRESENTATION_CONTEXT('2D SPACE',''
  ) );
#11228 = ADVANCED_FACE('',(#11229),#11196,.T.);
#11229 = FACE_BOUND('',#11230,.T.);
#11230 = EDGE_LOOP('',(#11231,#11232,#11255,#11283));
#11231 = ORIENTED_EDGE('',*,*,#11180,.T.);
#11232 = ORIENTED_EDGE('',*,*,#11233,.T.);
#11233 = EDGE_CURVE('',#11158,#11234,#11236,.T.);
#11234 = VERTEX_POINT('',#11235);
#11235 = CARTESIAN_POINT('',(0.453163481953,0.486433121019,0.903));
#11236 = SURFACE_CURVE('',#11237,(#11241,#11248),.PCURVE_S1.);
#11237 = LINE('',#11238,#11239);
#11238 = CARTESIAN_POINT('',(0.271316348195,1.900212314225E-02,0.903));
#11239 = VECTOR('',#11240,1.);
#11240 = DIRECTION('',(0.362564739541,0.931958587943,0.));
#11241 = PCURVE('',#11196,#11242);
#11242 = DEFINITIONAL_REPRESENTATION('',(#11243),#11247);
#11243 = LINE('',#11244,#11245);
#11244 = CARTESIAN_POINT('',(0.,-3.E-03));
#11245 = VECTOR('',#11246,1.);
#11246 = DIRECTION('',(1.,0.));
#11247 = ( GEOMETRIC_REPRESENTATION_CONTEXT(2) 
PARAMETRIC_REPRESENTATION_CONTEXT() REPRESENTATION_CONTEXT('2D SPACE',''
  ) );
#11248 = PCURVE('',#10859,#11249);
#11249 = DEFINITIONAL_REPRESENTATION('',(#11250),#11254);
#11250 = LINE('',#11251,#11252);
#11251 = CARTESIAN_POINT('',(-0.232742469403,-0.197232869052));
#11252 = VECTOR('',#11253,1.);
#11253 = DIRECTION('',(0.362564739541,0.931958587943));
#11254 = ( GEOMETRIC_REPRESENTATION_CONTEXT(2) 
PARAMETRIC_REPRESENTATION_CONTEXT() REPRESENTATION_CONTEXT('2D SPACE',''
  ) );
#11255 = ORIENTED_EDGE('',*,*,#11256,.F.);
#11256 = EDGE_CURVE('',#11257,#11234,#11259,.T.);
#11257 = VERTEX_POINT('',#11258);
#11258 = CARTESIAN_POINT('',(0.453163481953,0.486433121019,0.9));
#11259 = SURFACE_CURVE('',#11260,(#11264,#11271),.PCURVE_S1.);
#11260 = LINE('',#11261,#11262);
#11261 = CARTESIAN_POINT('',(0.453163481953,0.486433121019,0.9));
#11262 = VECTOR('',#11263,1.);
#11263 = DIRECTION('',(0.,0.,1.));
#11264 = PCURVE('',#11196,#11265);
#11265 = DEFINITIONAL_REPRESENTATION('',(#11266),#11270);
#11266 = LINE('',#11267,#11268);
#11267 = CARTESIAN_POINT('',(0.50155769143,0.));
#11268 = VECTOR('',#11269,1.);
#11269 = DIRECTION('',(0.,-1.));
#11270 = ( GEOMETRIC_REPRESENTATION_CONTEXT(2) 
PARAMETRIC_REPRESENTATION_CONTEXT() REPRESENTATION_CONTEXT('2D SPACE',''
  ) );
#11271 = PCURVE('',#11272,#11277);
#11272 = PLANE('',#11273);
#11273 = AXIS2_PLACEMENT_3D('',#11274,#11275,#11276);
#11274 = CARTESIAN_POINT('',(0.453163481953,0.486433121019,0.9));
#11275 = DIRECTION('',(0.,1.,0.));
#11276 = DIRECTION('',(1.,0.,0.));
#11277 = DEFINITIONAL_REPRESENTATION('',(#11278),#11282);
#11278 = LINE('',#11279,#11280);
#11279 = CARTESIAN_POINT('',(0.,0.));
#11280 = VECTOR('',#11281,1.);
#11281 = DIRECTION('',(0.,-1.));
#11282 = ( GEOMETRIC_REPRESENTATION_CONTEXT(2) 
PARAMETRIC_REPRESENTATION_CONTEXT() REPRESENTATION_CONTEXT('2D SPACE',''
  ) );
#11283 = ORIENTED_EDGE('',*,*,#11284,.F.);
#11284 = EDGE_CURVE('',#11181,#11257,#11285,.T.);
#11285 = SURFACE_CURVE('',#11286,(#11290,#11297),.PCURVE_S1.);
#11286 = LINE('',#11287,#11288);
#11287 = CARTESIAN_POINT('',(0.271316348195,1.900212314225E-02,0.9));
#11288 = VECTOR('',#11289,1.);
#11289 = DIRECTION('',(0.362564739541,0.931958587943,0.));
#11290 = PCURVE('',#11196,#11291);
#11291 = DEFINITIONAL_REPRESENTATION('',(#11292),#11296);
#11292 = LINE('',#11293,#11294);
#11293 = CARTESIAN_POINT('',(0.,0.));
#11294 = VECTOR('',#11295,1.);
#11295 = DIRECTION('',(1.,0.));
#11296 = ( GEOMETRIC_REPRESENTATION_CONTEXT(2) 
PARAMETRIC_REPRESENTATION_CONTEXT() REPRESENTATION_CONTEXT('2D SPACE',''
  ) );
#11297 = PCURVE('',#10913,#11298);
#11298 = DEFINITIONAL_REPRESENTATION('',(#11299),#11303);
#11299 = LINE('',#11300,#11301);
#11300 = CARTESIAN_POINT('',(-0.232742469403,-0.197232869052));
#11301 = VECTOR('',#11302,1.);
#11302 = DIRECTION('',(0.362564739541,0.931958587943));
#11303 = ( GEOMETRIC_REPRESENTATION_CONTEXT(2) 
PARAMETRIC_REPRESENTATION_CONTEXT() REPRESENTATION_CONTEXT('2D SPACE',''
  ) );
#11304 = ADVANCED_FACE('',(#11305),#11272,.T.);
#11305 = FACE_BOUND('',#11306,.T.);
#11306 = EDGE_LOOP('',(#11307,#11308,#11331,#11354));
#11307 = ORIENTED_EDGE('',*,*,#11256,.T.);
#11308 = ORIENTED_EDGE('',*,*,#11309,.T.);
#11309 = EDGE_CURVE('',#11234,#11310,#11312,.T.);
#11310 = VERTEX_POINT('',#11311);
#11311 = CARTESIAN_POINT('',(0.552845010616,0.486433121019,0.903));
#11312 = SURFACE_CURVE('',#11313,(#11317,#11324),.PCURVE_S1.);
#11313 = LINE('',#11314,#11315);
#11314 = CARTESIAN_POINT('',(0.453163481953,0.486433121019,0.903));
#11315 = VECTOR('',#11316,1.);
#11316 = DIRECTION('',(1.,0.,0.));
#11317 = PCURVE('',#11272,#11318);
#11318 = DEFINITIONAL_REPRESENTATION('',(#11319),#11323);
#11319 = LINE('',#11320,#11321);
#11320 = CARTESIAN_POINT('',(0.,-3.E-03));
#11321 = VECTOR('',#11322,1.);
#11322 = DIRECTION('',(1.,0.));
#11323 = ( GEOMETRIC_REPRESENTATION_CONTEXT(2) 
PARAMETRIC_REPRESENTATION_CONTEXT() REPRESENTATION_CONTEXT('2D SPACE',''
  ) );
#11324 = PCURVE('',#10859,#11325);
#11325 = DEFINITIONAL_REPRESENTATION('',(#11326),#11330);
#11326 = LINE('',#11327,#11328);
#11327 = CARTESIAN_POINT('',(-5.089533564464E-02,0.270198128825));
#11328 = VECTOR('',#11329,1.);
#11329 = DIRECTION('',(1.,0.));
#11330 = ( GEOMETRIC_REPRESENTATION_CONTEXT(2) 
PARAMETRIC_REPRESENTATION_CONTEXT() REPRESENTATION_CONTEXT('2D SPACE',''
  ) );
#11331 = ORIENTED_EDGE('',*,*,#11332,.F.);
#11332 = EDGE_CURVE('',#11333,#11310,#11335,.T.);
#11333 = VERTEX_POINT('',#11334);
#11334 = CARTESIAN_POINT('',(0.552845010616,0.486433121019,0.9));
#11335 = SURFACE_CURVE('',#11336,(#11340,#11347),.PCURVE_S1.);
#11336 = LINE('',#11337,#11338);
#11337 = CARTESIAN_POINT('',(0.552845010616,0.486433121019,0.9));
#11338 = VECTOR('',#11339,1.);
#11339 = DIRECTION('',(0.,0.,1.));
#11340 = PCURVE('',#11272,#11341);
#11341 = DEFINITIONAL_REPRESENTATION('',(#11342),#11346);
#11342 = LINE('',#11343,#11344);
#11343 = CARTESIAN_POINT('',(9.968152866242E-02,0.));
#11344 = VECTOR('',#11345,1.);
#11345 = DIRECTION('',(0.,-1.));
#11346 = ( GEOMETRIC_REPRESENTATION_CONTEXT(2) 
PARAMETRIC_REPRESENTATION_CONTEXT() REPRESENTATION_CONTEXT('2D SPACE',''
  ) );
#11347 = PCURVE('',#10831,#11348);
#11348 = DEFINITIONAL_REPRESENTATION('',(#11349),#11353);
#11349 = LINE('',#11350,#11351);
#11350 = CARTESIAN_POINT('',(0.,0.));
#11351 = VECTOR('',#11352,1.);
#11352 = DIRECTION('',(0.,-1.));
#11353 = ( GEOMETRIC_REPRESENTATION_CONTEXT(2) 
PARAMETRIC_REPRESENTATION_CONTEXT() REPRESENTATION_CONTEXT('2D SPACE',''
  ) );
#11354 = ORIENTED_EDGE('',*,*,#11355,.F.);
#11355 = EDGE_CURVE('',#11257,#11333,#11356,.T.);
#11356 = SURFACE_CURVE('',#11357,(#11361,#11368),.PCURVE_S1.);
#11357 = LINE('',#11358,#11359);
#11358 = CARTESIAN_POINT('',(0.453163481953,0.486433121019,0.9));
#11359 = VECTOR('',#11360,1.);
#11360 = DIRECTION('',(1.,0.,0.));
#11361 = PCURVE('',#11272,#11362);
#11362 = DEFINITIONAL_REPRESENTATION('',(#11363),#11367);
#11363 = LINE('',#11364,#11365);
#11364 = CARTESIAN_POINT('',(0.,0.));
#11365 = VECTOR('',#11366,1.);
#11366 = DIRECTION('',(1.,0.));
#11367 = ( GEOMETRIC_REPRESENTATION_CONTEXT(2) 
PARAMETRIC_REPRESENTATION_CONTEXT() REPRESENTATION_CONTEXT('2D SPACE',''
  ) );
#11368 = PCURVE('',#10913,#11369);
#11369 = DEFINITIONAL_REPRESENTATION('',(#11370),#11374);
#11370 = LINE('',#11371,#11372);
#11371 = CARTESIAN_POINT('',(-5.089533564464E-02,0.270198128825));
#11372 = VECTOR('',#11373,1.);
#11373 = DIRECTION('',(1.,0.));
#11374 = ( GEOMETRIC_REPRESENTATION_CONTEXT(2) 
PARAMETRIC_REPRESENTATION_CONTEXT() REPRESENTATION_CONTEXT('2D SPACE',''
  ) );
#11375 = ADVANCED_FACE('',(#11376),#10831,.T.);
#11376 = FACE_BOUND('',#11377,.T.);
#11377 = EDGE_LOOP('',(#11378,#11379,#11400,#11401));
#11378 = ORIENTED_EDGE('',*,*,#11332,.T.);
#11379 = ORIENTED_EDGE('',*,*,#11380,.T.);
#11380 = EDGE_CURVE('',#11310,#10811,#11381,.T.);
#11381 = SURFACE_CURVE('',#11382,(#11386,#11393),.PCURVE_S1.);
#11382 = LINE('',#11383,#11384);
#11383 = CARTESIAN_POINT('',(0.552845010616,0.486433121019,0.903));
#11384 = VECTOR('',#11385,1.);
#11385 = DIRECTION('',(0.371339776455,-0.928497049226,0.));
#11386 = PCURVE('',#10831,#11387);
#11387 = DEFINITIONAL_REPRESENTATION('',(#11388),#11392);
#11388 = LINE('',#11389,#11390);
#11389 = CARTESIAN_POINT('',(0.,-3.E-03));
#11390 = VECTOR('',#11391,1.);
#11391 = DIRECTION('',(1.,0.));
#11392 = ( GEOMETRIC_REPRESENTATION_CONTEXT(2) 
PARAMETRIC_REPRESENTATION_CONTEXT() REPRESENTATION_CONTEXT('2D SPACE',''
  ) );
#11393 = PCURVE('',#10859,#11394);
#11394 = DEFINITIONAL_REPRESENTATION('',(#11395),#11399);
#11395 = LINE('',#11396,#11397);
#11396 = CARTESIAN_POINT('',(4.878619301778E-02,0.270198128825));
#11397 = VECTOR('',#11398,1.);
#11398 = DIRECTION('',(0.371339776455,-0.928497049226));
#11399 = ( GEOMETRIC_REPRESENTATION_CONTEXT(2) 
PARAMETRIC_REPRESENTATION_CONTEXT() REPRESENTATION_CONTEXT('2D SPACE',''
  ) );
#11400 = ORIENTED_EDGE('',*,*,#10808,.F.);
#11401 = ORIENTED_EDGE('',*,*,#11402,.F.);
#11402 = EDGE_CURVE('',#11333,#10809,#11403,.T.);
#11403 = SURFACE_CURVE('',#11404,(#11408,#11415),.PCURVE_S1.);
#11404 = LINE('',#11405,#11406);
#11405 = CARTESIAN_POINT('',(0.552845010616,0.486433121019,0.9));
#11406 = VECTOR('',#11407,1.);
#11407 = DIRECTION('',(0.371339776455,-0.928497049226,0.));
#11408 = PCURVE('',#10831,#11409);
#11409 = DEFINITIONAL_REPRESENTATION('',(#11410),#11414);
#11410 = LINE('',#11411,#11412);
#11411 = CARTESIAN_POINT('',(0.,0.));
#11412 = VECTOR('',#11413,1.);
#11413 = DIRECTION('',(1.,0.));
#11414 = ( GEOMETRIC_REPRESENTATION_CONTEXT(2) 
PARAMETRIC_REPRESENTATION_CONTEXT() REPRESENTATION_CONTEXT('2D SPACE',''
  ) );
#11415 = PCURVE('',#10913,#11416);
#11416 = DEFINITIONAL_REPRESENTATION('',(#11417),#11421);
#11417 = LINE('',#11418,#11419);
#11418 = CARTESIAN_POINT('',(4.878619301778E-02,0.270198128825));
#11419 = VECTOR('',#11420,1.);
#11420 = DIRECTION('',(0.371339776455,-0.928497049226));
#11421 = ( GEOMETRIC_REPRESENTATION_CONTEXT(2) 
PARAMETRIC_REPRESENTATION_CONTEXT() REPRESENTATION_CONTEXT('2D SPACE',''
  ) );
#11422 = ADVANCED_FACE('',(#11423),#11437,.T.);
#11423 = FACE_BOUND('',#11424,.T.);
#11424 = EDGE_LOOP('',(#11425,#11460,#11483,#11511));
#11425 = ORIENTED_EDGE('',*,*,#11426,.T.);
#11426 = EDGE_CURVE('',#11427,#11429,#11431,.T.);
#11427 = VERTEX_POINT('',#11428);
#11428 = CARTESIAN_POINT('',(0.566220806794,0.203800424628,0.9));
#11429 = VERTEX_POINT('',#11430);
#11430 = CARTESIAN_POINT('',(0.566220806794,0.203800424628,0.903));
#11431 = SURFACE_CURVE('',#11432,(#11436,#11448),.PCURVE_S1.);
#11432 = LINE('',#11433,#11434);
#11433 = CARTESIAN_POINT('',(0.566220806794,0.203800424628,0.9));
#11434 = VECTOR('',#11435,1.);
#11435 = DIRECTION('',(0.,0.,1.));
#11436 = PCURVE('',#11437,#11442);
#11437 = PLANE('',#11438);
#11438 = AXIS2_PLACEMENT_3D('',#11439,#11440,#11441);
#11439 = CARTESIAN_POINT('',(0.566220806794,0.203800424628,0.9));
#11440 = DIRECTION('',(-0.937900587543,-0.34690414798,0.));
#11441 = DIRECTION('',(-0.34690414798,0.937900587543,0.));
#11442 = DEFINITIONAL_REPRESENTATION('',(#11443),#11447);
#11443 = LINE('',#11444,#11445);
#11444 = CARTESIAN_POINT('',(0.,0.));
#11445 = VECTOR('',#11446,1.);
#11446 = DIRECTION('',(0.,-1.));
#11447 = ( GEOMETRIC_REPRESENTATION_CONTEXT(2) 
PARAMETRIC_REPRESENTATION_CONTEXT() REPRESENTATION_CONTEXT('2D SPACE',''
  ) );
#11448 = PCURVE('',#11449,#11454);
#11449 = PLANE('',#11450);
#11450 = AXIS2_PLACEMENT_3D('',#11451,#11452,#11453);
#11451 = CARTESIAN_POINT('',(0.438832271762,0.203800424628,0.9));
#11452 = DIRECTION('',(0.,1.,0.));
#11453 = DIRECTION('',(1.,0.,0.));
#11454 = DEFINITIONAL_REPRESENTATION('',(#11455),#11459);
#11455 = LINE('',#11456,#11457);
#11456 = CARTESIAN_POINT('',(0.127388535032,0.));
#11457 = VECTOR('',#11458,1.);
#11458 = DIRECTION('',(0.,-1.));
#11459 = ( GEOMETRIC_REPRESENTATION_CONTEXT(2) 
PARAMETRIC_REPRESENTATION_CONTEXT() REPRESENTATION_CONTEXT('2D SPACE',''
  ) );
#11460 = ORIENTED_EDGE('',*,*,#11461,.T.);
#11461 = EDGE_CURVE('',#11429,#11462,#11464,.T.);
#11462 = VERTEX_POINT('',#11463);
#11463 = CARTESIAN_POINT('',(0.501889596603,0.377728237792,0.903));
#11464 = SURFACE_CURVE('',#11465,(#11469,#11476),.PCURVE_S1.);
#11465 = LINE('',#11466,#11467);
#11466 = CARTESIAN_POINT('',(0.566220806794,0.203800424628,0.903));
#11467 = VECTOR('',#11468,1.);
#11468 = DIRECTION('',(-0.34690414798,0.937900587543,0.));
#11469 = PCURVE('',#11437,#11470);
#11470 = DEFINITIONAL_REPRESENTATION('',(#11471),#11475);
#11471 = LINE('',#11472,#11473);
#11472 = CARTESIAN_POINT('',(0.,-3.E-03));
#11473 = VECTOR('',#11474,1.);
#11474 = DIRECTION('',(1.,0.));
#11475 = ( GEOMETRIC_REPRESENTATION_CONTEXT(2) 
PARAMETRIC_REPRESENTATION_CONTEXT() REPRESENTATION_CONTEXT('2D SPACE',''
  ) );
#11476 = PCURVE('',#10859,#11477);
#11477 = DEFINITIONAL_REPRESENTATION('',(#11478),#11482);
#11478 = LINE('',#11479,#11480);
#11479 = CARTESIAN_POINT('',(6.216198919612E-02,-1.243456756591E-02));
#11480 = VECTOR('',#11481,1.);
#11481 = DIRECTION('',(-0.34690414798,0.937900587543));
#11482 = ( GEOMETRIC_REPRESENTATION_CONTEXT(2) 
PARAMETRIC_REPRESENTATION_CONTEXT() REPRESENTATION_CONTEXT('2D SPACE',''
  ) );
#11483 = ORIENTED_EDGE('',*,*,#11484,.F.);
#11484 = EDGE_CURVE('',#11485,#11462,#11487,.T.);
#11485 = VERTEX_POINT('',#11486);
#11486 = CARTESIAN_POINT('',(0.501889596603,0.377728237792,0.9));
#11487 = SURFACE_CURVE('',#11488,(#11492,#11499),.PCURVE_S1.);
#11488 = LINE('',#11489,#11490);
#11489 = CARTESIAN_POINT('',(0.501889596603,0.377728237792,0.9));
#11490 = VECTOR('',#11491,1.);
#11491 = DIRECTION('',(0.,0.,1.));
#11492 = PCURVE('',#11437,#11493);
#11493 = DEFINITIONAL_REPRESENTATION('',(#11494),#11498);
#11494 = LINE('',#11495,#11496);
#11495 = CARTESIAN_POINT('',(0.185443761816,0.));
#11496 = VECTOR('',#11497,1.);
#11497 = DIRECTION('',(0.,-1.));
#11498 = ( GEOMETRIC_REPRESENTATION_CONTEXT(2) 
PARAMETRIC_REPRESENTATION_CONTEXT() REPRESENTATION_CONTEXT('2D SPACE',''
  ) );
#11499 = PCURVE('',#11500,#11505);
#11500 = PLANE('',#11501);
#11501 = AXIS2_PLACEMENT_3D('',#11502,#11503,#11504);
#11502 = CARTESIAN_POINT('',(0.501889596603,0.377728237792,0.9));
#11503 = DIRECTION('',(0.940121356633,-0.340839896143,0.));
#11504 = DIRECTION('',(-0.340839896143,-0.940121356633,0.));
#11505 = DEFINITIONAL_REPRESENTATION('',(#11506),#11510);
#11506 = LINE('',#11507,#11508);
#11507 = CARTESIAN_POINT('',(0.,0.));
#11508 = VECTOR('',#11509,1.);
#11509 = DIRECTION('',(0.,-1.));
#11510 = ( GEOMETRIC_REPRESENTATION_CONTEXT(2) 
PARAMETRIC_REPRESENTATION_CONTEXT() REPRESENTATION_CONTEXT('2D SPACE',''
  ) );
#11511 = ORIENTED_EDGE('',*,*,#11512,.F.);
#11512 = EDGE_CURVE('',#11427,#11485,#11513,.T.);
#11513 = SURFACE_CURVE('',#11514,(#11518,#11525),.PCURVE_S1.);
#11514 = LINE('',#11515,#11516);
#11515 = CARTESIAN_POINT('',(0.566220806794,0.203800424628,0.9));
#11516 = VECTOR('',#11517,1.);
#11517 = DIRECTION('',(-0.34690414798,0.937900587543,0.));
#11518 = PCURVE('',#11437,#11519);
#11519 = DEFINITIONAL_REPRESENTATION('',(#11520),#11524);
#11520 = LINE('',#11521,#11522);
#11521 = CARTESIAN_POINT('',(0.,0.));
#11522 = VECTOR('',#11523,1.);
#11523 = DIRECTION('',(1.,0.));
#11524 = ( GEOMETRIC_REPRESENTATION_CONTEXT(2) 
PARAMETRIC_REPRESENTATION_CONTEXT() REPRESENTATION_CONTEXT('2D SPACE',''
  ) );
#11525 = PCURVE('',#10913,#11526);
#11526 = DEFINITIONAL_REPRESENTATION('',(#11527),#11531);
#11527 = LINE('',#11528,#11529);
#11528 = CARTESIAN_POINT('',(6.216198919612E-02,-1.243456756591E-02));
#11529 = VECTOR('',#11530,1.);
#11530 = DIRECTION('',(-0.34690414798,0.937900587543));
#11531 = ( GEOMETRIC_REPRESENTATION_CONTEXT(2) 
PARAMETRIC_REPRESENTATION_CONTEXT() REPRESENTATION_CONTEXT('2D SPACE',''
  ) );
#11532 = ADVANCED_FACE('',(#11533),#11500,.T.);
#11533 = FACE_BOUND('',#11534,.T.);
#11534 = EDGE_LOOP('',(#11535,#11536,#11559,#11582));
#11535 = ORIENTED_EDGE('',*,*,#11484,.T.);
#11536 = ORIENTED_EDGE('',*,*,#11537,.T.);
#11537 = EDGE_CURVE('',#11462,#11538,#11540,.T.);
#11538 = VERTEX_POINT('',#11539);
#11539 = CARTESIAN_POINT('',(0.438832271762,0.203800424628,0.903));
#11540 = SURFACE_CURVE('',#11541,(#11545,#11552),.PCURVE_S1.);
#11541 = LINE('',#11542,#11543);
#11542 = CARTESIAN_POINT('',(0.501889596603,0.377728237792,0.903));
#11543 = VECTOR('',#11544,1.);
#11544 = DIRECTION('',(-0.340839896143,-0.940121356633,0.));
#11545 = PCURVE('',#11500,#11546);
#11546 = DEFINITIONAL_REPRESENTATION('',(#11547),#11551);
#11547 = LINE('',#11548,#11549);
#11548 = CARTESIAN_POINT('',(0.,-3.E-03));
#11549 = VECTOR('',#11550,1.);
#11550 = DIRECTION('',(1.,0.));
#11551 = ( GEOMETRIC_REPRESENTATION_CONTEXT(2) 
PARAMETRIC_REPRESENTATION_CONTEXT() REPRESENTATION_CONTEXT('2D SPACE',''
  ) );
#11552 = PCURVE('',#10859,#11553);
#11553 = DEFINITIONAL_REPRESENTATION('',(#11554),#11558);
#11554 = LINE('',#11555,#11556);
#11555 = CARTESIAN_POINT('',(-2.169220994959E-03,0.161493245598));
#11556 = VECTOR('',#11557,1.);
#11557 = DIRECTION('',(-0.340839896143,-0.940121356633));
#11558 = ( GEOMETRIC_REPRESENTATION_CONTEXT(2) 
PARAMETRIC_REPRESENTATION_CONTEXT() REPRESENTATION_CONTEXT('2D SPACE',''
  ) );
#11559 = ORIENTED_EDGE('',*,*,#11560,.F.);
#11560 = EDGE_CURVE('',#11561,#11538,#11563,.T.);
#11561 = VERTEX_POINT('',#11562);
#11562 = CARTESIAN_POINT('',(0.438832271762,0.203800424628,0.9));
#11563 = SURFACE_CURVE('',#11564,(#11568,#11575),.PCURVE_S1.);
#11564 = LINE('',#11565,#11566);
#11565 = CARTESIAN_POINT('',(0.438832271762,0.203800424628,0.9));
#11566 = VECTOR('',#11567,1.);
#11567 = DIRECTION('',(0.,0.,1.));
#11568 = PCURVE('',#11500,#11569);
#11569 = DEFINITIONAL_REPRESENTATION('',(#11570),#11574);
#11570 = LINE('',#11571,#11572);
#11571 = CARTESIAN_POINT('',(0.185005703717,0.));
#11572 = VECTOR('',#11573,1.);
#11573 = DIRECTION('',(0.,-1.));
#11574 = ( GEOMETRIC_REPRESENTATION_CONTEXT(2) 
PARAMETRIC_REPRESENTATION_CONTEXT() REPRESENTATION_CONTEXT('2D SPACE',''
  ) );
#11575 = PCURVE('',#11449,#11576);
#11576 = DEFINITIONAL_REPRESENTATION('',(#11577),#11581);
#11577 = LINE('',#11578,#11579);
#11578 = CARTESIAN_POINT('',(0.,0.));
#11579 = VECTOR('',#11580,1.);
#11580 = DIRECTION('',(0.,-1.));
#11581 = ( GEOMETRIC_REPRESENTATION_CONTEXT(2) 
PARAMETRIC_REPRESENTATION_CONTEXT() REPRESENTATION_CONTEXT('2D SPACE',''
  ) );
#11582 = ORIENTED_EDGE('',*,*,#11583,.F.);
#11583 = EDGE_CURVE('',#11485,#11561,#11584,.T.);
#11584 = SURFACE_CURVE('',#11585,(#11589,#11596),.PCURVE_S1.);
#11585 = LINE('',#11586,#11587);
#11586 = CARTESIAN_POINT('',(0.501889596603,0.377728237792,0.9));
#11587 = VECTOR('',#11588,1.);
#11588 = DIRECTION('',(-0.340839896143,-0.940121356633,0.));
#11589 = PCURVE('',#11500,#11590);
#11590 = DEFINITIONAL_REPRESENTATION('',(#11591),#11595);
#11591 = LINE('',#11592,#11593);
#11592 = CARTESIAN_POINT('',(0.,0.));
#11593 = VECTOR('',#11594,1.);
#11594 = DIRECTION('',(1.,0.));
#11595 = ( GEOMETRIC_REPRESENTATION_CONTEXT(2) 
PARAMETRIC_REPRESENTATION_CONTEXT() REPRESENTATION_CONTEXT('2D SPACE',''
  ) );
#11596 = PCURVE('',#10913,#11597);
#11597 = DEFINITIONAL_REPRESENTATION('',(#11598),#11602);
#11598 = LINE('',#11599,#11600);
#11599 = CARTESIAN_POINT('',(-2.169220994959E-03,0.161493245598));
#11600 = VECTOR('',#11601,1.);
#11601 = DIRECTION('',(-0.340839896143,-0.940121356633));
#11602 = ( GEOMETRIC_REPRESENTATION_CONTEXT(2) 
PARAMETRIC_REPRESENTATION_CONTEXT() REPRESENTATION_CONTEXT('2D SPACE',''
  ) );
#11603 = ADVANCED_FACE('',(#11604),#11449,.T.);
#11604 = FACE_BOUND('',#11605,.T.);
#11605 = EDGE_LOOP('',(#11606,#11607,#11628,#11629));
#11606 = ORIENTED_EDGE('',*,*,#11560,.T.);
#11607 = ORIENTED_EDGE('',*,*,#11608,.T.);
#11608 = EDGE_CURVE('',#11538,#11429,#11609,.T.);
#11609 = SURFACE_CURVE('',#11610,(#11614,#11621),.PCURVE_S1.);
#11610 = LINE('',#11611,#11612);
#11611 = CARTESIAN_POINT('',(0.438832271762,0.203800424628,0.903));
#11612 = VECTOR('',#11613,1.);
#11613 = DIRECTION('',(1.,0.,0.));
#11614 = PCURVE('',#11449,#11615);
#11615 = DEFINITIONAL_REPRESENTATION('',(#11616),#11620);
#11616 = LINE('',#11617,#11618);
#11617 = CARTESIAN_POINT('',(0.,-3.E-03));
#11618 = VECTOR('',#11619,1.);
#11619 = DIRECTION('',(1.,0.));
#11620 = ( GEOMETRIC_REPRESENTATION_CONTEXT(2) 
PARAMETRIC_REPRESENTATION_CONTEXT() REPRESENTATION_CONTEXT('2D SPACE',''
  ) );
#11621 = PCURVE('',#10859,#11622);
#11622 = DEFINITIONAL_REPRESENTATION('',(#11623),#11627);
#11623 = LINE('',#11624,#11625);
#11624 = CARTESIAN_POINT('',(-6.522654583572E-02,-1.243456756591E-02));
#11625 = VECTOR('',#11626,1.);
#11626 = DIRECTION('',(1.,0.));
#11627 = ( GEOMETRIC_REPRESENTATION_CONTEXT(2) 
PARAMETRIC_REPRESENTATION_CONTEXT() REPRESENTATION_CONTEXT('2D SPACE',''
  ) );
#11628 = ORIENTED_EDGE('',*,*,#11426,.F.);
#11629 = ORIENTED_EDGE('',*,*,#11630,.F.);
#11630 = EDGE_CURVE('',#11561,#11427,#11631,.T.);
#11631 = SURFACE_CURVE('',#11632,(#11636,#11643),.PCURVE_S1.);
#11632 = LINE('',#11633,#11634);
#11633 = CARTESIAN_POINT('',(0.438832271762,0.203800424628,0.9));
#11634 = VECTOR('',#11635,1.);
#11635 = DIRECTION('',(1.,0.,0.));
#11636 = PCURVE('',#11449,#11637);
#11637 = DEFINITIONAL_REPRESENTATION('',(#11638),#11642);
#11638 = LINE('',#11639,#11640);
#11639 = CARTESIAN_POINT('',(0.,0.));
#11640 = VECTOR('',#11641,1.);
#11641 = DIRECTION('',(1.,0.));
#11642 = ( GEOMETRIC_REPRESENTATION_CONTEXT(2) 
PARAMETRIC_REPRESENTATION_CONTEXT() REPRESENTATION_CONTEXT('2D SPACE',''
  ) );
#11643 = PCURVE('',#10913,#11644);
#11644 = DEFINITIONAL_REPRESENTATION('',(#11645),#11649);
#11645 = LINE('',#11646,#11647);
#11646 = CARTESIAN_POINT('',(-6.522654583572E-02,-1.243456756591E-02));
#11647 = VECTOR('',#11648,1.);
#11648 = DIRECTION('',(1.,0.));
#11649 = ( GEOMETRIC_REPRESENTATION_CONTEXT(2) 
PARAMETRIC_REPRESENTATION_CONTEXT() REPRESENTATION_CONTEXT('2D SPACE',''
  ) );
#11650 = ADVANCED_FACE('',(#11651,#11661),#10913,.F.);
#11651 = FACE_BOUND('',#11652,.T.);
#11652 = EDGE_LOOP('',(#11653,#11654,#11655,#11656,#11657,#11658,#11659,
    #11660));
#11653 = ORIENTED_EDGE('',*,*,#10899,.T.);
#11654 = ORIENTED_EDGE('',*,*,#10980,.T.);
#11655 = ORIENTED_EDGE('',*,*,#11056,.T.);
#11656 = ORIENTED_EDGE('',*,*,#11132,.T.);
#11657 = ORIENTED_EDGE('',*,*,#11208,.T.);
#11658 = ORIENTED_EDGE('',*,*,#11284,.T.);
#11659 = ORIENTED_EDGE('',*,*,#11355,.T.);
#11660 = ORIENTED_EDGE('',*,*,#11402,.T.);
#11661 = FACE_BOUND('',#11662,.T.);
#11662 = EDGE_LOOP('',(#11663,#11664,#11665));
#11663 = ORIENTED_EDGE('',*,*,#11512,.T.);
#11664 = ORIENTED_EDGE('',*,*,#11583,.T.);
#11665 = ORIENTED_EDGE('',*,*,#11630,.T.);
#11666 = ADVANCED_FACE('',(#11667,#11677),#10859,.T.);
#11667 = FACE_BOUND('',#11668,.F.);
#11668 = EDGE_LOOP('',(#11669,#11670,#11671,#11672,#11673,#11674,#11675,
    #11676));
#11669 = ORIENTED_EDGE('',*,*,#10843,.T.);
#11670 = ORIENTED_EDGE('',*,*,#10929,.T.);
#11671 = ORIENTED_EDGE('',*,*,#11005,.T.);
#11672 = ORIENTED_EDGE('',*,*,#11081,.T.);
#11673 = ORIENTED_EDGE('',*,*,#11157,.T.);
#11674 = ORIENTED_EDGE('',*,*,#11233,.T.);
#11675 = ORIENTED_EDGE('',*,*,#11309,.T.);
#11676 = ORIENTED_EDGE('',*,*,#11380,.T.);
#11677 = FACE_BOUND('',#11678,.F.);
#11678 = EDGE_LOOP('',(#11679,#11680,#11681));
#11679 = ORIENTED_EDGE('',*,*,#11461,.T.);
#11680 = ORIENTED_EDGE('',*,*,#11537,.T.);
#11681 = ORIENTED_EDGE('',*,*,#11608,.T.);
#11682 = MANIFOLD_SOLID_BREP('',#11683);
#11683 = CLOSED_SHELL('',(#11684,#11804,#11880,#11956,#12032,#12108,
    #12179,#12226,#12236));
#11684 = ADVANCED_FACE('',(#11685),#11699,.T.);
#11685 = FACE_BOUND('',#11686,.T.);
#11686 = EDGE_LOOP('',(#11687,#11722,#11750,#11778));
#11687 = ORIENTED_EDGE('',*,*,#11688,.T.);
#11688 = EDGE_CURVE('',#11689,#11691,#11693,.T.);
#11689 = VERTEX_POINT('',#11690);
#11690 = CARTESIAN_POINT('',(0.860467091295,1.900212314225E-02,0.9));
#11691 = VERTEX_POINT('',#11692);
#11692 = CARTESIAN_POINT('',(0.860467091295,1.900212314225E-02,0.903));
#11693 = SURFACE_CURVE('',#11694,(#11698,#11710),.PCURVE_S1.);
#11694 = LINE('',#11695,#11696);
#11695 = CARTESIAN_POINT('',(0.860467091295,1.900212314225E-02,0.9));
#11696 = VECTOR('',#11697,1.);
#11697 = DIRECTION('',(0.,0.,1.));
#11698 = PCURVE('',#11699,#11704);
#11699 = PLANE('',#11700);
#11700 = AXIS2_PLACEMENT_3D('',#11701,#11702,#11703);
#11701 = CARTESIAN_POINT('',(0.860467091295,1.900212314225E-02,0.9));
#11702 = DIRECTION('',(-0.941780617664,-0.336228000311,0.));
#11703 = DIRECTION('',(-0.336228000311,0.941780617664,0.));
#11704 = DEFINITIONAL_REPRESENTATION('',(#11705),#11709);
#11705 = LINE('',#11706,#11707);
#11706 = CARTESIAN_POINT('',(0.,0.));
#11707 = VECTOR('',#11708,1.);
#11708 = DIRECTION('',(0.,-1.));
#11709 = ( GEOMETRIC_REPRESENTATION_CONTEXT(2) 
PARAMETRIC_REPRESENTATION_CONTEXT() REPRESENTATION_CONTEXT('2D SPACE',''
  ) );
#11710 = PCURVE('',#11711,#11716);
#11711 = PLANE('',#11712);
#11712 = AXIS2_PLACEMENT_3D('',#11713,#11714,#11715);
#11713 = CARTESIAN_POINT('',(0.96110403397,1.900212314225E-02,0.9));
#11714 = DIRECTION('',(0.,-1.,0.));
#11715 = DIRECTION('',(-1.,0.,0.));
#11716 = DEFINITIONAL_REPRESENTATION('',(#11717),#11721);
#11717 = LINE('',#11718,#11719);
#11718 = CARTESIAN_POINT('',(0.100636942675,0.));
#11719 = VECTOR('',#11720,1.);
#11720 = DIRECTION('',(0.,-1.));
#11721 = ( GEOMETRIC_REPRESENTATION_CONTEXT(2) 
PARAMETRIC_REPRESENTATION_CONTEXT() REPRESENTATION_CONTEXT('2D SPACE',''
  ) );
#11722 = ORIENTED_EDGE('',*,*,#11723,.T.);
#11723 = EDGE_CURVE('',#11691,#11724,#11726,.T.);
#11724 = VERTEX_POINT('',#11725);
#11725 = CARTESIAN_POINT('',(0.693588110403,0.486433121019,0.903));
#11726 = SURFACE_CURVE('',#11727,(#11731,#11738),.PCURVE_S1.);
#11727 = LINE('',#11728,#11729);
#11728 = CARTESIAN_POINT('',(0.860467091295,1.900212314225E-02,0.903));
#11729 = VECTOR('',#11730,1.);
#11730 = DIRECTION('',(-0.336228000311,0.941780617664,0.));
#11731 = PCURVE('',#11699,#11732);
#11732 = DEFINITIONAL_REPRESENTATION('',(#11733),#11737);
#11733 = LINE('',#11734,#11735);
#11734 = CARTESIAN_POINT('',(0.,-3.E-03));
#11735 = VECTOR('',#11736,1.);
#11736 = DIRECTION('',(1.,0.));
#11737 = ( GEOMETRIC_REPRESENTATION_CONTEXT(2) 
PARAMETRIC_REPRESENTATION_CONTEXT() REPRESENTATION_CONTEXT('2D SPACE',''
  ) );
#11738 = PCURVE('',#11739,#11744);
#11739 = PLANE('',#11740);
#11740 = AXIS2_PLACEMENT_3D('',#11741,#11742,#11743);
#11741 = CARTESIAN_POINT('',(0.911488878748,0.28624331004,0.903));
#11742 = DIRECTION('',(0.,0.,1.));
#11743 = DIRECTION('',(1.,0.,-0.));
#11744 = DEFINITIONAL_REPRESENTATION('',(#11745),#11749);
#11745 = LINE('',#11746,#11747);
#11746 = CARTESIAN_POINT('',(-5.102178745334E-02,-0.267241186898));
#11747 = VECTOR('',#11748,1.);
#11748 = DIRECTION('',(-0.336228000311,0.941780617664));
#11749 = ( GEOMETRIC_REPRESENTATION_CONTEXT(2) 
PARAMETRIC_REPRESENTATION_CONTEXT() REPRESENTATION_CONTEXT('2D SPACE',''
  ) );
#11750 = ORIENTED_EDGE('',*,*,#11751,.F.);
#11751 = EDGE_CURVE('',#11752,#11724,#11754,.T.);
#11752 = VERTEX_POINT('',#11753);
#11753 = CARTESIAN_POINT('',(0.693588110403,0.486433121019,0.9));
#11754 = SURFACE_CURVE('',#11755,(#11759,#11766),.PCURVE_S1.);
#11755 = LINE('',#11756,#11757);
#11756 = CARTESIAN_POINT('',(0.693588110403,0.486433121019,0.9));
#11757 = VECTOR('',#11758,1.);
#11758 = DIRECTION('',(0.,0.,1.));
#11759 = PCURVE('',#11699,#11760);
#11760 = DEFINITIONAL_REPRESENTATION('',(#11761),#11765);
#11761 = LINE('',#11762,#11763);
#11762 = CARTESIAN_POINT('',(0.496326839935,0.));
#11763 = VECTOR('',#11764,1.);
#11764 = DIRECTION('',(0.,-1.));
#11765 = ( GEOMETRIC_REPRESENTATION_CONTEXT(2) 
PARAMETRIC_REPRESENTATION_CONTEXT() REPRESENTATION_CONTEXT('2D SPACE',''
  ) );
#11766 = PCURVE('',#11767,#11772);
#11767 = PLANE('',#11768);
#11768 = AXIS2_PLACEMENT_3D('',#11769,#11770,#11771);
#11769 = CARTESIAN_POINT('',(0.693588110403,0.486433121019,0.9));
#11770 = DIRECTION('',(0.,1.,0.));
#11771 = DIRECTION('',(1.,0.,0.));
#11772 = DEFINITIONAL_REPRESENTATION('',(#11773),#11777);
#11773 = LINE('',#11774,#11775);
#11774 = CARTESIAN_POINT('',(0.,0.));
#11775 = VECTOR('',#11776,1.);
#11776 = DIRECTION('',(0.,-1.));
#11777 = ( GEOMETRIC_REPRESENTATION_CONTEXT(2) 
PARAMETRIC_REPRESENTATION_CONTEXT() REPRESENTATION_CONTEXT('2D SPACE',''
  ) );
#11778 = ORIENTED_EDGE('',*,*,#11779,.F.);
#11779 = EDGE_CURVE('',#11689,#11752,#11780,.T.);
#11780 = SURFACE_CURVE('',#11781,(#11785,#11792),.PCURVE_S1.);
#11781 = LINE('',#11782,#11783);
#11782 = CARTESIAN_POINT('',(0.860467091295,1.900212314225E-02,0.9));
#11783 = VECTOR('',#11784,1.);
#11784 = DIRECTION('',(-0.336228000311,0.941780617664,0.));
#11785 = PCURVE('',#11699,#11786);
#11786 = DEFINITIONAL_REPRESENTATION('',(#11787),#11791);
#11787 = LINE('',#11788,#11789);
#11788 = CARTESIAN_POINT('',(0.,0.));
#11789 = VECTOR('',#11790,1.);
#11790 = DIRECTION('',(1.,0.));
#11791 = ( GEOMETRIC_REPRESENTATION_CONTEXT(2) 
PARAMETRIC_REPRESENTATION_CONTEXT() REPRESENTATION_CONTEXT('2D SPACE',''
  ) );
#11792 = PCURVE('',#11793,#11798);
#11793 = PLANE('',#11794);
#11794 = AXIS2_PLACEMENT_3D('',#11795,#11796,#11797);
#11795 = CARTESIAN_POINT('',(0.911488878748,0.28624331004,0.9));
#11796 = DIRECTION('',(0.,0.,1.));
#11797 = DIRECTION('',(1.,0.,-0.));
#11798 = DEFINITIONAL_REPRESENTATION('',(#11799),#11803);
#11799 = LINE('',#11800,#11801);
#11800 = CARTESIAN_POINT('',(-5.102178745334E-02,-0.267241186898));
#11801 = VECTOR('',#11802,1.);
#11802 = DIRECTION('',(-0.336228000311,0.941780617664));
#11803 = ( GEOMETRIC_REPRESENTATION_CONTEXT(2) 
PARAMETRIC_REPRESENTATION_CONTEXT() REPRESENTATION_CONTEXT('2D SPACE',''
  ) );
#11804 = ADVANCED_FACE('',(#11805),#11767,.T.);
#11805 = FACE_BOUND('',#11806,.T.);
#11806 = EDGE_LOOP('',(#11807,#11808,#11831,#11859));
#11807 = ORIENTED_EDGE('',*,*,#11751,.T.);
#11808 = ORIENTED_EDGE('',*,*,#11809,.T.);
#11809 = EDGE_CURVE('',#11724,#11810,#11812,.T.);
#11810 = VERTEX_POINT('',#11811);
#11811 = CARTESIAN_POINT('',(0.795817409766,0.486433121019,0.903));
#11812 = SURFACE_CURVE('',#11813,(#11817,#11824),.PCURVE_S1.);
#11813 = LINE('',#11814,#11815);
#11814 = CARTESIAN_POINT('',(0.693588110403,0.486433121019,0.903));
#11815 = VECTOR('',#11816,1.);
#11816 = DIRECTION('',(1.,0.,0.));
#11817 = PCURVE('',#11767,#11818);
#11818 = DEFINITIONAL_REPRESENTATION('',(#11819),#11823);
#11819 = LINE('',#11820,#11821);
#11820 = CARTESIAN_POINT('',(0.,-3.E-03));
#11821 = VECTOR('',#11822,1.);
#11822 = DIRECTION('',(1.,0.));
#11823 = ( GEOMETRIC_REPRESENTATION_CONTEXT(2) 
PARAMETRIC_REPRESENTATION_CONTEXT() REPRESENTATION_CONTEXT('2D SPACE',''
  ) );
#11824 = PCURVE('',#11739,#11825);
#11825 = DEFINITIONAL_REPRESENTATION('',(#11826),#11830);
#11826 = LINE('',#11827,#11828);
#11827 = CARTESIAN_POINT('',(-0.217900768345,0.200189810979));
#11828 = VECTOR('',#11829,1.);
#11829 = DIRECTION('',(1.,0.));
#11830 = ( GEOMETRIC_REPRESENTATION_CONTEXT(2) 
PARAMETRIC_REPRESENTATION_CONTEXT() REPRESENTATION_CONTEXT('2D SPACE',''
  ) );
#11831 = ORIENTED_EDGE('',*,*,#11832,.F.);
#11832 = EDGE_CURVE('',#11833,#11810,#11835,.T.);
#11833 = VERTEX_POINT('',#11834);
#11834 = CARTESIAN_POINT('',(0.795817409766,0.486433121019,0.9));
#11835 = SURFACE_CURVE('',#11836,(#11840,#11847),.PCURVE_S1.);
#11836 = LINE('',#11837,#11838);
#11837 = CARTESIAN_POINT('',(0.795817409766,0.486433121019,0.9));
#11838 = VECTOR('',#11839,1.);
#11839 = DIRECTION('',(0.,0.,1.));
#11840 = PCURVE('',#11767,#11841);
#11841 = DEFINITIONAL_REPRESENTATION('',(#11842),#11846);
#11842 = LINE('',#11843,#11844);
#11843 = CARTESIAN_POINT('',(0.102229299363,0.));
#11844 = VECTOR('',#11845,1.);
#11845 = DIRECTION('',(0.,-1.));
#11846 = ( GEOMETRIC_REPRESENTATION_CONTEXT(2) 
PARAMETRIC_REPRESENTATION_CONTEXT() REPRESENTATION_CONTEXT('2D SPACE',''
  ) );
#11847 = PCURVE('',#11848,#11853);
#11848 = PLANE('',#11849);
#11849 = AXIS2_PLACEMENT_3D('',#11850,#11851,#11852);
#11850 = CARTESIAN_POINT('',(0.795817409766,0.486433121019,0.9));
#11851 = DIRECTION('',(0.946486031931,0.322744777432,-0.));
#11852 = DIRECTION('',(0.322744777432,-0.946486031931,0.));
#11853 = DEFINITIONAL_REPRESENTATION('',(#11854),#11858);
#11854 = LINE('',#11855,#11856);
#11855 = CARTESIAN_POINT('',(0.,0.));
#11856 = VECTOR('',#11857,1.);
#11857 = DIRECTION('',(0.,-1.));
#11858 = ( GEOMETRIC_REPRESENTATION_CONTEXT(2) 
PARAMETRIC_REPRESENTATION_CONTEXT() REPRESENTATION_CONTEXT('2D SPACE',''
  ) );
#11859 = ORIENTED_EDGE('',*,*,#11860,.F.);
#11860 = EDGE_CURVE('',#11752,#11833,#11861,.T.);
#11861 = SURFACE_CURVE('',#11862,(#11866,#11873),.PCURVE_S1.);
#11862 = LINE('',#11863,#11864);
#11863 = CARTESIAN_POINT('',(0.693588110403,0.486433121019,0.9));
#11864 = VECTOR('',#11865,1.);
#11865 = DIRECTION('',(1.,0.,0.));
#11866 = PCURVE('',#11767,#11867);
#11867 = DEFINITIONAL_REPRESENTATION('',(#11868),#11872);
#11868 = LINE('',#11869,#11870);
#11869 = CARTESIAN_POINT('',(0.,0.));
#11870 = VECTOR('',#11871,1.);
#11871 = DIRECTION('',(1.,0.));
#11872 = ( GEOMETRIC_REPRESENTATION_CONTEXT(2) 
PARAMETRIC_REPRESENTATION_CONTEXT() REPRESENTATION_CONTEXT('2D SPACE',''
  ) );
#11873 = PCURVE('',#11793,#11874);
#11874 = DEFINITIONAL_REPRESENTATION('',(#11875),#11879);
#11875 = LINE('',#11876,#11877);
#11876 = CARTESIAN_POINT('',(-0.217900768345,0.200189810979));
#11877 = VECTOR('',#11878,1.);
#11878 = DIRECTION('',(1.,0.));
#11879 = ( GEOMETRIC_REPRESENTATION_CONTEXT(2) 
PARAMETRIC_REPRESENTATION_CONTEXT() REPRESENTATION_CONTEXT('2D SPACE',''
  ) );
#11880 = ADVANCED_FACE('',(#11881),#11848,.T.);
#11881 = FACE_BOUND('',#11882,.T.);
#11882 = EDGE_LOOP('',(#11883,#11884,#11907,#11935));
#11883 = ORIENTED_EDGE('',*,*,#11832,.T.);
#11884 = ORIENTED_EDGE('',*,*,#11885,.T.);
#11885 = EDGE_CURVE('',#11810,#11886,#11888,.T.);
#11886 = VERTEX_POINT('',#11887);
#11887 = CARTESIAN_POINT('',(0.913970276008,0.139936305732,0.903));
#11888 = SURFACE_CURVE('',#11889,(#11893,#11900),.PCURVE_S1.);
#11889 = LINE('',#11890,#11891);
#11890 = CARTESIAN_POINT('',(0.795817409766,0.486433121019,0.903));
#11891 = VECTOR('',#11892,1.);
#11892 = DIRECTION('',(0.322744777432,-0.946486031931,0.));
#11893 = PCURVE('',#11848,#11894);
#11894 = DEFINITIONAL_REPRESENTATION('',(#11895),#11899);
#11895 = LINE('',#11896,#11897);
#11896 = CARTESIAN_POINT('',(0.,-3.E-03));
#11897 = VECTOR('',#11898,1.);
#11898 = DIRECTION('',(1.,0.));
#11899 = ( GEOMETRIC_REPRESENTATION_CONTEXT(2) 
PARAMETRIC_REPRESENTATION_CONTEXT() REPRESENTATION_CONTEXT('2D SPACE',''
  ) );
#11900 = PCURVE('',#11739,#11901);
#11901 = DEFINITIONAL_REPRESENTATION('',(#11902),#11906);
#11902 = LINE('',#11903,#11904);
#11903 = CARTESIAN_POINT('',(-0.115671468982,0.200189810979));
#11904 = VECTOR('',#11905,1.);
#11905 = DIRECTION('',(0.322744777432,-0.946486031931));
#11906 = ( GEOMETRIC_REPRESENTATION_CONTEXT(2) 
PARAMETRIC_REPRESENTATION_CONTEXT() REPRESENTATION_CONTEXT('2D SPACE',''
  ) );
#11907 = ORIENTED_EDGE('',*,*,#11908,.F.);
#11908 = EDGE_CURVE('',#11909,#11886,#11911,.T.);
#11909 = VERTEX_POINT('',#11910);
#11910 = CARTESIAN_POINT('',(0.913970276008,0.139936305732,0.9));
#11911 = SURFACE_CURVE('',#11912,(#11916,#11923),.PCURVE_S1.);
#11912 = LINE('',#11913,#11914);
#11913 = CARTESIAN_POINT('',(0.913970276008,0.139936305732,0.9));
#11914 = VECTOR('',#11915,1.);
#11915 = DIRECTION('',(0.,0.,1.));
#11916 = PCURVE('',#11848,#11917);
#11917 = DEFINITIONAL_REPRESENTATION('',(#11918),#11922);
#11918 = LINE('',#11919,#11920);
#11919 = CARTESIAN_POINT('',(0.366087616296,0.));
#11920 = VECTOR('',#11921,1.);
#11921 = DIRECTION('',(0.,-1.));
#11922 = ( GEOMETRIC_REPRESENTATION_CONTEXT(2) 
PARAMETRIC_REPRESENTATION_CONTEXT() REPRESENTATION_CONTEXT('2D SPACE',''
  ) );
#11923 = PCURVE('',#11924,#11929);
#11924 = PLANE('',#11925);
#11925 = AXIS2_PLACEMENT_3D('',#11926,#11927,#11928);
#11926 = CARTESIAN_POINT('',(0.913970276008,0.139936305732,0.9));
#11927 = DIRECTION('',(-0.949639038477,0.313345969497,0.));
#11928 = DIRECTION('',(0.313345969497,0.949639038477,0.));
#11929 = DEFINITIONAL_REPRESENTATION('',(#11930),#11934);
#11930 = LINE('',#11931,#11932);
#11931 = CARTESIAN_POINT('',(0.,0.));
#11932 = VECTOR('',#11933,1.);
#11933 = DIRECTION('',(0.,-1.));
#11934 = ( GEOMETRIC_REPRESENTATION_CONTEXT(2) 
PARAMETRIC_REPRESENTATION_CONTEXT() REPRESENTATION_CONTEXT('2D SPACE',''
  ) );
#11935 = ORIENTED_EDGE('',*,*,#11936,.F.);
#11936 = EDGE_CURVE('',#11833,#11909,#11937,.T.);
#11937 = SURFACE_CURVE('',#11938,(#11942,#11949),.PCURVE_S1.);
#11938 = LINE('',#11939,#11940);
#11939 = CARTESIAN_POINT('',(0.795817409766,0.486433121019,0.9));
#11940 = VECTOR('',#11941,1.);
#11941 = DIRECTION('',(0.322744777432,-0.946486031931,0.));
#11942 = PCURVE('',#11848,#11943);
#11943 = DEFINITIONAL_REPRESENTATION('',(#11944),#11948);
#11944 = LINE('',#11945,#11946);
#11945 = CARTESIAN_POINT('',(0.,0.));
#11946 = VECTOR('',#11947,1.);
#11947 = DIRECTION('',(1.,0.));
#11948 = ( GEOMETRIC_REPRESENTATION_CONTEXT(2) 
PARAMETRIC_REPRESENTATION_CONTEXT() REPRESENTATION_CONTEXT('2D SPACE',''
  ) );
#11949 = PCURVE('',#11793,#11950);
#11950 = DEFINITIONAL_REPRESENTATION('',(#11951),#11955);
#11951 = LINE('',#11952,#11953);
#11952 = CARTESIAN_POINT('',(-0.115671468982,0.200189810979));
#11953 = VECTOR('',#11954,1.);
#11954 = DIRECTION('',(0.322744777432,-0.946486031931));
#11955 = ( GEOMETRIC_REPRESENTATION_CONTEXT(2) 
PARAMETRIC_REPRESENTATION_CONTEXT() REPRESENTATION_CONTEXT('2D SPACE',''
  ) );
#11956 = ADVANCED_FACE('',(#11957),#11924,.T.);
#11957 = FACE_BOUND('',#11958,.T.);
#11958 = EDGE_LOOP('',(#11959,#11960,#11983,#12011));
#11959 = ORIENTED_EDGE('',*,*,#11908,.T.);
#11960 = ORIENTED_EDGE('',*,*,#11961,.T.);
#11961 = EDGE_CURVE('',#11886,#11962,#11964,.T.);
#11962 = VERTEX_POINT('',#11963);
#11963 = CARTESIAN_POINT('',(1.0283014862,0.486433121019,0.903));
#11964 = SURFACE_CURVE('',#11965,(#11969,#11976),.PCURVE_S1.);
#11965 = LINE('',#11966,#11967);
#11966 = CARTESIAN_POINT('',(0.913970276008,0.139936305732,0.903));
#11967 = VECTOR('',#11968,1.);
#11968 = DIRECTION('',(0.313345969497,0.949639038477,0.));
#11969 = PCURVE('',#11924,#11970);
#11970 = DEFINITIONAL_REPRESENTATION('',(#11971),#11975);
#11971 = LINE('',#11972,#11973);
#11972 = CARTESIAN_POINT('',(0.,-3.E-03));
#11973 = VECTOR('',#11974,1.);
#11974 = DIRECTION('',(1.,0.));
#11975 = ( GEOMETRIC_REPRESENTATION_CONTEXT(2) 
PARAMETRIC_REPRESENTATION_CONTEXT() REPRESENTATION_CONTEXT('2D SPACE',''
  ) );
#11976 = PCURVE('',#11739,#11977);
#11977 = DEFINITIONAL_REPRESENTATION('',(#11978),#11982);
#11978 = LINE('',#11979,#11980);
#11979 = CARTESIAN_POINT('',(2.481397260039E-03,-0.146307004308));
#11980 = VECTOR('',#11981,1.);
#11981 = DIRECTION('',(0.313345969497,0.949639038477));
#11982 = ( GEOMETRIC_REPRESENTATION_CONTEXT(2) 
PARAMETRIC_REPRESENTATION_CONTEXT() REPRESENTATION_CONTEXT('2D SPACE',''
  ) );
#11983 = ORIENTED_EDGE('',*,*,#11984,.F.);
#11984 = EDGE_CURVE('',#11985,#11962,#11987,.T.);
#11985 = VERTEX_POINT('',#11986);
#11986 = CARTESIAN_POINT('',(1.0283014862,0.486433121019,0.9));
#11987 = SURFACE_CURVE('',#11988,(#11992,#11999),.PCURVE_S1.);
#11988 = LINE('',#11989,#11990);
#11989 = CARTESIAN_POINT('',(1.0283014862,0.486433121019,0.9));
#11990 = VECTOR('',#11991,1.);
#11991 = DIRECTION('',(0.,0.,1.));
#11992 = PCURVE('',#11924,#11993);
#11993 = DEFINITIONAL_REPRESENTATION('',(#11994),#11998);
#11994 = LINE('',#11995,#11996);
#11995 = CARTESIAN_POINT('',(0.364872126405,0.));
#11996 = VECTOR('',#11997,1.);
#11997 = DIRECTION('',(0.,-1.));
#11998 = ( GEOMETRIC_REPRESENTATION_CONTEXT(2) 
PARAMETRIC_REPRESENTATION_CONTEXT() REPRESENTATION_CONTEXT('2D SPACE',''
  ) );
#11999 = PCURVE('',#12000,#12005);
#12000 = PLANE('',#12001);
#12001 = AXIS2_PLACEMENT_3D('',#12002,#12003,#12004);
#12002 = CARTESIAN_POINT('',(1.0283014862,0.486433121019,0.9));
#12003 = DIRECTION('',(0.,1.,0.));
#12004 = DIRECTION('',(1.,0.,0.));
#12005 = DEFINITIONAL_REPRESENTATION('',(#12006),#12010);
#12006 = LINE('',#12007,#12008);
#12007 = CARTESIAN_POINT('',(0.,0.));
#12008 = VECTOR('',#12009,1.);
#12009 = DIRECTION('',(0.,-1.));
#12010 = ( GEOMETRIC_REPRESENTATION_CONTEXT(2) 
PARAMETRIC_REPRESENTATION_CONTEXT() REPRESENTATION_CONTEXT('2D SPACE',''
  ) );
#12011 = ORIENTED_EDGE('',*,*,#12012,.F.);
#12012 = EDGE_CURVE('',#11909,#11985,#12013,.T.);
#12013 = SURFACE_CURVE('',#12014,(#12018,#12025),.PCURVE_S1.);
#12014 = LINE('',#12015,#12016);
#12015 = CARTESIAN_POINT('',(0.913970276008,0.139936305732,0.9));
#12016 = VECTOR('',#12017,1.);
#12017 = DIRECTION('',(0.313345969497,0.949639038477,0.));
#12018 = PCURVE('',#11924,#12019);
#12019 = DEFINITIONAL_REPRESENTATION('',(#12020),#12024);
#12020 = LINE('',#12021,#12022);
#12021 = CARTESIAN_POINT('',(0.,0.));
#12022 = VECTOR('',#12023,1.);
#12023 = DIRECTION('',(1.,0.));
#12024 = ( GEOMETRIC_REPRESENTATION_CONTEXT(2) 
PARAMETRIC_REPRESENTATION_CONTEXT() REPRESENTATION_CONTEXT('2D SPACE',''
  ) );
#12025 = PCURVE('',#11793,#12026);
#12026 = DEFINITIONAL_REPRESENTATION('',(#12027),#12031);
#12027 = LINE('',#12028,#12029);
#12028 = CARTESIAN_POINT('',(2.481397260039E-03,-0.146307004308));
#12029 = VECTOR('',#12030,1.);
#12030 = DIRECTION('',(0.313345969497,0.949639038477));
#12031 = ( GEOMETRIC_REPRESENTATION_CONTEXT(2) 
PARAMETRIC_REPRESENTATION_CONTEXT() REPRESENTATION_CONTEXT('2D SPACE',''
  ) );
#12032 = ADVANCED_FACE('',(#12033),#12000,.T.);
#12033 = FACE_BOUND('',#12034,.T.);
#12034 = EDGE_LOOP('',(#12035,#12036,#12059,#12087));
#12035 = ORIENTED_EDGE('',*,*,#11984,.T.);
#12036 = ORIENTED_EDGE('',*,*,#12037,.T.);
#12037 = EDGE_CURVE('',#11962,#12038,#12040,.T.);
#12038 = VERTEX_POINT('',#12039);
#12039 = CARTESIAN_POINT('',(1.1283014862,0.486433121019,0.903));
#12040 = SURFACE_CURVE('',#12041,(#12045,#12052),.PCURVE_S1.);
#12041 = LINE('',#12042,#12043);
#12042 = CARTESIAN_POINT('',(1.0283014862,0.486433121019,0.903));
#12043 = VECTOR('',#12044,1.);
#12044 = DIRECTION('',(1.,0.,0.));
#12045 = PCURVE('',#12000,#12046);
#12046 = DEFINITIONAL_REPRESENTATION('',(#12047),#12051);
#12047 = LINE('',#12048,#12049);
#12048 = CARTESIAN_POINT('',(0.,-3.E-03));
#12049 = VECTOR('',#12050,1.);
#12050 = DIRECTION('',(1.,0.));
#12051 = ( GEOMETRIC_REPRESENTATION_CONTEXT(2) 
PARAMETRIC_REPRESENTATION_CONTEXT() REPRESENTATION_CONTEXT('2D SPACE',''
  ) );
#12052 = PCURVE('',#11739,#12053);
#12053 = DEFINITIONAL_REPRESENTATION('',(#12054),#12058);
#12054 = LINE('',#12055,#12056);
#12055 = CARTESIAN_POINT('',(0.116812607451,0.200189810979));
#12056 = VECTOR('',#12057,1.);
#12057 = DIRECTION('',(1.,0.));
#12058 = ( GEOMETRIC_REPRESENTATION_CONTEXT(2) 
PARAMETRIC_REPRESENTATION_CONTEXT() REPRESENTATION_CONTEXT('2D SPACE',''
  ) );
#12059 = ORIENTED_EDGE('',*,*,#12060,.F.);
#12060 = EDGE_CURVE('',#12061,#12038,#12063,.T.);
#12061 = VERTEX_POINT('',#12062);
#12062 = CARTESIAN_POINT('',(1.1283014862,0.486433121019,0.9));
#12063 = SURFACE_CURVE('',#12064,(#12068,#12075),.PCURVE_S1.);
#12064 = LINE('',#12065,#12066);
#12065 = CARTESIAN_POINT('',(1.1283014862,0.486433121019,0.9));
#12066 = VECTOR('',#12067,1.);
#12067 = DIRECTION('',(0.,0.,1.));
#12068 = PCURVE('',#12000,#12069);
#12069 = DEFINITIONAL_REPRESENTATION('',(#12070),#12074);
#12070 = LINE('',#12071,#12072);
#12071 = CARTESIAN_POINT('',(0.1,0.));
#12072 = VECTOR('',#12073,1.);
#12073 = DIRECTION('',(0.,-1.));
#12074 = ( GEOMETRIC_REPRESENTATION_CONTEXT(2) 
PARAMETRIC_REPRESENTATION_CONTEXT() REPRESENTATION_CONTEXT('2D SPACE',''
  ) );
#12075 = PCURVE('',#12076,#12081);
#12076 = PLANE('',#12077);
#12077 = AXIS2_PLACEMENT_3D('',#12078,#12079,#12080);
#12078 = CARTESIAN_POINT('',(1.1283014862,0.486433121019,0.9));
#12079 = DIRECTION('',(0.941577307181,-0.336796933778,0.));
#12080 = DIRECTION('',(-0.336796933778,-0.941577307181,0.));
#12081 = DEFINITIONAL_REPRESENTATION('',(#12082),#12086);
#12082 = LINE('',#12083,#12084);
#12083 = CARTESIAN_POINT('',(0.,0.));
#12084 = VECTOR('',#12085,1.);
#12085 = DIRECTION('',(0.,-1.));
#12086 = ( GEOMETRIC_REPRESENTATION_CONTEXT(2) 
PARAMETRIC_REPRESENTATION_CONTEXT() REPRESENTATION_CONTEXT('2D SPACE',''
  ) );
#12087 = ORIENTED_EDGE('',*,*,#12088,.F.);
#12088 = EDGE_CURVE('',#11985,#12061,#12089,.T.);
#12089 = SURFACE_CURVE('',#12090,(#12094,#12101),.PCURVE_S1.);
#12090 = LINE('',#12091,#12092);
#12091 = CARTESIAN_POINT('',(1.0283014862,0.486433121019,0.9));
#12092 = VECTOR('',#12093,1.);
#12093 = DIRECTION('',(1.,0.,0.));
#12094 = PCURVE('',#12000,#12095);
#12095 = DEFINITIONAL_REPRESENTATION('',(#12096),#12100);
#12096 = LINE('',#12097,#12098);
#12097 = CARTESIAN_POINT('',(0.,0.));
#12098 = VECTOR('',#12099,1.);
#12099 = DIRECTION('',(1.,0.));
#12100 = ( GEOMETRIC_REPRESENTATION_CONTEXT(2) 
PARAMETRIC_REPRESENTATION_CONTEXT() REPRESENTATION_CONTEXT('2D SPACE',''
  ) );
#12101 = PCURVE('',#11793,#12102);
#12102 = DEFINITIONAL_REPRESENTATION('',(#12103),#12107);
#12103 = LINE('',#12104,#12105);
#12104 = CARTESIAN_POINT('',(0.116812607451,0.200189810979));
#12105 = VECTOR('',#12106,1.);
#12106 = DIRECTION('',(1.,0.));
#12107 = ( GEOMETRIC_REPRESENTATION_CONTEXT(2) 
PARAMETRIC_REPRESENTATION_CONTEXT() REPRESENTATION_CONTEXT('2D SPACE',''
  ) );
#12108 = ADVANCED_FACE('',(#12109),#12076,.T.);
#12109 = FACE_BOUND('',#12110,.T.);
#12110 = EDGE_LOOP('',(#12111,#12112,#12135,#12158));
#12111 = ORIENTED_EDGE('',*,*,#12060,.T.);
#12112 = ORIENTED_EDGE('',*,*,#12113,.T.);
#12113 = EDGE_CURVE('',#12038,#12114,#12116,.T.);
#12114 = VERTEX_POINT('',#12115);
#12115 = CARTESIAN_POINT('',(0.96110403397,1.900212314225E-02,0.903));
#12116 = SURFACE_CURVE('',#12117,(#12121,#12128),.PCURVE_S1.);
#12117 = LINE('',#12118,#12119);
#12118 = CARTESIAN_POINT('',(1.1283014862,0.486433121019,0.903));
#12119 = VECTOR('',#12120,1.);
#12120 = DIRECTION('',(-0.336796933778,-0.941577307181,0.));
#12121 = PCURVE('',#12076,#12122);
#12122 = DEFINITIONAL_REPRESENTATION('',(#12123),#12127);
#12123 = LINE('',#12124,#12125);
#12124 = CARTESIAN_POINT('',(0.,-3.E-03));
#12125 = VECTOR('',#12126,1.);
#12126 = DIRECTION('',(1.,0.));
#12127 = ( GEOMETRIC_REPRESENTATION_CONTEXT(2) 
PARAMETRIC_REPRESENTATION_CONTEXT() REPRESENTATION_CONTEXT('2D SPACE',''
  ) );
#12128 = PCURVE('',#11739,#12129);
#12129 = DEFINITIONAL_REPRESENTATION('',(#12130),#12134);
#12130 = LINE('',#12131,#12132);
#12131 = CARTESIAN_POINT('',(0.216812607451,0.200189810979));
#12132 = VECTOR('',#12133,1.);
#12133 = DIRECTION('',(-0.336796933778,-0.941577307181));
#12134 = ( GEOMETRIC_REPRESENTATION_CONTEXT(2) 
PARAMETRIC_REPRESENTATION_CONTEXT() REPRESENTATION_CONTEXT('2D SPACE',''
  ) );
#12135 = ORIENTED_EDGE('',*,*,#12136,.F.);
#12136 = EDGE_CURVE('',#12137,#12114,#12139,.T.);
#12137 = VERTEX_POINT('',#12138);
#12138 = CARTESIAN_POINT('',(0.96110403397,1.900212314225E-02,0.9));
#12139 = SURFACE_CURVE('',#12140,(#12144,#12151),.PCURVE_S1.);
#12140 = LINE('',#12141,#12142);
#12141 = CARTESIAN_POINT('',(0.96110403397,1.900212314225E-02,0.9));
#12142 = VECTOR('',#12143,1.);
#12143 = DIRECTION('',(0.,0.,1.));
#12144 = PCURVE('',#12076,#12145);
#12145 = DEFINITIONAL_REPRESENTATION('',(#12146),#12150);
#12146 = LINE('',#12147,#12148);
#12147 = CARTESIAN_POINT('',(0.49643400952,0.));
#12148 = VECTOR('',#12149,1.);
#12149 = DIRECTION('',(0.,-1.));
#12150 = ( GEOMETRIC_REPRESENTATION_CONTEXT(2) 
PARAMETRIC_REPRESENTATION_CONTEXT() REPRESENTATION_CONTEXT('2D SPACE',''
  ) );
#12151 = PCURVE('',#11711,#12152);
#12152 = DEFINITIONAL_REPRESENTATION('',(#12153),#12157);
#12153 = LINE('',#12154,#12155);
#12154 = CARTESIAN_POINT('',(0.,-0.));
#12155 = VECTOR('',#12156,1.);
#12156 = DIRECTION('',(0.,-1.));
#12157 = ( GEOMETRIC_REPRESENTATION_CONTEXT(2) 
PARAMETRIC_REPRESENTATION_CONTEXT() REPRESENTATION_CONTEXT('2D SPACE',''
  ) );
#12158 = ORIENTED_EDGE('',*,*,#12159,.F.);
#12159 = EDGE_CURVE('',#12061,#12137,#12160,.T.);
#12160 = SURFACE_CURVE('',#12161,(#12165,#12172),.PCURVE_S1.);
#12161 = LINE('',#12162,#12163);
#12162 = CARTESIAN_POINT('',(1.1283014862,0.486433121019,0.9));
#12163 = VECTOR('',#12164,1.);
#12164 = DIRECTION('',(-0.336796933778,-0.941577307181,0.));
#12165 = PCURVE('',#12076,#12166);
#12166 = DEFINITIONAL_REPRESENTATION('',(#12167),#12171);
#12167 = LINE('',#12168,#12169);
#12168 = CARTESIAN_POINT('',(0.,0.));
#12169 = VECTOR('',#12170,1.);
#12170 = DIRECTION('',(1.,0.));
#12171 = ( GEOMETRIC_REPRESENTATION_CONTEXT(2) 
PARAMETRIC_REPRESENTATION_CONTEXT() REPRESENTATION_CONTEXT('2D SPACE',''
  ) );
#12172 = PCURVE('',#11793,#12173);
#12173 = DEFINITIONAL_REPRESENTATION('',(#12174),#12178);
#12174 = LINE('',#12175,#12176);
#12175 = CARTESIAN_POINT('',(0.216812607451,0.200189810979));
#12176 = VECTOR('',#12177,1.);
#12177 = DIRECTION('',(-0.336796933778,-0.941577307181));
#12178 = ( GEOMETRIC_REPRESENTATION_CONTEXT(2) 
PARAMETRIC_REPRESENTATION_CONTEXT() REPRESENTATION_CONTEXT('2D SPACE',''
  ) );
#12179 = ADVANCED_FACE('',(#12180),#11711,.T.);
#12180 = FACE_BOUND('',#12181,.T.);
#12181 = EDGE_LOOP('',(#12182,#12183,#12204,#12205));
#12182 = ORIENTED_EDGE('',*,*,#12136,.T.);
#12183 = ORIENTED_EDGE('',*,*,#12184,.T.);
#12184 = EDGE_CURVE('',#12114,#11691,#12185,.T.);
#12185 = SURFACE_CURVE('',#12186,(#12190,#12197),.PCURVE_S1.);
#12186 = LINE('',#12187,#12188);
#12187 = CARTESIAN_POINT('',(0.96110403397,1.900212314225E-02,0.903));
#12188 = VECTOR('',#12189,1.);
#12189 = DIRECTION('',(-1.,0.,0.));
#12190 = PCURVE('',#11711,#12191);
#12191 = DEFINITIONAL_REPRESENTATION('',(#12192),#12196);
#12192 = LINE('',#12193,#12194);
#12193 = CARTESIAN_POINT('',(0.,-3.E-03));
#12194 = VECTOR('',#12195,1.);
#12195 = DIRECTION('',(1.,0.));
#12196 = ( GEOMETRIC_REPRESENTATION_CONTEXT(2) 
PARAMETRIC_REPRESENTATION_CONTEXT() REPRESENTATION_CONTEXT('2D SPACE',''
  ) );
#12197 = PCURVE('',#11739,#12198);
#12198 = DEFINITIONAL_REPRESENTATION('',(#12199),#12203);
#12199 = LINE('',#12200,#12201);
#12200 = CARTESIAN_POINT('',(4.961515522182E-02,-0.267241186898));
#12201 = VECTOR('',#12202,1.);
#12202 = DIRECTION('',(-1.,0.));
#12203 = ( GEOMETRIC_REPRESENTATION_CONTEXT(2) 
PARAMETRIC_REPRESENTATION_CONTEXT() REPRESENTATION_CONTEXT('2D SPACE',''
  ) );
#12204 = ORIENTED_EDGE('',*,*,#11688,.F.);
#12205 = ORIENTED_EDGE('',*,*,#12206,.F.);
#12206 = EDGE_CURVE('',#12137,#11689,#12207,.T.);
#12207 = SURFACE_CURVE('',#12208,(#12212,#12219),.PCURVE_S1.);
#12208 = LINE('',#12209,#12210);
#12209 = CARTESIAN_POINT('',(0.96110403397,1.900212314225E-02,0.9));
#12210 = VECTOR('',#12211,1.);
#12211 = DIRECTION('',(-1.,0.,0.));
#12212 = PCURVE('',#11711,#12213);
#12213 = DEFINITIONAL_REPRESENTATION('',(#12214),#12218);
#12214 = LINE('',#12215,#12216);
#12215 = CARTESIAN_POINT('',(0.,-0.));
#12216 = VECTOR('',#12217,1.);
#12217 = DIRECTION('',(1.,0.));
#12218 = ( GEOMETRIC_REPRESENTATION_CONTEXT(2) 
PARAMETRIC_REPRESENTATION_CONTEXT() REPRESENTATION_CONTEXT('2D SPACE',''
  ) );
#12219 = PCURVE('',#11793,#12220);
#12220 = DEFINITIONAL_REPRESENTATION('',(#12221),#12225);
#12221 = LINE('',#12222,#12223);
#12222 = CARTESIAN_POINT('',(4.961515522182E-02,-0.267241186898));
#12223 = VECTOR('',#12224,1.);
#12224 = DIRECTION('',(-1.,0.));
#12225 = ( GEOMETRIC_REPRESENTATION_CONTEXT(2) 
PARAMETRIC_REPRESENTATION_CONTEXT() REPRESENTATION_CONTEXT('2D SPACE',''
  ) );
#12226 = ADVANCED_FACE('',(#12227),#11793,.F.);
#12227 = FACE_BOUND('',#12228,.T.);
#12228 = EDGE_LOOP('',(#12229,#12230,#12231,#12232,#12233,#12234,#12235)
  );
#12229 = ORIENTED_EDGE('',*,*,#11779,.T.);
#12230 = ORIENTED_EDGE('',*,*,#11860,.T.);
#12231 = ORIENTED_EDGE('',*,*,#11936,.T.);
#12232 = ORIENTED_EDGE('',*,*,#12012,.T.);
#12233 = ORIENTED_EDGE('',*,*,#12088,.T.);
#12234 = ORIENTED_EDGE('',*,*,#12159,.T.);
#12235 = ORIENTED_EDGE('',*,*,#12206,.T.);
#12236 = ADVANCED_FACE('',(#12237),#11739,.T.);
#12237 = FACE_BOUND('',#12238,.F.);
#12238 = EDGE_LOOP('',(#12239,#12240,#12241,#12242,#12243,#12244,#12245)
  );
#12239 = ORIENTED_EDGE('',*,*,#11723,.T.);
#12240 = ORIENTED_EDGE('',*,*,#11809,.T.);
#12241 = ORIENTED_EDGE('',*,*,#11885,.T.);
#12242 = ORIENTED_EDGE('',*,*,#11961,.T.);
#12243 = ORIENTED_EDGE('',*,*,#12037,.T.);
#12244 = ORIENTED_EDGE('',*,*,#12113,.T.);
#12245 = ORIENTED_EDGE('',*,*,#12184,.T.);
#12246 = MANIFOLD_SOLID_BREP('',#12247);
#12247 = CLOSED_SHELL('',(#12248,#12368,#12444,#12520,#12596,#12672,
    #12748,#12819,#12866,#12877));
#12248 = ADVANCED_FACE('',(#12249),#12263,.T.);
#12249 = FACE_BOUND('',#12250,.T.);
#12250 = EDGE_LOOP('',(#12251,#12286,#12314,#12342));
#12251 = ORIENTED_EDGE('',*,*,#12252,.T.);
#12252 = EDGE_CURVE('',#12253,#12255,#12257,.T.);
#12253 = VERTEX_POINT('',#12254);
#12254 = CARTESIAN_POINT('',(-0.110656050955,-0.760343949045,0.9));
#12255 = VERTEX_POINT('',#12256);
#12256 = CARTESIAN_POINT('',(-0.110656050955,-0.760343949045,0.903));
#12257 = SURFACE_CURVE('',#12258,(#12262,#12274),.PCURVE_S1.);
#12258 = LINE('',#12259,#12260);
#12259 = CARTESIAN_POINT('',(-0.110656050955,-0.760343949045,0.9));
#12260 = VECTOR('',#12261,1.);
#12261 = DIRECTION('',(0.,0.,1.));
#12262 = PCURVE('',#12263,#12268);
#12263 = PLANE('',#12264);
#12264 = AXIS2_PLACEMENT_3D('',#12265,#12266,#12267);
#12265 = CARTESIAN_POINT('',(-0.110656050955,-0.760343949045,0.9));
#12266 = DIRECTION('',(-1.,0.,0.));
#12267 = DIRECTION('',(0.,1.,0.));
#12268 = DEFINITIONAL_REPRESENTATION('',(#12269),#12273);
#12269 = LINE('',#12270,#12271);
#12270 = CARTESIAN_POINT('',(0.,0.));
#12271 = VECTOR('',#12272,1.);
#12272 = DIRECTION('',(0.,-1.));
#12273 = ( GEOMETRIC_REPRESENTATION_CONTEXT(2) 
PARAMETRIC_REPRESENTATION_CONTEXT() REPRESENTATION_CONTEXT('2D SPACE',''
  ) );
#12274 = PCURVE('',#12275,#12280);
#12275 = PLANE('',#12276);
#12276 = AXIS2_PLACEMENT_3D('',#12277,#12278,#12279);
#12277 = CARTESIAN_POINT('',(-2.58152866242E-02,-0.760343949045,0.9));
#12278 = DIRECTION('',(0.,-1.,0.));
#12279 = DIRECTION('',(-1.,0.,0.));
#12280 = DEFINITIONAL_REPRESENTATION('',(#12281),#12285);
#12281 = LINE('',#12282,#12283);
#12282 = CARTESIAN_POINT('',(8.484076433121E-02,0.));
#12283 = VECTOR('',#12284,1.);
#12284 = DIRECTION('',(0.,-1.));
#12285 = ( GEOMETRIC_REPRESENTATION_CONTEXT(2) 
PARAMETRIC_REPRESENTATION_CONTEXT() REPRESENTATION_CONTEXT('2D SPACE',''
  ) );
#12286 = ORIENTED_EDGE('',*,*,#12287,.T.);
#12287 = EDGE_CURVE('',#12255,#12288,#12290,.T.);
#12288 = VERTEX_POINT('',#12289);
#12289 = CARTESIAN_POINT('',(-0.110656050955,-0.410585987261,0.903));
#12290 = SURFACE_CURVE('',#12291,(#12295,#12302),.PCURVE_S1.);
#12291 = LINE('',#12292,#12293);
#12292 = CARTESIAN_POINT('',(-0.110656050955,-0.760343949045,0.903));
#12293 = VECTOR('',#12294,1.);
#12294 = DIRECTION('',(0.,1.,0.));
#12295 = PCURVE('',#12263,#12296);
#12296 = DEFINITIONAL_REPRESENTATION('',(#12297),#12301);
#12297 = LINE('',#12298,#12299);
#12298 = CARTESIAN_POINT('',(0.,-3.E-03));
#12299 = VECTOR('',#12300,1.);
#12300 = DIRECTION('',(1.,0.));
#12301 = ( GEOMETRIC_REPRESENTATION_CONTEXT(2) 
PARAMETRIC_REPRESENTATION_CONTEXT() REPRESENTATION_CONTEXT('2D SPACE',''
  ) );
#12302 = PCURVE('',#12303,#12308);
#12303 = PLANE('',#12304);
#12304 = AXIS2_PLACEMENT_3D('',#12305,#12306,#12307);
#12305 = CARTESIAN_POINT('',(-6.831255601736E-02,-0.492276784181,0.903)
  );
#12306 = DIRECTION('',(0.,0.,1.));
#12307 = DIRECTION('',(1.,0.,-0.));
#12308 = DEFINITIONAL_REPRESENTATION('',(#12309),#12313);
#12309 = LINE('',#12310,#12311);
#12310 = CARTESIAN_POINT('',(-4.234349493805E-02,-0.268067164864));
#12311 = VECTOR('',#12312,1.);
#12312 = DIRECTION('',(0.,1.));
#12313 = ( GEOMETRIC_REPRESENTATION_CONTEXT(2) 
PARAMETRIC_REPRESENTATION_CONTEXT() REPRESENTATION_CONTEXT('2D SPACE',''
  ) );
#12314 = ORIENTED_EDGE('',*,*,#12315,.F.);
#12315 = EDGE_CURVE('',#12316,#12288,#12318,.T.);
#12316 = VERTEX_POINT('',#12317);
#12317 = CARTESIAN_POINT('',(-0.110656050955,-0.410585987261,0.9));
#12318 = SURFACE_CURVE('',#12319,(#12323,#12330),.PCURVE_S1.);
#12319 = LINE('',#12320,#12321);
#12320 = CARTESIAN_POINT('',(-0.110656050955,-0.410585987261,0.9));
#12321 = VECTOR('',#12322,1.);
#12322 = DIRECTION('',(0.,0.,1.));
#12323 = PCURVE('',#12263,#12324);
#12324 = DEFINITIONAL_REPRESENTATION('',(#12325),#12329);
#12325 = LINE('',#12326,#12327);
#12326 = CARTESIAN_POINT('',(0.349757961783,0.));
#12327 = VECTOR('',#12328,1.);
#12328 = DIRECTION('',(0.,-1.));
#12329 = ( GEOMETRIC_REPRESENTATION_CONTEXT(2) 
PARAMETRIC_REPRESENTATION_CONTEXT() REPRESENTATION_CONTEXT('2D SPACE',''
  ) );
#12330 = PCURVE('',#12331,#12336);
#12331 = PLANE('',#12332);
#12332 = AXIS2_PLACEMENT_3D('',#12333,#12334,#12335);
#12333 = CARTESIAN_POINT('',(-0.110656050955,-0.410585987261,0.9));
#12334 = DIRECTION('',(0.,-1.,0.));
#12335 = DIRECTION('',(-1.,0.,0.));
#12336 = DEFINITIONAL_REPRESENTATION('',(#12337),#12341);
#12337 = LINE('',#12338,#12339);
#12338 = CARTESIAN_POINT('',(0.,-0.));
#12339 = VECTOR('',#12340,1.);
#12340 = DIRECTION('',(0.,-1.));
#12341 = ( GEOMETRIC_REPRESENTATION_CONTEXT(2) 
PARAMETRIC_REPRESENTATION_CONTEXT() REPRESENTATION_CONTEXT('2D SPACE',''
  ) );
#12342 = ORIENTED_EDGE('',*,*,#12343,.F.);
#12343 = EDGE_CURVE('',#12253,#12316,#12344,.T.);
#12344 = SURFACE_CURVE('',#12345,(#12349,#12356),.PCURVE_S1.);
#12345 = LINE('',#12346,#12347);
#12346 = CARTESIAN_POINT('',(-0.110656050955,-0.760343949045,0.9));
#12347 = VECTOR('',#12348,1.);
#12348 = DIRECTION('',(0.,1.,0.));
#12349 = PCURVE('',#12263,#12350);
#12350 = DEFINITIONAL_REPRESENTATION('',(#12351),#12355);
#12351 = LINE('',#12352,#12353);
#12352 = CARTESIAN_POINT('',(0.,0.));
#12353 = VECTOR('',#12354,1.);
#12354 = DIRECTION('',(1.,0.));
#12355 = ( GEOMETRIC_REPRESENTATION_CONTEXT(2) 
PARAMETRIC_REPRESENTATION_CONTEXT() REPRESENTATION_CONTEXT('2D SPACE',''
  ) );
#12356 = PCURVE('',#12357,#12362);
#12357 = PLANE('',#12358);
#12358 = AXIS2_PLACEMENT_3D('',#12359,#12360,#12361);
#12359 = CARTESIAN_POINT('',(-6.831255601736E-02,-0.492276784181,0.9));
#12360 = DIRECTION('',(0.,0.,1.));
#12361 = DIRECTION('',(1.,0.,-0.));
#12362 = DEFINITIONAL_REPRESENTATION('',(#12363),#12367);
#12363 = LINE('',#12364,#12365);
#12364 = CARTESIAN_POINT('',(-4.234349493805E-02,-0.268067164864));
#12365 = VECTOR('',#12366,1.);
#12366 = DIRECTION('',(0.,1.));
#12367 = ( GEOMETRIC_REPRESENTATION_CONTEXT(2) 
PARAMETRIC_REPRESENTATION_CONTEXT() REPRESENTATION_CONTEXT('2D SPACE',''
  ) );
#12368 = ADVANCED_FACE('',(#12369),#12331,.T.);
#12369 = FACE_BOUND('',#12370,.T.);
#12370 = EDGE_LOOP('',(#12371,#12372,#12395,#12423));
#12371 = ORIENTED_EDGE('',*,*,#12315,.T.);
#12372 = ORIENTED_EDGE('',*,*,#12373,.T.);
#12373 = EDGE_CURVE('',#12288,#12374,#12376,.T.);
#12374 = VERTEX_POINT('',#12375);
#12375 = CARTESIAN_POINT('',(-0.235337579618,-0.410585987261,0.903));
#12376 = SURFACE_CURVE('',#12377,(#12381,#12388),.PCURVE_S1.);
#12377 = LINE('',#12378,#12379);
#12378 = CARTESIAN_POINT('',(-0.110656050955,-0.410585987261,0.903));
#12379 = VECTOR('',#12380,1.);
#12380 = DIRECTION('',(-1.,0.,0.));
#12381 = PCURVE('',#12331,#12382);
#12382 = DEFINITIONAL_REPRESENTATION('',(#12383),#12387);
#12383 = LINE('',#12384,#12385);
#12384 = CARTESIAN_POINT('',(0.,-3.E-03));
#12385 = VECTOR('',#12386,1.);
#12386 = DIRECTION('',(1.,0.));
#12387 = ( GEOMETRIC_REPRESENTATION_CONTEXT(2) 
PARAMETRIC_REPRESENTATION_CONTEXT() REPRESENTATION_CONTEXT('2D SPACE',''
  ) );
#12388 = PCURVE('',#12303,#12389);
#12389 = DEFINITIONAL_REPRESENTATION('',(#12390),#12394);
#12390 = LINE('',#12391,#12392);
#12391 = CARTESIAN_POINT('',(-4.234349493805E-02,8.169079691946E-02));
#12392 = VECTOR('',#12393,1.);
#12393 = DIRECTION('',(-1.,0.));
#12394 = ( GEOMETRIC_REPRESENTATION_CONTEXT(2) 
PARAMETRIC_REPRESENTATION_CONTEXT() REPRESENTATION_CONTEXT('2D SPACE',''
  ) );
#12395 = ORIENTED_EDGE('',*,*,#12396,.F.);
#12396 = EDGE_CURVE('',#12397,#12374,#12399,.T.);
#12397 = VERTEX_POINT('',#12398);
#12398 = CARTESIAN_POINT('',(-0.235337579618,-0.410585987261,0.9));
#12399 = SURFACE_CURVE('',#12400,(#12404,#12411),.PCURVE_S1.);
#12400 = LINE('',#12401,#12402);
#12401 = CARTESIAN_POINT('',(-0.235337579618,-0.410585987261,0.9));
#12402 = VECTOR('',#12403,1.);
#12403 = DIRECTION('',(0.,0.,1.));
#12404 = PCURVE('',#12331,#12405);
#12405 = DEFINITIONAL_REPRESENTATION('',(#12406),#12410);
#12406 = LINE('',#12407,#12408);
#12407 = CARTESIAN_POINT('',(0.124681528662,0.));
#12408 = VECTOR('',#12409,1.);
#12409 = DIRECTION('',(0.,-1.));
#12410 = ( GEOMETRIC_REPRESENTATION_CONTEXT(2) 
PARAMETRIC_REPRESENTATION_CONTEXT() REPRESENTATION_CONTEXT('2D SPACE',''
  ) );
#12411 = PCURVE('',#12412,#12417);
#12412 = PLANE('',#12413);
#12413 = AXIS2_PLACEMENT_3D('',#12414,#12415,#12416);
#12414 = CARTESIAN_POINT('',(-0.235337579618,-0.410585987261,0.9));
#12415 = DIRECTION('',(-1.,0.,0.));
#12416 = DIRECTION('',(0.,1.,0.));
#12417 = DEFINITIONAL_REPRESENTATION('',(#12418),#12422);
#12418 = LINE('',#12419,#12420);
#12419 = CARTESIAN_POINT('',(0.,0.));
#12420 = VECTOR('',#12421,1.);
#12421 = DIRECTION('',(0.,-1.));
#12422 = ( GEOMETRIC_REPRESENTATION_CONTEXT(2) 
PARAMETRIC_REPRESENTATION_CONTEXT() REPRESENTATION_CONTEXT('2D SPACE',''
  ) );
#12423 = ORIENTED_EDGE('',*,*,#12424,.F.);
#12424 = EDGE_CURVE('',#12316,#12397,#12425,.T.);
#12425 = SURFACE_CURVE('',#12426,(#12430,#12437),.PCURVE_S1.);
#12426 = LINE('',#12427,#12428);
#12427 = CARTESIAN_POINT('',(-0.110656050955,-0.410585987261,0.9));
#12428 = VECTOR('',#12429,1.);
#12429 = DIRECTION('',(-1.,0.,0.));
#12430 = PCURVE('',#12331,#12431);
#12431 = DEFINITIONAL_REPRESENTATION('',(#12432),#12436);
#12432 = LINE('',#12433,#12434);
#12433 = CARTESIAN_POINT('',(0.,-0.));
#12434 = VECTOR('',#12435,1.);
#12435 = DIRECTION('',(1.,0.));
#12436 = ( GEOMETRIC_REPRESENTATION_CONTEXT(2) 
PARAMETRIC_REPRESENTATION_CONTEXT() REPRESENTATION_CONTEXT('2D SPACE',''
  ) );
#12437 = PCURVE('',#12357,#12438);
#12438 = DEFINITIONAL_REPRESENTATION('',(#12439),#12443);
#12439 = LINE('',#12440,#12441);
#12440 = CARTESIAN_POINT('',(-4.234349493805E-02,8.169079691946E-02));
#12441 = VECTOR('',#12442,1.);
#12442 = DIRECTION('',(-1.,0.));
#12443 = ( GEOMETRIC_REPRESENTATION_CONTEXT(2) 
PARAMETRIC_REPRESENTATION_CONTEXT() REPRESENTATION_CONTEXT('2D SPACE',''
  ) );
#12444 = ADVANCED_FACE('',(#12445),#12412,.T.);
#12445 = FACE_BOUND('',#12446,.T.);
#12446 = EDGE_LOOP('',(#12447,#12448,#12471,#12499));
#12447 = ORIENTED_EDGE('',*,*,#12396,.T.);
#12448 = ORIENTED_EDGE('',*,*,#12449,.T.);
#12449 = EDGE_CURVE('',#12374,#12450,#12452,.T.);
#12450 = VERTEX_POINT('',#12451);
#12451 = CARTESIAN_POINT('',(-0.235337579618,-0.339656050955,0.903));
#12452 = SURFACE_CURVE('',#12453,(#12457,#12464),.PCURVE_S1.);
#12453 = LINE('',#12454,#12455);
#12454 = CARTESIAN_POINT('',(-0.235337579618,-0.410585987261,0.903));
#12455 = VECTOR('',#12456,1.);
#12456 = DIRECTION('',(0.,1.,0.));
#12457 = PCURVE('',#12412,#12458);
#12458 = DEFINITIONAL_REPRESENTATION('',(#12459),#12463);
#12459 = LINE('',#12460,#12461);
#12460 = CARTESIAN_POINT('',(0.,-3.E-03));
#12461 = VECTOR('',#12462,1.);
#12462 = DIRECTION('',(1.,0.));
#12463 = ( GEOMETRIC_REPRESENTATION_CONTEXT(2) 
PARAMETRIC_REPRESENTATION_CONTEXT() REPRESENTATION_CONTEXT('2D SPACE',''
  ) );
#12464 = PCURVE('',#12303,#12465);
#12465 = DEFINITIONAL_REPRESENTATION('',(#12466),#12470);
#12466 = LINE('',#12467,#12468);
#12467 = CARTESIAN_POINT('',(-0.1670250236,8.169079691946E-02));
#12468 = VECTOR('',#12469,1.);
#12469 = DIRECTION('',(0.,1.));
#12470 = ( GEOMETRIC_REPRESENTATION_CONTEXT(2) 
PARAMETRIC_REPRESENTATION_CONTEXT() REPRESENTATION_CONTEXT('2D SPACE',''
  ) );
#12471 = ORIENTED_EDGE('',*,*,#12472,.F.);
#12472 = EDGE_CURVE('',#12473,#12450,#12475,.T.);
#12473 = VERTEX_POINT('',#12474);
#12474 = CARTESIAN_POINT('',(-0.235337579618,-0.339656050955,0.9));
#12475 = SURFACE_CURVE('',#12476,(#12480,#12487),.PCURVE_S1.);
#12476 = LINE('',#12477,#12478);
#12477 = CARTESIAN_POINT('',(-0.235337579618,-0.339656050955,0.9));
#12478 = VECTOR('',#12479,1.);
#12479 = DIRECTION('',(0.,0.,1.));
#12480 = PCURVE('',#12412,#12481);
#12481 = DEFINITIONAL_REPRESENTATION('',(#12482),#12486);
#12482 = LINE('',#12483,#12484);
#12483 = CARTESIAN_POINT('',(7.092993630573E-02,0.));
#12484 = VECTOR('',#12485,1.);
#12485 = DIRECTION('',(0.,-1.));
#12486 = ( GEOMETRIC_REPRESENTATION_CONTEXT(2) 
PARAMETRIC_REPRESENTATION_CONTEXT() REPRESENTATION_CONTEXT('2D SPACE',''
  ) );
#12487 = PCURVE('',#12488,#12493);
#12488 = PLANE('',#12489);
#12489 = AXIS2_PLACEMENT_3D('',#12490,#12491,#12492);
#12490 = CARTESIAN_POINT('',(-0.235337579618,-0.339656050955,0.9));
#12491 = DIRECTION('',(0.,1.,0.));
#12492 = DIRECTION('',(1.,0.,0.));
#12493 = DEFINITIONAL_REPRESENTATION('',(#12494),#12498);
#12494 = LINE('',#12495,#12496);
#12495 = CARTESIAN_POINT('',(0.,0.));
#12496 = VECTOR('',#12497,1.);
#12497 = DIRECTION('',(0.,-1.));
#12498 = ( GEOMETRIC_REPRESENTATION_CONTEXT(2) 
PARAMETRIC_REPRESENTATION_CONTEXT() REPRESENTATION_CONTEXT('2D SPACE',''
  ) );
#12499 = ORIENTED_EDGE('',*,*,#12500,.F.);
#12500 = EDGE_CURVE('',#12397,#12473,#12501,.T.);
#12501 = SURFACE_CURVE('',#12502,(#12506,#12513),.PCURVE_S1.);
#12502 = LINE('',#12503,#12504);
#12503 = CARTESIAN_POINT('',(-0.235337579618,-0.410585987261,0.9));
#12504 = VECTOR('',#12505,1.);
#12505 = DIRECTION('',(0.,1.,0.));
#12506 = PCURVE('',#12412,#12507);
#12507 = DEFINITIONAL_REPRESENTATION('',(#12508),#12512);
#12508 = LINE('',#12509,#12510);
#12509 = CARTESIAN_POINT('',(0.,0.));
#12510 = VECTOR('',#12511,1.);
#12511 = DIRECTION('',(1.,0.));
#12512 = ( GEOMETRIC_REPRESENTATION_CONTEXT(2) 
PARAMETRIC_REPRESENTATION_CONTEXT() REPRESENTATION_CONTEXT('2D SPACE',''
  ) );
#12513 = PCURVE('',#12357,#12514);
#12514 = DEFINITIONAL_REPRESENTATION('',(#12515),#12519);
#12515 = LINE('',#12516,#12517);
#12516 = CARTESIAN_POINT('',(-0.1670250236,8.169079691946E-02));
#12517 = VECTOR('',#12518,1.);
#12518 = DIRECTION('',(0.,1.));
#12519 = ( GEOMETRIC_REPRESENTATION_CONTEXT(2) 
PARAMETRIC_REPRESENTATION_CONTEXT() REPRESENTATION_CONTEXT('2D SPACE',''
  ) );
#12520 = ADVANCED_FACE('',(#12521),#12488,.T.);
#12521 = FACE_BOUND('',#12522,.T.);
#12522 = EDGE_LOOP('',(#12523,#12524,#12547,#12575));
#12523 = ORIENTED_EDGE('',*,*,#12472,.T.);
#12524 = ORIENTED_EDGE('',*,*,#12525,.T.);
#12525 = EDGE_CURVE('',#12450,#12526,#12528,.T.);
#12526 = VERTEX_POINT('',#12527);
#12527 = CARTESIAN_POINT('',(9.857961783439E-02,-0.339656050955,0.903));
#12528 = SURFACE_CURVE('',#12529,(#12533,#12540),.PCURVE_S1.);
#12529 = LINE('',#12530,#12531);
#12530 = CARTESIAN_POINT('',(-0.235337579618,-0.339656050955,0.903));
#12531 = VECTOR('',#12532,1.);
#12532 = DIRECTION('',(1.,0.,0.));
#12533 = PCURVE('',#12488,#12534);
#12534 = DEFINITIONAL_REPRESENTATION('',(#12535),#12539);
#12535 = LINE('',#12536,#12537);
#12536 = CARTESIAN_POINT('',(0.,-3.E-03));
#12537 = VECTOR('',#12538,1.);
#12538 = DIRECTION('',(1.,0.));
#12539 = ( GEOMETRIC_REPRESENTATION_CONTEXT(2) 
PARAMETRIC_REPRESENTATION_CONTEXT() REPRESENTATION_CONTEXT('2D SPACE',''
  ) );
#12540 = PCURVE('',#12303,#12541);
#12541 = DEFINITIONAL_REPRESENTATION('',(#12542),#12546);
#12542 = LINE('',#12543,#12544);
#12543 = CARTESIAN_POINT('',(-0.1670250236,0.152620733225));
#12544 = VECTOR('',#12545,1.);
#12545 = DIRECTION('',(1.,0.));
#12546 = ( GEOMETRIC_REPRESENTATION_CONTEXT(2) 
PARAMETRIC_REPRESENTATION_CONTEXT() REPRESENTATION_CONTEXT('2D SPACE',''
  ) );
#12547 = ORIENTED_EDGE('',*,*,#12548,.F.);
#12548 = EDGE_CURVE('',#12549,#12526,#12551,.T.);
#12549 = VERTEX_POINT('',#12550);
#12550 = CARTESIAN_POINT('',(9.857961783439E-02,-0.339656050955,0.9));
#12551 = SURFACE_CURVE('',#12552,(#12556,#12563),.PCURVE_S1.);
#12552 = LINE('',#12553,#12554);
#12553 = CARTESIAN_POINT('',(9.857961783439E-02,-0.339656050955,0.9));
#12554 = VECTOR('',#12555,1.);
#12555 = DIRECTION('',(0.,0.,1.));
#12556 = PCURVE('',#12488,#12557);
#12557 = DEFINITIONAL_REPRESENTATION('',(#12558),#12562);
#12558 = LINE('',#12559,#12560);
#12559 = CARTESIAN_POINT('',(0.333917197452,0.));
#12560 = VECTOR('',#12561,1.);
#12561 = DIRECTION('',(0.,-1.));
#12562 = ( GEOMETRIC_REPRESENTATION_CONTEXT(2) 
PARAMETRIC_REPRESENTATION_CONTEXT() REPRESENTATION_CONTEXT('2D SPACE',''
  ) );
#12563 = PCURVE('',#12564,#12569);
#12564 = PLANE('',#12565);
#12565 = AXIS2_PLACEMENT_3D('',#12566,#12567,#12568);
#12566 = CARTESIAN_POINT('',(9.857961783439E-02,-0.339656050955,0.9));
#12567 = DIRECTION('',(1.,0.,-0.));
#12568 = DIRECTION('',(0.,-1.,0.));
#12569 = DEFINITIONAL_REPRESENTATION('',(#12570),#12574);
#12570 = LINE('',#12571,#12572);
#12571 = CARTESIAN_POINT('',(0.,0.));
#12572 = VECTOR('',#12573,1.);
#12573 = DIRECTION('',(0.,-1.));
#12574 = ( GEOMETRIC_REPRESENTATION_CONTEXT(2) 
PARAMETRIC_REPRESENTATION_CONTEXT() REPRESENTATION_CONTEXT('2D SPACE',''
  ) );
#12575 = ORIENTED_EDGE('',*,*,#12576,.F.);
#12576 = EDGE_CURVE('',#12473,#12549,#12577,.T.);
#12577 = SURFACE_CURVE('',#12578,(#12582,#12589),.PCURVE_S1.);
#12578 = LINE('',#12579,#12580);
#12579 = CARTESIAN_POINT('',(-0.235337579618,-0.339656050955,0.9));
#12580 = VECTOR('',#12581,1.);
#12581 = DIRECTION('',(1.,0.,0.));
#12582 = PCURVE('',#12488,#12583);
#12583 = DEFINITIONAL_REPRESENTATION('',(#12584),#12588);
#12584 = LINE('',#12585,#12586);
#12585 = CARTESIAN_POINT('',(0.,0.));
#12586 = VECTOR('',#12587,1.);
#12587 = DIRECTION('',(1.,0.));
#12588 = ( GEOMETRIC_REPRESENTATION_CONTEXT(2) 
PARAMETRIC_REPRESENTATION_CONTEXT() REPRESENTATION_CONTEXT('2D SPACE',''
  ) );
#12589 = PCURVE('',#12357,#12590);
#12590 = DEFINITIONAL_REPRESENTATION('',(#12591),#12595);
#12591 = LINE('',#12592,#12593);
#12592 = CARTESIAN_POINT('',(-0.1670250236,0.152620733225));
#12593 = VECTOR('',#12594,1.);
#12594 = DIRECTION('',(1.,0.));
#12595 = ( GEOMETRIC_REPRESENTATION_CONTEXT(2) 
PARAMETRIC_REPRESENTATION_CONTEXT() REPRESENTATION_CONTEXT('2D SPACE',''
  ) );
#12596 = ADVANCED_FACE('',(#12597),#12564,.T.);
#12597 = FACE_BOUND('',#12598,.T.);
#12598 = EDGE_LOOP('',(#12599,#12600,#12623,#12651));
#12599 = ORIENTED_EDGE('',*,*,#12548,.T.);
#12600 = ORIENTED_EDGE('',*,*,#12601,.T.);
#12601 = EDGE_CURVE('',#12526,#12602,#12604,.T.);
#12602 = VERTEX_POINT('',#12603);
#12603 = CARTESIAN_POINT('',(9.857961783439E-02,-0.410585987261,0.903));
#12604 = SURFACE_CURVE('',#12605,(#12609,#12616),.PCURVE_S1.);
#12605 = LINE('',#12606,#12607);
#12606 = CARTESIAN_POINT('',(9.857961783439E-02,-0.339656050955,0.903));
#12607 = VECTOR('',#12608,1.);
#12608 = DIRECTION('',(0.,-1.,-0.));
#12609 = PCURVE('',#12564,#12610);
#12610 = DEFINITIONAL_REPRESENTATION('',(#12611),#12615);
#12611 = LINE('',#12612,#12613);
#12612 = CARTESIAN_POINT('',(0.,-3.E-03));
#12613 = VECTOR('',#12614,1.);
#12614 = DIRECTION('',(1.,0.));
#12615 = ( GEOMETRIC_REPRESENTATION_CONTEXT(2) 
PARAMETRIC_REPRESENTATION_CONTEXT() REPRESENTATION_CONTEXT('2D SPACE',''
  ) );
#12616 = PCURVE('',#12303,#12617);
#12617 = DEFINITIONAL_REPRESENTATION('',(#12618),#12622);
#12618 = LINE('',#12619,#12620);
#12619 = CARTESIAN_POINT('',(0.166892173852,0.152620733225));
#12620 = VECTOR('',#12621,1.);
#12621 = DIRECTION('',(0.,-1.));
#12622 = ( GEOMETRIC_REPRESENTATION_CONTEXT(2) 
PARAMETRIC_REPRESENTATION_CONTEXT() REPRESENTATION_CONTEXT('2D SPACE',''
  ) );
#12623 = ORIENTED_EDGE('',*,*,#12624,.F.);
#12624 = EDGE_CURVE('',#12625,#12602,#12627,.T.);
#12625 = VERTEX_POINT('',#12626);
#12626 = CARTESIAN_POINT('',(9.857961783439E-02,-0.410585987261,0.9));
#12627 = SURFACE_CURVE('',#12628,(#12632,#12639),.PCURVE_S1.);
#12628 = LINE('',#12629,#12630);
#12629 = CARTESIAN_POINT('',(9.857961783439E-02,-0.410585987261,0.9));
#12630 = VECTOR('',#12631,1.);
#12631 = DIRECTION('',(0.,0.,1.));
#12632 = PCURVE('',#12564,#12633);
#12633 = DEFINITIONAL_REPRESENTATION('',(#12634),#12638);
#12634 = LINE('',#12635,#12636);
#12635 = CARTESIAN_POINT('',(7.092993630573E-02,0.));
#12636 = VECTOR('',#12637,1.);
#12637 = DIRECTION('',(0.,-1.));
#12638 = ( GEOMETRIC_REPRESENTATION_CONTEXT(2) 
PARAMETRIC_REPRESENTATION_CONTEXT() REPRESENTATION_CONTEXT('2D SPACE',''
  ) );
#12639 = PCURVE('',#12640,#12645);
#12640 = PLANE('',#12641);
#12641 = AXIS2_PLACEMENT_3D('',#12642,#12643,#12644);
#12642 = CARTESIAN_POINT('',(9.857961783439E-02,-0.410585987261,0.9));
#12643 = DIRECTION('',(0.,-1.,0.));
#12644 = DIRECTION('',(-1.,0.,0.));
#12645 = DEFINITIONAL_REPRESENTATION('',(#12646),#12650);
#12646 = LINE('',#12647,#12648);
#12647 = CARTESIAN_POINT('',(0.,-0.));
#12648 = VECTOR('',#12649,1.);
#12649 = DIRECTION('',(0.,-1.));
#12650 = ( GEOMETRIC_REPRESENTATION_CONTEXT(2) 
PARAMETRIC_REPRESENTATION_CONTEXT() REPRESENTATION_CONTEXT('2D SPACE',''
  ) );
#12651 = ORIENTED_EDGE('',*,*,#12652,.F.);
#12652 = EDGE_CURVE('',#12549,#12625,#12653,.T.);
#12653 = SURFACE_CURVE('',#12654,(#12658,#12665),.PCURVE_S1.);
#12654 = LINE('',#12655,#12656);
#12655 = CARTESIAN_POINT('',(9.857961783439E-02,-0.339656050955,0.9));
#12656 = VECTOR('',#12657,1.);
#12657 = DIRECTION('',(0.,-1.,-0.));
#12658 = PCURVE('',#12564,#12659);
#12659 = DEFINITIONAL_REPRESENTATION('',(#12660),#12664);
#12660 = LINE('',#12661,#12662);
#12661 = CARTESIAN_POINT('',(0.,0.));
#12662 = VECTOR('',#12663,1.);
#12663 = DIRECTION('',(1.,0.));
#12664 = ( GEOMETRIC_REPRESENTATION_CONTEXT(2) 
PARAMETRIC_REPRESENTATION_CONTEXT() REPRESENTATION_CONTEXT('2D SPACE',''
  ) );
#12665 = PCURVE('',#12357,#12666);
#12666 = DEFINITIONAL_REPRESENTATION('',(#12667),#12671);
#12667 = LINE('',#12668,#12669);
#12668 = CARTESIAN_POINT('',(0.166892173852,0.152620733225));
#12669 = VECTOR('',#12670,1.);
#12670 = DIRECTION('',(0.,-1.));
#12671 = ( GEOMETRIC_REPRESENTATION_CONTEXT(2) 
PARAMETRIC_REPRESENTATION_CONTEXT() REPRESENTATION_CONTEXT('2D SPACE',''
  ) );
#12672 = ADVANCED_FACE('',(#12673),#12640,.T.);
#12673 = FACE_BOUND('',#12674,.T.);
#12674 = EDGE_LOOP('',(#12675,#12676,#12699,#12727));
#12675 = ORIENTED_EDGE('',*,*,#12624,.T.);
#12676 = ORIENTED_EDGE('',*,*,#12677,.T.);
#12677 = EDGE_CURVE('',#12602,#12678,#12680,.T.);
#12678 = VERTEX_POINT('',#12679);
#12679 = CARTESIAN_POINT('',(-2.58152866242E-02,-0.410585987261,0.903));
#12680 = SURFACE_CURVE('',#12681,(#12685,#12692),.PCURVE_S1.);
#12681 = LINE('',#12682,#12683);
#12682 = CARTESIAN_POINT('',(9.857961783439E-02,-0.410585987261,0.903));
#12683 = VECTOR('',#12684,1.);
#12684 = DIRECTION('',(-1.,0.,0.));
#12685 = PCURVE('',#12640,#12686);
#12686 = DEFINITIONAL_REPRESENTATION('',(#12687),#12691);
#12687 = LINE('',#12688,#12689);
#12688 = CARTESIAN_POINT('',(0.,-3.E-03));
#12689 = VECTOR('',#12690,1.);
#12690 = DIRECTION('',(1.,0.));
#12691 = ( GEOMETRIC_REPRESENTATION_CONTEXT(2) 
PARAMETRIC_REPRESENTATION_CONTEXT() REPRESENTATION_CONTEXT('2D SPACE',''
  ) );
#12692 = PCURVE('',#12303,#12693);
#12693 = DEFINITIONAL_REPRESENTATION('',(#12694),#12698);
#12694 = LINE('',#12695,#12696);
#12695 = CARTESIAN_POINT('',(0.166892173852,8.169079691946E-02));
#12696 = VECTOR('',#12697,1.);
#12697 = DIRECTION('',(-1.,0.));
#12698 = ( GEOMETRIC_REPRESENTATION_CONTEXT(2) 
PARAMETRIC_REPRESENTATION_CONTEXT() REPRESENTATION_CONTEXT('2D SPACE',''
  ) );
#12699 = ORIENTED_EDGE('',*,*,#12700,.F.);
#12700 = EDGE_CURVE('',#12701,#12678,#12703,.T.);
#12701 = VERTEX_POINT('',#12702);
#12702 = CARTESIAN_POINT('',(-2.58152866242E-02,-0.410585987261,0.9));
#12703 = SURFACE_CURVE('',#12704,(#12708,#12715),.PCURVE_S1.);
#12704 = LINE('',#12705,#12706);
#12705 = CARTESIAN_POINT('',(-2.58152866242E-02,-0.410585987261,0.9));
#12706 = VECTOR('',#12707,1.);
#12707 = DIRECTION('',(0.,0.,1.));
#12708 = PCURVE('',#12640,#12709);
#12709 = DEFINITIONAL_REPRESENTATION('',(#12710),#12714);
#12710 = LINE('',#12711,#12712);
#12711 = CARTESIAN_POINT('',(0.124394904459,0.));
#12712 = VECTOR('',#12713,1.);
#12713 = DIRECTION('',(0.,-1.));
#12714 = ( GEOMETRIC_REPRESENTATION_CONTEXT(2) 
PARAMETRIC_REPRESENTATION_CONTEXT() REPRESENTATION_CONTEXT('2D SPACE',''
  ) );
#12715 = PCURVE('',#12716,#12721);
#12716 = PLANE('',#12717);
#12717 = AXIS2_PLACEMENT_3D('',#12718,#12719,#12720);
#12718 = CARTESIAN_POINT('',(-2.58152866242E-02,-0.410585987261,0.9));
#12719 = DIRECTION('',(1.,0.,-0.));
#12720 = DIRECTION('',(0.,-1.,0.));
#12721 = DEFINITIONAL_REPRESENTATION('',(#12722),#12726);
#12722 = LINE('',#12723,#12724);
#12723 = CARTESIAN_POINT('',(0.,0.));
#12724 = VECTOR('',#12725,1.);
#12725 = DIRECTION('',(0.,-1.));
#12726 = ( GEOMETRIC_REPRESENTATION_CONTEXT(2) 
PARAMETRIC_REPRESENTATION_CONTEXT() REPRESENTATION_CONTEXT('2D SPACE',''
  ) );
#12727 = ORIENTED_EDGE('',*,*,#12728,.F.);
#12728 = EDGE_CURVE('',#12625,#12701,#12729,.T.);
#12729 = SURFACE_CURVE('',#12730,(#12734,#12741),.PCURVE_S1.);
#12730 = LINE('',#12731,#12732);
#12731 = CARTESIAN_POINT('',(9.857961783439E-02,-0.410585987261,0.9));
#12732 = VECTOR('',#12733,1.);
#12733 = DIRECTION('',(-1.,0.,0.));
#12734 = PCURVE('',#12640,#12735);
#12735 = DEFINITIONAL_REPRESENTATION('',(#12736),#12740);
#12736 = LINE('',#12737,#12738);
#12737 = CARTESIAN_POINT('',(0.,-0.));
#12738 = VECTOR('',#12739,1.);
#12739 = DIRECTION('',(1.,0.));
#12740 = ( GEOMETRIC_REPRESENTATION_CONTEXT(2) 
PARAMETRIC_REPRESENTATION_CONTEXT() REPRESENTATION_CONTEXT('2D SPACE',''
  ) );
#12741 = PCURVE('',#12357,#12742);
#12742 = DEFINITIONAL_REPRESENTATION('',(#12743),#12747);
#12743 = LINE('',#12744,#12745);
#12744 = CARTESIAN_POINT('',(0.166892173852,8.169079691946E-02));
#12745 = VECTOR('',#12746,1.);
#12746 = DIRECTION('',(-1.,0.));
#12747 = ( GEOMETRIC_REPRESENTATION_CONTEXT(2) 
PARAMETRIC_REPRESENTATION_CONTEXT() REPRESENTATION_CONTEXT('2D SPACE',''
  ) );
#12748 = ADVANCED_FACE('',(#12749),#12716,.T.);
#12749 = FACE_BOUND('',#12750,.T.);
#12750 = EDGE_LOOP('',(#12751,#12752,#12775,#12798));
#12751 = ORIENTED_EDGE('',*,*,#12700,.T.);
#12752 = ORIENTED_EDGE('',*,*,#12753,.T.);
#12753 = EDGE_CURVE('',#12678,#12754,#12756,.T.);
#12754 = VERTEX_POINT('',#12755);
#12755 = CARTESIAN_POINT('',(-2.58152866242E-02,-0.760343949045,0.903));
#12756 = SURFACE_CURVE('',#12757,(#12761,#12768),.PCURVE_S1.);
#12757 = LINE('',#12758,#12759);
#12758 = CARTESIAN_POINT('',(-2.58152866242E-02,-0.410585987261,0.903));
#12759 = VECTOR('',#12760,1.);
#12760 = DIRECTION('',(0.,-1.,-0.));
#12761 = PCURVE('',#12716,#12762);
#12762 = DEFINITIONAL_REPRESENTATION('',(#12763),#12767);
#12763 = LINE('',#12764,#12765);
#12764 = CARTESIAN_POINT('',(0.,-3.E-03));
#12765 = VECTOR('',#12766,1.);
#12766 = DIRECTION('',(1.,0.));
#12767 = ( GEOMETRIC_REPRESENTATION_CONTEXT(2) 
PARAMETRIC_REPRESENTATION_CONTEXT() REPRESENTATION_CONTEXT('2D SPACE',''
  ) );
#12768 = PCURVE('',#12303,#12769);
#12769 = DEFINITIONAL_REPRESENTATION('',(#12770),#12774);
#12770 = LINE('',#12771,#12772);
#12771 = CARTESIAN_POINT('',(4.249726939316E-02,8.169079691946E-02));
#12772 = VECTOR('',#12773,1.);
#12773 = DIRECTION('',(0.,-1.));
#12774 = ( GEOMETRIC_REPRESENTATION_CONTEXT(2) 
PARAMETRIC_REPRESENTATION_CONTEXT() REPRESENTATION_CONTEXT('2D SPACE',''
  ) );
#12775 = ORIENTED_EDGE('',*,*,#12776,.F.);
#12776 = EDGE_CURVE('',#12777,#12754,#12779,.T.);
#12777 = VERTEX_POINT('',#12778);
#12778 = CARTESIAN_POINT('',(-2.58152866242E-02,-0.760343949045,0.9));
#12779 = SURFACE_CURVE('',#12780,(#12784,#12791),.PCURVE_S1.);
#12780 = LINE('',#12781,#12782);
#12781 = CARTESIAN_POINT('',(-2.58152866242E-02,-0.760343949045,0.9));
#12782 = VECTOR('',#12783,1.);
#12783 = DIRECTION('',(0.,0.,1.));
#12784 = PCURVE('',#12716,#12785);
#12785 = DEFINITIONAL_REPRESENTATION('',(#12786),#12790);
#12786 = LINE('',#12787,#12788);
#12787 = CARTESIAN_POINT('',(0.349757961783,0.));
#12788 = VECTOR('',#12789,1.);
#12789 = DIRECTION('',(0.,-1.));
#12790 = ( GEOMETRIC_REPRESENTATION_CONTEXT(2) 
PARAMETRIC_REPRESENTATION_CONTEXT() REPRESENTATION_CONTEXT('2D SPACE',''
  ) );
#12791 = PCURVE('',#12275,#12792);
#12792 = DEFINITIONAL_REPRESENTATION('',(#12793),#12797);
#12793 = LINE('',#12794,#12795);
#12794 = CARTESIAN_POINT('',(0.,-0.));
#12795 = VECTOR('',#12796,1.);
#12796 = DIRECTION('',(0.,-1.));
#12797 = ( GEOMETRIC_REPRESENTATION_CONTEXT(2) 
PARAMETRIC_REPRESENTATION_CONTEXT() REPRESENTATION_CONTEXT('2D SPACE',''
  ) );
#12798 = ORIENTED_EDGE('',*,*,#12799,.F.);
#12799 = EDGE_CURVE('',#12701,#12777,#12800,.T.);
#12800 = SURFACE_CURVE('',#12801,(#12805,#12812),.PCURVE_S1.);
#12801 = LINE('',#12802,#12803);
#12802 = CARTESIAN_POINT('',(-2.58152866242E-02,-0.410585987261,0.9));
#12803 = VECTOR('',#12804,1.);
#12804 = DIRECTION('',(0.,-1.,-0.));
#12805 = PCURVE('',#12716,#12806);
#12806 = DEFINITIONAL_REPRESENTATION('',(#12807),#12811);
#12807 = LINE('',#12808,#12809);
#12808 = CARTESIAN_POINT('',(0.,0.));
#12809 = VECTOR('',#12810,1.);
#12810 = DIRECTION('',(1.,0.));
#12811 = ( GEOMETRIC_REPRESENTATION_CONTEXT(2) 
PARAMETRIC_REPRESENTATION_CONTEXT() REPRESENTATION_CONTEXT('2D SPACE',''
  ) );
#12812 = PCURVE('',#12357,#12813);
#12813 = DEFINITIONAL_REPRESENTATION('',(#12814),#12818);
#12814 = LINE('',#12815,#12816);
#12815 = CARTESIAN_POINT('',(4.249726939316E-02,8.169079691946E-02));
#12816 = VECTOR('',#12817,1.);
#12817 = DIRECTION('',(0.,-1.));
#12818 = ( GEOMETRIC_REPRESENTATION_CONTEXT(2) 
PARAMETRIC_REPRESENTATION_CONTEXT() REPRESENTATION_CONTEXT('2D SPACE',''
  ) );
#12819 = ADVANCED_FACE('',(#12820),#12275,.T.);
#12820 = FACE_BOUND('',#12821,.T.);
#12821 = EDGE_LOOP('',(#12822,#12823,#12844,#12845));
#12822 = ORIENTED_EDGE('',*,*,#12776,.T.);
#12823 = ORIENTED_EDGE('',*,*,#12824,.T.);
#12824 = EDGE_CURVE('',#12754,#12255,#12825,.T.);
#12825 = SURFACE_CURVE('',#12826,(#12830,#12837),.PCURVE_S1.);
#12826 = LINE('',#12827,#12828);
#12827 = CARTESIAN_POINT('',(-2.58152866242E-02,-0.760343949045,0.903));
#12828 = VECTOR('',#12829,1.);
#12829 = DIRECTION('',(-1.,0.,0.));
#12830 = PCURVE('',#12275,#12831);
#12831 = DEFINITIONAL_REPRESENTATION('',(#12832),#12836);
#12832 = LINE('',#12833,#12834);
#12833 = CARTESIAN_POINT('',(0.,-3.E-03));
#12834 = VECTOR('',#12835,1.);
#12835 = DIRECTION('',(1.,0.));
#12836 = ( GEOMETRIC_REPRESENTATION_CONTEXT(2) 
PARAMETRIC_REPRESENTATION_CONTEXT() REPRESENTATION_CONTEXT('2D SPACE',''
  ) );
#12837 = PCURVE('',#12303,#12838);
#12838 = DEFINITIONAL_REPRESENTATION('',(#12839),#12843);
#12839 = LINE('',#12840,#12841);
#12840 = CARTESIAN_POINT('',(4.249726939316E-02,-0.268067164864));
#12841 = VECTOR('',#12842,1.);
#12842 = DIRECTION('',(-1.,0.));
#12843 = ( GEOMETRIC_REPRESENTATION_CONTEXT(2) 
PARAMETRIC_REPRESENTATION_CONTEXT() REPRESENTATION_CONTEXT('2D SPACE',''
  ) );
#12844 = ORIENTED_EDGE('',*,*,#12252,.F.);
#12845 = ORIENTED_EDGE('',*,*,#12846,.F.);
#12846 = EDGE_CURVE('',#12777,#12253,#12847,.T.);
#12847 = SURFACE_CURVE('',#12848,(#12852,#12859),.PCURVE_S1.);
#12848 = LINE('',#12849,#12850);
#12849 = CARTESIAN_POINT('',(-2.58152866242E-02,-0.760343949045,0.9));
#12850 = VECTOR('',#12851,1.);
#12851 = DIRECTION('',(-1.,0.,0.));
#12852 = PCURVE('',#12275,#12853);
#12853 = DEFINITIONAL_REPRESENTATION('',(#12854),#12858);
#12854 = LINE('',#12855,#12856);
#12855 = CARTESIAN_POINT('',(0.,-0.));
#12856 = VECTOR('',#12857,1.);
#12857 = DIRECTION('',(1.,0.));
#12858 = ( GEOMETRIC_REPRESENTATION_CONTEXT(2) 
PARAMETRIC_REPRESENTATION_CONTEXT() REPRESENTATION_CONTEXT('2D SPACE',''
  ) );
#12859 = PCURVE('',#12357,#12860);
#12860 = DEFINITIONAL_REPRESENTATION('',(#12861),#12865);
#12861 = LINE('',#12862,#12863);
#12862 = CARTESIAN_POINT('',(4.249726939316E-02,-0.268067164864));
#12863 = VECTOR('',#12864,1.);
#12864 = DIRECTION('',(-1.,0.));
#12865 = ( GEOMETRIC_REPRESENTATION_CONTEXT(2) 
PARAMETRIC_REPRESENTATION_CONTEXT() REPRESENTATION_CONTEXT('2D SPACE',''
  ) );
#12866 = ADVANCED_FACE('',(#12867),#12357,.F.);
#12867 = FACE_BOUND('',#12868,.T.);
#12868 = EDGE_LOOP('',(#12869,#12870,#12871,#12872,#12873,#12874,#12875,
    #12876));
#12869 = ORIENTED_EDGE('',*,*,#12343,.T.);
#12870 = ORIENTED_EDGE('',*,*,#12424,.T.);
#12871 = ORIENTED_EDGE('',*,*,#12500,.T.);
#12872 = ORIENTED_EDGE('',*,*,#12576,.T.);
#12873 = ORIENTED_EDGE('',*,*,#12652,.T.);
#12874 = ORIENTED_EDGE('',*,*,#12728,.T.);
#12875 = ORIENTED_EDGE('',*,*,#12799,.T.);
#12876 = ORIENTED_EDGE('',*,*,#12846,.T.);
#12877 = ADVANCED_FACE('',(#12878),#12303,.T.);
#12878 = FACE_BOUND('',#12879,.F.);
#12879 = EDGE_LOOP('',(#12880,#12881,#12882,#12883,#12884,#12885,#12886,
    #12887));
#12880 = ORIENTED_EDGE('',*,*,#12287,.T.);
#12881 = ORIENTED_EDGE('',*,*,#12373,.T.);
#12882 = ORIENTED_EDGE('',*,*,#12449,.T.);
#12883 = ORIENTED_EDGE('',*,*,#12525,.T.);
#12884 = ORIENTED_EDGE('',*,*,#12601,.T.);
#12885 = ORIENTED_EDGE('',*,*,#12677,.T.);
#12886 = ORIENTED_EDGE('',*,*,#12753,.T.);
#12887 = ORIENTED_EDGE('',*,*,#12824,.T.);
#12888 = MANIFOLD_SOLID_BREP('',#12889);
#12889 = CLOSED_SHELL('',(#12890,#13010,#13086,#13157,#13204,#13211));
#12890 = ADVANCED_FACE('',(#12891),#12905,.T.);
#12891 = FACE_BOUND('',#12892,.T.);
#12892 = EDGE_LOOP('',(#12893,#12928,#12956,#12984));
#12893 = ORIENTED_EDGE('',*,*,#12894,.T.);
#12894 = EDGE_CURVE('',#12895,#12897,#12899,.T.);
#12895 = VERTEX_POINT('',#12896);
#12896 = CARTESIAN_POINT('',(0.150496815287,-0.760343949045,0.9));
#12897 = VERTEX_POINT('',#12898);
#12898 = CARTESIAN_POINT('',(0.150496815287,-0.760343949045,0.903));
#12899 = SURFACE_CURVE('',#12900,(#12904,#12916),.PCURVE_S1.);
#12900 = LINE('',#12901,#12902);
#12901 = CARTESIAN_POINT('',(0.150496815287,-0.760343949045,0.9));
#12902 = VECTOR('',#12903,1.);
#12903 = DIRECTION('',(0.,0.,1.));
#12904 = PCURVE('',#12905,#12910);
#12905 = PLANE('',#12906);
#12906 = AXIS2_PLACEMENT_3D('',#12907,#12908,#12909);
#12907 = CARTESIAN_POINT('',(0.150496815287,-0.760343949045,0.9));
#12908 = DIRECTION('',(-1.,0.,0.));
#12909 = DIRECTION('',(0.,1.,0.));
#12910 = DEFINITIONAL_REPRESENTATION('',(#12911),#12915);
#12911 = LINE('',#12912,#12913);
#12912 = CARTESIAN_POINT('',(0.,0.));
#12913 = VECTOR('',#12914,1.);
#12914 = DIRECTION('',(0.,-1.));
#12915 = ( GEOMETRIC_REPRESENTATION_CONTEXT(2) 
PARAMETRIC_REPRESENTATION_CONTEXT() REPRESENTATION_CONTEXT('2D SPACE',''
  ) );
#12916 = PCURVE('',#12917,#12922);
#12917 = PLANE('',#12918);
#12918 = AXIS2_PLACEMENT_3D('',#12919,#12920,#12921);
#12919 = CARTESIAN_POINT('',(0.235337579618,-0.760343949045,0.9));
#12920 = DIRECTION('',(0.,-1.,0.));
#12921 = DIRECTION('',(-1.,0.,0.));
#12922 = DEFINITIONAL_REPRESENTATION('',(#12923),#12927);
#12923 = LINE('',#12924,#12925);
#12924 = CARTESIAN_POINT('',(8.484076433121E-02,0.));
#12925 = VECTOR('',#12926,1.);
#12926 = DIRECTION('',(0.,-1.));
#12927 = ( GEOMETRIC_REPRESENTATION_CONTEXT(2) 
PARAMETRIC_REPRESENTATION_CONTEXT() REPRESENTATION_CONTEXT('2D SPACE',''
  ) );
#12928 = ORIENTED_EDGE('',*,*,#12929,.T.);
#12929 = EDGE_CURVE('',#12897,#12930,#12932,.T.);
#12930 = VERTEX_POINT('',#12931);
#12931 = CARTESIAN_POINT('',(0.150496815287,-0.339656050955,0.903));
#12932 = SURFACE_CURVE('',#12933,(#12937,#12944),.PCURVE_S1.);
#12933 = LINE('',#12934,#12935);
#12934 = CARTESIAN_POINT('',(0.150496815287,-0.760343949045,0.903));
#12935 = VECTOR('',#12936,1.);
#12936 = DIRECTION('',(0.,1.,0.));
#12937 = PCURVE('',#12905,#12938);
#12938 = DEFINITIONAL_REPRESENTATION('',(#12939),#12943);
#12939 = LINE('',#12940,#12941);
#12940 = CARTESIAN_POINT('',(0.,-3.E-03));
#12941 = VECTOR('',#12942,1.);
#12942 = DIRECTION('',(1.,0.));
#12943 = ( GEOMETRIC_REPRESENTATION_CONTEXT(2) 
PARAMETRIC_REPRESENTATION_CONTEXT() REPRESENTATION_CONTEXT('2D SPACE',''
  ) );
#12944 = PCURVE('',#12945,#12950);
#12945 = PLANE('',#12946);
#12946 = AXIS2_PLACEMENT_3D('',#12947,#12948,#12949);
#12947 = CARTESIAN_POINT('',(0.192917197452,-0.55,0.903));
#12948 = DIRECTION('',(0.,0.,1.));
#12949 = DIRECTION('',(1.,0.,-0.));
#12950 = DEFINITIONAL_REPRESENTATION('',(#12951),#12955);
#12951 = LINE('',#12952,#12953);
#12952 = CARTESIAN_POINT('',(-4.242038216561E-02,-0.210343949045));
#12953 = VECTOR('',#12954,1.);
#12954 = DIRECTION('',(0.,1.));
#12955 = ( GEOMETRIC_REPRESENTATION_CONTEXT(2) 
PARAMETRIC_REPRESENTATION_CONTEXT() REPRESENTATION_CONTEXT('2D SPACE',''
  ) );
#12956 = ORIENTED_EDGE('',*,*,#12957,.F.);
#12957 = EDGE_CURVE('',#12958,#12930,#12960,.T.);
#12958 = VERTEX_POINT('',#12959);
#12959 = CARTESIAN_POINT('',(0.150496815287,-0.339656050955,0.9));
#12960 = SURFACE_CURVE('',#12961,(#12965,#12972),.PCURVE_S1.);
#12961 = LINE('',#12962,#12963);
#12962 = CARTESIAN_POINT('',(0.150496815287,-0.339656050955,0.9));
#12963 = VECTOR('',#12964,1.);
#12964 = DIRECTION('',(0.,0.,1.));
#12965 = PCURVE('',#12905,#12966);
#12966 = DEFINITIONAL_REPRESENTATION('',(#12967),#12971);
#12967 = LINE('',#12968,#12969);
#12968 = CARTESIAN_POINT('',(0.420687898089,0.));
#12969 = VECTOR('',#12970,1.);
#12970 = DIRECTION('',(0.,-1.));
#12971 = ( GEOMETRIC_REPRESENTATION_CONTEXT(2) 
PARAMETRIC_REPRESENTATION_CONTEXT() REPRESENTATION_CONTEXT('2D SPACE',''
  ) );
#12972 = PCURVE('',#12973,#12978);
#12973 = PLANE('',#12974);
#12974 = AXIS2_PLACEMENT_3D('',#12975,#12976,#12977);
#12975 = CARTESIAN_POINT('',(0.150496815287,-0.339656050955,0.9));
#12976 = DIRECTION('',(0.,1.,0.));
#12977 = DIRECTION('',(1.,0.,0.));
#12978 = DEFINITIONAL_REPRESENTATION('',(#12979),#12983);
#12979 = LINE('',#12980,#12981);
#12980 = CARTESIAN_POINT('',(0.,0.));
#12981 = VECTOR('',#12982,1.);
#12982 = DIRECTION('',(0.,-1.));
#12983 = ( GEOMETRIC_REPRESENTATION_CONTEXT(2) 
PARAMETRIC_REPRESENTATION_CONTEXT() REPRESENTATION_CONTEXT('2D SPACE',''
  ) );
#12984 = ORIENTED_EDGE('',*,*,#12985,.F.);
#12985 = EDGE_CURVE('',#12895,#12958,#12986,.T.);
#12986 = SURFACE_CURVE('',#12987,(#12991,#12998),.PCURVE_S1.);
#12987 = LINE('',#12988,#12989);
#12988 = CARTESIAN_POINT('',(0.150496815287,-0.760343949045,0.9));
#12989 = VECTOR('',#12990,1.);
#12990 = DIRECTION('',(0.,1.,0.));
#12991 = PCURVE('',#12905,#12992);
#12992 = DEFINITIONAL_REPRESENTATION('',(#12993),#12997);
#12993 = LINE('',#12994,#12995);
#12994 = CARTESIAN_POINT('',(0.,0.));
#12995 = VECTOR('',#12996,1.);
#12996 = DIRECTION('',(1.,0.));
#12997 = ( GEOMETRIC_REPRESENTATION_CONTEXT(2) 
PARAMETRIC_REPRESENTATION_CONTEXT() REPRESENTATION_CONTEXT('2D SPACE',''
  ) );
#12998 = PCURVE('',#12999,#13004);
#12999 = PLANE('',#13000);
#13000 = AXIS2_PLACEMENT_3D('',#13001,#13002,#13003);
#13001 = CARTESIAN_POINT('',(0.192917197452,-0.55,0.9));
#13002 = DIRECTION('',(0.,0.,1.));
#13003 = DIRECTION('',(1.,0.,-0.));
#13004 = DEFINITIONAL_REPRESENTATION('',(#13005),#13009);
#13005 = LINE('',#13006,#13007);
#13006 = CARTESIAN_POINT('',(-4.242038216561E-02,-0.210343949045));
#13007 = VECTOR('',#13008,1.);
#13008 = DIRECTION('',(0.,1.));
#13009 = ( GEOMETRIC_REPRESENTATION_CONTEXT(2) 
PARAMETRIC_REPRESENTATION_CONTEXT() REPRESENTATION_CONTEXT('2D SPACE',''
  ) );
#13010 = ADVANCED_FACE('',(#13011),#12973,.T.);
#13011 = FACE_BOUND('',#13012,.T.);
#13012 = EDGE_LOOP('',(#13013,#13014,#13037,#13065));
#13013 = ORIENTED_EDGE('',*,*,#12957,.T.);
#13014 = ORIENTED_EDGE('',*,*,#13015,.T.);
#13015 = EDGE_CURVE('',#12930,#13016,#13018,.T.);
#13016 = VERTEX_POINT('',#13017);
#13017 = CARTESIAN_POINT('',(0.235337579618,-0.339656050955,0.903));
#13018 = SURFACE_CURVE('',#13019,(#13023,#13030),.PCURVE_S1.);
#13019 = LINE('',#13020,#13021);
#13020 = CARTESIAN_POINT('',(0.150496815287,-0.339656050955,0.903));
#13021 = VECTOR('',#13022,1.);
#13022 = DIRECTION('',(1.,0.,0.));
#13023 = PCURVE('',#12973,#13024);
#13024 = DEFINITIONAL_REPRESENTATION('',(#13025),#13029);
#13025 = LINE('',#13026,#13027);
#13026 = CARTESIAN_POINT('',(0.,-3.E-03));
#13027 = VECTOR('',#13028,1.);
#13028 = DIRECTION('',(1.,0.));
#13029 = ( GEOMETRIC_REPRESENTATION_CONTEXT(2) 
PARAMETRIC_REPRESENTATION_CONTEXT() REPRESENTATION_CONTEXT('2D SPACE',''
  ) );
#13030 = PCURVE('',#12945,#13031);
#13031 = DEFINITIONAL_REPRESENTATION('',(#13032),#13036);
#13032 = LINE('',#13033,#13034);
#13033 = CARTESIAN_POINT('',(-4.242038216561E-02,0.210343949045));
#13034 = VECTOR('',#13035,1.);
#13035 = DIRECTION('',(1.,0.));
#13036 = ( GEOMETRIC_REPRESENTATION_CONTEXT(2) 
PARAMETRIC_REPRESENTATION_CONTEXT() REPRESENTATION_CONTEXT('2D SPACE',''
  ) );
#13037 = ORIENTED_EDGE('',*,*,#13038,.F.);
#13038 = EDGE_CURVE('',#13039,#13016,#13041,.T.);
#13039 = VERTEX_POINT('',#13040);
#13040 = CARTESIAN_POINT('',(0.235337579618,-0.339656050955,0.9));
#13041 = SURFACE_CURVE('',#13042,(#13046,#13053),.PCURVE_S1.);
#13042 = LINE('',#13043,#13044);
#13043 = CARTESIAN_POINT('',(0.235337579618,-0.339656050955,0.9));
#13044 = VECTOR('',#13045,1.);
#13045 = DIRECTION('',(0.,0.,1.));
#13046 = PCURVE('',#12973,#13047);
#13047 = DEFINITIONAL_REPRESENTATION('',(#13048),#13052);
#13048 = LINE('',#13049,#13050);
#13049 = CARTESIAN_POINT('',(8.484076433121E-02,0.));
#13050 = VECTOR('',#13051,1.);
#13051 = DIRECTION('',(0.,-1.));
#13052 = ( GEOMETRIC_REPRESENTATION_CONTEXT(2) 
PARAMETRIC_REPRESENTATION_CONTEXT() REPRESENTATION_CONTEXT('2D SPACE',''
  ) );
#13053 = PCURVE('',#13054,#13059);
#13054 = PLANE('',#13055);
#13055 = AXIS2_PLACEMENT_3D('',#13056,#13057,#13058);
#13056 = CARTESIAN_POINT('',(0.235337579618,-0.339656050955,0.9));
#13057 = DIRECTION('',(1.,0.,-0.));
#13058 = DIRECTION('',(0.,-1.,0.));
#13059 = DEFINITIONAL_REPRESENTATION('',(#13060),#13064);
#13060 = LINE('',#13061,#13062);
#13061 = CARTESIAN_POINT('',(0.,0.));
#13062 = VECTOR('',#13063,1.);
#13063 = DIRECTION('',(0.,-1.));
#13064 = ( GEOMETRIC_REPRESENTATION_CONTEXT(2) 
PARAMETRIC_REPRESENTATION_CONTEXT() REPRESENTATION_CONTEXT('2D SPACE',''
  ) );
#13065 = ORIENTED_EDGE('',*,*,#13066,.F.);
#13066 = EDGE_CURVE('',#12958,#13039,#13067,.T.);
#13067 = SURFACE_CURVE('',#13068,(#13072,#13079),.PCURVE_S1.);
#13068 = LINE('',#13069,#13070);
#13069 = CARTESIAN_POINT('',(0.150496815287,-0.339656050955,0.9));
#13070 = VECTOR('',#13071,1.);
#13071 = DIRECTION('',(1.,0.,0.));
#13072 = PCURVE('',#12973,#13073);
#13073 = DEFINITIONAL_REPRESENTATION('',(#13074),#13078);
#13074 = LINE('',#13075,#13076);
#13075 = CARTESIAN_POINT('',(0.,0.));
#13076 = VECTOR('',#13077,1.);
#13077 = DIRECTION('',(1.,0.));
#13078 = ( GEOMETRIC_REPRESENTATION_CONTEXT(2) 
PARAMETRIC_REPRESENTATION_CONTEXT() REPRESENTATION_CONTEXT('2D SPACE',''
  ) );
#13079 = PCURVE('',#12999,#13080);
#13080 = DEFINITIONAL_REPRESENTATION('',(#13081),#13085);
#13081 = LINE('',#13082,#13083);
#13082 = CARTESIAN_POINT('',(-4.242038216561E-02,0.210343949045));
#13083 = VECTOR('',#13084,1.);
#13084 = DIRECTION('',(1.,0.));
#13085 = ( GEOMETRIC_REPRESENTATION_CONTEXT(2) 
PARAMETRIC_REPRESENTATION_CONTEXT() REPRESENTATION_CONTEXT('2D SPACE',''
  ) );
#13086 = ADVANCED_FACE('',(#13087),#13054,.T.);
#13087 = FACE_BOUND('',#13088,.T.);
#13088 = EDGE_LOOP('',(#13089,#13090,#13113,#13136));
#13089 = ORIENTED_EDGE('',*,*,#13038,.T.);
#13090 = ORIENTED_EDGE('',*,*,#13091,.T.);
#13091 = EDGE_CURVE('',#13016,#13092,#13094,.T.);
#13092 = VERTEX_POINT('',#13093);
#13093 = CARTESIAN_POINT('',(0.235337579618,-0.760343949045,0.903));
#13094 = SURFACE_CURVE('',#13095,(#13099,#13106),.PCURVE_S1.);
#13095 = LINE('',#13096,#13097);
#13096 = CARTESIAN_POINT('',(0.235337579618,-0.339656050955,0.903));
#13097 = VECTOR('',#13098,1.);
#13098 = DIRECTION('',(0.,-1.,0.));
#13099 = PCURVE('',#13054,#13100);
#13100 = DEFINITIONAL_REPRESENTATION('',(#13101),#13105);
#13101 = LINE('',#13102,#13103);
#13102 = CARTESIAN_POINT('',(0.,-3.E-03));
#13103 = VECTOR('',#13104,1.);
#13104 = DIRECTION('',(1.,0.));
#13105 = ( GEOMETRIC_REPRESENTATION_CONTEXT(2) 
PARAMETRIC_REPRESENTATION_CONTEXT() REPRESENTATION_CONTEXT('2D SPACE',''
  ) );
#13106 = PCURVE('',#12945,#13107);
#13107 = DEFINITIONAL_REPRESENTATION('',(#13108),#13112);
#13108 = LINE('',#13109,#13110);
#13109 = CARTESIAN_POINT('',(4.242038216561E-02,0.210343949045));
#13110 = VECTOR('',#13111,1.);
#13111 = DIRECTION('',(0.,-1.));
#13112 = ( GEOMETRIC_REPRESENTATION_CONTEXT(2) 
PARAMETRIC_REPRESENTATION_CONTEXT() REPRESENTATION_CONTEXT('2D SPACE',''
  ) );
#13113 = ORIENTED_EDGE('',*,*,#13114,.F.);
#13114 = EDGE_CURVE('',#13115,#13092,#13117,.T.);
#13115 = VERTEX_POINT('',#13116);
#13116 = CARTESIAN_POINT('',(0.235337579618,-0.760343949045,0.9));
#13117 = SURFACE_CURVE('',#13118,(#13122,#13129),.PCURVE_S1.);
#13118 = LINE('',#13119,#13120);
#13119 = CARTESIAN_POINT('',(0.235337579618,-0.760343949045,0.9));
#13120 = VECTOR('',#13121,1.);
#13121 = DIRECTION('',(0.,0.,1.));
#13122 = PCURVE('',#13054,#13123);
#13123 = DEFINITIONAL_REPRESENTATION('',(#13124),#13128);
#13124 = LINE('',#13125,#13126);
#13125 = CARTESIAN_POINT('',(0.420687898089,0.));
#13126 = VECTOR('',#13127,1.);
#13127 = DIRECTION('',(0.,-1.));
#13128 = ( GEOMETRIC_REPRESENTATION_CONTEXT(2) 
PARAMETRIC_REPRESENTATION_CONTEXT() REPRESENTATION_CONTEXT('2D SPACE',''
  ) );
#13129 = PCURVE('',#12917,#13130);
#13130 = DEFINITIONAL_REPRESENTATION('',(#13131),#13135);
#13131 = LINE('',#13132,#13133);
#13132 = CARTESIAN_POINT('',(0.,-0.));
#13133 = VECTOR('',#13134,1.);
#13134 = DIRECTION('',(0.,-1.));
#13135 = ( GEOMETRIC_REPRESENTATION_CONTEXT(2) 
PARAMETRIC_REPRESENTATION_CONTEXT() REPRESENTATION_CONTEXT('2D SPACE',''
  ) );
#13136 = ORIENTED_EDGE('',*,*,#13137,.F.);
#13137 = EDGE_CURVE('',#13039,#13115,#13138,.T.);
#13138 = SURFACE_CURVE('',#13139,(#13143,#13150),.PCURVE_S1.);
#13139 = LINE('',#13140,#13141);
#13140 = CARTESIAN_POINT('',(0.235337579618,-0.339656050955,0.9));
#13141 = VECTOR('',#13142,1.);
#13142 = DIRECTION('',(0.,-1.,0.));
#13143 = PCURVE('',#13054,#13144);
#13144 = DEFINITIONAL_REPRESENTATION('',(#13145),#13149);
#13145 = LINE('',#13146,#13147);
#13146 = CARTESIAN_POINT('',(0.,0.));
#13147 = VECTOR('',#13148,1.);
#13148 = DIRECTION('',(1.,0.));
#13149 = ( GEOMETRIC_REPRESENTATION_CONTEXT(2) 
PARAMETRIC_REPRESENTATION_CONTEXT() REPRESENTATION_CONTEXT('2D SPACE',''
  ) );
#13150 = PCURVE('',#12999,#13151);
#13151 = DEFINITIONAL_REPRESENTATION('',(#13152),#13156);
#13152 = LINE('',#13153,#13154);
#13153 = CARTESIAN_POINT('',(4.242038216561E-02,0.210343949045));
#13154 = VECTOR('',#13155,1.);
#13155 = DIRECTION('',(0.,-1.));
#13156 = ( GEOMETRIC_REPRESENTATION_CONTEXT(2) 
PARAMETRIC_REPRESENTATION_CONTEXT() REPRESENTATION_CONTEXT('2D SPACE',''
  ) );
#13157 = ADVANCED_FACE('',(#13158),#12917,.T.);
#13158 = FACE_BOUND('',#13159,.T.);
#13159 = EDGE_LOOP('',(#13160,#13161,#13182,#13183));
#13160 = ORIENTED_EDGE('',*,*,#13114,.T.);
#13161 = ORIENTED_EDGE('',*,*,#13162,.T.);
#13162 = EDGE_CURVE('',#13092,#12897,#13163,.T.);
#13163 = SURFACE_CURVE('',#13164,(#13168,#13175),.PCURVE_S1.);
#13164 = LINE('',#13165,#13166);
#13165 = CARTESIAN_POINT('',(0.235337579618,-0.760343949045,0.903));
#13166 = VECTOR('',#13167,1.);
#13167 = DIRECTION('',(-1.,0.,0.));
#13168 = PCURVE('',#12917,#13169);
#13169 = DEFINITIONAL_REPRESENTATION('',(#13170),#13174);
#13170 = LINE('',#13171,#13172);
#13171 = CARTESIAN_POINT('',(0.,-3.E-03));
#13172 = VECTOR('',#13173,1.);
#13173 = DIRECTION('',(1.,0.));
#13174 = ( GEOMETRIC_REPRESENTATION_CONTEXT(2) 
PARAMETRIC_REPRESENTATION_CONTEXT() REPRESENTATION_CONTEXT('2D SPACE',''
  ) );
#13175 = PCURVE('',#12945,#13176);
#13176 = DEFINITIONAL_REPRESENTATION('',(#13177),#13181);
#13177 = LINE('',#13178,#13179);
#13178 = CARTESIAN_POINT('',(4.242038216561E-02,-0.210343949045));
#13179 = VECTOR('',#13180,1.);
#13180 = DIRECTION('',(-1.,0.));
#13181 = ( GEOMETRIC_REPRESENTATION_CONTEXT(2) 
PARAMETRIC_REPRESENTATION_CONTEXT() REPRESENTATION_CONTEXT('2D SPACE',''
  ) );
#13182 = ORIENTED_EDGE('',*,*,#12894,.F.);
#13183 = ORIENTED_EDGE('',*,*,#13184,.F.);
#13184 = EDGE_CURVE('',#13115,#12895,#13185,.T.);
#13185 = SURFACE_CURVE('',#13186,(#13190,#13197),.PCURVE_S1.);
#13186 = LINE('',#13187,#13188);
#13187 = CARTESIAN_POINT('',(0.235337579618,-0.760343949045,0.9));
#13188 = VECTOR('',#13189,1.);
#13189 = DIRECTION('',(-1.,0.,0.));
#13190 = PCURVE('',#12917,#13191);
#13191 = DEFINITIONAL_REPRESENTATION('',(#13192),#13196);
#13192 = LINE('',#13193,#13194);
#13193 = CARTESIAN_POINT('',(0.,-0.));
#13194 = VECTOR('',#13195,1.);
#13195 = DIRECTION('',(1.,0.));
#13196 = ( GEOMETRIC_REPRESENTATION_CONTEXT(2) 
PARAMETRIC_REPRESENTATION_CONTEXT() REPRESENTATION_CONTEXT('2D SPACE',''
  ) );
#13197 = PCURVE('',#12999,#13198);
#13198 = DEFINITIONAL_REPRESENTATION('',(#13199),#13203);
#13199 = LINE('',#13200,#13201);
#13200 = CARTESIAN_POINT('',(4.242038216561E-02,-0.210343949045));
#13201 = VECTOR('',#13202,1.);
#13202 = DIRECTION('',(-1.,0.));
#13203 = ( GEOMETRIC_REPRESENTATION_CONTEXT(2) 
PARAMETRIC_REPRESENTATION_CONTEXT() REPRESENTATION_CONTEXT('2D SPACE',''
  ) );
#13204 = ADVANCED_FACE('',(#13205),#12999,.F.);
#13205 = FACE_BOUND('',#13206,.T.);
#13206 = EDGE_LOOP('',(#13207,#13208,#13209,#13210));
#13207 = ORIENTED_EDGE('',*,*,#12985,.T.);
#13208 = ORIENTED_EDGE('',*,*,#13066,.T.);
#13209 = ORIENTED_EDGE('',*,*,#13137,.T.);
#13210 = ORIENTED_EDGE('',*,*,#13184,.T.);
#13211 = ADVANCED_FACE('',(#13212),#12945,.T.);
#13212 = FACE_BOUND('',#13213,.F.);
#13213 = EDGE_LOOP('',(#13214,#13215,#13216,#13217));
#13214 = ORIENTED_EDGE('',*,*,#12929,.T.);
#13215 = ORIENTED_EDGE('',*,*,#13015,.T.);
#13216 = ORIENTED_EDGE('',*,*,#13091,.T.);
#13217 = ORIENTED_EDGE('',*,*,#13162,.T.);
#13218 = ( GEOMETRIC_REPRESENTATION_CONTEXT(3) 
GLOBAL_UNCERTAINTY_ASSIGNED_CONTEXT((#13222)) 
GLOBAL_UNIT_ASSIGNED_CONTEXT((#13219,#13220,#13221)) 
REPRESENTATION_CONTEXT('Context #1',
  '3D Context with UNIT and UNCERTAINTY') );
#13219 = ( LENGTH_UNIT() NAMED_UNIT(*) SI_UNIT(.MILLI.,.METRE.) );
#13220 = ( NAMED_UNIT(*) PLANE_ANGLE_UNIT() SI_UNIT($,.RADIAN.) );
#13221 = ( NAMED_UNIT(*) SI_UNIT($,.STERADIAN.) SOLID_ANGLE_UNIT() );
#13222 = UNCERTAINTY_MEASURE_WITH_UNIT(LENGTH_MEASURE(1.E-07),#13219,
  'distance_accuracy_value','confusion accuracy');
#13223 = CONTEXT_DEPENDENT_SHAPE_REPRESENTATION(#13224,#13226);
#13224 = ( REPRESENTATION_RELATIONSHIP('','',#6303,#10) 
REPRESENTATION_RELATIONSHIP_WITH_TRANSFORMATION(#13225) 
SHAPE_REPRESENTATION_RELATIONSHIP() );
#13225 = ITEM_DEFINED_TRANSFORMATION('','',#11,#27);
#13226 = PRODUCT_DEFINITION_SHAPE('Placement','Placement of an item',
  #13227);
#13227 = NEXT_ASSEMBLY_USAGE_OCCURRENCE('4','Marking','',#5,#6298,$);
#13228 = PRODUCT_RELATED_PRODUCT_CATEGORY('part',$,(#6300));
#13229 = COLOUR_RGB('',0.1,0.1,0.1);
#13230 = FILL_AREA_STYLE_COLOUR('',#13229);
#13231 = FILL_AREA_STYLE('',(#13230));
#13232 = SURFACE_STYLE_FILL_AREA(#13231);
#13233 = SURFACE_SIDE_STYLE('',(#13232));
#13234 = SURFACE_STYLE_USAGE(.BOTH.,#13233);
#13235 = PRESENTATION_STYLE_ASSIGNMENT((#13234));
#13236 = STYLED_ITEM('color',(#13235),#45);
#13237 = MECHANICAL_DESIGN_GEOMETRIC_PRESENTATION_REPRESENTATION('',(#13236),#3179);
#13238 = COLOUR_RGB('',0.78,0.78,0.8);
#13239 = FILL_AREA_STYLE_COLOUR('',#13238);
#13240 = FILL_AREA_STYLE('',(#13239));
#13241 = SURFACE_STYLE_FILL_AREA(#13240);
#13242 = SURFACE_SIDE_STYLE('',(#13241));
#13243 = SURFACE_STYLE_USAGE(.BOTH.,#13242);
#13244 = PRESENTATION_STYLE_ASSIGNMENT((#13243));
#13245 = STYLED_ITEM('color',(#13244),#3198);
#13246 = MECHANICAL_DESIGN_GEOMETRIC_PRESENTATION_REPRESENTATION('',(#13245),#6168);
#13247 = COLOUR_RGB('',0.78,0.78,0.8);
#13248 = FILL_AREA_STYLE_COLOUR('',#13247);
#13249 = FILL_AREA_STYLE('',(#13248));
#13250 = SURFACE_STYLE_FILL_AREA(#13249);
#13251 = SURFACE_SIDE_STYLE('',(#13250));
#13252 = SURFACE_STYLE_USAGE(.BOTH.,#13251);
#13253 = PRESENTATION_STYLE_ASSIGNMENT((#13252));
#13254 = STYLED_ITEM('color',(#13253),#3528);
#13255 = MECHANICAL_DESIGN_GEOMETRIC_PRESENTATION_REPRESENTATION('',(#13254),#6168);
#13256 = COLOUR_RGB('',0.78,0.78,0.8);
#13257 = FILL_AREA_STYLE_COLOUR('',#13256);
#13258 = FILL_AREA_STYLE('',(#13257));
#13259 = SURFACE_STYLE_FILL_AREA(#13258);
#13260 = SURFACE_SIDE_STYLE('',(#13259));
#13261 = SURFACE_STYLE_USAGE(.BOTH.,#13260);
#13262 = PRESENTATION_STYLE_ASSIGNMENT((#13261));
#13263 = STYLED_ITEM('color',(#13262),#3858);
#13264 = MECHANICAL_DESIGN_GEOMETRIC_PRESENTATION_REPRESENTATION('',(#13263),#6168);
#13265 = COLOUR_RGB('',0.78,0.78,0.8);
#13266 = FILL_AREA_STYLE_COLOUR('',#13265);
#13267 = FILL_AREA_STYLE('',(#13266));
#13268 = SURFACE_STYLE_FILL_AREA(#13267);
#13269 = SURFACE_SIDE_STYLE('',(#13268));
#13270 = SURFACE_STYLE_USAGE(.BOTH.,#13269);
#13271 = PRESENTATION_STYLE_ASSIGNMENT((#13270));
#13272 = STYLED_ITEM('color',(#13271),#4188);
#13273 = MECHANICAL_DESIGN_GEOMETRIC_PRESENTATION_REPRESENTATION('',(#13272),#6168);
#13274 = COLOUR_RGB('',0.78,0.78,0.8);
#13275 = FILL_AREA_STYLE_COLOUR('',#13274);
#13276 = FILL_AREA_STYLE('',(#13275));
#13277 = SURFACE_STYLE_FILL_AREA(#13276);
#13278 = SURFACE_SIDE_STYLE('',(#13277));
#13279 = SURFACE_STYLE_USAGE(.BOTH.,#13278);
#13280 = PRESENTATION_STYLE_ASSIGNMENT((#13279));
#13281 = STYLED_ITEM('color',(#13280),#4518);
#13282 = MECHANICAL_DESIGN_GEOMETRIC_PRESENTATION_REPRESENTATION('',(#13281),#6168);
#13283 = COLOUR_RGB('',0.78,0.78,0.8);
#13284 = FILL_AREA_STYLE_COLOUR('',#13283);
#13285 = FILL_AREA_STYLE('',(#13284));
#13286 = SURFACE_STYLE_FILL_AREA(#13285);
#13287 = SURFACE_SIDE_STYLE('',(#13286));
#13288 = SURFACE_STYLE_USAGE(.BOTH.,#13287);
#13289 = PRESENTATION_STYLE_ASSIGNMENT((#13288));
#13290 = STYLED_ITEM('color',(#13289),#4848);
#13291 = MECHANICAL_DESIGN_GEOMETRIC_PRESENTATION_REPRESENTATION('',(#13290),#6168);
#13292 = COLOUR_RGB('',0.78,0.78,0.8);
#13293 = FILL_AREA_STYLE_COLOUR('',#13292);
#13294 = FILL_AREA_STYLE('',(#13293));
#13295 = SURFACE_STYLE_FILL_AREA(#13294);
#13296 = SURFACE_SIDE_STYLE('',(#13295));
#13297 = SURFACE_STYLE_USAGE(.BOTH.,#13296);
#13298 = PRESENTATION_STYLE_ASSIGNMENT((#13297));
#13299 = STYLED_ITEM('color',(#13298),#5178);
#13300 = MECHANICAL_DESIGN_GEOMETRIC_PRESENTATION_REPRESENTATION('',(#13299),#6168);
#13301 = COLOUR_RGB('',0.78,0.78,0.8);
#13302 = FILL_AREA_STYLE_COLOUR('',#13301);
#13303 = FILL_AREA_STYLE('',(#13302));
#13304 = SURFACE_STYLE_FILL_AREA(#13303);
#13305 = SURFACE_SIDE_STYLE('',(#13304));
#13306 = SURFACE_STYLE_USAGE(.BOTH.,#13305);
#13307 = PRESENTATION_STYLE_ASSIGNMENT((#13306));
#13308 = STYLED_ITEM('color',(#13307),#5508);
#13309 = MECHANICAL_DESIGN_GEOMETRIC_PRESENTATION_REPRESENTATION('',(#13308),#6168);
#13310 = COLOUR_RGB('',0.78,0.78,0.8);
#13311 = FILL_AREA_STYLE_COLOUR('',#13310);
#13312 = FILL_AREA_STYLE('',(#13311));
#13313 = SURFACE_STYLE_FILL_AREA(#13312);
#13314 = SURFACE_SIDE_STYLE('',(#13313));
#13315 = SURFACE_STYLE_USAGE(.BOTH.,#13314);
#13316 = PRESENTATION_STYLE_ASSIGNMENT((#13315));
#13317 = STYLED_ITEM('color',(#13316),#5838);
#13318 = MECHANICAL_DESIGN_GEOMETRIC_PRESENTATION_REPRESENTATION('',(#13317),#6168);
#13319 = COLOUR_RGB('',0.22,0.22,0.22);
#13320 = FILL_AREA_STYLE_COLOUR('',#13319);
#13321 = FILL_AREA_STYLE('',(#13320));
#13322 = SURFACE_STYLE_FILL_AREA(#13321);
#13323 = SURFACE_SIDE_STYLE('',(#13322));
#13324 = SURFACE_STYLE_USAGE(.BOTH.,#13323);
#13325 = PRESENTATION_STYLE_ASSIGNMENT((#13324));
#13326 = STYLED_ITEM('color',(#13325),#6187);
#13327 = MECHANICAL_DESIGN_GEOMETRIC_PRESENTATION_REPRESENTATION('',(#13326),#6285);
#13328 = COLOUR_RGB('',0.66,0.66,0.68);
#13329 = FILL_AREA_STYLE_COLOUR('',#13328);
#13330 = FILL_AREA_STYLE('',(#13329));
#13331 = SURFACE_STYLE_FILL_AREA(#13330);
#13332 = SURFACE_SIDE_STYLE('',(#13331));
#13333 = SURFACE_STYLE_USAGE(.BOTH.,#13332);
#13334 = PRESENTATION_STYLE_ASSIGNMENT((#13333));
#13335 = STYLED_ITEM('color',(#13334),#6304);
#13336 = MECHANICAL_DESIGN_GEOMETRIC_PRESENTATION_REPRESENTATION('',(#13335),#13218);
#13337 = COLOUR_RGB('',0.66,0.66,0.68);
#13338 = FILL_AREA_STYLE_COLOUR('',#13337);
#13339 = FILL_AREA_STYLE('',(#13338));
#13340 = SURFACE_STYLE_FILL_AREA(#13339);
#13341 = SURFACE_SIDE_STYLE('',(#13340));
#13342 = SURFACE_STYLE_USAGE(.BOTH.,#13341);
#13343 = PRESENTATION_STYLE_ASSIGNMENT((#13342));
#13344 = STYLED_ITEM('color',(#13343),#6952);
#13345 = MECHANICAL_DESIGN_GEOMETRIC_PRESENTATION_REPRESENTATION('',(#13344),#13218);
#13346 = COLOUR_RGB('',0.66,0.66,0.68);
#13347 = FILL_AREA_STYLE_COLOUR('',#13346);
#13348 = FILL_AREA_STYLE('',(#13347));
#13349 = SURFACE_STYLE_FILL_AREA(#13348);
#13350 = SURFACE_SIDE_STYLE('',(#13349));
#13351 = SURFACE_STYLE_USAGE(.BOTH.,#13350);
#13352 = PRESENTATION_STYLE_ASSIGNMENT((#13351));
#13353 = STYLED_ITEM('color',(#13352),#8574);
#13354 = MECHANICAL_DESIGN_GEOMETRIC_PRESENTATION_REPRESENTATION('',(#13353),#13218);
#13355 = COLOUR_RGB('',0.66,0.66,0.68);
#13356 = FILL_AREA_STYLE_COLOUR('',#13355);
#13357 = FILL_AREA_STYLE('',(#13356));
#13358 = SURFACE_STYLE_FILL_AREA(#13357);
#13359 = SURFACE_SIDE_STYLE('',(#13358));
#13360 = SURFACE_STYLE_USAGE(.BOTH.,#13359);
#13361 = PRESENTATION_STYLE_ASSIGNMENT((#13360));
#13362 = STYLED_ITEM('color',(#13361),#9688);
#13363 = MECHANICAL_DESIGN_GEOMETRIC_PRESENTATION_REPRESENTATION('',(#13362),#13218);
#13364 = COLOUR_RGB('',0.66,0.66,0.68);
#13365 = FILL_AREA_STYLE_COLOUR('',#13364);
#13366 = FILL_AREA_STYLE('',(#13365));
#13367 = SURFACE_STYLE_FILL_AREA(#13366);
#13368 = SURFACE_SIDE_STYLE('',(#13367));
#13369 = SURFACE_STYLE_USAGE(.BOTH.,#13368);
#13370 = PRESENTATION_STYLE_ASSIGNMENT((#13369));
#13371 = STYLED_ITEM('color',(#13370),#10802);
#13372 = MECHANICAL_DESIGN_GEOMETRIC_PRESENTATION_REPRESENTATION('',(#13371),#13218);
#13373 = COLOUR_RGB('',0.66,0.66,0.68);
#13374 = FILL_AREA_STYLE_COLOUR('',#13373);
#13375 = FILL_AREA_STYLE('',(#13374));
#13376 = SURFACE_STYLE_FILL_AREA(#13375);
#13377 = SURFACE_SIDE_STYLE('',(#13376));
#13378 = SURFACE_STYLE_USAGE(.BOTH.,#13377);
#13379 = PRESENTATION_STYLE_ASSIGNMENT((#13378));
#13380 = STYLED_ITEM('color',(#13379),#11682);
#13381 = MECHANICAL_DESIGN_GEOMETRIC_PRESENTATION_REPRESENTATION('',(#13380),#13218);
#13382 = COLOUR_RGB('',0.66,0.66,0.68);
#13383 = FILL_AREA_STYLE_COLOUR('',#13382);
#13384 = FILL_AREA_STYLE('',(#13383));
#13385 = SURFACE_STYLE_FILL_AREA(#13384);
#13386 = SURFACE_SIDE_STYLE('',(#13385));
#13387 = SURFACE_STYLE_USAGE(.BOTH.,#13386);
#13388 = PRESENTATION_STYLE_ASSIGNMENT((#13387));
#13389 = STYLED_ITEM('color',(#13388),#12246);
#13390 = MECHANICAL_DESIGN_GEOMETRIC_PRESENTATION_REPRESENTATION('',(#13389),#13218);
#13391 = COLOUR_RGB('',0.66,0.66,0.68);
#13392 = FILL_AREA_STYLE_COLOUR('',#13391);
#13393 = FILL_AREA_STYLE('',(#13392));
#13394 = SURFACE_STYLE_FILL_AREA(#13393);
#13395 = SURFACE_SIDE_STYLE('',(#13394));
#13396 = SURFACE_STYLE_USAGE(.BOTH.,#13395);
#13397 = PRESENTATION_STYLE_ASSIGNMENT((#13396));
#13398 = STYLED_ITEM('color',(#13397),#12888);
#13399 = MECHANICAL_DESIGN_GEOMETRIC_PRESENTATION_REPRESENTATION('',(#13398),#13218);
ENDSEC;
END-ISO-10303-21;
