ISO-10303-21;
HEADER;
FILE_DESCRIPTION(('FreeCAD Model'),'2;1');
FILE_NAME('Open CASCADE Shape Model','2026-10-06T22:51:16',(''),(''),
  'Open CASCADE STEP processor 7.8','FreeCAD','Unknown');
FILE_SCHEMA(('AUTOMOTIVE_DESIGN { 1 0 10303 214 1 1 1 1 }'));
ENDSEC;
DATA;
#1 = APPLICATION_PROTOCOL_DEFINITION('international standard',
  'automotive_design',2000,#2);
#2 = APPLICATION_CONTEXT(
  'core data for automotive mechanical design processes');
#3 = SHAPE_DEFINITION_REPRESENTATION(#4,#10);
#4 = PRODUCT_DEFINITION_SHAPE('','',#5);
#5 = PRODUCT_DEFINITION('design','',#6,#9);
#6 = PRODUCT_DEFINITION_FORMATION('','',#7);
#7 = PRODUCT('H','H','',(#8));
#8 = PRODUCT_CONTEXT('',#2,'mechanical');
#9 = PRODUCT_DEFINITION_CONTEXT('part definition',#2,'design');
#10 = SHAPE_REPRESENTATION('',(#11,#15,#19),#23);
#11 = AXIS2_PLACEMENT_3D('',#12,#13,#14);
#12 = CARTESIAN_POINT('',(0.,0.,0.));
#13 = DIRECTION('',(0.,0.,1.));
#14 = DIRECTION('',(1.,0.,-0.));
#15 = AXIS2_PLACEMENT_3D('',#16,#17,#18);
#16 = CARTESIAN_POINT('',(0.,0.,0.));
#17 = DIRECTION('',(0.,0.,1.));
#18 = DIRECTION('',(1.,0.,0.));
#19 = AXIS2_PLACEMENT_3D('',#20,#21,#22);
#20 = CARTESIAN_POINT('',(0.,0.,0.));
#21 = DIRECTION('',(0.,0.,1.));
#22 = DIRECTION('',(1.,0.,0.));
#23 = ( GEOMETRIC_REPRESENTATION_CONTEXT(3) 
GLOBAL_UNCERTAINTY_ASSIGNED_CONTEXT((#27)) GLOBAL_UNIT_ASSIGNED_CONTEXT(
(#24,#25,#26)) REPRESENTATION_CONTEXT('Context #1',
  '3D Context with UNIT and UNCERTAINTY') );
#24 = ( LENGTH_UNIT() NAMED_UNIT(*) SI_UNIT(.MILLI.,.METRE.) );
#25 = ( NAMED_UNIT(*) PLANE_ANGLE_UNIT() SI_UNIT($,.RADIAN.) );
#26 = ( NAMED_UNIT(*) SI_UNIT($,.STERADIAN.) SOLID_ANGLE_UNIT() );
#27 = UNCERTAINTY_MEASURE_WITH_UNIT(LENGTH_MEASURE(1.E-06),#24,
  'distance_accuracy_value','confusion accuracy');
#28 = PRODUCT_RELATED_PRODUCT_CATEGORY('part',$,(#7));
#29 = SHAPE_DEFINITION_REPRESENTATION(#30,#36);
#30 = PRODUCT_DEFINITION_SHAPE('','',#31);
#31 = PRODUCT_DEFINITION('design','',#32,#35);
#32 = PRODUCT_DEFINITION_FORMATION('','',#33);
#33 = PRODUCT('Body','Body','',(#34));
#34 = PRODUCT_CONTEXT('',#2,'mechanical');
#35 = PRODUCT_DEFINITION_CONTEXT('part definition',#2,'design');
#36 = ADVANCED_BREP_SHAPE_REPRESENTATION('',(#11,#37),#5023);
#37 = MANIFOLD_SOLID_BREP('',#38);
#38 = CLOSED_SHELL('',(#39,#159,#346,#427,#474,#609,#663,#690,#717,#742,
    #769,#796,#1661,#1688,#1695,#1768,#1820,#1872,#1903,#1976,#2028,
    #2080,#2111,#2184,#2236,#2288,#2319,#2392,#2444,#2496,#2527,#2600,
    #2652,#2704,#2735,#2808,#2860,#2912,#2943,#3016,#3068,#3120,#3151,
    #3224,#3276,#3328,#3359,#3435,#3484,#3533,#3560,#3636,#3685,#3734,
    #3761,#3837,#3886,#3935,#3962,#4038,#4087,#4136,#4163,#4239,#4288,
    #4337,#4364,#4440,#4489,#4538,#4565,#4641,#4690,#4739,#4766,#4842,
    #4891,#4940,#4967,#4974,#4981,#4988,#4995,#5002,#5009,#5016));
#39 = ADVANCED_FACE('',(#40),#54,.F.);
#40 = FACE_BOUND('',#41,.F.);
#41 = EDGE_LOOP('',(#42,#77,#105,#133));
#42 = ORIENTED_EDGE('',*,*,#43,.F.);
#43 = EDGE_CURVE('',#44,#46,#48,.T.);
#44 = VERTEX_POINT('',#45);
#45 = CARTESIAN_POINT('',(-2.54,-1.5,0.15));
#46 = VERTEX_POINT('',#47);
#47 = CARTESIAN_POINT('',(-2.54,-1.5,4.18));
#48 = SURFACE_CURVE('',#49,(#53,#65),.PCURVE_S1.);
#49 = LINE('',#50,#51);
#50 = CARTESIAN_POINT('',(-2.54,-1.5,0.15));
#51 = VECTOR('',#52,1.);
#52 = DIRECTION('',(0.,0.,1.));
#53 = PCURVE('',#54,#59);
#54 = PLANE('',#55);
#55 = AXIS2_PLACEMENT_3D('',#56,#57,#58);
#56 = CARTESIAN_POINT('',(-2.54,-1.5,0.15));
#57 = DIRECTION('',(1.,0.,-0.));
#58 = DIRECTION('',(0.,0.,1.));
#59 = DEFINITIONAL_REPRESENTATION('',(#60),#64);
#60 = LINE('',#61,#62);
#61 = CARTESIAN_POINT('',(0.,0.));
#62 = VECTOR('',#63,1.);
#63 = DIRECTION('',(1.,0.));
#64 = ( GEOMETRIC_REPRESENTATION_CONTEXT(2) 
PARAMETRIC_REPRESENTATION_CONTEXT() REPRESENTATION_CONTEXT('2D SPACE',''
  ) );
#65 = PCURVE('',#66,#71);
#66 = PLANE('',#67);
#67 = AXIS2_PLACEMENT_3D('',#68,#69,#70);
#68 = CARTESIAN_POINT('',(-2.54,-1.5,0.15));
#69 = DIRECTION('',(-0.,1.,0.));
#70 = DIRECTION('',(0.,0.,1.));
#71 = DEFINITIONAL_REPRESENTATION('',(#72),#76);
#72 = LINE('',#73,#74);
#73 = CARTESIAN_POINT('',(0.,0.));
#74 = VECTOR('',#75,1.);
#75 = DIRECTION('',(1.,0.));
#76 = ( GEOMETRIC_REPRESENTATION_CONTEXT(2) 
PARAMETRIC_REPRESENTATION_CONTEXT() REPRESENTATION_CONTEXT('2D SPACE',''
  ) );
#77 = ORIENTED_EDGE('',*,*,#78,.T.);
#78 = EDGE_CURVE('',#44,#79,#81,.T.);
#79 = VERTEX_POINT('',#80);
#80 = CARTESIAN_POINT('',(-2.54,1.5,0.15));
#81 = SURFACE_CURVE('',#82,(#86,#93),.PCURVE_S1.);
#82 = LINE('',#83,#84);
#83 = CARTESIAN_POINT('',(-2.54,-1.5,0.15));
#84 = VECTOR('',#85,1.);
#85 = DIRECTION('',(-0.,1.,0.));
#86 = PCURVE('',#54,#87);
#87 = DEFINITIONAL_REPRESENTATION('',(#88),#92);
#88 = LINE('',#89,#90);
#89 = CARTESIAN_POINT('',(0.,0.));
#90 = VECTOR('',#91,1.);
#91 = DIRECTION('',(0.,-1.));
#92 = ( GEOMETRIC_REPRESENTATION_CONTEXT(2) 
PARAMETRIC_REPRESENTATION_CONTEXT() REPRESENTATION_CONTEXT('2D SPACE',''
  ) );
#93 = PCURVE('',#94,#99);
#94 = PLANE('',#95);
#95 = AXIS2_PLACEMENT_3D('',#96,#97,#98);
#96 = CARTESIAN_POINT('',(-2.54,-1.5,0.15));
#97 = DIRECTION('',(0.,0.,1.));
#98 = DIRECTION('',(1.,0.,-0.));
#99 = DEFINITIONAL_REPRESENTATION('',(#100),#104);
#100 = LINE('',#101,#102);
#101 = CARTESIAN_POINT('',(0.,0.));
#102 = VECTOR('',#103,1.);
#103 = DIRECTION('',(0.,1.));
#104 = ( GEOMETRIC_REPRESENTATION_CONTEXT(2) 
PARAMETRIC_REPRESENTATION_CONTEXT() REPRESENTATION_CONTEXT('2D SPACE',''
  ) );
#105 = ORIENTED_EDGE('',*,*,#106,.T.);
#106 = EDGE_CURVE('',#79,#107,#109,.T.);
#107 = VERTEX_POINT('',#108);
#108 = CARTESIAN_POINT('',(-2.54,1.5,4.18));
#109 = SURFACE_CURVE('',#110,(#114,#121),.PCURVE_S1.);
#110 = LINE('',#111,#112);
#111 = CARTESIAN_POINT('',(-2.54,1.5,0.15));
#112 = VECTOR('',#113,1.);
#113 = DIRECTION('',(0.,0.,1.));
#114 = PCURVE('',#54,#115);
#115 = DEFINITIONAL_REPRESENTATION('',(#116),#120);
#116 = LINE('',#117,#118);
#117 = CARTESIAN_POINT('',(0.,-3.));
#118 = VECTOR('',#119,1.);
#119 = DIRECTION('',(1.,0.));
#120 = ( GEOMETRIC_REPRESENTATION_CONTEXT(2) 
PARAMETRIC_REPRESENTATION_CONTEXT() REPRESENTATION_CONTEXT('2D SPACE',''
  ) );
#121 = PCURVE('',#122,#127);
#122 = PLANE('',#123);
#123 = AXIS2_PLACEMENT_3D('',#124,#125,#126);
#124 = CARTESIAN_POINT('',(-2.54,1.5,0.15));
#125 = DIRECTION('',(-0.,1.,0.));
#126 = DIRECTION('',(0.,0.,1.));
#127 = DEFINITIONAL_REPRESENTATION('',(#128),#132);
#128 = LINE('',#129,#130);
#129 = CARTESIAN_POINT('',(0.,0.));
#130 = VECTOR('',#131,1.);
#131 = DIRECTION('',(1.,0.));
#132 = ( GEOMETRIC_REPRESENTATION_CONTEXT(2) 
PARAMETRIC_REPRESENTATION_CONTEXT() REPRESENTATION_CONTEXT('2D SPACE',''
  ) );
#133 = ORIENTED_EDGE('',*,*,#134,.F.);
#134 = EDGE_CURVE('',#46,#107,#135,.T.);
#135 = SURFACE_CURVE('',#136,(#140,#147),.PCURVE_S1.);
#136 = LINE('',#137,#138);
#137 = CARTESIAN_POINT('',(-2.54,-1.5,4.18));
#138 = VECTOR('',#139,1.);
#139 = DIRECTION('',(-0.,1.,0.));
#140 = PCURVE('',#54,#141);
#141 = DEFINITIONAL_REPRESENTATION('',(#142),#146);
#142 = LINE('',#143,#144);
#143 = CARTESIAN_POINT('',(4.03,0.));
#144 = VECTOR('',#145,1.);
#145 = DIRECTION('',(0.,-1.));
#146 = ( GEOMETRIC_REPRESENTATION_CONTEXT(2) 
PARAMETRIC_REPRESENTATION_CONTEXT() REPRESENTATION_CONTEXT('2D SPACE',''
  ) );
#147 = PCURVE('',#148,#153);
#148 = PLANE('',#149);
#149 = AXIS2_PLACEMENT_3D('',#150,#151,#152);
#150 = CARTESIAN_POINT('',(-2.48,-1.5,4.24));
#151 = DIRECTION('',(0.707106781187,-5.860387277788E-19,-0.707106781187)
  );
#152 = DIRECTION('',(4.143919584503E-19,1.,-4.143919584503E-19));
#153 = DEFINITIONAL_REPRESENTATION('',(#154),#158);
#154 = LINE('',#155,#156);
#155 = CARTESIAN_POINT('',(0.,-8.485281374239E-02));
#156 = VECTOR('',#157,1.);
#157 = DIRECTION('',(1.,0.));
#158 = ( GEOMETRIC_REPRESENTATION_CONTEXT(2) 
PARAMETRIC_REPRESENTATION_CONTEXT() REPRESENTATION_CONTEXT('2D SPACE',''
  ) );
#159 = ADVANCED_FACE('',(#160),#66,.F.);
#160 = FACE_BOUND('',#161,.F.);
#161 = EDGE_LOOP('',(#162,#190,#218,#246,#272,#298,#324,#345));
#162 = ORIENTED_EDGE('',*,*,#163,.T.);
#163 = EDGE_CURVE('',#46,#164,#166,.T.);
#164 = VERTEX_POINT('',#165);
#165 = CARTESIAN_POINT('',(2.54,-1.5,4.18));
#166 = SURFACE_CURVE('',#167,(#171,#178),.PCURVE_S1.);
#167 = LINE('',#168,#169);
#168 = CARTESIAN_POINT('',(-2.54,-1.5,4.18));
#169 = VECTOR('',#170,1.);
#170 = DIRECTION('',(1.,0.,-0.));
#171 = PCURVE('',#66,#172);
#172 = DEFINITIONAL_REPRESENTATION('',(#173),#177);
#173 = LINE('',#174,#175);
#174 = CARTESIAN_POINT('',(4.03,0.));
#175 = VECTOR('',#176,1.);
#176 = DIRECTION('',(0.,1.));
#177 = ( GEOMETRIC_REPRESENTATION_CONTEXT(2) 
PARAMETRIC_REPRESENTATION_CONTEXT() REPRESENTATION_CONTEXT('2D SPACE',''
  ) );
#178 = PCURVE('',#179,#184);
#179 = PLANE('',#180);
#180 = AXIS2_PLACEMENT_3D('',#181,#182,#183);
#181 = CARTESIAN_POINT('',(-2.54,-1.44,4.24));
#182 = DIRECTION('',(-5.860387277788E-19,0.707106781187,-0.707106781187)
  );
#183 = DIRECTION('',(-1.,-4.143919584503E-19,4.143919584503E-19));
#184 = DEFINITIONAL_REPRESENTATION('',(#185),#189);
#185 = LINE('',#186,#187);
#186 = CARTESIAN_POINT('',(-0.,-8.485281374239E-02));
#187 = VECTOR('',#188,1.);
#188 = DIRECTION('',(-1.,0.));
#189 = ( GEOMETRIC_REPRESENTATION_CONTEXT(2) 
PARAMETRIC_REPRESENTATION_CONTEXT() REPRESENTATION_CONTEXT('2D SPACE',''
  ) );
#190 = ORIENTED_EDGE('',*,*,#191,.F.);
#191 = EDGE_CURVE('',#192,#164,#194,.T.);
#192 = VERTEX_POINT('',#193);
#193 = CARTESIAN_POINT('',(2.54,-1.5,0.15));
#194 = SURFACE_CURVE('',#195,(#199,#206),.PCURVE_S1.);
#195 = LINE('',#196,#197);
#196 = CARTESIAN_POINT('',(2.54,-1.5,0.15));
#197 = VECTOR('',#198,1.);
#198 = DIRECTION('',(0.,0.,1.));
#199 = PCURVE('',#66,#200);
#200 = DEFINITIONAL_REPRESENTATION('',(#201),#205);
#201 = LINE('',#202,#203);
#202 = CARTESIAN_POINT('',(0.,5.08));
#203 = VECTOR('',#204,1.);
#204 = DIRECTION('',(1.,0.));
#205 = ( GEOMETRIC_REPRESENTATION_CONTEXT(2) 
PARAMETRIC_REPRESENTATION_CONTEXT() REPRESENTATION_CONTEXT('2D SPACE',''
  ) );
#206 = PCURVE('',#207,#212);
#207 = PLANE('',#208);
#208 = AXIS2_PLACEMENT_3D('',#209,#210,#211);
#209 = CARTESIAN_POINT('',(2.54,-1.5,0.15));
#210 = DIRECTION('',(1.,0.,-0.));
#211 = DIRECTION('',(0.,0.,1.));
#212 = DEFINITIONAL_REPRESENTATION('',(#213),#217);
#213 = LINE('',#214,#215);
#214 = CARTESIAN_POINT('',(0.,0.));
#215 = VECTOR('',#216,1.);
#216 = DIRECTION('',(1.,0.));
#217 = ( GEOMETRIC_REPRESENTATION_CONTEXT(2) 
PARAMETRIC_REPRESENTATION_CONTEXT() REPRESENTATION_CONTEXT('2D SPACE',''
  ) );
#218 = ORIENTED_EDGE('',*,*,#219,.F.);
#219 = EDGE_CURVE('',#220,#192,#222,.T.);
#220 = VERTEX_POINT('',#221);
#221 = CARTESIAN_POINT('',(2.04,-1.5,0.15));
#222 = SURFACE_CURVE('',#223,(#227,#234),.PCURVE_S1.);
#223 = LINE('',#224,#225);
#224 = CARTESIAN_POINT('',(-2.54,-1.5,0.15));
#225 = VECTOR('',#226,1.);
#226 = DIRECTION('',(1.,0.,-0.));
#227 = PCURVE('',#66,#228);
#228 = DEFINITIONAL_REPRESENTATION('',(#229),#233);
#229 = LINE('',#230,#231);
#230 = CARTESIAN_POINT('',(0.,0.));
#231 = VECTOR('',#232,1.);
#232 = DIRECTION('',(0.,1.));
#233 = ( GEOMETRIC_REPRESENTATION_CONTEXT(2) 
PARAMETRIC_REPRESENTATION_CONTEXT() REPRESENTATION_CONTEXT('2D SPACE',''
  ) );
#234 = PCURVE('',#235,#240);
#235 = PLANE('',#236);
#236 = AXIS2_PLACEMENT_3D('',#237,#238,#239);
#237 = CARTESIAN_POINT('',(-2.54,-1.5,0.15));
#238 = DIRECTION('',(0.,0.,1.));
#239 = DIRECTION('',(1.,0.,-0.));
#240 = DEFINITIONAL_REPRESENTATION('',(#241),#245);
#241 = LINE('',#242,#243);
#242 = CARTESIAN_POINT('',(0.,0.));
#243 = VECTOR('',#244,1.);
#244 = DIRECTION('',(1.,0.));
#245 = ( GEOMETRIC_REPRESENTATION_CONTEXT(2) 
PARAMETRIC_REPRESENTATION_CONTEXT() REPRESENTATION_CONTEXT('2D SPACE',''
  ) );
#246 = ORIENTED_EDGE('',*,*,#247,.F.);
#247 = EDGE_CURVE('',#248,#220,#250,.T.);
#248 = VERTEX_POINT('',#249);
#249 = CARTESIAN_POINT('',(2.04,-1.5,0.27));
#250 = SURFACE_CURVE('',#251,(#255,#261),.PCURVE_S1.);
#251 = LINE('',#252,#253);
#252 = CARTESIAN_POINT('',(2.04,-1.5,0.145));
#253 = VECTOR('',#254,1.);
#254 = DIRECTION('',(-0.,0.,-1.));
#255 = PCURVE('',#66,#256);
#256 = DEFINITIONAL_REPRESENTATION('',(#257),#260);
#257 = B_SPLINE_CURVE_WITH_KNOTS('',1,(#258,#259),.UNSPECIFIED.,.F.,.F.,
  (2,2),(-0.125,-5.E-03),.PIECEWISE_BEZIER_KNOTS.);
#258 = CARTESIAN_POINT('',(0.12,4.58));
#259 = CARTESIAN_POINT('',(0.,4.58));
#260 = ( GEOMETRIC_REPRESENTATION_CONTEXT(2) 
PARAMETRIC_REPRESENTATION_CONTEXT() REPRESENTATION_CONTEXT('2D SPACE',''
  ) );
#261 = PCURVE('',#262,#267);
#262 = PLANE('',#263);
#263 = AXIS2_PLACEMENT_3D('',#264,#265,#266);
#264 = CARTESIAN_POINT('',(2.04,-1.51,0.14));
#265 = DIRECTION('',(1.,0.,-0.));
#266 = DIRECTION('',(0.,0.,1.));
#267 = DEFINITIONAL_REPRESENTATION('',(#268),#271);
#268 = B_SPLINE_CURVE_WITH_KNOTS('',1,(#269,#270),.UNSPECIFIED.,.F.,.F.,
  (2,2),(-0.125,-5.E-03),.PIECEWISE_BEZIER_KNOTS.);
#269 = CARTESIAN_POINT('',(0.13,-1.E-02));
#270 = CARTESIAN_POINT('',(1.E-02,-1.E-02));
#271 = ( GEOMETRIC_REPRESENTATION_CONTEXT(2) 
PARAMETRIC_REPRESENTATION_CONTEXT() REPRESENTATION_CONTEXT('2D SPACE',''
  ) );
#272 = ORIENTED_EDGE('',*,*,#273,.F.);
#273 = EDGE_CURVE('',#274,#248,#276,.T.);
#274 = VERTEX_POINT('',#275);
#275 = CARTESIAN_POINT('',(-2.04,-1.5,0.27));
#276 = SURFACE_CURVE('',#277,(#281,#287),.PCURVE_S1.);
#277 = LINE('',#278,#279);
#278 = CARTESIAN_POINT('',(-2.29,-1.5,0.27));
#279 = VECTOR('',#280,1.);
#280 = DIRECTION('',(1.,0.,-0.));
#281 = PCURVE('',#66,#282);
#282 = DEFINITIONAL_REPRESENTATION('',(#283),#286);
#283 = B_SPLINE_CURVE_WITH_KNOTS('',1,(#284,#285),.UNSPECIFIED.,.F.,.F.,
  (2,2),(0.25,4.33),.PIECEWISE_BEZIER_KNOTS.);
#284 = CARTESIAN_POINT('',(0.12,0.5));
#285 = CARTESIAN_POINT('',(0.12,4.58));
#286 = ( GEOMETRIC_REPRESENTATION_CONTEXT(2) 
PARAMETRIC_REPRESENTATION_CONTEXT() REPRESENTATION_CONTEXT('2D SPACE',''
  ) );
#287 = PCURVE('',#288,#293);
#288 = PLANE('',#289);
#289 = AXIS2_PLACEMENT_3D('',#290,#291,#292);
#290 = CARTESIAN_POINT('',(-2.04,-1.51,0.27));
#291 = DIRECTION('',(0.,0.,1.));
#292 = DIRECTION('',(1.,0.,-0.));
#293 = DEFINITIONAL_REPRESENTATION('',(#294),#297);
#294 = B_SPLINE_CURVE_WITH_KNOTS('',1,(#295,#296),.UNSPECIFIED.,.F.,.F.,
  (2,2),(0.25,4.33),.PIECEWISE_BEZIER_KNOTS.);
#295 = CARTESIAN_POINT('',(0.,1.E-02));
#296 = CARTESIAN_POINT('',(4.08,1.E-02));
#297 = ( GEOMETRIC_REPRESENTATION_CONTEXT(2) 
PARAMETRIC_REPRESENTATION_CONTEXT() REPRESENTATION_CONTEXT('2D SPACE',''
  ) );
#298 = ORIENTED_EDGE('',*,*,#299,.T.);
#299 = EDGE_CURVE('',#274,#300,#302,.T.);
#300 = VERTEX_POINT('',#301);
#301 = CARTESIAN_POINT('',(-2.04,-1.5,0.15));
#302 = SURFACE_CURVE('',#303,(#307,#313),.PCURVE_S1.);
#303 = LINE('',#304,#305);
#304 = CARTESIAN_POINT('',(-2.04,-1.5,0.145));
#305 = VECTOR('',#306,1.);
#306 = DIRECTION('',(-0.,0.,-1.));
#307 = PCURVE('',#66,#308);
#308 = DEFINITIONAL_REPRESENTATION('',(#309),#312);
#309 = B_SPLINE_CURVE_WITH_KNOTS('',1,(#310,#311),.UNSPECIFIED.,.F.,.F.,
  (2,2),(-0.125,-5.E-03),.PIECEWISE_BEZIER_KNOTS.);
#310 = CARTESIAN_POINT('',(0.12,0.5));
#311 = CARTESIAN_POINT('',(0.,0.5));
#312 = ( GEOMETRIC_REPRESENTATION_CONTEXT(2) 
PARAMETRIC_REPRESENTATION_CONTEXT() REPRESENTATION_CONTEXT('2D SPACE',''
  ) );
#313 = PCURVE('',#314,#319);
#314 = PLANE('',#315);
#315 = AXIS2_PLACEMENT_3D('',#316,#317,#318);
#316 = CARTESIAN_POINT('',(-2.04,-1.51,0.14));
#317 = DIRECTION('',(1.,0.,-0.));
#318 = DIRECTION('',(0.,0.,1.));
#319 = DEFINITIONAL_REPRESENTATION('',(#320),#323);
#320 = B_SPLINE_CURVE_WITH_KNOTS('',1,(#321,#322),.UNSPECIFIED.,.F.,.F.,
  (2,2),(-0.125,-5.E-03),.PIECEWISE_BEZIER_KNOTS.);
#321 = CARTESIAN_POINT('',(0.13,-1.E-02));
#322 = CARTESIAN_POINT('',(1.E-02,-1.E-02));
#323 = ( GEOMETRIC_REPRESENTATION_CONTEXT(2) 
PARAMETRIC_REPRESENTATION_CONTEXT() REPRESENTATION_CONTEXT('2D SPACE',''
  ) );
#324 = ORIENTED_EDGE('',*,*,#325,.F.);
#325 = EDGE_CURVE('',#44,#300,#326,.T.);
#326 = SURFACE_CURVE('',#327,(#331,#338),.PCURVE_S1.);
#327 = LINE('',#328,#329);
#328 = CARTESIAN_POINT('',(-2.54,-1.5,0.15));
#329 = VECTOR('',#330,1.);
#330 = DIRECTION('',(1.,0.,-0.));
#331 = PCURVE('',#66,#332);
#332 = DEFINITIONAL_REPRESENTATION('',(#333),#337);
#333 = LINE('',#334,#335);
#334 = CARTESIAN_POINT('',(0.,0.));
#335 = VECTOR('',#336,1.);
#336 = DIRECTION('',(0.,1.));
#337 = ( GEOMETRIC_REPRESENTATION_CONTEXT(2) 
PARAMETRIC_REPRESENTATION_CONTEXT() REPRESENTATION_CONTEXT('2D SPACE',''
  ) );
#338 = PCURVE('',#94,#339);
#339 = DEFINITIONAL_REPRESENTATION('',(#340),#344);
#340 = LINE('',#341,#342);
#341 = CARTESIAN_POINT('',(0.,0.));
#342 = VECTOR('',#343,1.);
#343 = DIRECTION('',(1.,0.));
#344 = ( GEOMETRIC_REPRESENTATION_CONTEXT(2) 
PARAMETRIC_REPRESENTATION_CONTEXT() REPRESENTATION_CONTEXT('2D SPACE',''
  ) );
#345 = ORIENTED_EDGE('',*,*,#43,.T.);
#346 = ADVANCED_FACE('',(#347),#148,.F.);
#347 = FACE_BOUND('',#348,.F.);
#348 = EDGE_LOOP('',(#349,#372,#373,#401));
#349 = ORIENTED_EDGE('',*,*,#350,.F.);
#350 = EDGE_CURVE('',#46,#351,#353,.T.);
#351 = VERTEX_POINT('',#352);
#352 = CARTESIAN_POINT('',(-2.42,-1.38,4.3));
#353 = SURFACE_CURVE('',#354,(#358,#365),.PCURVE_S1.);
#354 = LINE('',#355,#356);
#355 = CARTESIAN_POINT('',(-2.5,-1.46,4.22));
#356 = VECTOR('',#357,1.);
#357 = DIRECTION('',(0.57735026919,0.57735026919,0.57735026919));
#358 = PCURVE('',#148,#359);
#359 = DEFINITIONAL_REPRESENTATION('',(#360),#364);
#360 = LINE('',#361,#362);
#361 = CARTESIAN_POINT('',(4.E-02,-2.828427124746E-02));
#362 = VECTOR('',#363,1.);
#363 = DIRECTION('',(0.57735026919,0.816496580928));
#364 = ( GEOMETRIC_REPRESENTATION_CONTEXT(2) 
PARAMETRIC_REPRESENTATION_CONTEXT() REPRESENTATION_CONTEXT('2D SPACE',''
  ) );
#365 = PCURVE('',#179,#366);
#366 = DEFINITIONAL_REPRESENTATION('',(#367),#371);
#367 = LINE('',#368,#369);
#368 = CARTESIAN_POINT('',(-4.E-02,-2.828427124746E-02));
#369 = VECTOR('',#370,1.);
#370 = DIRECTION('',(-0.57735026919,0.816496580928));
#371 = ( GEOMETRIC_REPRESENTATION_CONTEXT(2) 
PARAMETRIC_REPRESENTATION_CONTEXT() REPRESENTATION_CONTEXT('2D SPACE',''
  ) );
#372 = ORIENTED_EDGE('',*,*,#134,.T.);
#373 = ORIENTED_EDGE('',*,*,#374,.T.);
#374 = EDGE_CURVE('',#107,#375,#377,.T.);
#375 = VERTEX_POINT('',#376);
#376 = CARTESIAN_POINT('',(-2.42,1.38,4.3));
#377 = SURFACE_CURVE('',#378,(#382,#389),.PCURVE_S1.);
#378 = LINE('',#379,#380);
#379 = CARTESIAN_POINT('',(-2.,0.96,4.72));
#380 = VECTOR('',#381,1.);
#381 = DIRECTION('',(0.57735026919,-0.57735026919,0.57735026919));
#382 = PCURVE('',#148,#383);
#383 = DEFINITIONAL_REPRESENTATION('',(#384),#388);
#384 = LINE('',#385,#386);
#385 = CARTESIAN_POINT('',(2.46,0.678822509939));
#386 = VECTOR('',#387,1.);
#387 = DIRECTION('',(-0.57735026919,0.816496580928));
#388 = ( GEOMETRIC_REPRESENTATION_CONTEXT(2) 
PARAMETRIC_REPRESENTATION_CONTEXT() REPRESENTATION_CONTEXT('2D SPACE',''
  ) );
#389 = PCURVE('',#390,#395);
#390 = PLANE('',#391);
#391 = AXIS2_PLACEMENT_3D('',#392,#393,#394);
#392 = CARTESIAN_POINT('',(-2.54,1.44,4.24));
#393 = DIRECTION('',(5.860387277788E-19,0.707106781187,0.707106781187));
#394 = DIRECTION('',(-1.,4.143919584503E-19,4.143919584503E-19));
#395 = DEFINITIONAL_REPRESENTATION('',(#396),#400);
#396 = LINE('',#397,#398);
#397 = CARTESIAN_POINT('',(-0.54,0.678822509939));
#398 = VECTOR('',#399,1.);
#399 = DIRECTION('',(-0.57735026919,0.816496580928));
#400 = ( GEOMETRIC_REPRESENTATION_CONTEXT(2) 
PARAMETRIC_REPRESENTATION_CONTEXT() REPRESENTATION_CONTEXT('2D SPACE',''
  ) );
#401 = ORIENTED_EDGE('',*,*,#402,.F.);
#402 = EDGE_CURVE('',#351,#375,#403,.T.);
#403 = SURFACE_CURVE('',#404,(#408,#415),.PCURVE_S1.);
#404 = LINE('',#405,#406);
#405 = CARTESIAN_POINT('',(-2.42,-1.5,4.3));
#406 = VECTOR('',#407,1.);
#407 = DIRECTION('',(-0.,1.,0.));
#408 = PCURVE('',#148,#409);
#409 = DEFINITIONAL_REPRESENTATION('',(#410),#414);
#410 = LINE('',#411,#412);
#411 = CARTESIAN_POINT('',(0.,8.485281374239E-02));
#412 = VECTOR('',#413,1.);
#413 = DIRECTION('',(1.,0.));
#414 = ( GEOMETRIC_REPRESENTATION_CONTEXT(2) 
PARAMETRIC_REPRESENTATION_CONTEXT() REPRESENTATION_CONTEXT('2D SPACE',''
  ) );
#415 = PCURVE('',#416,#421);
#416 = PLANE('',#417);
#417 = AXIS2_PLACEMENT_3D('',#418,#419,#420);
#418 = CARTESIAN_POINT('',(-2.54,-1.5,4.3));
#419 = DIRECTION('',(0.,0.,1.));
#420 = DIRECTION('',(1.,0.,-0.));
#421 = DEFINITIONAL_REPRESENTATION('',(#422),#426);
#422 = LINE('',#423,#424);
#423 = CARTESIAN_POINT('',(0.12,0.));
#424 = VECTOR('',#425,1.);
#425 = DIRECTION('',(0.,1.));
#426 = ( GEOMETRIC_REPRESENTATION_CONTEXT(2) 
PARAMETRIC_REPRESENTATION_CONTEXT() REPRESENTATION_CONTEXT('2D SPACE',''
  ) );
#427 = ADVANCED_FACE('',(#428),#94,.F.);
#428 = FACE_BOUND('',#429,.F.);
#429 = EDGE_LOOP('',(#430,#453,#454,#455));
#430 = ORIENTED_EDGE('',*,*,#431,.F.);
#431 = EDGE_CURVE('',#79,#432,#434,.T.);
#432 = VERTEX_POINT('',#433);
#433 = CARTESIAN_POINT('',(-2.04,1.5,0.15));
#434 = SURFACE_CURVE('',#435,(#439,#446),.PCURVE_S1.);
#435 = LINE('',#436,#437);
#436 = CARTESIAN_POINT('',(-2.54,1.5,0.15));
#437 = VECTOR('',#438,1.);
#438 = DIRECTION('',(1.,0.,-0.));
#439 = PCURVE('',#94,#440);
#440 = DEFINITIONAL_REPRESENTATION('',(#441),#445);
#441 = LINE('',#442,#443);
#442 = CARTESIAN_POINT('',(0.,3.));
#443 = VECTOR('',#444,1.);
#444 = DIRECTION('',(1.,0.));
#445 = ( GEOMETRIC_REPRESENTATION_CONTEXT(2) 
PARAMETRIC_REPRESENTATION_CONTEXT() REPRESENTATION_CONTEXT('2D SPACE',''
  ) );
#446 = PCURVE('',#122,#447);
#447 = DEFINITIONAL_REPRESENTATION('',(#448),#452);
#448 = LINE('',#449,#450);
#449 = CARTESIAN_POINT('',(0.,0.));
#450 = VECTOR('',#451,1.);
#451 = DIRECTION('',(0.,1.));
#452 = ( GEOMETRIC_REPRESENTATION_CONTEXT(2) 
PARAMETRIC_REPRESENTATION_CONTEXT() REPRESENTATION_CONTEXT('2D SPACE',''
  ) );
#453 = ORIENTED_EDGE('',*,*,#78,.F.);
#454 = ORIENTED_EDGE('',*,*,#325,.T.);
#455 = ORIENTED_EDGE('',*,*,#456,.T.);
#456 = EDGE_CURVE('',#300,#432,#457,.T.);
#457 = SURFACE_CURVE('',#458,(#462,#468),.PCURVE_S1.);
#458 = LINE('',#459,#460);
#459 = CARTESIAN_POINT('',(-2.04,-1.505,0.15));
#460 = VECTOR('',#461,1.);
#461 = DIRECTION('',(-0.,1.,0.));
#462 = PCURVE('',#94,#463);
#463 = DEFINITIONAL_REPRESENTATION('',(#464),#467);
#464 = B_SPLINE_CURVE_WITH_KNOTS('',1,(#465,#466),.UNSPECIFIED.,.F.,.F.,
  (2,2),(5.E-03,3.005),.PIECEWISE_BEZIER_KNOTS.);
#465 = CARTESIAN_POINT('',(0.5,0.));
#466 = CARTESIAN_POINT('',(0.5,3.));
#467 = ( GEOMETRIC_REPRESENTATION_CONTEXT(2) 
PARAMETRIC_REPRESENTATION_CONTEXT() REPRESENTATION_CONTEXT('2D SPACE',''
  ) );
#468 = PCURVE('',#314,#469);
#469 = DEFINITIONAL_REPRESENTATION('',(#470),#473);
#470 = B_SPLINE_CURVE_WITH_KNOTS('',1,(#471,#472),.UNSPECIFIED.,.F.,.F.,
  (2,2),(5.E-03,3.005),.PIECEWISE_BEZIER_KNOTS.);
#471 = CARTESIAN_POINT('',(1.E-02,-1.E-02));
#472 = CARTESIAN_POINT('',(1.E-02,-3.01));
#473 = ( GEOMETRIC_REPRESENTATION_CONTEXT(2) 
PARAMETRIC_REPRESENTATION_CONTEXT() REPRESENTATION_CONTEXT('2D SPACE',''
  ) );
#474 = ADVANCED_FACE('',(#475),#122,.T.);
#475 = FACE_BOUND('',#476,.T.);
#476 = EDGE_LOOP('',(#477,#500,#523,#546,#567,#588,#607,#608));
#477 = ORIENTED_EDGE('',*,*,#478,.T.);
#478 = EDGE_CURVE('',#107,#479,#481,.T.);
#479 = VERTEX_POINT('',#480);
#480 = CARTESIAN_POINT('',(2.54,1.5,4.18));
#481 = SURFACE_CURVE('',#482,(#486,#493),.PCURVE_S1.);
#482 = LINE('',#483,#484);
#483 = CARTESIAN_POINT('',(-2.54,1.5,4.18));
#484 = VECTOR('',#485,1.);
#485 = DIRECTION('',(1.,0.,-0.));
#486 = PCURVE('',#122,#487);
#487 = DEFINITIONAL_REPRESENTATION('',(#488),#492);
#488 = LINE('',#489,#490);
#489 = CARTESIAN_POINT('',(4.03,0.));
#490 = VECTOR('',#491,1.);
#491 = DIRECTION('',(0.,1.));
#492 = ( GEOMETRIC_REPRESENTATION_CONTEXT(2) 
PARAMETRIC_REPRESENTATION_CONTEXT() REPRESENTATION_CONTEXT('2D SPACE',''
  ) );
#493 = PCURVE('',#390,#494);
#494 = DEFINITIONAL_REPRESENTATION('',(#495),#499);
#495 = LINE('',#496,#497);
#496 = CARTESIAN_POINT('',(-0.,-8.485281374239E-02));
#497 = VECTOR('',#498,1.);
#498 = DIRECTION('',(-1.,0.));
#499 = ( GEOMETRIC_REPRESENTATION_CONTEXT(2) 
PARAMETRIC_REPRESENTATION_CONTEXT() REPRESENTATION_CONTEXT('2D SPACE',''
  ) );
#500 = ORIENTED_EDGE('',*,*,#501,.F.);
#501 = EDGE_CURVE('',#502,#479,#504,.T.);
#502 = VERTEX_POINT('',#503);
#503 = CARTESIAN_POINT('',(2.54,1.5,0.15));
#504 = SURFACE_CURVE('',#505,(#509,#516),.PCURVE_S1.);
#505 = LINE('',#506,#507);
#506 = CARTESIAN_POINT('',(2.54,1.5,0.15));
#507 = VECTOR('',#508,1.);
#508 = DIRECTION('',(0.,0.,1.));
#509 = PCURVE('',#122,#510);
#510 = DEFINITIONAL_REPRESENTATION('',(#511),#515);
#511 = LINE('',#512,#513);
#512 = CARTESIAN_POINT('',(0.,5.08));
#513 = VECTOR('',#514,1.);
#514 = DIRECTION('',(1.,0.));
#515 = ( GEOMETRIC_REPRESENTATION_CONTEXT(2) 
PARAMETRIC_REPRESENTATION_CONTEXT() REPRESENTATION_CONTEXT('2D SPACE',''
  ) );
#516 = PCURVE('',#207,#517);
#517 = DEFINITIONAL_REPRESENTATION('',(#518),#522);
#518 = LINE('',#519,#520);
#519 = CARTESIAN_POINT('',(0.,-3.));
#520 = VECTOR('',#521,1.);
#521 = DIRECTION('',(1.,0.));
#522 = ( GEOMETRIC_REPRESENTATION_CONTEXT(2) 
PARAMETRIC_REPRESENTATION_CONTEXT() REPRESENTATION_CONTEXT('2D SPACE',''
  ) );
#523 = ORIENTED_EDGE('',*,*,#524,.F.);
#524 = EDGE_CURVE('',#525,#502,#527,.T.);
#525 = VERTEX_POINT('',#526);
#526 = CARTESIAN_POINT('',(2.04,1.5,0.15));
#527 = SURFACE_CURVE('',#528,(#532,#539),.PCURVE_S1.);
#528 = LINE('',#529,#530);
#529 = CARTESIAN_POINT('',(-2.54,1.5,0.15));
#530 = VECTOR('',#531,1.);
#531 = DIRECTION('',(1.,0.,-0.));
#532 = PCURVE('',#122,#533);
#533 = DEFINITIONAL_REPRESENTATION('',(#534),#538);
#534 = LINE('',#535,#536);
#535 = CARTESIAN_POINT('',(0.,0.));
#536 = VECTOR('',#537,1.);
#537 = DIRECTION('',(0.,1.));
#538 = ( GEOMETRIC_REPRESENTATION_CONTEXT(2) 
PARAMETRIC_REPRESENTATION_CONTEXT() REPRESENTATION_CONTEXT('2D SPACE',''
  ) );
#539 = PCURVE('',#235,#540);
#540 = DEFINITIONAL_REPRESENTATION('',(#541),#545);
#541 = LINE('',#542,#543);
#542 = CARTESIAN_POINT('',(0.,3.));
#543 = VECTOR('',#544,1.);
#544 = DIRECTION('',(1.,0.));
#545 = ( GEOMETRIC_REPRESENTATION_CONTEXT(2) 
PARAMETRIC_REPRESENTATION_CONTEXT() REPRESENTATION_CONTEXT('2D SPACE',''
  ) );
#546 = ORIENTED_EDGE('',*,*,#547,.F.);
#547 = EDGE_CURVE('',#548,#525,#550,.T.);
#548 = VERTEX_POINT('',#549);
#549 = CARTESIAN_POINT('',(2.04,1.5,0.27));
#550 = SURFACE_CURVE('',#551,(#555,#561),.PCURVE_S1.);
#551 = LINE('',#552,#553);
#552 = CARTESIAN_POINT('',(2.04,1.5,0.145));
#553 = VECTOR('',#554,1.);
#554 = DIRECTION('',(-0.,0.,-1.));
#555 = PCURVE('',#122,#556);
#556 = DEFINITIONAL_REPRESENTATION('',(#557),#560);
#557 = B_SPLINE_CURVE_WITH_KNOTS('',1,(#558,#559),.UNSPECIFIED.,.F.,.F.,
  (2,2),(-0.125,-5.E-03),.PIECEWISE_BEZIER_KNOTS.);
#558 = CARTESIAN_POINT('',(0.12,4.58));
#559 = CARTESIAN_POINT('',(0.,4.58));
#560 = ( GEOMETRIC_REPRESENTATION_CONTEXT(2) 
PARAMETRIC_REPRESENTATION_CONTEXT() REPRESENTATION_CONTEXT('2D SPACE',''
  ) );
#561 = PCURVE('',#262,#562);
#562 = DEFINITIONAL_REPRESENTATION('',(#563),#566);
#563 = B_SPLINE_CURVE_WITH_KNOTS('',1,(#564,#565),.UNSPECIFIED.,.F.,.F.,
  (2,2),(-0.125,-5.E-03),.PIECEWISE_BEZIER_KNOTS.);
#564 = CARTESIAN_POINT('',(0.13,-3.01));
#565 = CARTESIAN_POINT('',(1.E-02,-3.01));
#566 = ( GEOMETRIC_REPRESENTATION_CONTEXT(2) 
PARAMETRIC_REPRESENTATION_CONTEXT() REPRESENTATION_CONTEXT('2D SPACE',''
  ) );
#567 = ORIENTED_EDGE('',*,*,#568,.F.);
#568 = EDGE_CURVE('',#569,#548,#571,.T.);
#569 = VERTEX_POINT('',#570);
#570 = CARTESIAN_POINT('',(-2.04,1.5,0.27));
#571 = SURFACE_CURVE('',#572,(#576,#582),.PCURVE_S1.);
#572 = LINE('',#573,#574);
#573 = CARTESIAN_POINT('',(-2.29,1.5,0.27));
#574 = VECTOR('',#575,1.);
#575 = DIRECTION('',(1.,0.,-0.));
#576 = PCURVE('',#122,#577);
#577 = DEFINITIONAL_REPRESENTATION('',(#578),#581);
#578 = B_SPLINE_CURVE_WITH_KNOTS('',1,(#579,#580),.UNSPECIFIED.,.F.,.F.,
  (2,2),(0.25,4.33),.PIECEWISE_BEZIER_KNOTS.);
#579 = CARTESIAN_POINT('',(0.12,0.5));
#580 = CARTESIAN_POINT('',(0.12,4.58));
#581 = ( GEOMETRIC_REPRESENTATION_CONTEXT(2) 
PARAMETRIC_REPRESENTATION_CONTEXT() REPRESENTATION_CONTEXT('2D SPACE',''
  ) );
#582 = PCURVE('',#288,#583);
#583 = DEFINITIONAL_REPRESENTATION('',(#584),#587);
#584 = B_SPLINE_CURVE_WITH_KNOTS('',1,(#585,#586),.UNSPECIFIED.,.F.,.F.,
  (2,2),(0.25,4.33),.PIECEWISE_BEZIER_KNOTS.);
#585 = CARTESIAN_POINT('',(0.,3.01));
#586 = CARTESIAN_POINT('',(4.08,3.01));
#587 = ( GEOMETRIC_REPRESENTATION_CONTEXT(2) 
PARAMETRIC_REPRESENTATION_CONTEXT() REPRESENTATION_CONTEXT('2D SPACE',''
  ) );
#588 = ORIENTED_EDGE('',*,*,#589,.T.);
#589 = EDGE_CURVE('',#569,#432,#590,.T.);
#590 = SURFACE_CURVE('',#591,(#595,#601),.PCURVE_S1.);
#591 = LINE('',#592,#593);
#592 = CARTESIAN_POINT('',(-2.04,1.5,0.145));
#593 = VECTOR('',#594,1.);
#594 = DIRECTION('',(-0.,0.,-1.));
#595 = PCURVE('',#122,#596);
#596 = DEFINITIONAL_REPRESENTATION('',(#597),#600);
#597 = B_SPLINE_CURVE_WITH_KNOTS('',1,(#598,#599),.UNSPECIFIED.,.F.,.F.,
  (2,2),(-0.125,-5.E-03),.PIECEWISE_BEZIER_KNOTS.);
#598 = CARTESIAN_POINT('',(0.12,0.5));
#599 = CARTESIAN_POINT('',(0.,0.5));
#600 = ( GEOMETRIC_REPRESENTATION_CONTEXT(2) 
PARAMETRIC_REPRESENTATION_CONTEXT() REPRESENTATION_CONTEXT('2D SPACE',''
  ) );
#601 = PCURVE('',#314,#602);
#602 = DEFINITIONAL_REPRESENTATION('',(#603),#606);
#603 = B_SPLINE_CURVE_WITH_KNOTS('',1,(#604,#605),.UNSPECIFIED.,.F.,.F.,
  (2,2),(-0.125,-5.E-03),.PIECEWISE_BEZIER_KNOTS.);
#604 = CARTESIAN_POINT('',(0.13,-3.01));
#605 = CARTESIAN_POINT('',(1.E-02,-3.01));
#606 = ( GEOMETRIC_REPRESENTATION_CONTEXT(2) 
PARAMETRIC_REPRESENTATION_CONTEXT() REPRESENTATION_CONTEXT('2D SPACE',''
  ) );
#607 = ORIENTED_EDGE('',*,*,#431,.F.);
#608 = ORIENTED_EDGE('',*,*,#106,.T.);
#609 = ADVANCED_FACE('',(#610),#179,.F.);
#610 = FACE_BOUND('',#611,.T.);
#611 = EDGE_LOOP('',(#612,#613,#614,#642));
#612 = ORIENTED_EDGE('',*,*,#350,.F.);
#613 = ORIENTED_EDGE('',*,*,#163,.T.);
#614 = ORIENTED_EDGE('',*,*,#615,.T.);
#615 = EDGE_CURVE('',#164,#616,#618,.T.);
#616 = VERTEX_POINT('',#617);
#617 = CARTESIAN_POINT('',(2.42,-1.38,4.3));
#618 = SURFACE_CURVE('',#619,(#623,#630),.PCURVE_S1.);
#619 = LINE('',#620,#621);
#620 = CARTESIAN_POINT('',(1.653333333333,-0.613333333333,5.066666666667
    ));
#621 = VECTOR('',#622,1.);
#622 = DIRECTION('',(-0.57735026919,0.57735026919,0.57735026919));
#623 = PCURVE('',#179,#624);
#624 = DEFINITIONAL_REPRESENTATION('',(#625),#629);
#625 = LINE('',#626,#627);
#626 = CARTESIAN_POINT('',(-4.193333333333,1.169083211562));
#627 = VECTOR('',#628,1.);
#628 = DIRECTION('',(0.57735026919,0.816496580928));
#629 = ( GEOMETRIC_REPRESENTATION_CONTEXT(2) 
PARAMETRIC_REPRESENTATION_CONTEXT() REPRESENTATION_CONTEXT('2D SPACE',''
  ) );
#630 = PCURVE('',#631,#636);
#631 = PLANE('',#632);
#632 = AXIS2_PLACEMENT_3D('',#633,#634,#635);
#633 = CARTESIAN_POINT('',(2.48,-1.5,4.24));
#634 = DIRECTION('',(0.707106781187,5.860387277788E-19,0.707106781187));
#635 = DIRECTION('',(-4.143919584503E-19,1.,-4.143919584503E-19));
#636 = DEFINITIONAL_REPRESENTATION('',(#637),#641);
#637 = LINE('',#638,#639);
#638 = CARTESIAN_POINT('',(0.886666666667,1.169083211562));
#639 = VECTOR('',#640,1.);
#640 = DIRECTION('',(0.57735026919,0.816496580928));
#641 = ( GEOMETRIC_REPRESENTATION_CONTEXT(2) 
PARAMETRIC_REPRESENTATION_CONTEXT() REPRESENTATION_CONTEXT('2D SPACE',''
  ) );
#642 = ORIENTED_EDGE('',*,*,#643,.F.);
#643 = EDGE_CURVE('',#351,#616,#644,.T.);
#644 = SURFACE_CURVE('',#645,(#649,#656),.PCURVE_S1.);
#645 = LINE('',#646,#647);
#646 = CARTESIAN_POINT('',(-2.54,-1.38,4.3));
#647 = VECTOR('',#648,1.);
#648 = DIRECTION('',(1.,0.,-0.));
#649 = PCURVE('',#179,#650);
#650 = DEFINITIONAL_REPRESENTATION('',(#651),#655);
#651 = LINE('',#652,#653);
#652 = CARTESIAN_POINT('',(-0.,8.485281374239E-02));
#653 = VECTOR('',#654,1.);
#654 = DIRECTION('',(-1.,0.));
#655 = ( GEOMETRIC_REPRESENTATION_CONTEXT(2) 
PARAMETRIC_REPRESENTATION_CONTEXT() REPRESENTATION_CONTEXT('2D SPACE',''
  ) );
#656 = PCURVE('',#416,#657);
#657 = DEFINITIONAL_REPRESENTATION('',(#658),#662);
#658 = LINE('',#659,#660);
#659 = CARTESIAN_POINT('',(0.,0.12));
#660 = VECTOR('',#661,1.);
#661 = DIRECTION('',(1.,0.));
#662 = ( GEOMETRIC_REPRESENTATION_CONTEXT(2) 
PARAMETRIC_REPRESENTATION_CONTEXT() REPRESENTATION_CONTEXT('2D SPACE',''
  ) );
#663 = ADVANCED_FACE('',(#664),#314,.T.);
#664 = FACE_BOUND('',#665,.T.);
#665 = EDGE_LOOP('',(#666,#687,#688,#689));
#666 = ORIENTED_EDGE('',*,*,#667,.F.);
#667 = EDGE_CURVE('',#274,#569,#668,.T.);
#668 = SURFACE_CURVE('',#669,(#673,#680),.PCURVE_S1.);
#669 = LINE('',#670,#671);
#670 = CARTESIAN_POINT('',(-2.04,-1.51,0.27));
#671 = VECTOR('',#672,1.);
#672 = DIRECTION('',(-0.,1.,0.));
#673 = PCURVE('',#314,#674);
#674 = DEFINITIONAL_REPRESENTATION('',(#675),#679);
#675 = LINE('',#676,#677);
#676 = CARTESIAN_POINT('',(0.13,0.));
#677 = VECTOR('',#678,1.);
#678 = DIRECTION('',(0.,-1.));
#679 = ( GEOMETRIC_REPRESENTATION_CONTEXT(2) 
PARAMETRIC_REPRESENTATION_CONTEXT() REPRESENTATION_CONTEXT('2D SPACE',''
  ) );
#680 = PCURVE('',#288,#681);
#681 = DEFINITIONAL_REPRESENTATION('',(#682),#686);
#682 = LINE('',#683,#684);
#683 = CARTESIAN_POINT('',(0.,0.));
#684 = VECTOR('',#685,1.);
#685 = DIRECTION('',(0.,1.));
#686 = ( GEOMETRIC_REPRESENTATION_CONTEXT(2) 
PARAMETRIC_REPRESENTATION_CONTEXT() REPRESENTATION_CONTEXT('2D SPACE',''
  ) );
#687 = ORIENTED_EDGE('',*,*,#299,.T.);
#688 = ORIENTED_EDGE('',*,*,#456,.T.);
#689 = ORIENTED_EDGE('',*,*,#589,.F.);
#690 = ADVANCED_FACE('',(#691),#288,.F.);
#691 = FACE_BOUND('',#692,.F.);
#692 = EDGE_LOOP('',(#693,#694,#695,#716));
#693 = ORIENTED_EDGE('',*,*,#667,.F.);
#694 = ORIENTED_EDGE('',*,*,#273,.T.);
#695 = ORIENTED_EDGE('',*,*,#696,.T.);
#696 = EDGE_CURVE('',#248,#548,#697,.T.);
#697 = SURFACE_CURVE('',#698,(#702,#709),.PCURVE_S1.);
#698 = LINE('',#699,#700);
#699 = CARTESIAN_POINT('',(2.04,-1.51,0.27));
#700 = VECTOR('',#701,1.);
#701 = DIRECTION('',(-0.,1.,0.));
#702 = PCURVE('',#288,#703);
#703 = DEFINITIONAL_REPRESENTATION('',(#704),#708);
#704 = LINE('',#705,#706);
#705 = CARTESIAN_POINT('',(4.08,0.));
#706 = VECTOR('',#707,1.);
#707 = DIRECTION('',(0.,1.));
#708 = ( GEOMETRIC_REPRESENTATION_CONTEXT(2) 
PARAMETRIC_REPRESENTATION_CONTEXT() REPRESENTATION_CONTEXT('2D SPACE',''
  ) );
#709 = PCURVE('',#262,#710);
#710 = DEFINITIONAL_REPRESENTATION('',(#711),#715);
#711 = LINE('',#712,#713);
#712 = CARTESIAN_POINT('',(0.13,0.));
#713 = VECTOR('',#714,1.);
#714 = DIRECTION('',(0.,-1.));
#715 = ( GEOMETRIC_REPRESENTATION_CONTEXT(2) 
PARAMETRIC_REPRESENTATION_CONTEXT() REPRESENTATION_CONTEXT('2D SPACE',''
  ) );
#716 = ORIENTED_EDGE('',*,*,#568,.F.);
#717 = ADVANCED_FACE('',(#718),#262,.F.);
#718 = FACE_BOUND('',#719,.F.);
#719 = EDGE_LOOP('',(#720,#721,#722,#741));
#720 = ORIENTED_EDGE('',*,*,#696,.F.);
#721 = ORIENTED_EDGE('',*,*,#247,.T.);
#722 = ORIENTED_EDGE('',*,*,#723,.T.);
#723 = EDGE_CURVE('',#220,#525,#724,.T.);
#724 = SURFACE_CURVE('',#725,(#729,#735),.PCURVE_S1.);
#725 = LINE('',#726,#727);
#726 = CARTESIAN_POINT('',(2.04,-1.505,0.15));
#727 = VECTOR('',#728,1.);
#728 = DIRECTION('',(-0.,1.,0.));
#729 = PCURVE('',#262,#730);
#730 = DEFINITIONAL_REPRESENTATION('',(#731),#734);
#731 = B_SPLINE_CURVE_WITH_KNOTS('',1,(#732,#733),.UNSPECIFIED.,.F.,.F.,
  (2,2),(5.E-03,3.005),.PIECEWISE_BEZIER_KNOTS.);
#732 = CARTESIAN_POINT('',(1.E-02,-1.E-02));
#733 = CARTESIAN_POINT('',(1.E-02,-3.01));
#734 = ( GEOMETRIC_REPRESENTATION_CONTEXT(2) 
PARAMETRIC_REPRESENTATION_CONTEXT() REPRESENTATION_CONTEXT('2D SPACE',''
  ) );
#735 = PCURVE('',#235,#736);
#736 = DEFINITIONAL_REPRESENTATION('',(#737),#740);
#737 = B_SPLINE_CURVE_WITH_KNOTS('',1,(#738,#739),.UNSPECIFIED.,.F.,.F.,
  (2,2),(5.E-03,3.005),.PIECEWISE_BEZIER_KNOTS.);
#738 = CARTESIAN_POINT('',(4.58,0.));
#739 = CARTESIAN_POINT('',(4.58,3.));
#740 = ( GEOMETRIC_REPRESENTATION_CONTEXT(2) 
PARAMETRIC_REPRESENTATION_CONTEXT() REPRESENTATION_CONTEXT('2D SPACE',''
  ) );
#741 = ORIENTED_EDGE('',*,*,#547,.F.);
#742 = ADVANCED_FACE('',(#743),#235,.F.);
#743 = FACE_BOUND('',#744,.F.);
#744 = EDGE_LOOP('',(#745,#746,#747,#748));
#745 = ORIENTED_EDGE('',*,*,#524,.F.);
#746 = ORIENTED_EDGE('',*,*,#723,.F.);
#747 = ORIENTED_EDGE('',*,*,#219,.T.);
#748 = ORIENTED_EDGE('',*,*,#749,.T.);
#749 = EDGE_CURVE('',#192,#502,#750,.T.);
#750 = SURFACE_CURVE('',#751,(#755,#762),.PCURVE_S1.);
#751 = LINE('',#752,#753);
#752 = CARTESIAN_POINT('',(2.54,-1.5,0.15));
#753 = VECTOR('',#754,1.);
#754 = DIRECTION('',(-0.,1.,0.));
#755 = PCURVE('',#235,#756);
#756 = DEFINITIONAL_REPRESENTATION('',(#757),#761);
#757 = LINE('',#758,#759);
#758 = CARTESIAN_POINT('',(5.08,0.));
#759 = VECTOR('',#760,1.);
#760 = DIRECTION('',(0.,1.));
#761 = ( GEOMETRIC_REPRESENTATION_CONTEXT(2) 
PARAMETRIC_REPRESENTATION_CONTEXT() REPRESENTATION_CONTEXT('2D SPACE',''
  ) );
#762 = PCURVE('',#207,#763);
#763 = DEFINITIONAL_REPRESENTATION('',(#764),#768);
#764 = LINE('',#765,#766);
#765 = CARTESIAN_POINT('',(0.,0.));
#766 = VECTOR('',#767,1.);
#767 = DIRECTION('',(0.,-1.));
#768 = ( GEOMETRIC_REPRESENTATION_CONTEXT(2) 
PARAMETRIC_REPRESENTATION_CONTEXT() REPRESENTATION_CONTEXT('2D SPACE',''
  ) );
#769 = ADVANCED_FACE('',(#770),#207,.T.);
#770 = FACE_BOUND('',#771,.T.);
#771 = EDGE_LOOP('',(#772,#773,#774,#775));
#772 = ORIENTED_EDGE('',*,*,#191,.F.);
#773 = ORIENTED_EDGE('',*,*,#749,.T.);
#774 = ORIENTED_EDGE('',*,*,#501,.T.);
#775 = ORIENTED_EDGE('',*,*,#776,.F.);
#776 = EDGE_CURVE('',#164,#479,#777,.T.);
#777 = SURFACE_CURVE('',#778,(#782,#789),.PCURVE_S1.);
#778 = LINE('',#779,#780);
#779 = CARTESIAN_POINT('',(2.54,-1.5,4.18));
#780 = VECTOR('',#781,1.);
#781 = DIRECTION('',(-0.,1.,0.));
#782 = PCURVE('',#207,#783);
#783 = DEFINITIONAL_REPRESENTATION('',(#784),#788);
#784 = LINE('',#785,#786);
#785 = CARTESIAN_POINT('',(4.03,0.));
#786 = VECTOR('',#787,1.);
#787 = DIRECTION('',(0.,-1.));
#788 = ( GEOMETRIC_REPRESENTATION_CONTEXT(2) 
PARAMETRIC_REPRESENTATION_CONTEXT() REPRESENTATION_CONTEXT('2D SPACE',''
  ) );
#789 = PCURVE('',#631,#790);
#790 = DEFINITIONAL_REPRESENTATION('',(#791),#795);
#791 = LINE('',#792,#793);
#792 = CARTESIAN_POINT('',(0.,-8.485281374239E-02));
#793 = VECTOR('',#794,1.);
#794 = DIRECTION('',(1.,0.));
#795 = ( GEOMETRIC_REPRESENTATION_CONTEXT(2) 
PARAMETRIC_REPRESENTATION_CONTEXT() REPRESENTATION_CONTEXT('2D SPACE',''
  ) );
#796 = ADVANCED_FACE('',(#797,#845,#947,#1049,#1151,#1253,#1355,#1457,
    #1559),#416,.T.);
#797 = FACE_BOUND('',#798,.T.);
#798 = EDGE_LOOP('',(#799,#800,#801,#824));
#799 = ORIENTED_EDGE('',*,*,#402,.F.);
#800 = ORIENTED_EDGE('',*,*,#643,.T.);
#801 = ORIENTED_EDGE('',*,*,#802,.T.);
#802 = EDGE_CURVE('',#616,#803,#805,.T.);
#803 = VERTEX_POINT('',#804);
#804 = CARTESIAN_POINT('',(2.42,1.38,4.3));
#805 = SURFACE_CURVE('',#806,(#810,#817),.PCURVE_S1.);
#806 = LINE('',#807,#808);
#807 = CARTESIAN_POINT('',(2.42,-1.5,4.3));
#808 = VECTOR('',#809,1.);
#809 = DIRECTION('',(-0.,1.,0.));
#810 = PCURVE('',#416,#811);
#811 = DEFINITIONAL_REPRESENTATION('',(#812),#816);
#812 = LINE('',#813,#814);
#813 = CARTESIAN_POINT('',(4.96,0.));
#814 = VECTOR('',#815,1.);
#815 = DIRECTION('',(0.,1.));
#816 = ( GEOMETRIC_REPRESENTATION_CONTEXT(2) 
PARAMETRIC_REPRESENTATION_CONTEXT() REPRESENTATION_CONTEXT('2D SPACE',''
  ) );
#817 = PCURVE('',#631,#818);
#818 = DEFINITIONAL_REPRESENTATION('',(#819),#823);
#819 = LINE('',#820,#821);
#820 = CARTESIAN_POINT('',(0.,8.485281374239E-02));
#821 = VECTOR('',#822,1.);
#822 = DIRECTION('',(1.,0.));
#823 = ( GEOMETRIC_REPRESENTATION_CONTEXT(2) 
PARAMETRIC_REPRESENTATION_CONTEXT() REPRESENTATION_CONTEXT('2D SPACE',''
  ) );
#824 = ORIENTED_EDGE('',*,*,#825,.F.);
#825 = EDGE_CURVE('',#375,#803,#826,.T.);
#826 = SURFACE_CURVE('',#827,(#831,#838),.PCURVE_S1.);
#827 = LINE('',#828,#829);
#828 = CARTESIAN_POINT('',(-2.54,1.38,4.3));
#829 = VECTOR('',#830,1.);
#830 = DIRECTION('',(1.,0.,-0.));
#831 = PCURVE('',#416,#832);
#832 = DEFINITIONAL_REPRESENTATION('',(#833),#837);
#833 = LINE('',#834,#835);
#834 = CARTESIAN_POINT('',(0.,2.88));
#835 = VECTOR('',#836,1.);
#836 = DIRECTION('',(1.,0.));
#837 = ( GEOMETRIC_REPRESENTATION_CONTEXT(2) 
PARAMETRIC_REPRESENTATION_CONTEXT() REPRESENTATION_CONTEXT('2D SPACE',''
  ) );
#838 = PCURVE('',#390,#839);
#839 = DEFINITIONAL_REPRESENTATION('',(#840),#844);
#840 = LINE('',#841,#842);
#841 = CARTESIAN_POINT('',(-0.,8.485281374239E-02));
#842 = VECTOR('',#843,1.);
#843 = DIRECTION('',(-1.,0.));
#844 = ( GEOMETRIC_REPRESENTATION_CONTEXT(2) 
PARAMETRIC_REPRESENTATION_CONTEXT() REPRESENTATION_CONTEXT('2D SPACE',''
  ) );
#845 = FACE_BOUND('',#846,.T.);
#846 = EDGE_LOOP('',(#847,#874,#899,#924));
#847 = ORIENTED_EDGE('',*,*,#848,.T.);
#848 = EDGE_CURVE('',#849,#851,#853,.T.);
#849 = VERTEX_POINT('',#850);
#850 = CARTESIAN_POINT('',(-1.475991735537,-0.205991735537,4.3));
#851 = VERTEX_POINT('',#852);
#852 = CARTESIAN_POINT('',(-1.475991735537,-1.064008264463,4.3));
#853 = SURFACE_CURVE('',#854,(#857,#863),.PCURVE_S1.);
#854 = B_SPLINE_CURVE_WITH_KNOTS('',1,(#855,#856),.UNSPECIFIED.,.F.,.F.,
  (2,2),(0.,1.),.PIECEWISE_BEZIER_KNOTS.);
#855 = CARTESIAN_POINT('',(-1.475991735537,-0.205991735537,4.3));
#856 = CARTESIAN_POINT('',(-1.475991735537,-1.064008264463,4.3));
#857 = PCURVE('',#416,#858);
#858 = DEFINITIONAL_REPRESENTATION('',(#859),#862);
#859 = B_SPLINE_CURVE_WITH_KNOTS('',1,(#860,#861),.UNSPECIFIED.,.F.,.F.,
  (2,2),(0.,1.),.PIECEWISE_BEZIER_KNOTS.);
#860 = CARTESIAN_POINT('',(1.064008264463,1.294008264463));
#861 = CARTESIAN_POINT('',(1.064008264463,0.435991735537));
#862 = ( GEOMETRIC_REPRESENTATION_CONTEXT(2) 
PARAMETRIC_REPRESENTATION_CONTEXT() REPRESENTATION_CONTEXT('2D SPACE',''
  ) );
#863 = PCURVE('',#864,#869);
#864 = B_SPLINE_SURFACE_WITH_KNOTS('',1,1,(
    (#865,#866)
    ,(#867,#868
    )),.UNSPECIFIED.,.F.,.F.,.F.,(2,2),(2,2),(0.,0.86),(0.,1.),
  .PIECEWISE_BEZIER_KNOTS.);
#865 = CARTESIAN_POINT('',(-1.595,-0.945,4.18));
#866 = CARTESIAN_POINT('',(-1.475,-1.065,4.301));
#867 = CARTESIAN_POINT('',(-1.595,-0.325,4.18));
#868 = CARTESIAN_POINT('',(-1.475,-0.205,4.301));
#869 = DEFINITIONAL_REPRESENTATION('',(#870),#873);
#870 = B_SPLINE_CURVE_WITH_KNOTS('',1,(#871,#872),.UNSPECIFIED.,.F.,.F.,
  (2,2),(0.,1.),.PIECEWISE_BEZIER_KNOTS.);
#871 = CARTESIAN_POINT('',(0.86,0.99173553719));
#872 = CARTESIAN_POINT('',(0.,0.99173553719));
#873 = ( GEOMETRIC_REPRESENTATION_CONTEXT(2) 
PARAMETRIC_REPRESENTATION_CONTEXT() REPRESENTATION_CONTEXT('2D SPACE',''
  ) );
#874 = ORIENTED_EDGE('',*,*,#875,.T.);
#875 = EDGE_CURVE('',#851,#876,#878,.T.);
#876 = VERTEX_POINT('',#877);
#877 = CARTESIAN_POINT('',(-2.334008264463,-1.064008264463,4.3));
#878 = SURFACE_CURVE('',#879,(#882,#888),.PCURVE_S1.);
#879 = B_SPLINE_CURVE_WITH_KNOTS('',1,(#880,#881),.UNSPECIFIED.,.F.,.F.,
  (2,2),(0.,1.),.PIECEWISE_BEZIER_KNOTS.);
#880 = CARTESIAN_POINT('',(-1.475991735537,-1.064008264463,4.3));
#881 = CARTESIAN_POINT('',(-2.334008264463,-1.064008264463,4.3));
#882 = PCURVE('',#416,#883);
#883 = DEFINITIONAL_REPRESENTATION('',(#884),#887);
#884 = B_SPLINE_CURVE_WITH_KNOTS('',1,(#885,#886),.UNSPECIFIED.,.F.,.F.,
  (2,2),(0.,1.),.PIECEWISE_BEZIER_KNOTS.);
#885 = CARTESIAN_POINT('',(1.064008264463,0.435991735537));
#886 = CARTESIAN_POINT('',(0.205991735537,0.435991735537));
#887 = ( GEOMETRIC_REPRESENTATION_CONTEXT(2) 
PARAMETRIC_REPRESENTATION_CONTEXT() REPRESENTATION_CONTEXT('2D SPACE',''
  ) );
#888 = PCURVE('',#889,#894);
#889 = B_SPLINE_SURFACE_WITH_KNOTS('',1,1,(
    (#890,#891)
    ,(#892,#893
    )),.UNSPECIFIED.,.F.,.F.,.F.,(2,2),(2,2),(0.,0.86),(0.,1.),
  .PIECEWISE_BEZIER_KNOTS.);
#890 = CARTESIAN_POINT('',(-2.215,-0.945,4.18));
#891 = CARTESIAN_POINT('',(-2.335,-1.065,4.301));
#892 = CARTESIAN_POINT('',(-1.595,-0.945,4.18));
#893 = CARTESIAN_POINT('',(-1.475,-1.065,4.301));
#894 = DEFINITIONAL_REPRESENTATION('',(#895),#898);
#895 = B_SPLINE_CURVE_WITH_KNOTS('',1,(#896,#897),.UNSPECIFIED.,.F.,.F.,
  (2,2),(0.,1.),.PIECEWISE_BEZIER_KNOTS.);
#896 = CARTESIAN_POINT('',(0.86,0.99173553719));
#897 = CARTESIAN_POINT('',(0.,0.99173553719));
#898 = ( GEOMETRIC_REPRESENTATION_CONTEXT(2) 
PARAMETRIC_REPRESENTATION_CONTEXT() REPRESENTATION_CONTEXT('2D SPACE',''
  ) );
#899 = ORIENTED_EDGE('',*,*,#900,.T.);
#900 = EDGE_CURVE('',#876,#901,#903,.T.);
#901 = VERTEX_POINT('',#902);
#902 = CARTESIAN_POINT('',(-2.334008264463,-0.205991735537,4.3));
#903 = SURFACE_CURVE('',#904,(#907,#913),.PCURVE_S1.);
#904 = B_SPLINE_CURVE_WITH_KNOTS('',1,(#905,#906),.UNSPECIFIED.,.F.,.F.,
  (2,2),(0.,1.),.PIECEWISE_BEZIER_KNOTS.);
#905 = CARTESIAN_POINT('',(-2.334008264463,-1.064008264463,4.3));
#906 = CARTESIAN_POINT('',(-2.334008264463,-0.205991735537,4.3));
#907 = PCURVE('',#416,#908);
#908 = DEFINITIONAL_REPRESENTATION('',(#909),#912);
#909 = B_SPLINE_CURVE_WITH_KNOTS('',1,(#910,#911),.UNSPECIFIED.,.F.,.F.,
  (2,2),(0.,1.),.PIECEWISE_BEZIER_KNOTS.);
#910 = CARTESIAN_POINT('',(0.205991735537,0.435991735537));
#911 = CARTESIAN_POINT('',(0.205991735537,1.294008264463));
#912 = ( GEOMETRIC_REPRESENTATION_CONTEXT(2) 
PARAMETRIC_REPRESENTATION_CONTEXT() REPRESENTATION_CONTEXT('2D SPACE',''
  ) );
#913 = PCURVE('',#914,#919);
#914 = B_SPLINE_SURFACE_WITH_KNOTS('',1,1,(
    (#915,#916)
    ,(#917,#918
    )),.UNSPECIFIED.,.F.,.F.,.F.,(2,2),(2,2),(0.,0.86),(0.,1.),
  .PIECEWISE_BEZIER_KNOTS.);
#915 = CARTESIAN_POINT('',(-2.215,-0.325,4.18));
#916 = CARTESIAN_POINT('',(-2.335,-0.205,4.301));
#917 = CARTESIAN_POINT('',(-2.215,-0.945,4.18));
#918 = CARTESIAN_POINT('',(-2.335,-1.065,4.301));
#919 = DEFINITIONAL_REPRESENTATION('',(#920),#923);
#920 = B_SPLINE_CURVE_WITH_KNOTS('',1,(#921,#922),.UNSPECIFIED.,.F.,.F.,
  (2,2),(0.,1.),.PIECEWISE_BEZIER_KNOTS.);
#921 = CARTESIAN_POINT('',(0.86,0.99173553719));
#922 = CARTESIAN_POINT('',(0.,0.99173553719));
#923 = ( GEOMETRIC_REPRESENTATION_CONTEXT(2) 
PARAMETRIC_REPRESENTATION_CONTEXT() REPRESENTATION_CONTEXT('2D SPACE',''
  ) );
#924 = ORIENTED_EDGE('',*,*,#925,.T.);
#925 = EDGE_CURVE('',#901,#849,#926,.T.);
#926 = SURFACE_CURVE('',#927,(#930,#936),.PCURVE_S1.);
#927 = B_SPLINE_CURVE_WITH_KNOTS('',1,(#928,#929),.UNSPECIFIED.,.F.,.F.,
  (2,2),(0.,1.),.PIECEWISE_BEZIER_KNOTS.);
#928 = CARTESIAN_POINT('',(-2.334008264463,-0.205991735537,4.3));
#929 = CARTESIAN_POINT('',(-1.475991735537,-0.205991735537,4.3));
#930 = PCURVE('',#416,#931);
#931 = DEFINITIONAL_REPRESENTATION('',(#932),#935);
#932 = B_SPLINE_CURVE_WITH_KNOTS('',1,(#933,#934),.UNSPECIFIED.,.F.,.F.,
  (2,2),(0.,1.),.PIECEWISE_BEZIER_KNOTS.);
#933 = CARTESIAN_POINT('',(0.205991735537,1.294008264463));
#934 = CARTESIAN_POINT('',(1.064008264463,1.294008264463));
#935 = ( GEOMETRIC_REPRESENTATION_CONTEXT(2) 
PARAMETRIC_REPRESENTATION_CONTEXT() REPRESENTATION_CONTEXT('2D SPACE',''
  ) );
#936 = PCURVE('',#937,#942);
#937 = B_SPLINE_SURFACE_WITH_KNOTS('',1,1,(
    (#938,#939)
    ,(#940,#941
    )),.UNSPECIFIED.,.F.,.F.,.F.,(2,2),(2,2),(0.,0.86),(0.,1.),
  .PIECEWISE_BEZIER_KNOTS.);
#938 = CARTESIAN_POINT('',(-1.595,-0.325,4.18));
#939 = CARTESIAN_POINT('',(-1.475,-0.205,4.301));
#940 = CARTESIAN_POINT('',(-2.215,-0.325,4.18));
#941 = CARTESIAN_POINT('',(-2.335,-0.205,4.301));
#942 = DEFINITIONAL_REPRESENTATION('',(#943),#946);
#943 = B_SPLINE_CURVE_WITH_KNOTS('',1,(#944,#945),.UNSPECIFIED.,.F.,.F.,
  (2,2),(0.,1.),.PIECEWISE_BEZIER_KNOTS.);
#944 = CARTESIAN_POINT('',(0.86,0.99173553719));
#945 = CARTESIAN_POINT('',(0.,0.99173553719));
#946 = ( GEOMETRIC_REPRESENTATION_CONTEXT(2) 
PARAMETRIC_REPRESENTATION_CONTEXT() REPRESENTATION_CONTEXT('2D SPACE',''
  ) );
#947 = FACE_BOUND('',#948,.T.);
#948 = EDGE_LOOP('',(#949,#976,#1001,#1026));
#949 = ORIENTED_EDGE('',*,*,#950,.T.);
#950 = EDGE_CURVE('',#951,#953,#955,.T.);
#951 = VERTEX_POINT('',#952);
#952 = CARTESIAN_POINT('',(-0.205991735537,-0.205991735537,4.3));
#953 = VERTEX_POINT('',#954);
#954 = CARTESIAN_POINT('',(-0.205991735537,-1.064008264463,4.3));
#955 = SURFACE_CURVE('',#956,(#959,#965),.PCURVE_S1.);
#956 = B_SPLINE_CURVE_WITH_KNOTS('',1,(#957,#958),.UNSPECIFIED.,.F.,.F.,
  (2,2),(0.,1.),.PIECEWISE_BEZIER_KNOTS.);
#957 = CARTESIAN_POINT('',(-0.205991735537,-0.205991735537,4.3));
#958 = CARTESIAN_POINT('',(-0.205991735537,-1.064008264463,4.3));
#959 = PCURVE('',#416,#960);
#960 = DEFINITIONAL_REPRESENTATION('',(#961),#964);
#961 = B_SPLINE_CURVE_WITH_KNOTS('',1,(#962,#963),.UNSPECIFIED.,.F.,.F.,
  (2,2),(0.,1.),.PIECEWISE_BEZIER_KNOTS.);
#962 = CARTESIAN_POINT('',(2.334008264463,1.294008264463));
#963 = CARTESIAN_POINT('',(2.334008264463,0.435991735537));
#964 = ( GEOMETRIC_REPRESENTATION_CONTEXT(2) 
PARAMETRIC_REPRESENTATION_CONTEXT() REPRESENTATION_CONTEXT('2D SPACE',''
  ) );
#965 = PCURVE('',#966,#971);
#966 = B_SPLINE_SURFACE_WITH_KNOTS('',1,1,(
    (#967,#968)
    ,(#969,#970
    )),.UNSPECIFIED.,.F.,.F.,.F.,(2,2),(2,2),(0.,0.86),(0.,1.),
  .PIECEWISE_BEZIER_KNOTS.);
#967 = CARTESIAN_POINT('',(-0.325,-0.945,4.18));
#968 = CARTESIAN_POINT('',(-0.205,-1.065,4.301));
#969 = CARTESIAN_POINT('',(-0.325,-0.325,4.18));
#970 = CARTESIAN_POINT('',(-0.205,-0.205,4.301));
#971 = DEFINITIONAL_REPRESENTATION('',(#972),#975);
#972 = B_SPLINE_CURVE_WITH_KNOTS('',1,(#973,#974),.UNSPECIFIED.,.F.,.F.,
  (2,2),(0.,1.),.PIECEWISE_BEZIER_KNOTS.);
#973 = CARTESIAN_POINT('',(0.86,0.99173553719));
#974 = CARTESIAN_POINT('',(0.,0.99173553719));
#975 = ( GEOMETRIC_REPRESENTATION_CONTEXT(2) 
PARAMETRIC_REPRESENTATION_CONTEXT() REPRESENTATION_CONTEXT('2D SPACE',''
  ) );
#976 = ORIENTED_EDGE('',*,*,#977,.T.);
#977 = EDGE_CURVE('',#953,#978,#980,.T.);
#978 = VERTEX_POINT('',#979);
#979 = CARTESIAN_POINT('',(-1.064008264463,-1.064008264463,4.3));
#980 = SURFACE_CURVE('',#981,(#984,#990),.PCURVE_S1.);
#981 = B_SPLINE_CURVE_WITH_KNOTS('',1,(#982,#983),.UNSPECIFIED.,.F.,.F.,
  (2,2),(0.,1.),.PIECEWISE_BEZIER_KNOTS.);
#982 = CARTESIAN_POINT('',(-0.205991735537,-1.064008264463,4.3));
#983 = CARTESIAN_POINT('',(-1.064008264463,-1.064008264463,4.3));
#984 = PCURVE('',#416,#985);
#985 = DEFINITIONAL_REPRESENTATION('',(#986),#989);
#986 = B_SPLINE_CURVE_WITH_KNOTS('',1,(#987,#988),.UNSPECIFIED.,.F.,.F.,
  (2,2),(0.,1.),.PIECEWISE_BEZIER_KNOTS.);
#987 = CARTESIAN_POINT('',(2.334008264463,0.435991735537));
#988 = CARTESIAN_POINT('',(1.475991735537,0.435991735537));
#989 = ( GEOMETRIC_REPRESENTATION_CONTEXT(2) 
PARAMETRIC_REPRESENTATION_CONTEXT() REPRESENTATION_CONTEXT('2D SPACE',''
  ) );
#990 = PCURVE('',#991,#996);
#991 = B_SPLINE_SURFACE_WITH_KNOTS('',1,1,(
    (#992,#993)
    ,(#994,#995
    )),.UNSPECIFIED.,.F.,.F.,.F.,(2,2),(2,2),(0.,0.86),(0.,1.),
  .PIECEWISE_BEZIER_KNOTS.);
#992 = CARTESIAN_POINT('',(-0.945,-0.945,4.18));
#993 = CARTESIAN_POINT('',(-1.065,-1.065,4.301));
#994 = CARTESIAN_POINT('',(-0.325,-0.945,4.18));
#995 = CARTESIAN_POINT('',(-0.205,-1.065,4.301));
#996 = DEFINITIONAL_REPRESENTATION('',(#997),#1000);
#997 = B_SPLINE_CURVE_WITH_KNOTS('',1,(#998,#999),.UNSPECIFIED.,.F.,.F.,
  (2,2),(0.,1.),.PIECEWISE_BEZIER_KNOTS.);
#998 = CARTESIAN_POINT('',(0.86,0.99173553719));
#999 = CARTESIAN_POINT('',(0.,0.99173553719));
#1000 = ( GEOMETRIC_REPRESENTATION_CONTEXT(2) 
PARAMETRIC_REPRESENTATION_CONTEXT() REPRESENTATION_CONTEXT('2D SPACE',''
  ) );
#1001 = ORIENTED_EDGE('',*,*,#1002,.T.);
#1002 = EDGE_CURVE('',#978,#1003,#1005,.T.);
#1003 = VERTEX_POINT('',#1004);
#1004 = CARTESIAN_POINT('',(-1.064008264463,-0.205991735537,4.3));
#1005 = SURFACE_CURVE('',#1006,(#1009,#1015),.PCURVE_S1.);
#1006 = B_SPLINE_CURVE_WITH_KNOTS('',1,(#1007,#1008),.UNSPECIFIED.,.F.,
  .F.,(2,2),(0.,1.),.PIECEWISE_BEZIER_KNOTS.);
#1007 = CARTESIAN_POINT('',(-1.064008264463,-1.064008264463,4.3));
#1008 = CARTESIAN_POINT('',(-1.064008264463,-0.205991735537,4.3));
#1009 = PCURVE('',#416,#1010);
#1010 = DEFINITIONAL_REPRESENTATION('',(#1011),#1014);
#1011 = B_SPLINE_CURVE_WITH_KNOTS('',1,(#1012,#1013),.UNSPECIFIED.,.F.,
  .F.,(2,2),(0.,1.),.PIECEWISE_BEZIER_KNOTS.);
#1012 = CARTESIAN_POINT('',(1.475991735537,0.435991735537));
#1013 = CARTESIAN_POINT('',(1.475991735537,1.294008264463));
#1014 = ( GEOMETRIC_REPRESENTATION_CONTEXT(2) 
PARAMETRIC_REPRESENTATION_CONTEXT() REPRESENTATION_CONTEXT('2D SPACE',''
  ) );
#1015 = PCURVE('',#1016,#1021);
#1016 = B_SPLINE_SURFACE_WITH_KNOTS('',1,1,(
    (#1017,#1018)
    ,(#1019,#1020
    )),.UNSPECIFIED.,.F.,.F.,.F.,(2,2),(2,2),(0.,0.86),(0.,1.),
  .PIECEWISE_BEZIER_KNOTS.);
#1017 = CARTESIAN_POINT('',(-0.945,-0.325,4.18));
#1018 = CARTESIAN_POINT('',(-1.065,-0.205,4.301));
#1019 = CARTESIAN_POINT('',(-0.945,-0.945,4.18));
#1020 = CARTESIAN_POINT('',(-1.065,-1.065,4.301));
#1021 = DEFINITIONAL_REPRESENTATION('',(#1022),#1025);
#1022 = B_SPLINE_CURVE_WITH_KNOTS('',1,(#1023,#1024),.UNSPECIFIED.,.F.,
  .F.,(2,2),(0.,1.),.PIECEWISE_BEZIER_KNOTS.);
#1023 = CARTESIAN_POINT('',(0.86,0.99173553719));
#1024 = CARTESIAN_POINT('',(0.,0.99173553719));
#1025 = ( GEOMETRIC_REPRESENTATION_CONTEXT(2) 
PARAMETRIC_REPRESENTATION_CONTEXT() REPRESENTATION_CONTEXT('2D SPACE',''
  ) );
#1026 = ORIENTED_EDGE('',*,*,#1027,.T.);
#1027 = EDGE_CURVE('',#1003,#951,#1028,.T.);
#1028 = SURFACE_CURVE('',#1029,(#1032,#1038),.PCURVE_S1.);
#1029 = B_SPLINE_CURVE_WITH_KNOTS('',1,(#1030,#1031),.UNSPECIFIED.,.F.,
  .F.,(2,2),(0.,1.),.PIECEWISE_BEZIER_KNOTS.);
#1030 = CARTESIAN_POINT('',(-1.064008264463,-0.205991735537,4.3));
#1031 = CARTESIAN_POINT('',(-0.205991735537,-0.205991735537,4.3));
#1032 = PCURVE('',#416,#1033);
#1033 = DEFINITIONAL_REPRESENTATION('',(#1034),#1037);
#1034 = B_SPLINE_CURVE_WITH_KNOTS('',1,(#1035,#1036),.UNSPECIFIED.,.F.,
  .F.,(2,2),(0.,1.),.PIECEWISE_BEZIER_KNOTS.);
#1035 = CARTESIAN_POINT('',(1.475991735537,1.294008264463));
#1036 = CARTESIAN_POINT('',(2.334008264463,1.294008264463));
#1037 = ( GEOMETRIC_REPRESENTATION_CONTEXT(2) 
PARAMETRIC_REPRESENTATION_CONTEXT() REPRESENTATION_CONTEXT('2D SPACE',''
  ) );
#1038 = PCURVE('',#1039,#1044);
#1039 = B_SPLINE_SURFACE_WITH_KNOTS('',1,1,(
    (#1040,#1041)
    ,(#1042,#1043
    )),.UNSPECIFIED.,.F.,.F.,.F.,(2,2),(2,2),(0.,0.86),(0.,1.),
  .PIECEWISE_BEZIER_KNOTS.);
#1040 = CARTESIAN_POINT('',(-0.325,-0.325,4.18));
#1041 = CARTESIAN_POINT('',(-0.205,-0.205,4.301));
#1042 = CARTESIAN_POINT('',(-0.945,-0.325,4.18));
#1043 = CARTESIAN_POINT('',(-1.065,-0.205,4.301));
#1044 = DEFINITIONAL_REPRESENTATION('',(#1045),#1048);
#1045 = B_SPLINE_CURVE_WITH_KNOTS('',1,(#1046,#1047),.UNSPECIFIED.,.F.,
  .F.,(2,2),(0.,1.),.PIECEWISE_BEZIER_KNOTS.);
#1046 = CARTESIAN_POINT('',(0.86,0.99173553719));
#1047 = CARTESIAN_POINT('',(0.,0.99173553719));
#1048 = ( GEOMETRIC_REPRESENTATION_CONTEXT(2) 
PARAMETRIC_REPRESENTATION_CONTEXT() REPRESENTATION_CONTEXT('2D SPACE',''
  ) );
#1049 = FACE_BOUND('',#1050,.T.);
#1050 = EDGE_LOOP('',(#1051,#1078,#1103,#1128));
#1051 = ORIENTED_EDGE('',*,*,#1052,.T.);
#1052 = EDGE_CURVE('',#1053,#1055,#1057,.T.);
#1053 = VERTEX_POINT('',#1054);
#1054 = CARTESIAN_POINT('',(1.064008264463,-0.205991735537,4.3));
#1055 = VERTEX_POINT('',#1056);
#1056 = CARTESIAN_POINT('',(1.064008264463,-1.064008264463,4.3));
#1057 = SURFACE_CURVE('',#1058,(#1061,#1067),.PCURVE_S1.);
#1058 = B_SPLINE_CURVE_WITH_KNOTS('',1,(#1059,#1060),.UNSPECIFIED.,.F.,
  .F.,(2,2),(0.,1.),.PIECEWISE_BEZIER_KNOTS.);
#1059 = CARTESIAN_POINT('',(1.064008264463,-0.205991735537,4.3));
#1060 = CARTESIAN_POINT('',(1.064008264463,-1.064008264463,4.3));
#1061 = PCURVE('',#416,#1062);
#1062 = DEFINITIONAL_REPRESENTATION('',(#1063),#1066);
#1063 = B_SPLINE_CURVE_WITH_KNOTS('',1,(#1064,#1065),.UNSPECIFIED.,.F.,
  .F.,(2,2),(0.,1.),.PIECEWISE_BEZIER_KNOTS.);
#1064 = CARTESIAN_POINT('',(3.604008264463,1.294008264463));
#1065 = CARTESIAN_POINT('',(3.604008264463,0.435991735537));
#1066 = ( GEOMETRIC_REPRESENTATION_CONTEXT(2) 
PARAMETRIC_REPRESENTATION_CONTEXT() REPRESENTATION_CONTEXT('2D SPACE',''
  ) );
#1067 = PCURVE('',#1068,#1073);
#1068 = B_SPLINE_SURFACE_WITH_KNOTS('',1,1,(
    (#1069,#1070)
    ,(#1071,#1072
    )),.UNSPECIFIED.,.F.,.F.,.F.,(2,2),(2,2),(0.,0.86),(0.,1.),
  .PIECEWISE_BEZIER_KNOTS.);
#1069 = CARTESIAN_POINT('',(0.945,-0.945,4.18));
#1070 = CARTESIAN_POINT('',(1.065,-1.065,4.301));
#1071 = CARTESIAN_POINT('',(0.945,-0.325,4.18));
#1072 = CARTESIAN_POINT('',(1.065,-0.205,4.301));
#1073 = DEFINITIONAL_REPRESENTATION('',(#1074),#1077);
#1074 = B_SPLINE_CURVE_WITH_KNOTS('',1,(#1075,#1076),.UNSPECIFIED.,.F.,
  .F.,(2,2),(0.,1.),.PIECEWISE_BEZIER_KNOTS.);
#1075 = CARTESIAN_POINT('',(0.86,0.99173553719));
#1076 = CARTESIAN_POINT('',(0.,0.99173553719));
#1077 = ( GEOMETRIC_REPRESENTATION_CONTEXT(2) 
PARAMETRIC_REPRESENTATION_CONTEXT() REPRESENTATION_CONTEXT('2D SPACE',''
  ) );
#1078 = ORIENTED_EDGE('',*,*,#1079,.T.);
#1079 = EDGE_CURVE('',#1055,#1080,#1082,.T.);
#1080 = VERTEX_POINT('',#1081);
#1081 = CARTESIAN_POINT('',(0.205991735537,-1.064008264463,4.3));
#1082 = SURFACE_CURVE('',#1083,(#1086,#1092),.PCURVE_S1.);
#1083 = B_SPLINE_CURVE_WITH_KNOTS('',1,(#1084,#1085),.UNSPECIFIED.,.F.,
  .F.,(2,2),(0.,1.),.PIECEWISE_BEZIER_KNOTS.);
#1084 = CARTESIAN_POINT('',(1.064008264463,-1.064008264463,4.3));
#1085 = CARTESIAN_POINT('',(0.205991735537,-1.064008264463,4.3));
#1086 = PCURVE('',#416,#1087);
#1087 = DEFINITIONAL_REPRESENTATION('',(#1088),#1091);
#1088 = B_SPLINE_CURVE_WITH_KNOTS('',1,(#1089,#1090),.UNSPECIFIED.,.F.,
  .F.,(2,2),(0.,1.),.PIECEWISE_BEZIER_KNOTS.);
#1089 = CARTESIAN_POINT('',(3.604008264463,0.435991735537));
#1090 = CARTESIAN_POINT('',(2.745991735537,0.435991735537));
#1091 = ( GEOMETRIC_REPRESENTATION_CONTEXT(2) 
PARAMETRIC_REPRESENTATION_CONTEXT() REPRESENTATION_CONTEXT('2D SPACE',''
  ) );
#1092 = PCURVE('',#1093,#1098);
#1093 = B_SPLINE_SURFACE_WITH_KNOTS('',1,1,(
    (#1094,#1095)
    ,(#1096,#1097
    )),.UNSPECIFIED.,.F.,.F.,.F.,(2,2),(2,2),(0.,0.86),(0.,1.),
  .PIECEWISE_BEZIER_KNOTS.);
#1094 = CARTESIAN_POINT('',(0.325,-0.945,4.18));
#1095 = CARTESIAN_POINT('',(0.205,-1.065,4.301));
#1096 = CARTESIAN_POINT('',(0.945,-0.945,4.18));
#1097 = CARTESIAN_POINT('',(1.065,-1.065,4.301));
#1098 = DEFINITIONAL_REPRESENTATION('',(#1099),#1102);
#1099 = B_SPLINE_CURVE_WITH_KNOTS('',1,(#1100,#1101),.UNSPECIFIED.,.F.,
  .F.,(2,2),(0.,1.),.PIECEWISE_BEZIER_KNOTS.);
#1100 = CARTESIAN_POINT('',(0.86,0.99173553719));
#1101 = CARTESIAN_POINT('',(0.,0.99173553719));
#1102 = ( GEOMETRIC_REPRESENTATION_CONTEXT(2) 
PARAMETRIC_REPRESENTATION_CONTEXT() REPRESENTATION_CONTEXT('2D SPACE',''
  ) );
#1103 = ORIENTED_EDGE('',*,*,#1104,.T.);
#1104 = EDGE_CURVE('',#1080,#1105,#1107,.T.);
#1105 = VERTEX_POINT('',#1106);
#1106 = CARTESIAN_POINT('',(0.205991735537,-0.205991735537,4.3));
#1107 = SURFACE_CURVE('',#1108,(#1111,#1117),.PCURVE_S1.);
#1108 = B_SPLINE_CURVE_WITH_KNOTS('',1,(#1109,#1110),.UNSPECIFIED.,.F.,
  .F.,(2,2),(0.,1.),.PIECEWISE_BEZIER_KNOTS.);
#1109 = CARTESIAN_POINT('',(0.205991735537,-1.064008264463,4.3));
#1110 = CARTESIAN_POINT('',(0.205991735537,-0.205991735537,4.3));
#1111 = PCURVE('',#416,#1112);
#1112 = DEFINITIONAL_REPRESENTATION('',(#1113),#1116);
#1113 = B_SPLINE_CURVE_WITH_KNOTS('',1,(#1114,#1115),.UNSPECIFIED.,.F.,
  .F.,(2,2),(0.,1.),.PIECEWISE_BEZIER_KNOTS.);
#1114 = CARTESIAN_POINT('',(2.745991735537,0.435991735537));
#1115 = CARTESIAN_POINT('',(2.745991735537,1.294008264463));
#1116 = ( GEOMETRIC_REPRESENTATION_CONTEXT(2) 
PARAMETRIC_REPRESENTATION_CONTEXT() REPRESENTATION_CONTEXT('2D SPACE',''
  ) );
#1117 = PCURVE('',#1118,#1123);
#1118 = B_SPLINE_SURFACE_WITH_KNOTS('',1,1,(
    (#1119,#1120)
    ,(#1121,#1122
    )),.UNSPECIFIED.,.F.,.F.,.F.,(2,2),(2,2),(0.,0.86),(0.,1.),
  .PIECEWISE_BEZIER_KNOTS.);
#1119 = CARTESIAN_POINT('',(0.325,-0.325,4.18));
#1120 = CARTESIAN_POINT('',(0.205,-0.205,4.301));
#1121 = CARTESIAN_POINT('',(0.325,-0.945,4.18));
#1122 = CARTESIAN_POINT('',(0.205,-1.065,4.301));
#1123 = DEFINITIONAL_REPRESENTATION('',(#1124),#1127);
#1124 = B_SPLINE_CURVE_WITH_KNOTS('',1,(#1125,#1126),.UNSPECIFIED.,.F.,
  .F.,(2,2),(0.,1.),.PIECEWISE_BEZIER_KNOTS.);
#1125 = CARTESIAN_POINT('',(0.86,0.99173553719));
#1126 = CARTESIAN_POINT('',(0.,0.99173553719));
#1127 = ( GEOMETRIC_REPRESENTATION_CONTEXT(2) 
PARAMETRIC_REPRESENTATION_CONTEXT() REPRESENTATION_CONTEXT('2D SPACE',''
  ) );
#1128 = ORIENTED_EDGE('',*,*,#1129,.T.);
#1129 = EDGE_CURVE('',#1105,#1053,#1130,.T.);
#1130 = SURFACE_CURVE('',#1131,(#1134,#1140),.PCURVE_S1.);
#1131 = B_SPLINE_CURVE_WITH_KNOTS('',1,(#1132,#1133),.UNSPECIFIED.,.F.,
  .F.,(2,2),(0.,1.),.PIECEWISE_BEZIER_KNOTS.);
#1132 = CARTESIAN_POINT('',(0.205991735537,-0.205991735537,4.3));
#1133 = CARTESIAN_POINT('',(1.064008264463,-0.205991735537,4.3));
#1134 = PCURVE('',#416,#1135);
#1135 = DEFINITIONAL_REPRESENTATION('',(#1136),#1139);
#1136 = B_SPLINE_CURVE_WITH_KNOTS('',1,(#1137,#1138),.UNSPECIFIED.,.F.,
  .F.,(2,2),(0.,1.),.PIECEWISE_BEZIER_KNOTS.);
#1137 = CARTESIAN_POINT('',(2.745991735537,1.294008264463));
#1138 = CARTESIAN_POINT('',(3.604008264463,1.294008264463));
#1139 = ( GEOMETRIC_REPRESENTATION_CONTEXT(2) 
PARAMETRIC_REPRESENTATION_CONTEXT() REPRESENTATION_CONTEXT('2D SPACE',''
  ) );
#1140 = PCURVE('',#1141,#1146);
#1141 = B_SPLINE_SURFACE_WITH_KNOTS('',1,1,(
    (#1142,#1143)
    ,(#1144,#1145
    )),.UNSPECIFIED.,.F.,.F.,.F.,(2,2),(2,2),(0.,0.86),(0.,1.),
  .PIECEWISE_BEZIER_KNOTS.);
#1142 = CARTESIAN_POINT('',(0.945,-0.325,4.18));
#1143 = CARTESIAN_POINT('',(1.065,-0.205,4.301));
#1144 = CARTESIAN_POINT('',(0.325,-0.325,4.18));
#1145 = CARTESIAN_POINT('',(0.205,-0.205,4.301));
#1146 = DEFINITIONAL_REPRESENTATION('',(#1147),#1150);
#1147 = B_SPLINE_CURVE_WITH_KNOTS('',1,(#1148,#1149),.UNSPECIFIED.,.F.,
  .F.,(2,2),(0.,1.),.PIECEWISE_BEZIER_KNOTS.);
#1148 = CARTESIAN_POINT('',(0.86,0.99173553719));
#1149 = CARTESIAN_POINT('',(0.,0.99173553719));
#1150 = ( GEOMETRIC_REPRESENTATION_CONTEXT(2) 
PARAMETRIC_REPRESENTATION_CONTEXT() REPRESENTATION_CONTEXT('2D SPACE',''
  ) );
#1151 = FACE_BOUND('',#1152,.T.);
#1152 = EDGE_LOOP('',(#1153,#1180,#1205,#1230));
#1153 = ORIENTED_EDGE('',*,*,#1154,.T.);
#1154 = EDGE_CURVE('',#1155,#1157,#1159,.T.);
#1155 = VERTEX_POINT('',#1156);
#1156 = CARTESIAN_POINT('',(2.334008264463,-0.205991735537,4.3));
#1157 = VERTEX_POINT('',#1158);
#1158 = CARTESIAN_POINT('',(2.334008264463,-1.064008264463,4.3));
#1159 = SURFACE_CURVE('',#1160,(#1163,#1169),.PCURVE_S1.);
#1160 = B_SPLINE_CURVE_WITH_KNOTS('',1,(#1161,#1162),.UNSPECIFIED.,.F.,
  .F.,(2,2),(0.,1.),.PIECEWISE_BEZIER_KNOTS.);
#1161 = CARTESIAN_POINT('',(2.334008264463,-0.205991735537,4.3));
#1162 = CARTESIAN_POINT('',(2.334008264463,-1.064008264463,4.3));
#1163 = PCURVE('',#416,#1164);
#1164 = DEFINITIONAL_REPRESENTATION('',(#1165),#1168);
#1165 = B_SPLINE_CURVE_WITH_KNOTS('',1,(#1166,#1167),.UNSPECIFIED.,.F.,
  .F.,(2,2),(0.,1.),.PIECEWISE_BEZIER_KNOTS.);
#1166 = CARTESIAN_POINT('',(4.874008264463,1.294008264463));
#1167 = CARTESIAN_POINT('',(4.874008264463,0.435991735537));
#1168 = ( GEOMETRIC_REPRESENTATION_CONTEXT(2) 
PARAMETRIC_REPRESENTATION_CONTEXT() REPRESENTATION_CONTEXT('2D SPACE',''
  ) );
#1169 = PCURVE('',#1170,#1175);
#1170 = B_SPLINE_SURFACE_WITH_KNOTS('',1,1,(
    (#1171,#1172)
    ,(#1173,#1174
    )),.UNSPECIFIED.,.F.,.F.,.F.,(2,2),(2,2),(0.,0.86),(0.,1.),
  .PIECEWISE_BEZIER_KNOTS.);
#1171 = CARTESIAN_POINT('',(2.215,-0.945,4.18));
#1172 = CARTESIAN_POINT('',(2.335,-1.065,4.301));
#1173 = CARTESIAN_POINT('',(2.215,-0.325,4.18));
#1174 = CARTESIAN_POINT('',(2.335,-0.205,4.301));
#1175 = DEFINITIONAL_REPRESENTATION('',(#1176),#1179);
#1176 = B_SPLINE_CURVE_WITH_KNOTS('',1,(#1177,#1178),.UNSPECIFIED.,.F.,
  .F.,(2,2),(0.,1.),.PIECEWISE_BEZIER_KNOTS.);
#1177 = CARTESIAN_POINT('',(0.86,0.99173553719));
#1178 = CARTESIAN_POINT('',(0.,0.99173553719));
#1179 = ( GEOMETRIC_REPRESENTATION_CONTEXT(2) 
PARAMETRIC_REPRESENTATION_CONTEXT() REPRESENTATION_CONTEXT('2D SPACE',''
  ) );
#1180 = ORIENTED_EDGE('',*,*,#1181,.T.);
#1181 = EDGE_CURVE('',#1157,#1182,#1184,.T.);
#1182 = VERTEX_POINT('',#1183);
#1183 = CARTESIAN_POINT('',(1.475991735537,-1.064008264463,4.3));
#1184 = SURFACE_CURVE('',#1185,(#1188,#1194),.PCURVE_S1.);
#1185 = B_SPLINE_CURVE_WITH_KNOTS('',1,(#1186,#1187),.UNSPECIFIED.,.F.,
  .F.,(2,2),(0.,1.),.PIECEWISE_BEZIER_KNOTS.);
#1186 = CARTESIAN_POINT('',(2.334008264463,-1.064008264463,4.3));
#1187 = CARTESIAN_POINT('',(1.475991735537,-1.064008264463,4.3));
#1188 = PCURVE('',#416,#1189);
#1189 = DEFINITIONAL_REPRESENTATION('',(#1190),#1193);
#1190 = B_SPLINE_CURVE_WITH_KNOTS('',1,(#1191,#1192),.UNSPECIFIED.,.F.,
  .F.,(2,2),(0.,1.),.PIECEWISE_BEZIER_KNOTS.);
#1191 = CARTESIAN_POINT('',(4.874008264463,0.435991735537));
#1192 = CARTESIAN_POINT('',(4.015991735537,0.435991735537));
#1193 = ( GEOMETRIC_REPRESENTATION_CONTEXT(2) 
PARAMETRIC_REPRESENTATION_CONTEXT() REPRESENTATION_CONTEXT('2D SPACE',''
  ) );
#1194 = PCURVE('',#1195,#1200);
#1195 = B_SPLINE_SURFACE_WITH_KNOTS('',1,1,(
    (#1196,#1197)
    ,(#1198,#1199
    )),.UNSPECIFIED.,.F.,.F.,.F.,(2,2),(2,2),(0.,0.86),(0.,1.),
  .PIECEWISE_BEZIER_KNOTS.);
#1196 = CARTESIAN_POINT('',(1.595,-0.945,4.18));
#1197 = CARTESIAN_POINT('',(1.475,-1.065,4.301));
#1198 = CARTESIAN_POINT('',(2.215,-0.945,4.18));
#1199 = CARTESIAN_POINT('',(2.335,-1.065,4.301));
#1200 = DEFINITIONAL_REPRESENTATION('',(#1201),#1204);
#1201 = B_SPLINE_CURVE_WITH_KNOTS('',1,(#1202,#1203),.UNSPECIFIED.,.F.,
  .F.,(2,2),(0.,1.),.PIECEWISE_BEZIER_KNOTS.);
#1202 = CARTESIAN_POINT('',(0.86,0.99173553719));
#1203 = CARTESIAN_POINT('',(0.,0.99173553719));
#1204 = ( GEOMETRIC_REPRESENTATION_CONTEXT(2) 
PARAMETRIC_REPRESENTATION_CONTEXT() REPRESENTATION_CONTEXT('2D SPACE',''
  ) );
#1205 = ORIENTED_EDGE('',*,*,#1206,.T.);
#1206 = EDGE_CURVE('',#1182,#1207,#1209,.T.);
#1207 = VERTEX_POINT('',#1208);
#1208 = CARTESIAN_POINT('',(1.475991735537,-0.205991735537,4.3));
#1209 = SURFACE_CURVE('',#1210,(#1213,#1219),.PCURVE_S1.);
#1210 = B_SPLINE_CURVE_WITH_KNOTS('',1,(#1211,#1212),.UNSPECIFIED.,.F.,
  .F.,(2,2),(0.,1.),.PIECEWISE_BEZIER_KNOTS.);
#1211 = CARTESIAN_POINT('',(1.475991735537,-1.064008264463,4.3));
#1212 = CARTESIAN_POINT('',(1.475991735537,-0.205991735537,4.3));
#1213 = PCURVE('',#416,#1214);
#1214 = DEFINITIONAL_REPRESENTATION('',(#1215),#1218);
#1215 = B_SPLINE_CURVE_WITH_KNOTS('',1,(#1216,#1217),.UNSPECIFIED.,.F.,
  .F.,(2,2),(0.,1.),.PIECEWISE_BEZIER_KNOTS.);
#1216 = CARTESIAN_POINT('',(4.015991735537,0.435991735537));
#1217 = CARTESIAN_POINT('',(4.015991735537,1.294008264463));
#1218 = ( GEOMETRIC_REPRESENTATION_CONTEXT(2) 
PARAMETRIC_REPRESENTATION_CONTEXT() REPRESENTATION_CONTEXT('2D SPACE',''
  ) );
#1219 = PCURVE('',#1220,#1225);
#1220 = B_SPLINE_SURFACE_WITH_KNOTS('',1,1,(
    (#1221,#1222)
    ,(#1223,#1224
    )),.UNSPECIFIED.,.F.,.F.,.F.,(2,2),(2,2),(0.,0.86),(0.,1.),
  .PIECEWISE_BEZIER_KNOTS.);
#1221 = CARTESIAN_POINT('',(1.595,-0.325,4.18));
#1222 = CARTESIAN_POINT('',(1.475,-0.205,4.301));
#1223 = CARTESIAN_POINT('',(1.595,-0.945,4.18));
#1224 = CARTESIAN_POINT('',(1.475,-1.065,4.301));
#1225 = DEFINITIONAL_REPRESENTATION('',(#1226),#1229);
#1226 = B_SPLINE_CURVE_WITH_KNOTS('',1,(#1227,#1228),.UNSPECIFIED.,.F.,
  .F.,(2,2),(0.,1.),.PIECEWISE_BEZIER_KNOTS.);
#1227 = CARTESIAN_POINT('',(0.86,0.99173553719));
#1228 = CARTESIAN_POINT('',(0.,0.99173553719));
#1229 = ( GEOMETRIC_REPRESENTATION_CONTEXT(2) 
PARAMETRIC_REPRESENTATION_CONTEXT() REPRESENTATION_CONTEXT('2D SPACE',''
  ) );
#1230 = ORIENTED_EDGE('',*,*,#1231,.T.);
#1231 = EDGE_CURVE('',#1207,#1155,#1232,.T.);
#1232 = SURFACE_CURVE('',#1233,(#1236,#1242),.PCURVE_S1.);
#1233 = B_SPLINE_CURVE_WITH_KNOTS('',1,(#1234,#1235),.UNSPECIFIED.,.F.,
  .F.,(2,2),(0.,1.),.PIECEWISE_BEZIER_KNOTS.);
#1234 = CARTESIAN_POINT('',(1.475991735537,-0.205991735537,4.3));
#1235 = CARTESIAN_POINT('',(2.334008264463,-0.205991735537,4.3));
#1236 = PCURVE('',#416,#1237);
#1237 = DEFINITIONAL_REPRESENTATION('',(#1238),#1241);
#1238 = B_SPLINE_CURVE_WITH_KNOTS('',1,(#1239,#1240),.UNSPECIFIED.,.F.,
  .F.,(2,2),(0.,1.),.PIECEWISE_BEZIER_KNOTS.);
#1239 = CARTESIAN_POINT('',(4.015991735537,1.294008264463));
#1240 = CARTESIAN_POINT('',(4.874008264463,1.294008264463));
#1241 = ( GEOMETRIC_REPRESENTATION_CONTEXT(2) 
PARAMETRIC_REPRESENTATION_CONTEXT() REPRESENTATION_CONTEXT('2D SPACE',''
  ) );
#1242 = PCURVE('',#1243,#1248);
#1243 = B_SPLINE_SURFACE_WITH_KNOTS('',1,1,(
    (#1244,#1245)
    ,(#1246,#1247
    )),.UNSPECIFIED.,.F.,.F.,.F.,(2,2),(2,2),(0.,0.86),(0.,1.),
  .PIECEWISE_BEZIER_KNOTS.);
#1244 = CARTESIAN_POINT('',(2.215,-0.325,4.18));
#1245 = CARTESIAN_POINT('',(2.335,-0.205,4.301));
#1246 = CARTESIAN_POINT('',(1.595,-0.325,4.18));
#1247 = CARTESIAN_POINT('',(1.475,-0.205,4.301));
#1248 = DEFINITIONAL_REPRESENTATION('',(#1249),#1252);
#1249 = B_SPLINE_CURVE_WITH_KNOTS('',1,(#1250,#1251),.UNSPECIFIED.,.F.,
  .F.,(2,2),(0.,1.),.PIECEWISE_BEZIER_KNOTS.);
#1250 = CARTESIAN_POINT('',(0.86,0.99173553719));
#1251 = CARTESIAN_POINT('',(0.,0.99173553719));
#1252 = ( GEOMETRIC_REPRESENTATION_CONTEXT(2) 
PARAMETRIC_REPRESENTATION_CONTEXT() REPRESENTATION_CONTEXT('2D SPACE',''
  ) );
#1253 = FACE_BOUND('',#1254,.T.);
#1254 = EDGE_LOOP('',(#1255,#1282,#1307,#1332));
#1255 = ORIENTED_EDGE('',*,*,#1256,.T.);
#1256 = EDGE_CURVE('',#1257,#1259,#1261,.T.);
#1257 = VERTEX_POINT('',#1258);
#1258 = CARTESIAN_POINT('',(-1.475991735537,1.064008264463,4.3));
#1259 = VERTEX_POINT('',#1260);
#1260 = CARTESIAN_POINT('',(-1.475991735537,0.205991735537,4.3));
#1261 = SURFACE_CURVE('',#1262,(#1265,#1271),.PCURVE_S1.);
#1262 = B_SPLINE_CURVE_WITH_KNOTS('',1,(#1263,#1264),.UNSPECIFIED.,.F.,
  .F.,(2,2),(0.,1.),.PIECEWISE_BEZIER_KNOTS.);
#1263 = CARTESIAN_POINT('',(-1.475991735537,1.064008264463,4.3));
#1264 = CARTESIAN_POINT('',(-1.475991735537,0.205991735537,4.3));
#1265 = PCURVE('',#416,#1266);
#1266 = DEFINITIONAL_REPRESENTATION('',(#1267),#1270);
#1267 = B_SPLINE_CURVE_WITH_KNOTS('',1,(#1268,#1269),.UNSPECIFIED.,.F.,
  .F.,(2,2),(0.,1.),.PIECEWISE_BEZIER_KNOTS.);
#1268 = CARTESIAN_POINT('',(1.064008264463,2.564008264463));
#1269 = CARTESIAN_POINT('',(1.064008264463,1.705991735537));
#1270 = ( GEOMETRIC_REPRESENTATION_CONTEXT(2) 
PARAMETRIC_REPRESENTATION_CONTEXT() REPRESENTATION_CONTEXT('2D SPACE',''
  ) );
#1271 = PCURVE('',#1272,#1277);
#1272 = B_SPLINE_SURFACE_WITH_KNOTS('',1,1,(
    (#1273,#1274)
    ,(#1275,#1276
    )),.UNSPECIFIED.,.F.,.F.,.F.,(2,2),(2,2),(0.,0.86),(0.,1.),
  .PIECEWISE_BEZIER_KNOTS.);
#1273 = CARTESIAN_POINT('',(-1.595,0.325,4.18));
#1274 = CARTESIAN_POINT('',(-1.475,0.205,4.301));
#1275 = CARTESIAN_POINT('',(-1.595,0.945,4.18));
#1276 = CARTESIAN_POINT('',(-1.475,1.065,4.301));
#1277 = DEFINITIONAL_REPRESENTATION('',(#1278),#1281);
#1278 = B_SPLINE_CURVE_WITH_KNOTS('',1,(#1279,#1280),.UNSPECIFIED.,.F.,
  .F.,(2,2),(0.,1.),.PIECEWISE_BEZIER_KNOTS.);
#1279 = CARTESIAN_POINT('',(0.86,0.99173553719));
#1280 = CARTESIAN_POINT('',(0.,0.99173553719));
#1281 = ( GEOMETRIC_REPRESENTATION_CONTEXT(2) 
PARAMETRIC_REPRESENTATION_CONTEXT() REPRESENTATION_CONTEXT('2D SPACE',''
  ) );
#1282 = ORIENTED_EDGE('',*,*,#1283,.T.);
#1283 = EDGE_CURVE('',#1259,#1284,#1286,.T.);
#1284 = VERTEX_POINT('',#1285);
#1285 = CARTESIAN_POINT('',(-2.334008264463,0.205991735537,4.3));
#1286 = SURFACE_CURVE('',#1287,(#1290,#1296),.PCURVE_S1.);
#1287 = B_SPLINE_CURVE_WITH_KNOTS('',1,(#1288,#1289),.UNSPECIFIED.,.F.,
  .F.,(2,2),(0.,1.),.PIECEWISE_BEZIER_KNOTS.);
#1288 = CARTESIAN_POINT('',(-1.475991735537,0.205991735537,4.3));
#1289 = CARTESIAN_POINT('',(-2.334008264463,0.205991735537,4.3));
#1290 = PCURVE('',#416,#1291);
#1291 = DEFINITIONAL_REPRESENTATION('',(#1292),#1295);
#1292 = B_SPLINE_CURVE_WITH_KNOTS('',1,(#1293,#1294),.UNSPECIFIED.,.F.,
  .F.,(2,2),(0.,1.),.PIECEWISE_BEZIER_KNOTS.);
#1293 = CARTESIAN_POINT('',(1.064008264463,1.705991735537));
#1294 = CARTESIAN_POINT('',(0.205991735537,1.705991735537));
#1295 = ( GEOMETRIC_REPRESENTATION_CONTEXT(2) 
PARAMETRIC_REPRESENTATION_CONTEXT() REPRESENTATION_CONTEXT('2D SPACE',''
  ) );
#1296 = PCURVE('',#1297,#1302);
#1297 = B_SPLINE_SURFACE_WITH_KNOTS('',1,1,(
    (#1298,#1299)
    ,(#1300,#1301
    )),.UNSPECIFIED.,.F.,.F.,.F.,(2,2),(2,2),(0.,0.86),(0.,1.),
  .PIECEWISE_BEZIER_KNOTS.);
#1298 = CARTESIAN_POINT('',(-2.215,0.325,4.18));
#1299 = CARTESIAN_POINT('',(-2.335,0.205,4.301));
#1300 = CARTESIAN_POINT('',(-1.595,0.325,4.18));
#1301 = CARTESIAN_POINT('',(-1.475,0.205,4.301));
#1302 = DEFINITIONAL_REPRESENTATION('',(#1303),#1306);
#1303 = B_SPLINE_CURVE_WITH_KNOTS('',1,(#1304,#1305),.UNSPECIFIED.,.F.,
  .F.,(2,2),(0.,1.),.PIECEWISE_BEZIER_KNOTS.);
#1304 = CARTESIAN_POINT('',(0.86,0.99173553719));
#1305 = CARTESIAN_POINT('',(0.,0.99173553719));
#1306 = ( GEOMETRIC_REPRESENTATION_CONTEXT(2) 
PARAMETRIC_REPRESENTATION_CONTEXT() REPRESENTATION_CONTEXT('2D SPACE',''
  ) );
#1307 = ORIENTED_EDGE('',*,*,#1308,.T.);
#1308 = EDGE_CURVE('',#1284,#1309,#1311,.T.);
#1309 = VERTEX_POINT('',#1310);
#1310 = CARTESIAN_POINT('',(-2.334008264463,1.064008264463,4.3));
#1311 = SURFACE_CURVE('',#1312,(#1315,#1321),.PCURVE_S1.);
#1312 = B_SPLINE_CURVE_WITH_KNOTS('',1,(#1313,#1314),.UNSPECIFIED.,.F.,
  .F.,(2,2),(0.,1.),.PIECEWISE_BEZIER_KNOTS.);
#1313 = CARTESIAN_POINT('',(-2.334008264463,0.205991735537,4.3));
#1314 = CARTESIAN_POINT('',(-2.334008264463,1.064008264463,4.3));
#1315 = PCURVE('',#416,#1316);
#1316 = DEFINITIONAL_REPRESENTATION('',(#1317),#1320);
#1317 = B_SPLINE_CURVE_WITH_KNOTS('',1,(#1318,#1319),.UNSPECIFIED.,.F.,
  .F.,(2,2),(0.,1.),.PIECEWISE_BEZIER_KNOTS.);
#1318 = CARTESIAN_POINT('',(0.205991735537,1.705991735537));
#1319 = CARTESIAN_POINT('',(0.205991735537,2.564008264463));
#1320 = ( GEOMETRIC_REPRESENTATION_CONTEXT(2) 
PARAMETRIC_REPRESENTATION_CONTEXT() REPRESENTATION_CONTEXT('2D SPACE',''
  ) );
#1321 = PCURVE('',#1322,#1327);
#1322 = B_SPLINE_SURFACE_WITH_KNOTS('',1,1,(
    (#1323,#1324)
    ,(#1325,#1326
    )),.UNSPECIFIED.,.F.,.F.,.F.,(2,2),(2,2),(0.,0.86),(0.,1.),
  .PIECEWISE_BEZIER_KNOTS.);
#1323 = CARTESIAN_POINT('',(-2.215,0.945,4.18));
#1324 = CARTESIAN_POINT('',(-2.335,1.065,4.301));
#1325 = CARTESIAN_POINT('',(-2.215,0.325,4.18));
#1326 = CARTESIAN_POINT('',(-2.335,0.205,4.301));
#1327 = DEFINITIONAL_REPRESENTATION('',(#1328),#1331);
#1328 = B_SPLINE_CURVE_WITH_KNOTS('',1,(#1329,#1330),.UNSPECIFIED.,.F.,
  .F.,(2,2),(0.,1.),.PIECEWISE_BEZIER_KNOTS.);
#1329 = CARTESIAN_POINT('',(0.86,0.99173553719));
#1330 = CARTESIAN_POINT('',(0.,0.99173553719));
#1331 = ( GEOMETRIC_REPRESENTATION_CONTEXT(2) 
PARAMETRIC_REPRESENTATION_CONTEXT() REPRESENTATION_CONTEXT('2D SPACE',''
  ) );
#1332 = ORIENTED_EDGE('',*,*,#1333,.T.);
#1333 = EDGE_CURVE('',#1309,#1257,#1334,.T.);
#1334 = SURFACE_CURVE('',#1335,(#1338,#1344),.PCURVE_S1.);
#1335 = B_SPLINE_CURVE_WITH_KNOTS('',1,(#1336,#1337),.UNSPECIFIED.,.F.,
  .F.,(2,2),(0.,1.),.PIECEWISE_BEZIER_KNOTS.);
#1336 = CARTESIAN_POINT('',(-2.334008264463,1.064008264463,4.3));
#1337 = CARTESIAN_POINT('',(-1.475991735537,1.064008264463,4.3));
#1338 = PCURVE('',#416,#1339);
#1339 = DEFINITIONAL_REPRESENTATION('',(#1340),#1343);
#1340 = B_SPLINE_CURVE_WITH_KNOTS('',1,(#1341,#1342),.UNSPECIFIED.,.F.,
  .F.,(2,2),(0.,1.),.PIECEWISE_BEZIER_KNOTS.);
#1341 = CARTESIAN_POINT('',(0.205991735537,2.564008264463));
#1342 = CARTESIAN_POINT('',(1.064008264463,2.564008264463));
#1343 = ( GEOMETRIC_REPRESENTATION_CONTEXT(2) 
PARAMETRIC_REPRESENTATION_CONTEXT() REPRESENTATION_CONTEXT('2D SPACE',''
  ) );
#1344 = PCURVE('',#1345,#1350);
#1345 = B_SPLINE_SURFACE_WITH_KNOTS('',1,1,(
    (#1346,#1347)
    ,(#1348,#1349
    )),.UNSPECIFIED.,.F.,.F.,.F.,(2,2),(2,2),(0.,0.86),(0.,1.),
  .PIECEWISE_BEZIER_KNOTS.);
#1346 = CARTESIAN_POINT('',(-1.595,0.945,4.18));
#1347 = CARTESIAN_POINT('',(-1.475,1.065,4.301));
#1348 = CARTESIAN_POINT('',(-2.215,0.945,4.18));
#1349 = CARTESIAN_POINT('',(-2.335,1.065,4.301));
#1350 = DEFINITIONAL_REPRESENTATION('',(#1351),#1354);
#1351 = B_SPLINE_CURVE_WITH_KNOTS('',1,(#1352,#1353),.UNSPECIFIED.,.F.,
  .F.,(2,2),(0.,1.),.PIECEWISE_BEZIER_KNOTS.);
#1352 = CARTESIAN_POINT('',(0.86,0.99173553719));
#1353 = CARTESIAN_POINT('',(0.,0.99173553719));
#1354 = ( GEOMETRIC_REPRESENTATION_CONTEXT(2) 
PARAMETRIC_REPRESENTATION_CONTEXT() REPRESENTATION_CONTEXT('2D SPACE',''
  ) );
#1355 = FACE_BOUND('',#1356,.T.);
#1356 = EDGE_LOOP('',(#1357,#1384,#1409,#1434));
#1357 = ORIENTED_EDGE('',*,*,#1358,.T.);
#1358 = EDGE_CURVE('',#1359,#1361,#1363,.T.);
#1359 = VERTEX_POINT('',#1360);
#1360 = CARTESIAN_POINT('',(-0.205991735537,1.064008264463,4.3));
#1361 = VERTEX_POINT('',#1362);
#1362 = CARTESIAN_POINT('',(-0.205991735537,0.205991735537,4.3));
#1363 = SURFACE_CURVE('',#1364,(#1367,#1373),.PCURVE_S1.);
#1364 = B_SPLINE_CURVE_WITH_KNOTS('',1,(#1365,#1366),.UNSPECIFIED.,.F.,
  .F.,(2,2),(0.,1.),.PIECEWISE_BEZIER_KNOTS.);
#1365 = CARTESIAN_POINT('',(-0.205991735537,1.064008264463,4.3));
#1366 = CARTESIAN_POINT('',(-0.205991735537,0.205991735537,4.3));
#1367 = PCURVE('',#416,#1368);
#1368 = DEFINITIONAL_REPRESENTATION('',(#1369),#1372);
#1369 = B_SPLINE_CURVE_WITH_KNOTS('',1,(#1370,#1371),.UNSPECIFIED.,.F.,
  .F.,(2,2),(0.,1.),.PIECEWISE_BEZIER_KNOTS.);
#1370 = CARTESIAN_POINT('',(2.334008264463,2.564008264463));
#1371 = CARTESIAN_POINT('',(2.334008264463,1.705991735537));
#1372 = ( GEOMETRIC_REPRESENTATION_CONTEXT(2) 
PARAMETRIC_REPRESENTATION_CONTEXT() REPRESENTATION_CONTEXT('2D SPACE',''
  ) );
#1373 = PCURVE('',#1374,#1379);
#1374 = B_SPLINE_SURFACE_WITH_KNOTS('',1,1,(
    (#1375,#1376)
    ,(#1377,#1378
    )),.UNSPECIFIED.,.F.,.F.,.F.,(2,2),(2,2),(0.,0.86),(0.,1.),
  .PIECEWISE_BEZIER_KNOTS.);
#1375 = CARTESIAN_POINT('',(-0.325,0.325,4.18));
#1376 = CARTESIAN_POINT('',(-0.205,0.205,4.301));
#1377 = CARTESIAN_POINT('',(-0.325,0.945,4.18));
#1378 = CARTESIAN_POINT('',(-0.205,1.065,4.301));
#1379 = DEFINITIONAL_REPRESENTATION('',(#1380),#1383);
#1380 = B_SPLINE_CURVE_WITH_KNOTS('',1,(#1381,#1382),.UNSPECIFIED.,.F.,
  .F.,(2,2),(0.,1.),.PIECEWISE_BEZIER_KNOTS.);
#1381 = CARTESIAN_POINT('',(0.86,0.99173553719));
#1382 = CARTESIAN_POINT('',(0.,0.99173553719));
#1383 = ( GEOMETRIC_REPRESENTATION_CONTEXT(2) 
PARAMETRIC_REPRESENTATION_CONTEXT() REPRESENTATION_CONTEXT('2D SPACE',''
  ) );
#1384 = ORIENTED_EDGE('',*,*,#1385,.T.);
#1385 = EDGE_CURVE('',#1361,#1386,#1388,.T.);
#1386 = VERTEX_POINT('',#1387);
#1387 = CARTESIAN_POINT('',(-1.064008264463,0.205991735537,4.3));
#1388 = SURFACE_CURVE('',#1389,(#1392,#1398),.PCURVE_S1.);
#1389 = B_SPLINE_CURVE_WITH_KNOTS('',1,(#1390,#1391),.UNSPECIFIED.,.F.,
  .F.,(2,2),(0.,1.),.PIECEWISE_BEZIER_KNOTS.);
#1390 = CARTESIAN_POINT('',(-0.205991735537,0.205991735537,4.3));
#1391 = CARTESIAN_POINT('',(-1.064008264463,0.205991735537,4.3));
#1392 = PCURVE('',#416,#1393);
#1393 = DEFINITIONAL_REPRESENTATION('',(#1394),#1397);
#1394 = B_SPLINE_CURVE_WITH_KNOTS('',1,(#1395,#1396),.UNSPECIFIED.,.F.,
  .F.,(2,2),(0.,1.),.PIECEWISE_BEZIER_KNOTS.);
#1395 = CARTESIAN_POINT('',(2.334008264463,1.705991735537));
#1396 = CARTESIAN_POINT('',(1.475991735537,1.705991735537));
#1397 = ( GEOMETRIC_REPRESENTATION_CONTEXT(2) 
PARAMETRIC_REPRESENTATION_CONTEXT() REPRESENTATION_CONTEXT('2D SPACE',''
  ) );
#1398 = PCURVE('',#1399,#1404);
#1399 = B_SPLINE_SURFACE_WITH_KNOTS('',1,1,(
    (#1400,#1401)
    ,(#1402,#1403
    )),.UNSPECIFIED.,.F.,.F.,.F.,(2,2),(2,2),(0.,0.86),(0.,1.),
  .PIECEWISE_BEZIER_KNOTS.);
#1400 = CARTESIAN_POINT('',(-0.945,0.325,4.18));
#1401 = CARTESIAN_POINT('',(-1.065,0.205,4.301));
#1402 = CARTESIAN_POINT('',(-0.325,0.325,4.18));
#1403 = CARTESIAN_POINT('',(-0.205,0.205,4.301));
#1404 = DEFINITIONAL_REPRESENTATION('',(#1405),#1408);
#1405 = B_SPLINE_CURVE_WITH_KNOTS('',1,(#1406,#1407),.UNSPECIFIED.,.F.,
  .F.,(2,2),(0.,1.),.PIECEWISE_BEZIER_KNOTS.);
#1406 = CARTESIAN_POINT('',(0.86,0.99173553719));
#1407 = CARTESIAN_POINT('',(0.,0.99173553719));
#1408 = ( GEOMETRIC_REPRESENTATION_CONTEXT(2) 
PARAMETRIC_REPRESENTATION_CONTEXT() REPRESENTATION_CONTEXT('2D SPACE',''
  ) );
#1409 = ORIENTED_EDGE('',*,*,#1410,.T.);
#1410 = EDGE_CURVE('',#1386,#1411,#1413,.T.);
#1411 = VERTEX_POINT('',#1412);
#1412 = CARTESIAN_POINT('',(-1.064008264463,1.064008264463,4.3));
#1413 = SURFACE_CURVE('',#1414,(#1417,#1423),.PCURVE_S1.);
#1414 = B_SPLINE_CURVE_WITH_KNOTS('',1,(#1415,#1416),.UNSPECIFIED.,.F.,
  .F.,(2,2),(0.,1.),.PIECEWISE_BEZIER_KNOTS.);
#1415 = CARTESIAN_POINT('',(-1.064008264463,0.205991735537,4.3));
#1416 = CARTESIAN_POINT('',(-1.064008264463,1.064008264463,4.3));
#1417 = PCURVE('',#416,#1418);
#1418 = DEFINITIONAL_REPRESENTATION('',(#1419),#1422);
#1419 = B_SPLINE_CURVE_WITH_KNOTS('',1,(#1420,#1421),.UNSPECIFIED.,.F.,
  .F.,(2,2),(0.,1.),.PIECEWISE_BEZIER_KNOTS.);
#1420 = CARTESIAN_POINT('',(1.475991735537,1.705991735537));
#1421 = CARTESIAN_POINT('',(1.475991735537,2.564008264463));
#1422 = ( GEOMETRIC_REPRESENTATION_CONTEXT(2) 
PARAMETRIC_REPRESENTATION_CONTEXT() REPRESENTATION_CONTEXT('2D SPACE',''
  ) );
#1423 = PCURVE('',#1424,#1429);
#1424 = B_SPLINE_SURFACE_WITH_KNOTS('',1,1,(
    (#1425,#1426)
    ,(#1427,#1428
    )),.UNSPECIFIED.,.F.,.F.,.F.,(2,2),(2,2),(0.,0.86),(0.,1.),
  .PIECEWISE_BEZIER_KNOTS.);
#1425 = CARTESIAN_POINT('',(-0.945,0.945,4.18));
#1426 = CARTESIAN_POINT('',(-1.065,1.065,4.301));
#1427 = CARTESIAN_POINT('',(-0.945,0.325,4.18));
#1428 = CARTESIAN_POINT('',(-1.065,0.205,4.301));
#1429 = DEFINITIONAL_REPRESENTATION('',(#1430),#1433);
#1430 = B_SPLINE_CURVE_WITH_KNOTS('',1,(#1431,#1432),.UNSPECIFIED.,.F.,
  .F.,(2,2),(0.,1.),.PIECEWISE_BEZIER_KNOTS.);
#1431 = CARTESIAN_POINT('',(0.86,0.99173553719));
#1432 = CARTESIAN_POINT('',(0.,0.99173553719));
#1433 = ( GEOMETRIC_REPRESENTATION_CONTEXT(2) 
PARAMETRIC_REPRESENTATION_CONTEXT() REPRESENTATION_CONTEXT('2D SPACE',''
  ) );
#1434 = ORIENTED_EDGE('',*,*,#1435,.T.);
#1435 = EDGE_CURVE('',#1411,#1359,#1436,.T.);
#1436 = SURFACE_CURVE('',#1437,(#1440,#1446),.PCURVE_S1.);
#1437 = B_SPLINE_CURVE_WITH_KNOTS('',1,(#1438,#1439),.UNSPECIFIED.,.F.,
  .F.,(2,2),(0.,1.),.PIECEWISE_BEZIER_KNOTS.);
#1438 = CARTESIAN_POINT('',(-1.064008264463,1.064008264463,4.3));
#1439 = CARTESIAN_POINT('',(-0.205991735537,1.064008264463,4.3));
#1440 = PCURVE('',#416,#1441);
#1441 = DEFINITIONAL_REPRESENTATION('',(#1442),#1445);
#1442 = B_SPLINE_CURVE_WITH_KNOTS('',1,(#1443,#1444),.UNSPECIFIED.,.F.,
  .F.,(2,2),(0.,1.),.PIECEWISE_BEZIER_KNOTS.);
#1443 = CARTESIAN_POINT('',(1.475991735537,2.564008264463));
#1444 = CARTESIAN_POINT('',(2.334008264463,2.564008264463));
#1445 = ( GEOMETRIC_REPRESENTATION_CONTEXT(2) 
PARAMETRIC_REPRESENTATION_CONTEXT() REPRESENTATION_CONTEXT('2D SPACE',''
  ) );
#1446 = PCURVE('',#1447,#1452);
#1447 = B_SPLINE_SURFACE_WITH_KNOTS('',1,1,(
    (#1448,#1449)
    ,(#1450,#1451
    )),.UNSPECIFIED.,.F.,.F.,.F.,(2,2),(2,2),(0.,0.86),(0.,1.),
  .PIECEWISE_BEZIER_KNOTS.);
#1448 = CARTESIAN_POINT('',(-0.325,0.945,4.18));
#1449 = CARTESIAN_POINT('',(-0.205,1.065,4.301));
#1450 = CARTESIAN_POINT('',(-0.945,0.945,4.18));
#1451 = CARTESIAN_POINT('',(-1.065,1.065,4.301));
#1452 = DEFINITIONAL_REPRESENTATION('',(#1453),#1456);
#1453 = B_SPLINE_CURVE_WITH_KNOTS('',1,(#1454,#1455),.UNSPECIFIED.,.F.,
  .F.,(2,2),(0.,1.),.PIECEWISE_BEZIER_KNOTS.);
#1454 = CARTESIAN_POINT('',(0.86,0.99173553719));
#1455 = CARTESIAN_POINT('',(0.,0.99173553719));
#1456 = ( GEOMETRIC_REPRESENTATION_CONTEXT(2) 
PARAMETRIC_REPRESENTATION_CONTEXT() REPRESENTATION_CONTEXT('2D SPACE',''
  ) );
#1457 = FACE_BOUND('',#1458,.T.);
#1458 = EDGE_LOOP('',(#1459,#1486,#1511,#1536));
#1459 = ORIENTED_EDGE('',*,*,#1460,.T.);
#1460 = EDGE_CURVE('',#1461,#1463,#1465,.T.);
#1461 = VERTEX_POINT('',#1462);
#1462 = CARTESIAN_POINT('',(1.064008264463,1.064008264463,4.3));
#1463 = VERTEX_POINT('',#1464);
#1464 = CARTESIAN_POINT('',(1.064008264463,0.205991735537,4.3));
#1465 = SURFACE_CURVE('',#1466,(#1469,#1475),.PCURVE_S1.);
#1466 = B_SPLINE_CURVE_WITH_KNOTS('',1,(#1467,#1468),.UNSPECIFIED.,.F.,
  .F.,(2,2),(0.,1.),.PIECEWISE_BEZIER_KNOTS.);
#1467 = CARTESIAN_POINT('',(1.064008264463,1.064008264463,4.3));
#1468 = CARTESIAN_POINT('',(1.064008264463,0.205991735537,4.3));
#1469 = PCURVE('',#416,#1470);
#1470 = DEFINITIONAL_REPRESENTATION('',(#1471),#1474);
#1471 = B_SPLINE_CURVE_WITH_KNOTS('',1,(#1472,#1473),.UNSPECIFIED.,.F.,
  .F.,(2,2),(0.,1.),.PIECEWISE_BEZIER_KNOTS.);
#1472 = CARTESIAN_POINT('',(3.604008264463,2.564008264463));
#1473 = CARTESIAN_POINT('',(3.604008264463,1.705991735537));
#1474 = ( GEOMETRIC_REPRESENTATION_CONTEXT(2) 
PARAMETRIC_REPRESENTATION_CONTEXT() REPRESENTATION_CONTEXT('2D SPACE',''
  ) );
#1475 = PCURVE('',#1476,#1481);
#1476 = B_SPLINE_SURFACE_WITH_KNOTS('',1,1,(
    (#1477,#1478)
    ,(#1479,#1480
    )),.UNSPECIFIED.,.F.,.F.,.F.,(2,2),(2,2),(0.,0.86),(0.,1.),
  .PIECEWISE_BEZIER_KNOTS.);
#1477 = CARTESIAN_POINT('',(0.945,0.325,4.18));
#1478 = CARTESIAN_POINT('',(1.065,0.205,4.301));
#1479 = CARTESIAN_POINT('',(0.945,0.945,4.18));
#1480 = CARTESIAN_POINT('',(1.065,1.065,4.301));
#1481 = DEFINITIONAL_REPRESENTATION('',(#1482),#1485);
#1482 = B_SPLINE_CURVE_WITH_KNOTS('',1,(#1483,#1484),.UNSPECIFIED.,.F.,
  .F.,(2,2),(0.,1.),.PIECEWISE_BEZIER_KNOTS.);
#1483 = CARTESIAN_POINT('',(0.86,0.99173553719));
#1484 = CARTESIAN_POINT('',(0.,0.99173553719));
#1485 = ( GEOMETRIC_REPRESENTATION_CONTEXT(2) 
PARAMETRIC_REPRESENTATION_CONTEXT() REPRESENTATION_CONTEXT('2D SPACE',''
  ) );
#1486 = ORIENTED_EDGE('',*,*,#1487,.T.);
#1487 = EDGE_CURVE('',#1463,#1488,#1490,.T.);
#1488 = VERTEX_POINT('',#1489);
#1489 = CARTESIAN_POINT('',(0.205991735537,0.205991735537,4.3));
#1490 = SURFACE_CURVE('',#1491,(#1494,#1500),.PCURVE_S1.);
#1491 = B_SPLINE_CURVE_WITH_KNOTS('',1,(#1492,#1493),.UNSPECIFIED.,.F.,
  .F.,(2,2),(0.,1.),.PIECEWISE_BEZIER_KNOTS.);
#1492 = CARTESIAN_POINT('',(1.064008264463,0.205991735537,4.3));
#1493 = CARTESIAN_POINT('',(0.205991735537,0.205991735537,4.3));
#1494 = PCURVE('',#416,#1495);
#1495 = DEFINITIONAL_REPRESENTATION('',(#1496),#1499);
#1496 = B_SPLINE_CURVE_WITH_KNOTS('',1,(#1497,#1498),.UNSPECIFIED.,.F.,
  .F.,(2,2),(0.,1.),.PIECEWISE_BEZIER_KNOTS.);
#1497 = CARTESIAN_POINT('',(3.604008264463,1.705991735537));
#1498 = CARTESIAN_POINT('',(2.745991735537,1.705991735537));
#1499 = ( GEOMETRIC_REPRESENTATION_CONTEXT(2) 
PARAMETRIC_REPRESENTATION_CONTEXT() REPRESENTATION_CONTEXT('2D SPACE',''
  ) );
#1500 = PCURVE('',#1501,#1506);
#1501 = B_SPLINE_SURFACE_WITH_KNOTS('',1,1,(
    (#1502,#1503)
    ,(#1504,#1505
    )),.UNSPECIFIED.,.F.,.F.,.F.,(2,2),(2,2),(0.,0.86),(0.,1.),
  .PIECEWISE_BEZIER_KNOTS.);
#1502 = CARTESIAN_POINT('',(0.325,0.325,4.18));
#1503 = CARTESIAN_POINT('',(0.205,0.205,4.301));
#1504 = CARTESIAN_POINT('',(0.945,0.325,4.18));
#1505 = CARTESIAN_POINT('',(1.065,0.205,4.301));
#1506 = DEFINITIONAL_REPRESENTATION('',(#1507),#1510);
#1507 = B_SPLINE_CURVE_WITH_KNOTS('',1,(#1508,#1509),.UNSPECIFIED.,.F.,
  .F.,(2,2),(0.,1.),.PIECEWISE_BEZIER_KNOTS.);
#1508 = CARTESIAN_POINT('',(0.86,0.99173553719));
#1509 = CARTESIAN_POINT('',(0.,0.99173553719));
#1510 = ( GEOMETRIC_REPRESENTATION_CONTEXT(2) 
PARAMETRIC_REPRESENTATION_CONTEXT() REPRESENTATION_CONTEXT('2D SPACE',''
  ) );
#1511 = ORIENTED_EDGE('',*,*,#1512,.T.);
#1512 = EDGE_CURVE('',#1488,#1513,#1515,.T.);
#1513 = VERTEX_POINT('',#1514);
#1514 = CARTESIAN_POINT('',(0.205991735537,1.064008264463,4.3));
#1515 = SURFACE_CURVE('',#1516,(#1519,#1525),.PCURVE_S1.);
#1516 = B_SPLINE_CURVE_WITH_KNOTS('',1,(#1517,#1518),.UNSPECIFIED.,.F.,
  .F.,(2,2),(0.,1.),.PIECEWISE_BEZIER_KNOTS.);
#1517 = CARTESIAN_POINT('',(0.205991735537,0.205991735537,4.3));
#1518 = CARTESIAN_POINT('',(0.205991735537,1.064008264463,4.3));
#1519 = PCURVE('',#416,#1520);
#1520 = DEFINITIONAL_REPRESENTATION('',(#1521),#1524);
#1521 = B_SPLINE_CURVE_WITH_KNOTS('',1,(#1522,#1523),.UNSPECIFIED.,.F.,
  .F.,(2,2),(0.,1.),.PIECEWISE_BEZIER_KNOTS.);
#1522 = CARTESIAN_POINT('',(2.745991735537,1.705991735537));
#1523 = CARTESIAN_POINT('',(2.745991735537,2.564008264463));
#1524 = ( GEOMETRIC_REPRESENTATION_CONTEXT(2) 
PARAMETRIC_REPRESENTATION_CONTEXT() REPRESENTATION_CONTEXT('2D SPACE',''
  ) );
#1525 = PCURVE('',#1526,#1531);
#1526 = B_SPLINE_SURFACE_WITH_KNOTS('',1,1,(
    (#1527,#1528)
    ,(#1529,#1530
    )),.UNSPECIFIED.,.F.,.F.,.F.,(2,2),(2,2),(0.,0.86),(0.,1.),
  .PIECEWISE_BEZIER_KNOTS.);
#1527 = CARTESIAN_POINT('',(0.325,0.945,4.18));
#1528 = CARTESIAN_POINT('',(0.205,1.065,4.301));
#1529 = CARTESIAN_POINT('',(0.325,0.325,4.18));
#1530 = CARTESIAN_POINT('',(0.205,0.205,4.301));
#1531 = DEFINITIONAL_REPRESENTATION('',(#1532),#1535);
#1532 = B_SPLINE_CURVE_WITH_KNOTS('',1,(#1533,#1534),.UNSPECIFIED.,.F.,
  .F.,(2,2),(0.,1.),.PIECEWISE_BEZIER_KNOTS.);
#1533 = CARTESIAN_POINT('',(0.86,0.99173553719));
#1534 = CARTESIAN_POINT('',(0.,0.99173553719));
#1535 = ( GEOMETRIC_REPRESENTATION_CONTEXT(2) 
PARAMETRIC_REPRESENTATION_CONTEXT() REPRESENTATION_CONTEXT('2D SPACE',''
  ) );
#1536 = ORIENTED_EDGE('',*,*,#1537,.T.);
#1537 = EDGE_CURVE('',#1513,#1461,#1538,.T.);
#1538 = SURFACE_CURVE('',#1539,(#1542,#1548),.PCURVE_S1.);
#1539 = B_SPLINE_CURVE_WITH_KNOTS('',1,(#1540,#1541),.UNSPECIFIED.,.F.,
  .F.,(2,2),(0.,1.),.PIECEWISE_BEZIER_KNOTS.);
#1540 = CARTESIAN_POINT('',(0.205991735537,1.064008264463,4.3));
#1541 = CARTESIAN_POINT('',(1.064008264463,1.064008264463,4.3));
#1542 = PCURVE('',#416,#1543);
#1543 = DEFINITIONAL_REPRESENTATION('',(#1544),#1547);
#1544 = B_SPLINE_CURVE_WITH_KNOTS('',1,(#1545,#1546),.UNSPECIFIED.,.F.,
  .F.,(2,2),(0.,1.),.PIECEWISE_BEZIER_KNOTS.);
#1545 = CARTESIAN_POINT('',(2.745991735537,2.564008264463));
#1546 = CARTESIAN_POINT('',(3.604008264463,2.564008264463));
#1547 = ( GEOMETRIC_REPRESENTATION_CONTEXT(2) 
PARAMETRIC_REPRESENTATION_CONTEXT() REPRESENTATION_CONTEXT('2D SPACE',''
  ) );
#1548 = PCURVE('',#1549,#1554);
#1549 = B_SPLINE_SURFACE_WITH_KNOTS('',1,1,(
    (#1550,#1551)
    ,(#1552,#1553
    )),.UNSPECIFIED.,.F.,.F.,.F.,(2,2),(2,2),(0.,0.86),(0.,1.),
  .PIECEWISE_BEZIER_KNOTS.);
#1550 = CARTESIAN_POINT('',(0.945,0.945,4.18));
#1551 = CARTESIAN_POINT('',(1.065,1.065,4.301));
#1552 = CARTESIAN_POINT('',(0.325,0.945,4.18));
#1553 = CARTESIAN_POINT('',(0.205,1.065,4.301));
#1554 = DEFINITIONAL_REPRESENTATION('',(#1555),#1558);
#1555 = B_SPLINE_CURVE_WITH_KNOTS('',1,(#1556,#1557),.UNSPECIFIED.,.F.,
  .F.,(2,2),(0.,1.),.PIECEWISE_BEZIER_KNOTS.);
#1556 = CARTESIAN_POINT('',(0.86,0.99173553719));
#1557 = CARTESIAN_POINT('',(0.,0.99173553719));
#1558 = ( GEOMETRIC_REPRESENTATION_CONTEXT(2) 
PARAMETRIC_REPRESENTATION_CONTEXT() REPRESENTATION_CONTEXT('2D SPACE',''
  ) );
#1559 = FACE_BOUND('',#1560,.T.);
#1560 = EDGE_LOOP('',(#1561,#1588,#1613,#1638));
#1561 = ORIENTED_EDGE('',*,*,#1562,.T.);
#1562 = EDGE_CURVE('',#1563,#1565,#1567,.T.);
#1563 = VERTEX_POINT('',#1564);
#1564 = CARTESIAN_POINT('',(2.334008264463,1.064008264463,4.3));
#1565 = VERTEX_POINT('',#1566);
#1566 = CARTESIAN_POINT('',(2.334008264463,0.205991735537,4.3));
#1567 = SURFACE_CURVE('',#1568,(#1571,#1577),.PCURVE_S1.);
#1568 = B_SPLINE_CURVE_WITH_KNOTS('',1,(#1569,#1570),.UNSPECIFIED.,.F.,
  .F.,(2,2),(0.,1.),.PIECEWISE_BEZIER_KNOTS.);
#1569 = CARTESIAN_POINT('',(2.334008264463,1.064008264463,4.3));
#1570 = CARTESIAN_POINT('',(2.334008264463,0.205991735537,4.3));
#1571 = PCURVE('',#416,#1572);
#1572 = DEFINITIONAL_REPRESENTATION('',(#1573),#1576);
#1573 = B_SPLINE_CURVE_WITH_KNOTS('',1,(#1574,#1575),.UNSPECIFIED.,.F.,
  .F.,(2,2),(0.,1.),.PIECEWISE_BEZIER_KNOTS.);
#1574 = CARTESIAN_POINT('',(4.874008264463,2.564008264463));
#1575 = CARTESIAN_POINT('',(4.874008264463,1.705991735537));
#1576 = ( GEOMETRIC_REPRESENTATION_CONTEXT(2) 
PARAMETRIC_REPRESENTATION_CONTEXT() REPRESENTATION_CONTEXT('2D SPACE',''
  ) );
#1577 = PCURVE('',#1578,#1583);
#1578 = B_SPLINE_SURFACE_WITH_KNOTS('',1,1,(
    (#1579,#1580)
    ,(#1581,#1582
    )),.UNSPECIFIED.,.F.,.F.,.F.,(2,2),(2,2),(0.,0.86),(0.,1.),
  .PIECEWISE_BEZIER_KNOTS.);
#1579 = CARTESIAN_POINT('',(2.215,0.325,4.18));
#1580 = CARTESIAN_POINT('',(2.335,0.205,4.301));
#1581 = CARTESIAN_POINT('',(2.215,0.945,4.18));
#1582 = CARTESIAN_POINT('',(2.335,1.065,4.301));
#1583 = DEFINITIONAL_REPRESENTATION('',(#1584),#1587);
#1584 = B_SPLINE_CURVE_WITH_KNOTS('',1,(#1585,#1586),.UNSPECIFIED.,.F.,
  .F.,(2,2),(0.,1.),.PIECEWISE_BEZIER_KNOTS.);
#1585 = CARTESIAN_POINT('',(0.86,0.99173553719));
#1586 = CARTESIAN_POINT('',(0.,0.99173553719));
#1587 = ( GEOMETRIC_REPRESENTATION_CONTEXT(2) 
PARAMETRIC_REPRESENTATION_CONTEXT() REPRESENTATION_CONTEXT('2D SPACE',''
  ) );
#1588 = ORIENTED_EDGE('',*,*,#1589,.T.);
#1589 = EDGE_CURVE('',#1565,#1590,#1592,.T.);
#1590 = VERTEX_POINT('',#1591);
#1591 = CARTESIAN_POINT('',(1.475991735537,0.205991735537,4.3));
#1592 = SURFACE_CURVE('',#1593,(#1596,#1602),.PCURVE_S1.);
#1593 = B_SPLINE_CURVE_WITH_KNOTS('',1,(#1594,#1595),.UNSPECIFIED.,.F.,
  .F.,(2,2),(0.,1.),.PIECEWISE_BEZIER_KNOTS.);
#1594 = CARTESIAN_POINT('',(2.334008264463,0.205991735537,4.3));
#1595 = CARTESIAN_POINT('',(1.475991735537,0.205991735537,4.3));
#1596 = PCURVE('',#416,#1597);
#1597 = DEFINITIONAL_REPRESENTATION('',(#1598),#1601);
#1598 = B_SPLINE_CURVE_WITH_KNOTS('',1,(#1599,#1600),.UNSPECIFIED.,.F.,
  .F.,(2,2),(0.,1.),.PIECEWISE_BEZIER_KNOTS.);
#1599 = CARTESIAN_POINT('',(4.874008264463,1.705991735537));
#1600 = CARTESIAN_POINT('',(4.015991735537,1.705991735537));
#1601 = ( GEOMETRIC_REPRESENTATION_CONTEXT(2) 
PARAMETRIC_REPRESENTATION_CONTEXT() REPRESENTATION_CONTEXT('2D SPACE',''
  ) );
#1602 = PCURVE('',#1603,#1608);
#1603 = B_SPLINE_SURFACE_WITH_KNOTS('',1,1,(
    (#1604,#1605)
    ,(#1606,#1607
    )),.UNSPECIFIED.,.F.,.F.,.F.,(2,2),(2,2),(0.,0.86),(0.,1.),
  .PIECEWISE_BEZIER_KNOTS.);
#1604 = CARTESIAN_POINT('',(1.595,0.325,4.18));
#1605 = CARTESIAN_POINT('',(1.475,0.205,4.301));
#1606 = CARTESIAN_POINT('',(2.215,0.325,4.18));
#1607 = CARTESIAN_POINT('',(2.335,0.205,4.301));
#1608 = DEFINITIONAL_REPRESENTATION('',(#1609),#1612);
#1609 = B_SPLINE_CURVE_WITH_KNOTS('',1,(#1610,#1611),.UNSPECIFIED.,.F.,
  .F.,(2,2),(0.,1.),.PIECEWISE_BEZIER_KNOTS.);
#1610 = CARTESIAN_POINT('',(0.86,0.99173553719));
#1611 = CARTESIAN_POINT('',(0.,0.99173553719));
#1612 = ( GEOMETRIC_REPRESENTATION_CONTEXT(2) 
PARAMETRIC_REPRESENTATION_CONTEXT() REPRESENTATION_CONTEXT('2D SPACE',''
  ) );
#1613 = ORIENTED_EDGE('',*,*,#1614,.T.);
#1614 = EDGE_CURVE('',#1590,#1615,#1617,.T.);
#1615 = VERTEX_POINT('',#1616);
#1616 = CARTESIAN_POINT('',(1.475991735537,1.064008264463,4.3));
#1617 = SURFACE_CURVE('',#1618,(#1621,#1627),.PCURVE_S1.);
#1618 = B_SPLINE_CURVE_WITH_KNOTS('',1,(#1619,#1620),.UNSPECIFIED.,.F.,
  .F.,(2,2),(0.,1.),.PIECEWISE_BEZIER_KNOTS.);
#1619 = CARTESIAN_POINT('',(1.475991735537,0.205991735537,4.3));
#1620 = CARTESIAN_POINT('',(1.475991735537,1.064008264463,4.3));
#1621 = PCURVE('',#416,#1622);
#1622 = DEFINITIONAL_REPRESENTATION('',(#1623),#1626);
#1623 = B_SPLINE_CURVE_WITH_KNOTS('',1,(#1624,#1625),.UNSPECIFIED.,.F.,
  .F.,(2,2),(0.,1.),.PIECEWISE_BEZIER_KNOTS.);
#1624 = CARTESIAN_POINT('',(4.015991735537,1.705991735537));
#1625 = CARTESIAN_POINT('',(4.015991735537,2.564008264463));
#1626 = ( GEOMETRIC_REPRESENTATION_CONTEXT(2) 
PARAMETRIC_REPRESENTATION_CONTEXT() REPRESENTATION_CONTEXT('2D SPACE',''
  ) );
#1627 = PCURVE('',#1628,#1633);
#1628 = B_SPLINE_SURFACE_WITH_KNOTS('',1,1,(
    (#1629,#1630)
    ,(#1631,#1632
    )),.UNSPECIFIED.,.F.,.F.,.F.,(2,2),(2,2),(0.,0.86),(0.,1.),
  .PIECEWISE_BEZIER_KNOTS.);
#1629 = CARTESIAN_POINT('',(1.595,0.945,4.18));
#1630 = CARTESIAN_POINT('',(1.475,1.065,4.301));
#1631 = CARTESIAN_POINT('',(1.595,0.325,4.18));
#1632 = CARTESIAN_POINT('',(1.475,0.205,4.301));
#1633 = DEFINITIONAL_REPRESENTATION('',(#1634),#1637);
#1634 = B_SPLINE_CURVE_WITH_KNOTS('',1,(#1635,#1636),.UNSPECIFIED.,.F.,
  .F.,(2,2),(0.,1.),.PIECEWISE_BEZIER_KNOTS.);
#1635 = CARTESIAN_POINT('',(0.86,0.99173553719));
#1636 = CARTESIAN_POINT('',(0.,0.99173553719));
#1637 = ( GEOMETRIC_REPRESENTATION_CONTEXT(2) 
PARAMETRIC_REPRESENTATION_CONTEXT() REPRESENTATION_CONTEXT('2D SPACE',''
  ) );
#1638 = ORIENTED_EDGE('',*,*,#1639,.T.);
#1639 = EDGE_CURVE('',#1615,#1563,#1640,.T.);
#1640 = SURFACE_CURVE('',#1641,(#1644,#1650),.PCURVE_S1.);
#1641 = B_SPLINE_CURVE_WITH_KNOTS('',1,(#1642,#1643),.UNSPECIFIED.,.F.,
  .F.,(2,2),(0.,1.),.PIECEWISE_BEZIER_KNOTS.);
#1642 = CARTESIAN_POINT('',(1.475991735537,1.064008264463,4.3));
#1643 = CARTESIAN_POINT('',(2.334008264463,1.064008264463,4.3));
#1644 = PCURVE('',#416,#1645);
#1645 = DEFINITIONAL_REPRESENTATION('',(#1646),#1649);
#1646 = B_SPLINE_CURVE_WITH_KNOTS('',1,(#1647,#1648),.UNSPECIFIED.,.F.,
  .F.,(2,2),(0.,1.),.PIECEWISE_BEZIER_KNOTS.);
#1647 = CARTESIAN_POINT('',(4.015991735537,2.564008264463));
#1648 = CARTESIAN_POINT('',(4.874008264463,2.564008264463));
#1649 = ( GEOMETRIC_REPRESENTATION_CONTEXT(2) 
PARAMETRIC_REPRESENTATION_CONTEXT() REPRESENTATION_CONTEXT('2D SPACE',''
  ) );
#1650 = PCURVE('',#1651,#1656);
#1651 = B_SPLINE_SURFACE_WITH_KNOTS('',1,1,(
    (#1652,#1653)
    ,(#1654,#1655
    )),.UNSPECIFIED.,.F.,.F.,.F.,(2,2),(2,2),(0.,0.86),(0.,1.),
  .PIECEWISE_BEZIER_KNOTS.);
#1652 = CARTESIAN_POINT('',(2.215,0.945,4.18));
#1653 = CARTESIAN_POINT('',(2.335,1.065,4.301));
#1654 = CARTESIAN_POINT('',(1.595,0.945,4.18));
#1655 = CARTESIAN_POINT('',(1.475,1.065,4.301));
#1656 = DEFINITIONAL_REPRESENTATION('',(#1657),#1660);
#1657 = B_SPLINE_CURVE_WITH_KNOTS('',1,(#1658,#1659),.UNSPECIFIED.,.F.,
  .F.,(2,2),(0.,1.),.PIECEWISE_BEZIER_KNOTS.);
#1658 = CARTESIAN_POINT('',(0.86,0.99173553719));
#1659 = CARTESIAN_POINT('',(0.,0.99173553719));
#1660 = ( GEOMETRIC_REPRESENTATION_CONTEXT(2) 
PARAMETRIC_REPRESENTATION_CONTEXT() REPRESENTATION_CONTEXT('2D SPACE',''
  ) );
#1661 = ADVANCED_FACE('',(#1662),#390,.T.);
#1662 = FACE_BOUND('',#1663,.F.);
#1663 = EDGE_LOOP('',(#1664,#1665,#1666,#1687));
#1664 = ORIENTED_EDGE('',*,*,#374,.F.);
#1665 = ORIENTED_EDGE('',*,*,#478,.T.);
#1666 = ORIENTED_EDGE('',*,*,#1667,.T.);
#1667 = EDGE_CURVE('',#479,#803,#1668,.T.);
#1668 = SURFACE_CURVE('',#1669,(#1673,#1680),.PCURVE_S1.);
#1669 = LINE('',#1670,#1671);
#1670 = CARTESIAN_POINT('',(1.153333333333,0.113333333333,5.566666666667
    ));
#1671 = VECTOR('',#1672,1.);
#1672 = DIRECTION('',(-0.57735026919,-0.57735026919,0.57735026919));
#1673 = PCURVE('',#390,#1674);
#1674 = DEFINITIONAL_REPRESENTATION('',(#1675),#1679);
#1675 = LINE('',#1676,#1677);
#1676 = CARTESIAN_POINT('',(-3.693333333333,1.876189992748));
#1677 = VECTOR('',#1678,1.);
#1678 = DIRECTION('',(0.57735026919,0.816496580928));
#1679 = ( GEOMETRIC_REPRESENTATION_CONTEXT(2) 
PARAMETRIC_REPRESENTATION_CONTEXT() REPRESENTATION_CONTEXT('2D SPACE',''
  ) );
#1680 = PCURVE('',#631,#1681);
#1681 = DEFINITIONAL_REPRESENTATION('',(#1682),#1686);
#1682 = LINE('',#1683,#1684);
#1683 = CARTESIAN_POINT('',(1.613333333333,1.876189992748));
#1684 = VECTOR('',#1685,1.);
#1685 = DIRECTION('',(-0.57735026919,0.816496580928));
#1686 = ( GEOMETRIC_REPRESENTATION_CONTEXT(2) 
PARAMETRIC_REPRESENTATION_CONTEXT() REPRESENTATION_CONTEXT('2D SPACE',''
  ) );
#1687 = ORIENTED_EDGE('',*,*,#825,.F.);
#1688 = ADVANCED_FACE('',(#1689),#631,.T.);
#1689 = FACE_BOUND('',#1690,.T.);
#1690 = EDGE_LOOP('',(#1691,#1692,#1693,#1694));
#1691 = ORIENTED_EDGE('',*,*,#615,.F.);
#1692 = ORIENTED_EDGE('',*,*,#776,.T.);
#1693 = ORIENTED_EDGE('',*,*,#1667,.T.);
#1694 = ORIENTED_EDGE('',*,*,#802,.F.);
#1695 = ADVANCED_FACE('',(#1696),#864,.F.);
#1696 = FACE_BOUND('',#1697,.F.);
#1697 = EDGE_LOOP('',(#1698,#1720,#1747,#1767));
#1698 = ORIENTED_EDGE('',*,*,#1699,.F.);
#1699 = EDGE_CURVE('',#1700,#851,#1702,.T.);
#1700 = VERTEX_POINT('',#1701);
#1701 = CARTESIAN_POINT('',(-1.595,-0.945,4.18));
#1702 = SURFACE_CURVE('',#1703,(#1706,#1713),.PCURVE_S1.);
#1703 = B_SPLINE_CURVE_WITH_KNOTS('',1,(#1704,#1705),.UNSPECIFIED.,.F.,
  .F.,(2,2),(0.,1.),.PIECEWISE_BEZIER_KNOTS.);
#1704 = CARTESIAN_POINT('',(-1.595,-0.945,4.18));
#1705 = CARTESIAN_POINT('',(-1.475,-1.065,4.301));
#1706 = PCURVE('',#864,#1707);
#1707 = DEFINITIONAL_REPRESENTATION('',(#1708),#1712);
#1708 = LINE('',#1709,#1710);
#1709 = CARTESIAN_POINT('',(0.,0.));
#1710 = VECTOR('',#1711,1.);
#1711 = DIRECTION('',(0.,1.));
#1712 = ( GEOMETRIC_REPRESENTATION_CONTEXT(2) 
PARAMETRIC_REPRESENTATION_CONTEXT() REPRESENTATION_CONTEXT('2D SPACE',''
  ) );
#1713 = PCURVE('',#889,#1714);
#1714 = DEFINITIONAL_REPRESENTATION('',(#1715),#1719);
#1715 = LINE('',#1716,#1717);
#1716 = CARTESIAN_POINT('',(0.86,0.));
#1717 = VECTOR('',#1718,1.);
#1718 = DIRECTION('',(0.,1.));
#1719 = ( GEOMETRIC_REPRESENTATION_CONTEXT(2) 
PARAMETRIC_REPRESENTATION_CONTEXT() REPRESENTATION_CONTEXT('2D SPACE',''
  ) );
#1720 = ORIENTED_EDGE('',*,*,#1721,.T.);
#1721 = EDGE_CURVE('',#1700,#1722,#1724,.T.);
#1722 = VERTEX_POINT('',#1723);
#1723 = CARTESIAN_POINT('',(-1.595,-0.325,4.18));
#1724 = SURFACE_CURVE('',#1725,(#1729,#1735),.PCURVE_S1.);
#1725 = LINE('',#1726,#1727);
#1726 = CARTESIAN_POINT('',(-1.595,-0.945,4.18));
#1727 = VECTOR('',#1728,1.);
#1728 = DIRECTION('',(0.,1.,0.));
#1729 = PCURVE('',#864,#1730);
#1730 = DEFINITIONAL_REPRESENTATION('',(#1731),#1734);
#1731 = B_SPLINE_CURVE_WITH_KNOTS('',1,(#1732,#1733),.UNSPECIFIED.,.F.,
  .F.,(2,2),(0.,0.62),.PIECEWISE_BEZIER_KNOTS.);
#1732 = CARTESIAN_POINT('',(0.,0.));
#1733 = CARTESIAN_POINT('',(0.86,0.));
#1734 = ( GEOMETRIC_REPRESENTATION_CONTEXT(2) 
PARAMETRIC_REPRESENTATION_CONTEXT() REPRESENTATION_CONTEXT('2D SPACE',''
  ) );
#1735 = PCURVE('',#1736,#1741);
#1736 = PLANE('',#1737);
#1737 = AXIS2_PLACEMENT_3D('',#1738,#1739,#1740);
#1738 = CARTESIAN_POINT('',(-1.595,-0.945,2.5));
#1739 = DIRECTION('',(1.,0.,-0.));
#1740 = DIRECTION('',(0.,0.,1.));
#1741 = DEFINITIONAL_REPRESENTATION('',(#1742),#1746);
#1742 = LINE('',#1743,#1744);
#1743 = CARTESIAN_POINT('',(1.68,0.));
#1744 = VECTOR('',#1745,1.);
#1745 = DIRECTION('',(0.,-1.));
#1746 = ( GEOMETRIC_REPRESENTATION_CONTEXT(2) 
PARAMETRIC_REPRESENTATION_CONTEXT() REPRESENTATION_CONTEXT('2D SPACE',''
  ) );
#1747 = ORIENTED_EDGE('',*,*,#1748,.T.);
#1748 = EDGE_CURVE('',#1722,#849,#1749,.T.);
#1749 = SURFACE_CURVE('',#1750,(#1753,#1760),.PCURVE_S1.);
#1750 = B_SPLINE_CURVE_WITH_KNOTS('',1,(#1751,#1752),.UNSPECIFIED.,.F.,
  .F.,(2,2),(0.,1.),.PIECEWISE_BEZIER_KNOTS.);
#1751 = CARTESIAN_POINT('',(-1.595,-0.325,4.18));
#1752 = CARTESIAN_POINT('',(-1.475,-0.205,4.301));
#1753 = PCURVE('',#864,#1754);
#1754 = DEFINITIONAL_REPRESENTATION('',(#1755),#1759);
#1755 = LINE('',#1756,#1757);
#1756 = CARTESIAN_POINT('',(0.86,0.));
#1757 = VECTOR('',#1758,1.);
#1758 = DIRECTION('',(0.,1.));
#1759 = ( GEOMETRIC_REPRESENTATION_CONTEXT(2) 
PARAMETRIC_REPRESENTATION_CONTEXT() REPRESENTATION_CONTEXT('2D SPACE',''
  ) );
#1760 = PCURVE('',#937,#1761);
#1761 = DEFINITIONAL_REPRESENTATION('',(#1762),#1766);
#1762 = LINE('',#1763,#1764);
#1763 = CARTESIAN_POINT('',(0.,0.));
#1764 = VECTOR('',#1765,1.);
#1765 = DIRECTION('',(0.,1.));
#1766 = ( GEOMETRIC_REPRESENTATION_CONTEXT(2) 
PARAMETRIC_REPRESENTATION_CONTEXT() REPRESENTATION_CONTEXT('2D SPACE',''
  ) );
#1767 = ORIENTED_EDGE('',*,*,#848,.T.);
#1768 = ADVANCED_FACE('',(#1769),#937,.F.);
#1769 = FACE_BOUND('',#1770,.F.);
#1770 = EDGE_LOOP('',(#1771,#1772,#1799,#1819));
#1771 = ORIENTED_EDGE('',*,*,#1748,.F.);
#1772 = ORIENTED_EDGE('',*,*,#1773,.T.);
#1773 = EDGE_CURVE('',#1722,#1774,#1776,.T.);
#1774 = VERTEX_POINT('',#1775);
#1775 = CARTESIAN_POINT('',(-2.215,-0.325,4.18));
#1776 = SURFACE_CURVE('',#1777,(#1781,#1787),.PCURVE_S1.);
#1777 = LINE('',#1778,#1779);
#1778 = CARTESIAN_POINT('',(-1.595,-0.325,4.18));
#1779 = VECTOR('',#1780,1.);
#1780 = DIRECTION('',(-1.,0.,0.));
#1781 = PCURVE('',#937,#1782);
#1782 = DEFINITIONAL_REPRESENTATION('',(#1783),#1786);
#1783 = B_SPLINE_CURVE_WITH_KNOTS('',1,(#1784,#1785),.UNSPECIFIED.,.F.,
  .F.,(2,2),(0.,0.62),.PIECEWISE_BEZIER_KNOTS.);
#1784 = CARTESIAN_POINT('',(0.,0.));
#1785 = CARTESIAN_POINT('',(0.86,0.));
#1786 = ( GEOMETRIC_REPRESENTATION_CONTEXT(2) 
PARAMETRIC_REPRESENTATION_CONTEXT() REPRESENTATION_CONTEXT('2D SPACE',''
  ) );
#1787 = PCURVE('',#1788,#1793);
#1788 = PLANE('',#1789);
#1789 = AXIS2_PLACEMENT_3D('',#1790,#1791,#1792);
#1790 = CARTESIAN_POINT('',(-2.215,-0.325,2.5));
#1791 = DIRECTION('',(-0.,1.,0.));
#1792 = DIRECTION('',(0.,0.,1.));
#1793 = DEFINITIONAL_REPRESENTATION('',(#1794),#1798);
#1794 = LINE('',#1795,#1796);
#1795 = CARTESIAN_POINT('',(1.68,0.62));
#1796 = VECTOR('',#1797,1.);
#1797 = DIRECTION('',(0.,-1.));
#1798 = ( GEOMETRIC_REPRESENTATION_CONTEXT(2) 
PARAMETRIC_REPRESENTATION_CONTEXT() REPRESENTATION_CONTEXT('2D SPACE',''
  ) );
#1799 = ORIENTED_EDGE('',*,*,#1800,.T.);
#1800 = EDGE_CURVE('',#1774,#901,#1801,.T.);
#1801 = SURFACE_CURVE('',#1802,(#1805,#1812),.PCURVE_S1.);
#1802 = B_SPLINE_CURVE_WITH_KNOTS('',1,(#1803,#1804),.UNSPECIFIED.,.F.,
  .F.,(2,2),(0.,1.),.PIECEWISE_BEZIER_KNOTS.);
#1803 = CARTESIAN_POINT('',(-2.215,-0.325,4.18));
#1804 = CARTESIAN_POINT('',(-2.335,-0.205,4.301));
#1805 = PCURVE('',#937,#1806);
#1806 = DEFINITIONAL_REPRESENTATION('',(#1807),#1811);
#1807 = LINE('',#1808,#1809);
#1808 = CARTESIAN_POINT('',(0.86,0.));
#1809 = VECTOR('',#1810,1.);
#1810 = DIRECTION('',(0.,1.));
#1811 = ( GEOMETRIC_REPRESENTATION_CONTEXT(2) 
PARAMETRIC_REPRESENTATION_CONTEXT() REPRESENTATION_CONTEXT('2D SPACE',''
  ) );
#1812 = PCURVE('',#914,#1813);
#1813 = DEFINITIONAL_REPRESENTATION('',(#1814),#1818);
#1814 = LINE('',#1815,#1816);
#1815 = CARTESIAN_POINT('',(0.,0.));
#1816 = VECTOR('',#1817,1.);
#1817 = DIRECTION('',(0.,1.));
#1818 = ( GEOMETRIC_REPRESENTATION_CONTEXT(2) 
PARAMETRIC_REPRESENTATION_CONTEXT() REPRESENTATION_CONTEXT('2D SPACE',''
  ) );
#1819 = ORIENTED_EDGE('',*,*,#925,.T.);
#1820 = ADVANCED_FACE('',(#1821),#889,.F.);
#1821 = FACE_BOUND('',#1822,.F.);
#1822 = EDGE_LOOP('',(#1823,#1845,#1870,#1871));
#1823 = ORIENTED_EDGE('',*,*,#1824,.F.);
#1824 = EDGE_CURVE('',#1825,#876,#1827,.T.);
#1825 = VERTEX_POINT('',#1826);
#1826 = CARTESIAN_POINT('',(-2.215,-0.945,4.18));
#1827 = SURFACE_CURVE('',#1828,(#1831,#1838),.PCURVE_S1.);
#1828 = B_SPLINE_CURVE_WITH_KNOTS('',1,(#1829,#1830),.UNSPECIFIED.,.F.,
  .F.,(2,2),(0.,1.),.PIECEWISE_BEZIER_KNOTS.);
#1829 = CARTESIAN_POINT('',(-2.215,-0.945,4.18));
#1830 = CARTESIAN_POINT('',(-2.335,-1.065,4.301));
#1831 = PCURVE('',#889,#1832);
#1832 = DEFINITIONAL_REPRESENTATION('',(#1833),#1837);
#1833 = LINE('',#1834,#1835);
#1834 = CARTESIAN_POINT('',(0.,0.));
#1835 = VECTOR('',#1836,1.);
#1836 = DIRECTION('',(0.,1.));
#1837 = ( GEOMETRIC_REPRESENTATION_CONTEXT(2) 
PARAMETRIC_REPRESENTATION_CONTEXT() REPRESENTATION_CONTEXT('2D SPACE',''
  ) );
#1838 = PCURVE('',#914,#1839);
#1839 = DEFINITIONAL_REPRESENTATION('',(#1840),#1844);
#1840 = LINE('',#1841,#1842);
#1841 = CARTESIAN_POINT('',(0.86,0.));
#1842 = VECTOR('',#1843,1.);
#1843 = DIRECTION('',(0.,1.));
#1844 = ( GEOMETRIC_REPRESENTATION_CONTEXT(2) 
PARAMETRIC_REPRESENTATION_CONTEXT() REPRESENTATION_CONTEXT('2D SPACE',''
  ) );
#1845 = ORIENTED_EDGE('',*,*,#1846,.T.);
#1846 = EDGE_CURVE('',#1825,#1700,#1847,.T.);
#1847 = SURFACE_CURVE('',#1848,(#1852,#1858),.PCURVE_S1.);
#1848 = LINE('',#1849,#1850);
#1849 = CARTESIAN_POINT('',(-2.215,-0.945,4.18));
#1850 = VECTOR('',#1851,1.);
#1851 = DIRECTION('',(1.,0.,0.));
#1852 = PCURVE('',#889,#1853);
#1853 = DEFINITIONAL_REPRESENTATION('',(#1854),#1857);
#1854 = B_SPLINE_CURVE_WITH_KNOTS('',1,(#1855,#1856),.UNSPECIFIED.,.F.,
  .F.,(2,2),(0.,0.62),.PIECEWISE_BEZIER_KNOTS.);
#1855 = CARTESIAN_POINT('',(0.,0.));
#1856 = CARTESIAN_POINT('',(0.86,0.));
#1857 = ( GEOMETRIC_REPRESENTATION_CONTEXT(2) 
PARAMETRIC_REPRESENTATION_CONTEXT() REPRESENTATION_CONTEXT('2D SPACE',''
  ) );
#1858 = PCURVE('',#1859,#1864);
#1859 = PLANE('',#1860);
#1860 = AXIS2_PLACEMENT_3D('',#1861,#1862,#1863);
#1861 = CARTESIAN_POINT('',(-2.215,-0.945,2.5));
#1862 = DIRECTION('',(-0.,1.,0.));
#1863 = DIRECTION('',(0.,0.,1.));
#1864 = DEFINITIONAL_REPRESENTATION('',(#1865),#1869);
#1865 = LINE('',#1866,#1867);
#1866 = CARTESIAN_POINT('',(1.68,0.));
#1867 = VECTOR('',#1868,1.);
#1868 = DIRECTION('',(0.,1.));
#1869 = ( GEOMETRIC_REPRESENTATION_CONTEXT(2) 
PARAMETRIC_REPRESENTATION_CONTEXT() REPRESENTATION_CONTEXT('2D SPACE',''
  ) );
#1870 = ORIENTED_EDGE('',*,*,#1699,.T.);
#1871 = ORIENTED_EDGE('',*,*,#875,.T.);
#1872 = ADVANCED_FACE('',(#1873),#914,.F.);
#1873 = FACE_BOUND('',#1874,.F.);
#1874 = EDGE_LOOP('',(#1875,#1876,#1901,#1902));
#1875 = ORIENTED_EDGE('',*,*,#1800,.F.);
#1876 = ORIENTED_EDGE('',*,*,#1877,.T.);
#1877 = EDGE_CURVE('',#1774,#1825,#1878,.T.);
#1878 = SURFACE_CURVE('',#1879,(#1883,#1889),.PCURVE_S1.);
#1879 = LINE('',#1880,#1881);
#1880 = CARTESIAN_POINT('',(-2.215,-0.325,4.18));
#1881 = VECTOR('',#1882,1.);
#1882 = DIRECTION('',(0.,-1.,0.));
#1883 = PCURVE('',#914,#1884);
#1884 = DEFINITIONAL_REPRESENTATION('',(#1885),#1888);
#1885 = B_SPLINE_CURVE_WITH_KNOTS('',1,(#1886,#1887),.UNSPECIFIED.,.F.,
  .F.,(2,2),(0.,0.62),.PIECEWISE_BEZIER_KNOTS.);
#1886 = CARTESIAN_POINT('',(0.,0.));
#1887 = CARTESIAN_POINT('',(0.86,0.));
#1888 = ( GEOMETRIC_REPRESENTATION_CONTEXT(2) 
PARAMETRIC_REPRESENTATION_CONTEXT() REPRESENTATION_CONTEXT('2D SPACE',''
  ) );
#1889 = PCURVE('',#1890,#1895);
#1890 = PLANE('',#1891);
#1891 = AXIS2_PLACEMENT_3D('',#1892,#1893,#1894);
#1892 = CARTESIAN_POINT('',(-2.215,-0.945,2.5));
#1893 = DIRECTION('',(1.,0.,-0.));
#1894 = DIRECTION('',(0.,0.,1.));
#1895 = DEFINITIONAL_REPRESENTATION('',(#1896),#1900);
#1896 = LINE('',#1897,#1898);
#1897 = CARTESIAN_POINT('',(1.68,-0.62));
#1898 = VECTOR('',#1899,1.);
#1899 = DIRECTION('',(0.,1.));
#1900 = ( GEOMETRIC_REPRESENTATION_CONTEXT(2) 
PARAMETRIC_REPRESENTATION_CONTEXT() REPRESENTATION_CONTEXT('2D SPACE',''
  ) );
#1901 = ORIENTED_EDGE('',*,*,#1824,.T.);
#1902 = ORIENTED_EDGE('',*,*,#900,.T.);
#1903 = ADVANCED_FACE('',(#1904),#966,.F.);
#1904 = FACE_BOUND('',#1905,.F.);
#1905 = EDGE_LOOP('',(#1906,#1928,#1955,#1975));
#1906 = ORIENTED_EDGE('',*,*,#1907,.F.);
#1907 = EDGE_CURVE('',#1908,#953,#1910,.T.);
#1908 = VERTEX_POINT('',#1909);
#1909 = CARTESIAN_POINT('',(-0.325,-0.945,4.18));
#1910 = SURFACE_CURVE('',#1911,(#1914,#1921),.PCURVE_S1.);
#1911 = B_SPLINE_CURVE_WITH_KNOTS('',1,(#1912,#1913),.UNSPECIFIED.,.F.,
  .F.,(2,2),(0.,1.),.PIECEWISE_BEZIER_KNOTS.);
#1912 = CARTESIAN_POINT('',(-0.325,-0.945,4.18));
#1913 = CARTESIAN_POINT('',(-0.205,-1.065,4.301));
#1914 = PCURVE('',#966,#1915);
#1915 = DEFINITIONAL_REPRESENTATION('',(#1916),#1920);
#1916 = LINE('',#1917,#1918);
#1917 = CARTESIAN_POINT('',(0.,0.));
#1918 = VECTOR('',#1919,1.);
#1919 = DIRECTION('',(0.,1.));
#1920 = ( GEOMETRIC_REPRESENTATION_CONTEXT(2) 
PARAMETRIC_REPRESENTATION_CONTEXT() REPRESENTATION_CONTEXT('2D SPACE',''
  ) );
#1921 = PCURVE('',#991,#1922);
#1922 = DEFINITIONAL_REPRESENTATION('',(#1923),#1927);
#1923 = LINE('',#1924,#1925);
#1924 = CARTESIAN_POINT('',(0.86,0.));
#1925 = VECTOR('',#1926,1.);
#1926 = DIRECTION('',(0.,1.));
#1927 = ( GEOMETRIC_REPRESENTATION_CONTEXT(2) 
PARAMETRIC_REPRESENTATION_CONTEXT() REPRESENTATION_CONTEXT('2D SPACE',''
  ) );
#1928 = ORIENTED_EDGE('',*,*,#1929,.T.);
#1929 = EDGE_CURVE('',#1908,#1930,#1932,.T.);
#1930 = VERTEX_POINT('',#1931);
#1931 = CARTESIAN_POINT('',(-0.325,-0.325,4.18));
#1932 = SURFACE_CURVE('',#1933,(#1937,#1943),.PCURVE_S1.);
#1933 = LINE('',#1934,#1935);
#1934 = CARTESIAN_POINT('',(-0.325,-0.945,4.18));
#1935 = VECTOR('',#1936,1.);
#1936 = DIRECTION('',(0.,1.,0.));
#1937 = PCURVE('',#966,#1938);
#1938 = DEFINITIONAL_REPRESENTATION('',(#1939),#1942);
#1939 = B_SPLINE_CURVE_WITH_KNOTS('',1,(#1940,#1941),.UNSPECIFIED.,.F.,
  .F.,(2,2),(0.,0.62),.PIECEWISE_BEZIER_KNOTS.);
#1940 = CARTESIAN_POINT('',(0.,0.));
#1941 = CARTESIAN_POINT('',(0.86,0.));
#1942 = ( GEOMETRIC_REPRESENTATION_CONTEXT(2) 
PARAMETRIC_REPRESENTATION_CONTEXT() REPRESENTATION_CONTEXT('2D SPACE',''
  ) );
#1943 = PCURVE('',#1944,#1949);
#1944 = PLANE('',#1945);
#1945 = AXIS2_PLACEMENT_3D('',#1946,#1947,#1948);
#1946 = CARTESIAN_POINT('',(-0.325,-0.945,2.5));
#1947 = DIRECTION('',(1.,0.,-0.));
#1948 = DIRECTION('',(0.,0.,1.));
#1949 = DEFINITIONAL_REPRESENTATION('',(#1950),#1954);
#1950 = LINE('',#1951,#1952);
#1951 = CARTESIAN_POINT('',(1.68,0.));
#1952 = VECTOR('',#1953,1.);
#1953 = DIRECTION('',(0.,-1.));
#1954 = ( GEOMETRIC_REPRESENTATION_CONTEXT(2) 
PARAMETRIC_REPRESENTATION_CONTEXT() REPRESENTATION_CONTEXT('2D SPACE',''
  ) );
#1955 = ORIENTED_EDGE('',*,*,#1956,.T.);
#1956 = EDGE_CURVE('',#1930,#951,#1957,.T.);
#1957 = SURFACE_CURVE('',#1958,(#1961,#1968),.PCURVE_S1.);
#1958 = B_SPLINE_CURVE_WITH_KNOTS('',1,(#1959,#1960),.UNSPECIFIED.,.F.,
  .F.,(2,2),(0.,1.),.PIECEWISE_BEZIER_KNOTS.);
#1959 = CARTESIAN_POINT('',(-0.325,-0.325,4.18));
#1960 = CARTESIAN_POINT('',(-0.205,-0.205,4.301));
#1961 = PCURVE('',#966,#1962);
#1962 = DEFINITIONAL_REPRESENTATION('',(#1963),#1967);
#1963 = LINE('',#1964,#1965);
#1964 = CARTESIAN_POINT('',(0.86,0.));
#1965 = VECTOR('',#1966,1.);
#1966 = DIRECTION('',(0.,1.));
#1967 = ( GEOMETRIC_REPRESENTATION_CONTEXT(2) 
PARAMETRIC_REPRESENTATION_CONTEXT() REPRESENTATION_CONTEXT('2D SPACE',''
  ) );
#1968 = PCURVE('',#1039,#1969);
#1969 = DEFINITIONAL_REPRESENTATION('',(#1970),#1974);
#1970 = LINE('',#1971,#1972);
#1971 = CARTESIAN_POINT('',(0.,0.));
#1972 = VECTOR('',#1973,1.);
#1973 = DIRECTION('',(0.,1.));
#1974 = ( GEOMETRIC_REPRESENTATION_CONTEXT(2) 
PARAMETRIC_REPRESENTATION_CONTEXT() REPRESENTATION_CONTEXT('2D SPACE',''
  ) );
#1975 = ORIENTED_EDGE('',*,*,#950,.T.);
#1976 = ADVANCED_FACE('',(#1977),#1039,.F.);
#1977 = FACE_BOUND('',#1978,.F.);
#1978 = EDGE_LOOP('',(#1979,#1980,#2007,#2027));
#1979 = ORIENTED_EDGE('',*,*,#1956,.F.);
#1980 = ORIENTED_EDGE('',*,*,#1981,.T.);
#1981 = EDGE_CURVE('',#1930,#1982,#1984,.T.);
#1982 = VERTEX_POINT('',#1983);
#1983 = CARTESIAN_POINT('',(-0.945,-0.325,4.18));
#1984 = SURFACE_CURVE('',#1985,(#1989,#1995),.PCURVE_S1.);
#1985 = LINE('',#1986,#1987);
#1986 = CARTESIAN_POINT('',(-0.325,-0.325,4.18));
#1987 = VECTOR('',#1988,1.);
#1988 = DIRECTION('',(-1.,0.,0.));
#1989 = PCURVE('',#1039,#1990);
#1990 = DEFINITIONAL_REPRESENTATION('',(#1991),#1994);
#1991 = B_SPLINE_CURVE_WITH_KNOTS('',1,(#1992,#1993),.UNSPECIFIED.,.F.,
  .F.,(2,2),(0.,0.62),.PIECEWISE_BEZIER_KNOTS.);
#1992 = CARTESIAN_POINT('',(0.,0.));
#1993 = CARTESIAN_POINT('',(0.86,0.));
#1994 = ( GEOMETRIC_REPRESENTATION_CONTEXT(2) 
PARAMETRIC_REPRESENTATION_CONTEXT() REPRESENTATION_CONTEXT('2D SPACE',''
  ) );
#1995 = PCURVE('',#1996,#2001);
#1996 = PLANE('',#1997);
#1997 = AXIS2_PLACEMENT_3D('',#1998,#1999,#2000);
#1998 = CARTESIAN_POINT('',(-0.945,-0.325,2.5));
#1999 = DIRECTION('',(-0.,1.,0.));
#2000 = DIRECTION('',(0.,0.,1.));
#2001 = DEFINITIONAL_REPRESENTATION('',(#2002),#2006);
#2002 = LINE('',#2003,#2004);
#2003 = CARTESIAN_POINT('',(1.68,0.62));
#2004 = VECTOR('',#2005,1.);
#2005 = DIRECTION('',(0.,-1.));
#2006 = ( GEOMETRIC_REPRESENTATION_CONTEXT(2) 
PARAMETRIC_REPRESENTATION_CONTEXT() REPRESENTATION_CONTEXT('2D SPACE',''
  ) );
#2007 = ORIENTED_EDGE('',*,*,#2008,.T.);
#2008 = EDGE_CURVE('',#1982,#1003,#2009,.T.);
#2009 = SURFACE_CURVE('',#2010,(#2013,#2020),.PCURVE_S1.);
#2010 = B_SPLINE_CURVE_WITH_KNOTS('',1,(#2011,#2012),.UNSPECIFIED.,.F.,
  .F.,(2,2),(0.,1.),.PIECEWISE_BEZIER_KNOTS.);
#2011 = CARTESIAN_POINT('',(-0.945,-0.325,4.18));
#2012 = CARTESIAN_POINT('',(-1.065,-0.205,4.301));
#2013 = PCURVE('',#1039,#2014);
#2014 = DEFINITIONAL_REPRESENTATION('',(#2015),#2019);
#2015 = LINE('',#2016,#2017);
#2016 = CARTESIAN_POINT('',(0.86,0.));
#2017 = VECTOR('',#2018,1.);
#2018 = DIRECTION('',(0.,1.));
#2019 = ( GEOMETRIC_REPRESENTATION_CONTEXT(2) 
PARAMETRIC_REPRESENTATION_CONTEXT() REPRESENTATION_CONTEXT('2D SPACE',''
  ) );
#2020 = PCURVE('',#1016,#2021);
#2021 = DEFINITIONAL_REPRESENTATION('',(#2022),#2026);
#2022 = LINE('',#2023,#2024);
#2023 = CARTESIAN_POINT('',(0.,0.));
#2024 = VECTOR('',#2025,1.);
#2025 = DIRECTION('',(0.,1.));
#2026 = ( GEOMETRIC_REPRESENTATION_CONTEXT(2) 
PARAMETRIC_REPRESENTATION_CONTEXT() REPRESENTATION_CONTEXT('2D SPACE',''
  ) );
#2027 = ORIENTED_EDGE('',*,*,#1027,.T.);
#2028 = ADVANCED_FACE('',(#2029),#991,.F.);
#2029 = FACE_BOUND('',#2030,.F.);
#2030 = EDGE_LOOP('',(#2031,#2053,#2078,#2079));
#2031 = ORIENTED_EDGE('',*,*,#2032,.F.);
#2032 = EDGE_CURVE('',#2033,#978,#2035,.T.);
#2033 = VERTEX_POINT('',#2034);
#2034 = CARTESIAN_POINT('',(-0.945,-0.945,4.18));
#2035 = SURFACE_CURVE('',#2036,(#2039,#2046),.PCURVE_S1.);
#2036 = B_SPLINE_CURVE_WITH_KNOTS('',1,(#2037,#2038),.UNSPECIFIED.,.F.,
  .F.,(2,2),(0.,1.),.PIECEWISE_BEZIER_KNOTS.);
#2037 = CARTESIAN_POINT('',(-0.945,-0.945,4.18));
#2038 = CARTESIAN_POINT('',(-1.065,-1.065,4.301));
#2039 = PCURVE('',#991,#2040);
#2040 = DEFINITIONAL_REPRESENTATION('',(#2041),#2045);
#2041 = LINE('',#2042,#2043);
#2042 = CARTESIAN_POINT('',(0.,0.));
#2043 = VECTOR('',#2044,1.);
#2044 = DIRECTION('',(0.,1.));
#2045 = ( GEOMETRIC_REPRESENTATION_CONTEXT(2) 
PARAMETRIC_REPRESENTATION_CONTEXT() REPRESENTATION_CONTEXT('2D SPACE',''
  ) );
#2046 = PCURVE('',#1016,#2047);
#2047 = DEFINITIONAL_REPRESENTATION('',(#2048),#2052);
#2048 = LINE('',#2049,#2050);
#2049 = CARTESIAN_POINT('',(0.86,0.));
#2050 = VECTOR('',#2051,1.);
#2051 = DIRECTION('',(0.,1.));
#2052 = ( GEOMETRIC_REPRESENTATION_CONTEXT(2) 
PARAMETRIC_REPRESENTATION_CONTEXT() REPRESENTATION_CONTEXT('2D SPACE',''
  ) );
#2053 = ORIENTED_EDGE('',*,*,#2054,.T.);
#2054 = EDGE_CURVE('',#2033,#1908,#2055,.T.);
#2055 = SURFACE_CURVE('',#2056,(#2060,#2066),.PCURVE_S1.);
#2056 = LINE('',#2057,#2058);
#2057 = CARTESIAN_POINT('',(-0.945,-0.945,4.18));
#2058 = VECTOR('',#2059,1.);
#2059 = DIRECTION('',(1.,0.,0.));
#2060 = PCURVE('',#991,#2061);
#2061 = DEFINITIONAL_REPRESENTATION('',(#2062),#2065);
#2062 = B_SPLINE_CURVE_WITH_KNOTS('',1,(#2063,#2064),.UNSPECIFIED.,.F.,
  .F.,(2,2),(0.,0.62),.PIECEWISE_BEZIER_KNOTS.);
#2063 = CARTESIAN_POINT('',(0.,0.));
#2064 = CARTESIAN_POINT('',(0.86,0.));
#2065 = ( GEOMETRIC_REPRESENTATION_CONTEXT(2) 
PARAMETRIC_REPRESENTATION_CONTEXT() REPRESENTATION_CONTEXT('2D SPACE',''
  ) );
#2066 = PCURVE('',#2067,#2072);
#2067 = PLANE('',#2068);
#2068 = AXIS2_PLACEMENT_3D('',#2069,#2070,#2071);
#2069 = CARTESIAN_POINT('',(-0.945,-0.945,2.5));
#2070 = DIRECTION('',(-0.,1.,0.));
#2071 = DIRECTION('',(0.,0.,1.));
#2072 = DEFINITIONAL_REPRESENTATION('',(#2073),#2077);
#2073 = LINE('',#2074,#2075);
#2074 = CARTESIAN_POINT('',(1.68,0.));
#2075 = VECTOR('',#2076,1.);
#2076 = DIRECTION('',(0.,1.));
#2077 = ( GEOMETRIC_REPRESENTATION_CONTEXT(2) 
PARAMETRIC_REPRESENTATION_CONTEXT() REPRESENTATION_CONTEXT('2D SPACE',''
  ) );
#2078 = ORIENTED_EDGE('',*,*,#1907,.T.);
#2079 = ORIENTED_EDGE('',*,*,#977,.T.);
#2080 = ADVANCED_FACE('',(#2081),#1016,.F.);
#2081 = FACE_BOUND('',#2082,.F.);
#2082 = EDGE_LOOP('',(#2083,#2084,#2109,#2110));
#2083 = ORIENTED_EDGE('',*,*,#2008,.F.);
#2084 = ORIENTED_EDGE('',*,*,#2085,.T.);
#2085 = EDGE_CURVE('',#1982,#2033,#2086,.T.);
#2086 = SURFACE_CURVE('',#2087,(#2091,#2097),.PCURVE_S1.);
#2087 = LINE('',#2088,#2089);
#2088 = CARTESIAN_POINT('',(-0.945,-0.325,4.18));
#2089 = VECTOR('',#2090,1.);
#2090 = DIRECTION('',(0.,-1.,0.));
#2091 = PCURVE('',#1016,#2092);
#2092 = DEFINITIONAL_REPRESENTATION('',(#2093),#2096);
#2093 = B_SPLINE_CURVE_WITH_KNOTS('',1,(#2094,#2095),.UNSPECIFIED.,.F.,
  .F.,(2,2),(0.,0.62),.PIECEWISE_BEZIER_KNOTS.);
#2094 = CARTESIAN_POINT('',(0.,0.));
#2095 = CARTESIAN_POINT('',(0.86,0.));
#2096 = ( GEOMETRIC_REPRESENTATION_CONTEXT(2) 
PARAMETRIC_REPRESENTATION_CONTEXT() REPRESENTATION_CONTEXT('2D SPACE',''
  ) );
#2097 = PCURVE('',#2098,#2103);
#2098 = PLANE('',#2099);
#2099 = AXIS2_PLACEMENT_3D('',#2100,#2101,#2102);
#2100 = CARTESIAN_POINT('',(-0.945,-0.945,2.5));
#2101 = DIRECTION('',(1.,0.,-0.));
#2102 = DIRECTION('',(0.,0.,1.));
#2103 = DEFINITIONAL_REPRESENTATION('',(#2104),#2108);
#2104 = LINE('',#2105,#2106);
#2105 = CARTESIAN_POINT('',(1.68,-0.62));
#2106 = VECTOR('',#2107,1.);
#2107 = DIRECTION('',(0.,1.));
#2108 = ( GEOMETRIC_REPRESENTATION_CONTEXT(2) 
PARAMETRIC_REPRESENTATION_CONTEXT() REPRESENTATION_CONTEXT('2D SPACE',''
  ) );
#2109 = ORIENTED_EDGE('',*,*,#2032,.T.);
#2110 = ORIENTED_EDGE('',*,*,#1002,.T.);
#2111 = ADVANCED_FACE('',(#2112),#1068,.F.);
#2112 = FACE_BOUND('',#2113,.F.);
#2113 = EDGE_LOOP('',(#2114,#2136,#2163,#2183));
#2114 = ORIENTED_EDGE('',*,*,#2115,.F.);
#2115 = EDGE_CURVE('',#2116,#1055,#2118,.T.);
#2116 = VERTEX_POINT('',#2117);
#2117 = CARTESIAN_POINT('',(0.945,-0.945,4.18));
#2118 = SURFACE_CURVE('',#2119,(#2122,#2129),.PCURVE_S1.);
#2119 = B_SPLINE_CURVE_WITH_KNOTS('',1,(#2120,#2121),.UNSPECIFIED.,.F.,
  .F.,(2,2),(0.,1.),.PIECEWISE_BEZIER_KNOTS.);
#2120 = CARTESIAN_POINT('',(0.945,-0.945,4.18));
#2121 = CARTESIAN_POINT('',(1.065,-1.065,4.301));
#2122 = PCURVE('',#1068,#2123);
#2123 = DEFINITIONAL_REPRESENTATION('',(#2124),#2128);
#2124 = LINE('',#2125,#2126);
#2125 = CARTESIAN_POINT('',(0.,0.));
#2126 = VECTOR('',#2127,1.);
#2127 = DIRECTION('',(0.,1.));
#2128 = ( GEOMETRIC_REPRESENTATION_CONTEXT(2) 
PARAMETRIC_REPRESENTATION_CONTEXT() REPRESENTATION_CONTEXT('2D SPACE',''
  ) );
#2129 = PCURVE('',#1093,#2130);
#2130 = DEFINITIONAL_REPRESENTATION('',(#2131),#2135);
#2131 = LINE('',#2132,#2133);
#2132 = CARTESIAN_POINT('',(0.86,0.));
#2133 = VECTOR('',#2134,1.);
#2134 = DIRECTION('',(0.,1.));
#2135 = ( GEOMETRIC_REPRESENTATION_CONTEXT(2) 
PARAMETRIC_REPRESENTATION_CONTEXT() REPRESENTATION_CONTEXT('2D SPACE',''
  ) );
#2136 = ORIENTED_EDGE('',*,*,#2137,.T.);
#2137 = EDGE_CURVE('',#2116,#2138,#2140,.T.);
#2138 = VERTEX_POINT('',#2139);
#2139 = CARTESIAN_POINT('',(0.945,-0.325,4.18));
#2140 = SURFACE_CURVE('',#2141,(#2145,#2151),.PCURVE_S1.);
#2141 = LINE('',#2142,#2143);
#2142 = CARTESIAN_POINT('',(0.945,-0.945,4.18));
#2143 = VECTOR('',#2144,1.);
#2144 = DIRECTION('',(0.,1.,0.));
#2145 = PCURVE('',#1068,#2146);
#2146 = DEFINITIONAL_REPRESENTATION('',(#2147),#2150);
#2147 = B_SPLINE_CURVE_WITH_KNOTS('',1,(#2148,#2149),.UNSPECIFIED.,.F.,
  .F.,(2,2),(0.,0.62),.PIECEWISE_BEZIER_KNOTS.);
#2148 = CARTESIAN_POINT('',(0.,0.));
#2149 = CARTESIAN_POINT('',(0.86,0.));
#2150 = ( GEOMETRIC_REPRESENTATION_CONTEXT(2) 
PARAMETRIC_REPRESENTATION_CONTEXT() REPRESENTATION_CONTEXT('2D SPACE',''
  ) );
#2151 = PCURVE('',#2152,#2157);
#2152 = PLANE('',#2153);
#2153 = AXIS2_PLACEMENT_3D('',#2154,#2155,#2156);
#2154 = CARTESIAN_POINT('',(0.945,-0.945,2.5));
#2155 = DIRECTION('',(1.,0.,-0.));
#2156 = DIRECTION('',(0.,0.,1.));
#2157 = DEFINITIONAL_REPRESENTATION('',(#2158),#2162);
#2158 = LINE('',#2159,#2160);
#2159 = CARTESIAN_POINT('',(1.68,0.));
#2160 = VECTOR('',#2161,1.);
#2161 = DIRECTION('',(0.,-1.));
#2162 = ( GEOMETRIC_REPRESENTATION_CONTEXT(2) 
PARAMETRIC_REPRESENTATION_CONTEXT() REPRESENTATION_CONTEXT('2D SPACE',''
  ) );
#2163 = ORIENTED_EDGE('',*,*,#2164,.T.);
#2164 = EDGE_CURVE('',#2138,#1053,#2165,.T.);
#2165 = SURFACE_CURVE('',#2166,(#2169,#2176),.PCURVE_S1.);
#2166 = B_SPLINE_CURVE_WITH_KNOTS('',1,(#2167,#2168),.UNSPECIFIED.,.F.,
  .F.,(2,2),(0.,1.),.PIECEWISE_BEZIER_KNOTS.);
#2167 = CARTESIAN_POINT('',(0.945,-0.325,4.18));
#2168 = CARTESIAN_POINT('',(1.065,-0.205,4.301));
#2169 = PCURVE('',#1068,#2170);
#2170 = DEFINITIONAL_REPRESENTATION('',(#2171),#2175);
#2171 = LINE('',#2172,#2173);
#2172 = CARTESIAN_POINT('',(0.86,0.));
#2173 = VECTOR('',#2174,1.);
#2174 = DIRECTION('',(0.,1.));
#2175 = ( GEOMETRIC_REPRESENTATION_CONTEXT(2) 
PARAMETRIC_REPRESENTATION_CONTEXT() REPRESENTATION_CONTEXT('2D SPACE',''
  ) );
#2176 = PCURVE('',#1141,#2177);
#2177 = DEFINITIONAL_REPRESENTATION('',(#2178),#2182);
#2178 = LINE('',#2179,#2180);
#2179 = CARTESIAN_POINT('',(0.,0.));
#2180 = VECTOR('',#2181,1.);
#2181 = DIRECTION('',(0.,1.));
#2182 = ( GEOMETRIC_REPRESENTATION_CONTEXT(2) 
PARAMETRIC_REPRESENTATION_CONTEXT() REPRESENTATION_CONTEXT('2D SPACE',''
  ) );
#2183 = ORIENTED_EDGE('',*,*,#1052,.T.);
#2184 = ADVANCED_FACE('',(#2185),#1141,.F.);
#2185 = FACE_BOUND('',#2186,.F.);
#2186 = EDGE_LOOP('',(#2187,#2188,#2215,#2235));
#2187 = ORIENTED_EDGE('',*,*,#2164,.F.);
#2188 = ORIENTED_EDGE('',*,*,#2189,.T.);
#2189 = EDGE_CURVE('',#2138,#2190,#2192,.T.);
#2190 = VERTEX_POINT('',#2191);
#2191 = CARTESIAN_POINT('',(0.325,-0.325,4.18));
#2192 = SURFACE_CURVE('',#2193,(#2197,#2203),.PCURVE_S1.);
#2193 = LINE('',#2194,#2195);
#2194 = CARTESIAN_POINT('',(0.945,-0.325,4.18));
#2195 = VECTOR('',#2196,1.);
#2196 = DIRECTION('',(-1.,0.,0.));
#2197 = PCURVE('',#1141,#2198);
#2198 = DEFINITIONAL_REPRESENTATION('',(#2199),#2202);
#2199 = B_SPLINE_CURVE_WITH_KNOTS('',1,(#2200,#2201),.UNSPECIFIED.,.F.,
  .F.,(2,2),(0.,0.62),.PIECEWISE_BEZIER_KNOTS.);
#2200 = CARTESIAN_POINT('',(0.,0.));
#2201 = CARTESIAN_POINT('',(0.86,0.));
#2202 = ( GEOMETRIC_REPRESENTATION_CONTEXT(2) 
PARAMETRIC_REPRESENTATION_CONTEXT() REPRESENTATION_CONTEXT('2D SPACE',''
  ) );
#2203 = PCURVE('',#2204,#2209);
#2204 = PLANE('',#2205);
#2205 = AXIS2_PLACEMENT_3D('',#2206,#2207,#2208);
#2206 = CARTESIAN_POINT('',(0.325,-0.325,2.5));
#2207 = DIRECTION('',(-0.,1.,0.));
#2208 = DIRECTION('',(0.,0.,1.));
#2209 = DEFINITIONAL_REPRESENTATION('',(#2210),#2214);
#2210 = LINE('',#2211,#2212);
#2211 = CARTESIAN_POINT('',(1.68,0.62));
#2212 = VECTOR('',#2213,1.);
#2213 = DIRECTION('',(0.,-1.));
#2214 = ( GEOMETRIC_REPRESENTATION_CONTEXT(2) 
PARAMETRIC_REPRESENTATION_CONTEXT() REPRESENTATION_CONTEXT('2D SPACE',''
  ) );
#2215 = ORIENTED_EDGE('',*,*,#2216,.T.);
#2216 = EDGE_CURVE('',#2190,#1105,#2217,.T.);
#2217 = SURFACE_CURVE('',#2218,(#2221,#2228),.PCURVE_S1.);
#2218 = B_SPLINE_CURVE_WITH_KNOTS('',1,(#2219,#2220),.UNSPECIFIED.,.F.,
  .F.,(2,2),(0.,1.),.PIECEWISE_BEZIER_KNOTS.);
#2219 = CARTESIAN_POINT('',(0.325,-0.325,4.18));
#2220 = CARTESIAN_POINT('',(0.205,-0.205,4.301));
#2221 = PCURVE('',#1141,#2222);
#2222 = DEFINITIONAL_REPRESENTATION('',(#2223),#2227);
#2223 = LINE('',#2224,#2225);
#2224 = CARTESIAN_POINT('',(0.86,0.));
#2225 = VECTOR('',#2226,1.);
#2226 = DIRECTION('',(0.,1.));
#2227 = ( GEOMETRIC_REPRESENTATION_CONTEXT(2) 
PARAMETRIC_REPRESENTATION_CONTEXT() REPRESENTATION_CONTEXT('2D SPACE',''
  ) );
#2228 = PCURVE('',#1118,#2229);
#2229 = DEFINITIONAL_REPRESENTATION('',(#2230),#2234);
#2230 = LINE('',#2231,#2232);
#2231 = CARTESIAN_POINT('',(0.,0.));
#2232 = VECTOR('',#2233,1.);
#2233 = DIRECTION('',(0.,1.));
#2234 = ( GEOMETRIC_REPRESENTATION_CONTEXT(2) 
PARAMETRIC_REPRESENTATION_CONTEXT() REPRESENTATION_CONTEXT('2D SPACE',''
  ) );
#2235 = ORIENTED_EDGE('',*,*,#1129,.T.);
#2236 = ADVANCED_FACE('',(#2237),#1093,.F.);
#2237 = FACE_BOUND('',#2238,.F.);
#2238 = EDGE_LOOP('',(#2239,#2261,#2286,#2287));
#2239 = ORIENTED_EDGE('',*,*,#2240,.F.);
#2240 = EDGE_CURVE('',#2241,#1080,#2243,.T.);
#2241 = VERTEX_POINT('',#2242);
#2242 = CARTESIAN_POINT('',(0.325,-0.945,4.18));
#2243 = SURFACE_CURVE('',#2244,(#2247,#2254),.PCURVE_S1.);
#2244 = B_SPLINE_CURVE_WITH_KNOTS('',1,(#2245,#2246),.UNSPECIFIED.,.F.,
  .F.,(2,2),(0.,1.),.PIECEWISE_BEZIER_KNOTS.);
#2245 = CARTESIAN_POINT('',(0.325,-0.945,4.18));
#2246 = CARTESIAN_POINT('',(0.205,-1.065,4.301));
#2247 = PCURVE('',#1093,#2248);
#2248 = DEFINITIONAL_REPRESENTATION('',(#2249),#2253);
#2249 = LINE('',#2250,#2251);
#2250 = CARTESIAN_POINT('',(0.,0.));
#2251 = VECTOR('',#2252,1.);
#2252 = DIRECTION('',(0.,1.));
#2253 = ( GEOMETRIC_REPRESENTATION_CONTEXT(2) 
PARAMETRIC_REPRESENTATION_CONTEXT() REPRESENTATION_CONTEXT('2D SPACE',''
  ) );
#2254 = PCURVE('',#1118,#2255);
#2255 = DEFINITIONAL_REPRESENTATION('',(#2256),#2260);
#2256 = LINE('',#2257,#2258);
#2257 = CARTESIAN_POINT('',(0.86,0.));
#2258 = VECTOR('',#2259,1.);
#2259 = DIRECTION('',(0.,1.));
#2260 = ( GEOMETRIC_REPRESENTATION_CONTEXT(2) 
PARAMETRIC_REPRESENTATION_CONTEXT() REPRESENTATION_CONTEXT('2D SPACE',''
  ) );
#2261 = ORIENTED_EDGE('',*,*,#2262,.T.);
#2262 = EDGE_CURVE('',#2241,#2116,#2263,.T.);
#2263 = SURFACE_CURVE('',#2264,(#2268,#2274),.PCURVE_S1.);
#2264 = LINE('',#2265,#2266);
#2265 = CARTESIAN_POINT('',(0.325,-0.945,4.18));
#2266 = VECTOR('',#2267,1.);
#2267 = DIRECTION('',(1.,0.,0.));
#2268 = PCURVE('',#1093,#2269);
#2269 = DEFINITIONAL_REPRESENTATION('',(#2270),#2273);
#2270 = B_SPLINE_CURVE_WITH_KNOTS('',1,(#2271,#2272),.UNSPECIFIED.,.F.,
  .F.,(2,2),(0.,0.62),.PIECEWISE_BEZIER_KNOTS.);
#2271 = CARTESIAN_POINT('',(0.,0.));
#2272 = CARTESIAN_POINT('',(0.86,0.));
#2273 = ( GEOMETRIC_REPRESENTATION_CONTEXT(2) 
PARAMETRIC_REPRESENTATION_CONTEXT() REPRESENTATION_CONTEXT('2D SPACE',''
  ) );
#2274 = PCURVE('',#2275,#2280);
#2275 = PLANE('',#2276);
#2276 = AXIS2_PLACEMENT_3D('',#2277,#2278,#2279);
#2277 = CARTESIAN_POINT('',(0.325,-0.945,2.5));
#2278 = DIRECTION('',(-0.,1.,0.));
#2279 = DIRECTION('',(0.,0.,1.));
#2280 = DEFINITIONAL_REPRESENTATION('',(#2281),#2285);
#2281 = LINE('',#2282,#2283);
#2282 = CARTESIAN_POINT('',(1.68,0.));
#2283 = VECTOR('',#2284,1.);
#2284 = DIRECTION('',(0.,1.));
#2285 = ( GEOMETRIC_REPRESENTATION_CONTEXT(2) 
PARAMETRIC_REPRESENTATION_CONTEXT() REPRESENTATION_CONTEXT('2D SPACE',''
  ) );
#2286 = ORIENTED_EDGE('',*,*,#2115,.T.);
#2287 = ORIENTED_EDGE('',*,*,#1079,.T.);
#2288 = ADVANCED_FACE('',(#2289),#1118,.F.);
#2289 = FACE_BOUND('',#2290,.F.);
#2290 = EDGE_LOOP('',(#2291,#2292,#2317,#2318));
#2291 = ORIENTED_EDGE('',*,*,#2216,.F.);
#2292 = ORIENTED_EDGE('',*,*,#2293,.T.);
#2293 = EDGE_CURVE('',#2190,#2241,#2294,.T.);
#2294 = SURFACE_CURVE('',#2295,(#2299,#2305),.PCURVE_S1.);
#2295 = LINE('',#2296,#2297);
#2296 = CARTESIAN_POINT('',(0.325,-0.325,4.18));
#2297 = VECTOR('',#2298,1.);
#2298 = DIRECTION('',(0.,-1.,0.));
#2299 = PCURVE('',#1118,#2300);
#2300 = DEFINITIONAL_REPRESENTATION('',(#2301),#2304);
#2301 = B_SPLINE_CURVE_WITH_KNOTS('',1,(#2302,#2303),.UNSPECIFIED.,.F.,
  .F.,(2,2),(0.,0.62),.PIECEWISE_BEZIER_KNOTS.);
#2302 = CARTESIAN_POINT('',(0.,0.));
#2303 = CARTESIAN_POINT('',(0.86,0.));
#2304 = ( GEOMETRIC_REPRESENTATION_CONTEXT(2) 
PARAMETRIC_REPRESENTATION_CONTEXT() REPRESENTATION_CONTEXT('2D SPACE',''
  ) );
#2305 = PCURVE('',#2306,#2311);
#2306 = PLANE('',#2307);
#2307 = AXIS2_PLACEMENT_3D('',#2308,#2309,#2310);
#2308 = CARTESIAN_POINT('',(0.325,-0.945,2.5));
#2309 = DIRECTION('',(1.,0.,-0.));
#2310 = DIRECTION('',(0.,0.,1.));
#2311 = DEFINITIONAL_REPRESENTATION('',(#2312),#2316);
#2312 = LINE('',#2313,#2314);
#2313 = CARTESIAN_POINT('',(1.68,-0.62));
#2314 = VECTOR('',#2315,1.);
#2315 = DIRECTION('',(0.,1.));
#2316 = ( GEOMETRIC_REPRESENTATION_CONTEXT(2) 
PARAMETRIC_REPRESENTATION_CONTEXT() REPRESENTATION_CONTEXT('2D SPACE',''
  ) );
#2317 = ORIENTED_EDGE('',*,*,#2240,.T.);
#2318 = ORIENTED_EDGE('',*,*,#1104,.T.);
#2319 = ADVANCED_FACE('',(#2320),#1170,.F.);
#2320 = FACE_BOUND('',#2321,.F.);
#2321 = EDGE_LOOP('',(#2322,#2344,#2371,#2391));
#2322 = ORIENTED_EDGE('',*,*,#2323,.F.);
#2323 = EDGE_CURVE('',#2324,#1157,#2326,.T.);
#2324 = VERTEX_POINT('',#2325);
#2325 = CARTESIAN_POINT('',(2.215,-0.945,4.18));
#2326 = SURFACE_CURVE('',#2327,(#2330,#2337),.PCURVE_S1.);
#2327 = B_SPLINE_CURVE_WITH_KNOTS('',1,(#2328,#2329),.UNSPECIFIED.,.F.,
  .F.,(2,2),(0.,1.),.PIECEWISE_BEZIER_KNOTS.);
#2328 = CARTESIAN_POINT('',(2.215,-0.945,4.18));
#2329 = CARTESIAN_POINT('',(2.335,-1.065,4.301));
#2330 = PCURVE('',#1170,#2331);
#2331 = DEFINITIONAL_REPRESENTATION('',(#2332),#2336);
#2332 = LINE('',#2333,#2334);
#2333 = CARTESIAN_POINT('',(0.,0.));
#2334 = VECTOR('',#2335,1.);
#2335 = DIRECTION('',(0.,1.));
#2336 = ( GEOMETRIC_REPRESENTATION_CONTEXT(2) 
PARAMETRIC_REPRESENTATION_CONTEXT() REPRESENTATION_CONTEXT('2D SPACE',''
  ) );
#2337 = PCURVE('',#1195,#2338);
#2338 = DEFINITIONAL_REPRESENTATION('',(#2339),#2343);
#2339 = LINE('',#2340,#2341);
#2340 = CARTESIAN_POINT('',(0.86,0.));
#2341 = VECTOR('',#2342,1.);
#2342 = DIRECTION('',(0.,1.));
#2343 = ( GEOMETRIC_REPRESENTATION_CONTEXT(2) 
PARAMETRIC_REPRESENTATION_CONTEXT() REPRESENTATION_CONTEXT('2D SPACE',''
  ) );
#2344 = ORIENTED_EDGE('',*,*,#2345,.T.);
#2345 = EDGE_CURVE('',#2324,#2346,#2348,.T.);
#2346 = VERTEX_POINT('',#2347);
#2347 = CARTESIAN_POINT('',(2.215,-0.325,4.18));
#2348 = SURFACE_CURVE('',#2349,(#2353,#2359),.PCURVE_S1.);
#2349 = LINE('',#2350,#2351);
#2350 = CARTESIAN_POINT('',(2.215,-0.945,4.18));
#2351 = VECTOR('',#2352,1.);
#2352 = DIRECTION('',(0.,1.,0.));
#2353 = PCURVE('',#1170,#2354);
#2354 = DEFINITIONAL_REPRESENTATION('',(#2355),#2358);
#2355 = B_SPLINE_CURVE_WITH_KNOTS('',1,(#2356,#2357),.UNSPECIFIED.,.F.,
  .F.,(2,2),(0.,0.62),.PIECEWISE_BEZIER_KNOTS.);
#2356 = CARTESIAN_POINT('',(0.,0.));
#2357 = CARTESIAN_POINT('',(0.86,0.));
#2358 = ( GEOMETRIC_REPRESENTATION_CONTEXT(2) 
PARAMETRIC_REPRESENTATION_CONTEXT() REPRESENTATION_CONTEXT('2D SPACE',''
  ) );
#2359 = PCURVE('',#2360,#2365);
#2360 = PLANE('',#2361);
#2361 = AXIS2_PLACEMENT_3D('',#2362,#2363,#2364);
#2362 = CARTESIAN_POINT('',(2.215,-0.945,2.5));
#2363 = DIRECTION('',(1.,0.,-0.));
#2364 = DIRECTION('',(0.,0.,1.));
#2365 = DEFINITIONAL_REPRESENTATION('',(#2366),#2370);
#2366 = LINE('',#2367,#2368);
#2367 = CARTESIAN_POINT('',(1.68,0.));
#2368 = VECTOR('',#2369,1.);
#2369 = DIRECTION('',(0.,-1.));
#2370 = ( GEOMETRIC_REPRESENTATION_CONTEXT(2) 
PARAMETRIC_REPRESENTATION_CONTEXT() REPRESENTATION_CONTEXT('2D SPACE',''
  ) );
#2371 = ORIENTED_EDGE('',*,*,#2372,.T.);
#2372 = EDGE_CURVE('',#2346,#1155,#2373,.T.);
#2373 = SURFACE_CURVE('',#2374,(#2377,#2384),.PCURVE_S1.);
#2374 = B_SPLINE_CURVE_WITH_KNOTS('',1,(#2375,#2376),.UNSPECIFIED.,.F.,
  .F.,(2,2),(0.,1.),.PIECEWISE_BEZIER_KNOTS.);
#2375 = CARTESIAN_POINT('',(2.215,-0.325,4.18));
#2376 = CARTESIAN_POINT('',(2.335,-0.205,4.301));
#2377 = PCURVE('',#1170,#2378);
#2378 = DEFINITIONAL_REPRESENTATION('',(#2379),#2383);
#2379 = LINE('',#2380,#2381);
#2380 = CARTESIAN_POINT('',(0.86,0.));
#2381 = VECTOR('',#2382,1.);
#2382 = DIRECTION('',(0.,1.));
#2383 = ( GEOMETRIC_REPRESENTATION_CONTEXT(2) 
PARAMETRIC_REPRESENTATION_CONTEXT() REPRESENTATION_CONTEXT('2D SPACE',''
  ) );
#2384 = PCURVE('',#1243,#2385);
#2385 = DEFINITIONAL_REPRESENTATION('',(#2386),#2390);
#2386 = LINE('',#2387,#2388);
#2387 = CARTESIAN_POINT('',(0.,0.));
#2388 = VECTOR('',#2389,1.);
#2389 = DIRECTION('',(0.,1.));
#2390 = ( GEOMETRIC_REPRESENTATION_CONTEXT(2) 
PARAMETRIC_REPRESENTATION_CONTEXT() REPRESENTATION_CONTEXT('2D SPACE',''
  ) );
#2391 = ORIENTED_EDGE('',*,*,#1154,.T.);
#2392 = ADVANCED_FACE('',(#2393),#1243,.F.);
#2393 = FACE_BOUND('',#2394,.F.);
#2394 = EDGE_LOOP('',(#2395,#2396,#2423,#2443));
#2395 = ORIENTED_EDGE('',*,*,#2372,.F.);
#2396 = ORIENTED_EDGE('',*,*,#2397,.T.);
#2397 = EDGE_CURVE('',#2346,#2398,#2400,.T.);
#2398 = VERTEX_POINT('',#2399);
#2399 = CARTESIAN_POINT('',(1.595,-0.325,4.18));
#2400 = SURFACE_CURVE('',#2401,(#2405,#2411),.PCURVE_S1.);
#2401 = LINE('',#2402,#2403);
#2402 = CARTESIAN_POINT('',(2.215,-0.325,4.18));
#2403 = VECTOR('',#2404,1.);
#2404 = DIRECTION('',(-1.,0.,0.));
#2405 = PCURVE('',#1243,#2406);
#2406 = DEFINITIONAL_REPRESENTATION('',(#2407),#2410);
#2407 = B_SPLINE_CURVE_WITH_KNOTS('',1,(#2408,#2409),.UNSPECIFIED.,.F.,
  .F.,(2,2),(0.,0.62),.PIECEWISE_BEZIER_KNOTS.);
#2408 = CARTESIAN_POINT('',(0.,0.));
#2409 = CARTESIAN_POINT('',(0.86,0.));
#2410 = ( GEOMETRIC_REPRESENTATION_CONTEXT(2) 
PARAMETRIC_REPRESENTATION_CONTEXT() REPRESENTATION_CONTEXT('2D SPACE',''
  ) );
#2411 = PCURVE('',#2412,#2417);
#2412 = PLANE('',#2413);
#2413 = AXIS2_PLACEMENT_3D('',#2414,#2415,#2416);
#2414 = CARTESIAN_POINT('',(1.595,-0.325,2.5));
#2415 = DIRECTION('',(-0.,1.,0.));
#2416 = DIRECTION('',(0.,0.,1.));
#2417 = DEFINITIONAL_REPRESENTATION('',(#2418),#2422);
#2418 = LINE('',#2419,#2420);
#2419 = CARTESIAN_POINT('',(1.68,0.62));
#2420 = VECTOR('',#2421,1.);
#2421 = DIRECTION('',(0.,-1.));
#2422 = ( GEOMETRIC_REPRESENTATION_CONTEXT(2) 
PARAMETRIC_REPRESENTATION_CONTEXT() REPRESENTATION_CONTEXT('2D SPACE',''
  ) );
#2423 = ORIENTED_EDGE('',*,*,#2424,.T.);
#2424 = EDGE_CURVE('',#2398,#1207,#2425,.T.);
#2425 = SURFACE_CURVE('',#2426,(#2429,#2436),.PCURVE_S1.);
#2426 = B_SPLINE_CURVE_WITH_KNOTS('',1,(#2427,#2428),.UNSPECIFIED.,.F.,
  .F.,(2,2),(0.,1.),.PIECEWISE_BEZIER_KNOTS.);
#2427 = CARTESIAN_POINT('',(1.595,-0.325,4.18));
#2428 = CARTESIAN_POINT('',(1.475,-0.205,4.301));
#2429 = PCURVE('',#1243,#2430);
#2430 = DEFINITIONAL_REPRESENTATION('',(#2431),#2435);
#2431 = LINE('',#2432,#2433);
#2432 = CARTESIAN_POINT('',(0.86,0.));
#2433 = VECTOR('',#2434,1.);
#2434 = DIRECTION('',(0.,1.));
#2435 = ( GEOMETRIC_REPRESENTATION_CONTEXT(2) 
PARAMETRIC_REPRESENTATION_CONTEXT() REPRESENTATION_CONTEXT('2D SPACE',''
  ) );
#2436 = PCURVE('',#1220,#2437);
#2437 = DEFINITIONAL_REPRESENTATION('',(#2438),#2442);
#2438 = LINE('',#2439,#2440);
#2439 = CARTESIAN_POINT('',(0.,0.));
#2440 = VECTOR('',#2441,1.);
#2441 = DIRECTION('',(0.,1.));
#2442 = ( GEOMETRIC_REPRESENTATION_CONTEXT(2) 
PARAMETRIC_REPRESENTATION_CONTEXT() REPRESENTATION_CONTEXT('2D SPACE',''
  ) );
#2443 = ORIENTED_EDGE('',*,*,#1231,.T.);
#2444 = ADVANCED_FACE('',(#2445),#1195,.F.);
#2445 = FACE_BOUND('',#2446,.F.);
#2446 = EDGE_LOOP('',(#2447,#2469,#2494,#2495));
#2447 = ORIENTED_EDGE('',*,*,#2448,.F.);
#2448 = EDGE_CURVE('',#2449,#1182,#2451,.T.);
#2449 = VERTEX_POINT('',#2450);
#2450 = CARTESIAN_POINT('',(1.595,-0.945,4.18));
#2451 = SURFACE_CURVE('',#2452,(#2455,#2462),.PCURVE_S1.);
#2452 = B_SPLINE_CURVE_WITH_KNOTS('',1,(#2453,#2454),.UNSPECIFIED.,.F.,
  .F.,(2,2),(0.,1.),.PIECEWISE_BEZIER_KNOTS.);
#2453 = CARTESIAN_POINT('',(1.595,-0.945,4.18));
#2454 = CARTESIAN_POINT('',(1.475,-1.065,4.301));
#2455 = PCURVE('',#1195,#2456);
#2456 = DEFINITIONAL_REPRESENTATION('',(#2457),#2461);
#2457 = LINE('',#2458,#2459);
#2458 = CARTESIAN_POINT('',(0.,0.));
#2459 = VECTOR('',#2460,1.);
#2460 = DIRECTION('',(0.,1.));
#2461 = ( GEOMETRIC_REPRESENTATION_CONTEXT(2) 
PARAMETRIC_REPRESENTATION_CONTEXT() REPRESENTATION_CONTEXT('2D SPACE',''
  ) );
#2462 = PCURVE('',#1220,#2463);
#2463 = DEFINITIONAL_REPRESENTATION('',(#2464),#2468);
#2464 = LINE('',#2465,#2466);
#2465 = CARTESIAN_POINT('',(0.86,0.));
#2466 = VECTOR('',#2467,1.);
#2467 = DIRECTION('',(0.,1.));
#2468 = ( GEOMETRIC_REPRESENTATION_CONTEXT(2) 
PARAMETRIC_REPRESENTATION_CONTEXT() REPRESENTATION_CONTEXT('2D SPACE',''
  ) );
#2469 = ORIENTED_EDGE('',*,*,#2470,.T.);
#2470 = EDGE_CURVE('',#2449,#2324,#2471,.T.);
#2471 = SURFACE_CURVE('',#2472,(#2476,#2482),.PCURVE_S1.);
#2472 = LINE('',#2473,#2474);
#2473 = CARTESIAN_POINT('',(1.595,-0.945,4.18));
#2474 = VECTOR('',#2475,1.);
#2475 = DIRECTION('',(1.,0.,0.));
#2476 = PCURVE('',#1195,#2477);
#2477 = DEFINITIONAL_REPRESENTATION('',(#2478),#2481);
#2478 = B_SPLINE_CURVE_WITH_KNOTS('',1,(#2479,#2480),.UNSPECIFIED.,.F.,
  .F.,(2,2),(0.,0.62),.PIECEWISE_BEZIER_KNOTS.);
#2479 = CARTESIAN_POINT('',(0.,0.));
#2480 = CARTESIAN_POINT('',(0.86,0.));
#2481 = ( GEOMETRIC_REPRESENTATION_CONTEXT(2) 
PARAMETRIC_REPRESENTATION_CONTEXT() REPRESENTATION_CONTEXT('2D SPACE',''
  ) );
#2482 = PCURVE('',#2483,#2488);
#2483 = PLANE('',#2484);
#2484 = AXIS2_PLACEMENT_3D('',#2485,#2486,#2487);
#2485 = CARTESIAN_POINT('',(1.595,-0.945,2.5));
#2486 = DIRECTION('',(-0.,1.,0.));
#2487 = DIRECTION('',(0.,0.,1.));
#2488 = DEFINITIONAL_REPRESENTATION('',(#2489),#2493);
#2489 = LINE('',#2490,#2491);
#2490 = CARTESIAN_POINT('',(1.68,0.));
#2491 = VECTOR('',#2492,1.);
#2492 = DIRECTION('',(0.,1.));
#2493 = ( GEOMETRIC_REPRESENTATION_CONTEXT(2) 
PARAMETRIC_REPRESENTATION_CONTEXT() REPRESENTATION_CONTEXT('2D SPACE',''
  ) );
#2494 = ORIENTED_EDGE('',*,*,#2323,.T.);
#2495 = ORIENTED_EDGE('',*,*,#1181,.T.);
#2496 = ADVANCED_FACE('',(#2497),#1220,.F.);
#2497 = FACE_BOUND('',#2498,.F.);
#2498 = EDGE_LOOP('',(#2499,#2500,#2525,#2526));
#2499 = ORIENTED_EDGE('',*,*,#2424,.F.);
#2500 = ORIENTED_EDGE('',*,*,#2501,.T.);
#2501 = EDGE_CURVE('',#2398,#2449,#2502,.T.);
#2502 = SURFACE_CURVE('',#2503,(#2507,#2513),.PCURVE_S1.);
#2503 = LINE('',#2504,#2505);
#2504 = CARTESIAN_POINT('',(1.595,-0.325,4.18));
#2505 = VECTOR('',#2506,1.);
#2506 = DIRECTION('',(0.,-1.,0.));
#2507 = PCURVE('',#1220,#2508);
#2508 = DEFINITIONAL_REPRESENTATION('',(#2509),#2512);
#2509 = B_SPLINE_CURVE_WITH_KNOTS('',1,(#2510,#2511),.UNSPECIFIED.,.F.,
  .F.,(2,2),(0.,0.62),.PIECEWISE_BEZIER_KNOTS.);
#2510 = CARTESIAN_POINT('',(0.,0.));
#2511 = CARTESIAN_POINT('',(0.86,0.));
#2512 = ( GEOMETRIC_REPRESENTATION_CONTEXT(2) 
PARAMETRIC_REPRESENTATION_CONTEXT() REPRESENTATION_CONTEXT('2D SPACE',''
  ) );
#2513 = PCURVE('',#2514,#2519);
#2514 = PLANE('',#2515);
#2515 = AXIS2_PLACEMENT_3D('',#2516,#2517,#2518);
#2516 = CARTESIAN_POINT('',(1.595,-0.945,2.5));
#2517 = DIRECTION('',(1.,0.,-0.));
#2518 = DIRECTION('',(0.,0.,1.));
#2519 = DEFINITIONAL_REPRESENTATION('',(#2520),#2524);
#2520 = LINE('',#2521,#2522);
#2521 = CARTESIAN_POINT('',(1.68,-0.62));
#2522 = VECTOR('',#2523,1.);
#2523 = DIRECTION('',(0.,1.));
#2524 = ( GEOMETRIC_REPRESENTATION_CONTEXT(2) 
PARAMETRIC_REPRESENTATION_CONTEXT() REPRESENTATION_CONTEXT('2D SPACE',''
  ) );
#2525 = ORIENTED_EDGE('',*,*,#2448,.T.);
#2526 = ORIENTED_EDGE('',*,*,#1206,.T.);
#2527 = ADVANCED_FACE('',(#2528),#1272,.F.);
#2528 = FACE_BOUND('',#2529,.F.);
#2529 = EDGE_LOOP('',(#2530,#2552,#2579,#2599));
#2530 = ORIENTED_EDGE('',*,*,#2531,.F.);
#2531 = EDGE_CURVE('',#2532,#1259,#2534,.T.);
#2532 = VERTEX_POINT('',#2533);
#2533 = CARTESIAN_POINT('',(-1.595,0.325,4.18));
#2534 = SURFACE_CURVE('',#2535,(#2538,#2545),.PCURVE_S1.);
#2535 = B_SPLINE_CURVE_WITH_KNOTS('',1,(#2536,#2537),.UNSPECIFIED.,.F.,
  .F.,(2,2),(0.,1.),.PIECEWISE_BEZIER_KNOTS.);
#2536 = CARTESIAN_POINT('',(-1.595,0.325,4.18));
#2537 = CARTESIAN_POINT('',(-1.475,0.205,4.301));
#2538 = PCURVE('',#1272,#2539);
#2539 = DEFINITIONAL_REPRESENTATION('',(#2540),#2544);
#2540 = LINE('',#2541,#2542);
#2541 = CARTESIAN_POINT('',(0.,0.));
#2542 = VECTOR('',#2543,1.);
#2543 = DIRECTION('',(0.,1.));
#2544 = ( GEOMETRIC_REPRESENTATION_CONTEXT(2) 
PARAMETRIC_REPRESENTATION_CONTEXT() REPRESENTATION_CONTEXT('2D SPACE',''
  ) );
#2545 = PCURVE('',#1297,#2546);
#2546 = DEFINITIONAL_REPRESENTATION('',(#2547),#2551);
#2547 = LINE('',#2548,#2549);
#2548 = CARTESIAN_POINT('',(0.86,0.));
#2549 = VECTOR('',#2550,1.);
#2550 = DIRECTION('',(0.,1.));
#2551 = ( GEOMETRIC_REPRESENTATION_CONTEXT(2) 
PARAMETRIC_REPRESENTATION_CONTEXT() REPRESENTATION_CONTEXT('2D SPACE',''
  ) );
#2552 = ORIENTED_EDGE('',*,*,#2553,.T.);
#2553 = EDGE_CURVE('',#2532,#2554,#2556,.T.);
#2554 = VERTEX_POINT('',#2555);
#2555 = CARTESIAN_POINT('',(-1.595,0.945,4.18));
#2556 = SURFACE_CURVE('',#2557,(#2561,#2567),.PCURVE_S1.);
#2557 = LINE('',#2558,#2559);
#2558 = CARTESIAN_POINT('',(-1.595,0.325,4.18));
#2559 = VECTOR('',#2560,1.);
#2560 = DIRECTION('',(0.,1.,0.));
#2561 = PCURVE('',#1272,#2562);
#2562 = DEFINITIONAL_REPRESENTATION('',(#2563),#2566);
#2563 = B_SPLINE_CURVE_WITH_KNOTS('',1,(#2564,#2565),.UNSPECIFIED.,.F.,
  .F.,(2,2),(0.,0.62),.PIECEWISE_BEZIER_KNOTS.);
#2564 = CARTESIAN_POINT('',(0.,0.));
#2565 = CARTESIAN_POINT('',(0.86,0.));
#2566 = ( GEOMETRIC_REPRESENTATION_CONTEXT(2) 
PARAMETRIC_REPRESENTATION_CONTEXT() REPRESENTATION_CONTEXT('2D SPACE',''
  ) );
#2567 = PCURVE('',#2568,#2573);
#2568 = PLANE('',#2569);
#2569 = AXIS2_PLACEMENT_3D('',#2570,#2571,#2572);
#2570 = CARTESIAN_POINT('',(-1.595,0.325,2.5));
#2571 = DIRECTION('',(1.,0.,-0.));
#2572 = DIRECTION('',(0.,0.,1.));
#2573 = DEFINITIONAL_REPRESENTATION('',(#2574),#2578);
#2574 = LINE('',#2575,#2576);
#2575 = CARTESIAN_POINT('',(1.68,0.));
#2576 = VECTOR('',#2577,1.);
#2577 = DIRECTION('',(0.,-1.));
#2578 = ( GEOMETRIC_REPRESENTATION_CONTEXT(2) 
PARAMETRIC_REPRESENTATION_CONTEXT() REPRESENTATION_CONTEXT('2D SPACE',''
  ) );
#2579 = ORIENTED_EDGE('',*,*,#2580,.T.);
#2580 = EDGE_CURVE('',#2554,#1257,#2581,.T.);
#2581 = SURFACE_CURVE('',#2582,(#2585,#2592),.PCURVE_S1.);
#2582 = B_SPLINE_CURVE_WITH_KNOTS('',1,(#2583,#2584),.UNSPECIFIED.,.F.,
  .F.,(2,2),(0.,1.),.PIECEWISE_BEZIER_KNOTS.);
#2583 = CARTESIAN_POINT('',(-1.595,0.945,4.18));
#2584 = CARTESIAN_POINT('',(-1.475,1.065,4.301));
#2585 = PCURVE('',#1272,#2586);
#2586 = DEFINITIONAL_REPRESENTATION('',(#2587),#2591);
#2587 = LINE('',#2588,#2589);
#2588 = CARTESIAN_POINT('',(0.86,0.));
#2589 = VECTOR('',#2590,1.);
#2590 = DIRECTION('',(0.,1.));
#2591 = ( GEOMETRIC_REPRESENTATION_CONTEXT(2) 
PARAMETRIC_REPRESENTATION_CONTEXT() REPRESENTATION_CONTEXT('2D SPACE',''
  ) );
#2592 = PCURVE('',#1345,#2593);
#2593 = DEFINITIONAL_REPRESENTATION('',(#2594),#2598);
#2594 = LINE('',#2595,#2596);
#2595 = CARTESIAN_POINT('',(0.,0.));
#2596 = VECTOR('',#2597,1.);
#2597 = DIRECTION('',(0.,1.));
#2598 = ( GEOMETRIC_REPRESENTATION_CONTEXT(2) 
PARAMETRIC_REPRESENTATION_CONTEXT() REPRESENTATION_CONTEXT('2D SPACE',''
  ) );
#2599 = ORIENTED_EDGE('',*,*,#1256,.T.);
#2600 = ADVANCED_FACE('',(#2601),#1345,.F.);
#2601 = FACE_BOUND('',#2602,.F.);
#2602 = EDGE_LOOP('',(#2603,#2604,#2631,#2651));
#2603 = ORIENTED_EDGE('',*,*,#2580,.F.);
#2604 = ORIENTED_EDGE('',*,*,#2605,.T.);
#2605 = EDGE_CURVE('',#2554,#2606,#2608,.T.);
#2606 = VERTEX_POINT('',#2607);
#2607 = CARTESIAN_POINT('',(-2.215,0.945,4.18));
#2608 = SURFACE_CURVE('',#2609,(#2613,#2619),.PCURVE_S1.);
#2609 = LINE('',#2610,#2611);
#2610 = CARTESIAN_POINT('',(-1.595,0.945,4.18));
#2611 = VECTOR('',#2612,1.);
#2612 = DIRECTION('',(-1.,0.,0.));
#2613 = PCURVE('',#1345,#2614);
#2614 = DEFINITIONAL_REPRESENTATION('',(#2615),#2618);
#2615 = B_SPLINE_CURVE_WITH_KNOTS('',1,(#2616,#2617),.UNSPECIFIED.,.F.,
  .F.,(2,2),(0.,0.62),.PIECEWISE_BEZIER_KNOTS.);
#2616 = CARTESIAN_POINT('',(0.,0.));
#2617 = CARTESIAN_POINT('',(0.86,0.));
#2618 = ( GEOMETRIC_REPRESENTATION_CONTEXT(2) 
PARAMETRIC_REPRESENTATION_CONTEXT() REPRESENTATION_CONTEXT('2D SPACE',''
  ) );
#2619 = PCURVE('',#2620,#2625);
#2620 = PLANE('',#2621);
#2621 = AXIS2_PLACEMENT_3D('',#2622,#2623,#2624);
#2622 = CARTESIAN_POINT('',(-2.215,0.945,2.5));
#2623 = DIRECTION('',(-0.,1.,0.));
#2624 = DIRECTION('',(0.,0.,1.));
#2625 = DEFINITIONAL_REPRESENTATION('',(#2626),#2630);
#2626 = LINE('',#2627,#2628);
#2627 = CARTESIAN_POINT('',(1.68,0.62));
#2628 = VECTOR('',#2629,1.);
#2629 = DIRECTION('',(0.,-1.));
#2630 = ( GEOMETRIC_REPRESENTATION_CONTEXT(2) 
PARAMETRIC_REPRESENTATION_CONTEXT() REPRESENTATION_CONTEXT('2D SPACE',''
  ) );
#2631 = ORIENTED_EDGE('',*,*,#2632,.T.);
#2632 = EDGE_CURVE('',#2606,#1309,#2633,.T.);
#2633 = SURFACE_CURVE('',#2634,(#2637,#2644),.PCURVE_S1.);
#2634 = B_SPLINE_CURVE_WITH_KNOTS('',1,(#2635,#2636),.UNSPECIFIED.,.F.,
  .F.,(2,2),(0.,1.),.PIECEWISE_BEZIER_KNOTS.);
#2635 = CARTESIAN_POINT('',(-2.215,0.945,4.18));
#2636 = CARTESIAN_POINT('',(-2.335,1.065,4.301));
#2637 = PCURVE('',#1345,#2638);
#2638 = DEFINITIONAL_REPRESENTATION('',(#2639),#2643);
#2639 = LINE('',#2640,#2641);
#2640 = CARTESIAN_POINT('',(0.86,0.));
#2641 = VECTOR('',#2642,1.);
#2642 = DIRECTION('',(0.,1.));
#2643 = ( GEOMETRIC_REPRESENTATION_CONTEXT(2) 
PARAMETRIC_REPRESENTATION_CONTEXT() REPRESENTATION_CONTEXT('2D SPACE',''
  ) );
#2644 = PCURVE('',#1322,#2645);
#2645 = DEFINITIONAL_REPRESENTATION('',(#2646),#2650);
#2646 = LINE('',#2647,#2648);
#2647 = CARTESIAN_POINT('',(0.,0.));
#2648 = VECTOR('',#2649,1.);
#2649 = DIRECTION('',(0.,1.));
#2650 = ( GEOMETRIC_REPRESENTATION_CONTEXT(2) 
PARAMETRIC_REPRESENTATION_CONTEXT() REPRESENTATION_CONTEXT('2D SPACE',''
  ) );
#2651 = ORIENTED_EDGE('',*,*,#1333,.T.);
#2652 = ADVANCED_FACE('',(#2653),#1297,.F.);
#2653 = FACE_BOUND('',#2654,.F.);
#2654 = EDGE_LOOP('',(#2655,#2677,#2702,#2703));
#2655 = ORIENTED_EDGE('',*,*,#2656,.F.);
#2656 = EDGE_CURVE('',#2657,#1284,#2659,.T.);
#2657 = VERTEX_POINT('',#2658);
#2658 = CARTESIAN_POINT('',(-2.215,0.325,4.18));
#2659 = SURFACE_CURVE('',#2660,(#2663,#2670),.PCURVE_S1.);
#2660 = B_SPLINE_CURVE_WITH_KNOTS('',1,(#2661,#2662),.UNSPECIFIED.,.F.,
  .F.,(2,2),(0.,1.),.PIECEWISE_BEZIER_KNOTS.);
#2661 = CARTESIAN_POINT('',(-2.215,0.325,4.18));
#2662 = CARTESIAN_POINT('',(-2.335,0.205,4.301));
#2663 = PCURVE('',#1297,#2664);
#2664 = DEFINITIONAL_REPRESENTATION('',(#2665),#2669);
#2665 = LINE('',#2666,#2667);
#2666 = CARTESIAN_POINT('',(0.,0.));
#2667 = VECTOR('',#2668,1.);
#2668 = DIRECTION('',(0.,1.));
#2669 = ( GEOMETRIC_REPRESENTATION_CONTEXT(2) 
PARAMETRIC_REPRESENTATION_CONTEXT() REPRESENTATION_CONTEXT('2D SPACE',''
  ) );
#2670 = PCURVE('',#1322,#2671);
#2671 = DEFINITIONAL_REPRESENTATION('',(#2672),#2676);
#2672 = LINE('',#2673,#2674);
#2673 = CARTESIAN_POINT('',(0.86,0.));
#2674 = VECTOR('',#2675,1.);
#2675 = DIRECTION('',(0.,1.));
#2676 = ( GEOMETRIC_REPRESENTATION_CONTEXT(2) 
PARAMETRIC_REPRESENTATION_CONTEXT() REPRESENTATION_CONTEXT('2D SPACE',''
  ) );
#2677 = ORIENTED_EDGE('',*,*,#2678,.T.);
#2678 = EDGE_CURVE('',#2657,#2532,#2679,.T.);
#2679 = SURFACE_CURVE('',#2680,(#2684,#2690),.PCURVE_S1.);
#2680 = LINE('',#2681,#2682);
#2681 = CARTESIAN_POINT('',(-2.215,0.325,4.18));
#2682 = VECTOR('',#2683,1.);
#2683 = DIRECTION('',(1.,0.,0.));
#2684 = PCURVE('',#1297,#2685);
#2685 = DEFINITIONAL_REPRESENTATION('',(#2686),#2689);
#2686 = B_SPLINE_CURVE_WITH_KNOTS('',1,(#2687,#2688),.UNSPECIFIED.,.F.,
  .F.,(2,2),(0.,0.62),.PIECEWISE_BEZIER_KNOTS.);
#2687 = CARTESIAN_POINT('',(0.,0.));
#2688 = CARTESIAN_POINT('',(0.86,0.));
#2689 = ( GEOMETRIC_REPRESENTATION_CONTEXT(2) 
PARAMETRIC_REPRESENTATION_CONTEXT() REPRESENTATION_CONTEXT('2D SPACE',''
  ) );
#2690 = PCURVE('',#2691,#2696);
#2691 = PLANE('',#2692);
#2692 = AXIS2_PLACEMENT_3D('',#2693,#2694,#2695);
#2693 = CARTESIAN_POINT('',(-2.215,0.325,2.5));
#2694 = DIRECTION('',(-0.,1.,0.));
#2695 = DIRECTION('',(0.,0.,1.));
#2696 = DEFINITIONAL_REPRESENTATION('',(#2697),#2701);
#2697 = LINE('',#2698,#2699);
#2698 = CARTESIAN_POINT('',(1.68,0.));
#2699 = VECTOR('',#2700,1.);
#2700 = DIRECTION('',(0.,1.));
#2701 = ( GEOMETRIC_REPRESENTATION_CONTEXT(2) 
PARAMETRIC_REPRESENTATION_CONTEXT() REPRESENTATION_CONTEXT('2D SPACE',''
  ) );
#2702 = ORIENTED_EDGE('',*,*,#2531,.T.);
#2703 = ORIENTED_EDGE('',*,*,#1283,.T.);
#2704 = ADVANCED_FACE('',(#2705),#1322,.F.);
#2705 = FACE_BOUND('',#2706,.F.);
#2706 = EDGE_LOOP('',(#2707,#2708,#2733,#2734));
#2707 = ORIENTED_EDGE('',*,*,#2632,.F.);
#2708 = ORIENTED_EDGE('',*,*,#2709,.T.);
#2709 = EDGE_CURVE('',#2606,#2657,#2710,.T.);
#2710 = SURFACE_CURVE('',#2711,(#2715,#2721),.PCURVE_S1.);
#2711 = LINE('',#2712,#2713);
#2712 = CARTESIAN_POINT('',(-2.215,0.945,4.18));
#2713 = VECTOR('',#2714,1.);
#2714 = DIRECTION('',(0.,-1.,0.));
#2715 = PCURVE('',#1322,#2716);
#2716 = DEFINITIONAL_REPRESENTATION('',(#2717),#2720);
#2717 = B_SPLINE_CURVE_WITH_KNOTS('',1,(#2718,#2719),.UNSPECIFIED.,.F.,
  .F.,(2,2),(0.,0.62),.PIECEWISE_BEZIER_KNOTS.);
#2718 = CARTESIAN_POINT('',(0.,0.));
#2719 = CARTESIAN_POINT('',(0.86,0.));
#2720 = ( GEOMETRIC_REPRESENTATION_CONTEXT(2) 
PARAMETRIC_REPRESENTATION_CONTEXT() REPRESENTATION_CONTEXT('2D SPACE',''
  ) );
#2721 = PCURVE('',#2722,#2727);
#2722 = PLANE('',#2723);
#2723 = AXIS2_PLACEMENT_3D('',#2724,#2725,#2726);
#2724 = CARTESIAN_POINT('',(-2.215,0.325,2.5));
#2725 = DIRECTION('',(1.,0.,-0.));
#2726 = DIRECTION('',(0.,0.,1.));
#2727 = DEFINITIONAL_REPRESENTATION('',(#2728),#2732);
#2728 = LINE('',#2729,#2730);
#2729 = CARTESIAN_POINT('',(1.68,-0.62));
#2730 = VECTOR('',#2731,1.);
#2731 = DIRECTION('',(0.,1.));
#2732 = ( GEOMETRIC_REPRESENTATION_CONTEXT(2) 
PARAMETRIC_REPRESENTATION_CONTEXT() REPRESENTATION_CONTEXT('2D SPACE',''
  ) );
#2733 = ORIENTED_EDGE('',*,*,#2656,.T.);
#2734 = ORIENTED_EDGE('',*,*,#1308,.T.);
#2735 = ADVANCED_FACE('',(#2736),#1374,.F.);
#2736 = FACE_BOUND('',#2737,.F.);
#2737 = EDGE_LOOP('',(#2738,#2760,#2787,#2807));
#2738 = ORIENTED_EDGE('',*,*,#2739,.F.);
#2739 = EDGE_CURVE('',#2740,#1361,#2742,.T.);
#2740 = VERTEX_POINT('',#2741);
#2741 = CARTESIAN_POINT('',(-0.325,0.325,4.18));
#2742 = SURFACE_CURVE('',#2743,(#2746,#2753),.PCURVE_S1.);
#2743 = B_SPLINE_CURVE_WITH_KNOTS('',1,(#2744,#2745),.UNSPECIFIED.,.F.,
  .F.,(2,2),(0.,1.),.PIECEWISE_BEZIER_KNOTS.);
#2744 = CARTESIAN_POINT('',(-0.325,0.325,4.18));
#2745 = CARTESIAN_POINT('',(-0.205,0.205,4.301));
#2746 = PCURVE('',#1374,#2747);
#2747 = DEFINITIONAL_REPRESENTATION('',(#2748),#2752);
#2748 = LINE('',#2749,#2750);
#2749 = CARTESIAN_POINT('',(0.,0.));
#2750 = VECTOR('',#2751,1.);
#2751 = DIRECTION('',(0.,1.));
#2752 = ( GEOMETRIC_REPRESENTATION_CONTEXT(2) 
PARAMETRIC_REPRESENTATION_CONTEXT() REPRESENTATION_CONTEXT('2D SPACE',''
  ) );
#2753 = PCURVE('',#1399,#2754);
#2754 = DEFINITIONAL_REPRESENTATION('',(#2755),#2759);
#2755 = LINE('',#2756,#2757);
#2756 = CARTESIAN_POINT('',(0.86,0.));
#2757 = VECTOR('',#2758,1.);
#2758 = DIRECTION('',(0.,1.));
#2759 = ( GEOMETRIC_REPRESENTATION_CONTEXT(2) 
PARAMETRIC_REPRESENTATION_CONTEXT() REPRESENTATION_CONTEXT('2D SPACE',''
  ) );
#2760 = ORIENTED_EDGE('',*,*,#2761,.T.);
#2761 = EDGE_CURVE('',#2740,#2762,#2764,.T.);
#2762 = VERTEX_POINT('',#2763);
#2763 = CARTESIAN_POINT('',(-0.325,0.945,4.18));
#2764 = SURFACE_CURVE('',#2765,(#2769,#2775),.PCURVE_S1.);
#2765 = LINE('',#2766,#2767);
#2766 = CARTESIAN_POINT('',(-0.325,0.325,4.18));
#2767 = VECTOR('',#2768,1.);
#2768 = DIRECTION('',(0.,1.,0.));
#2769 = PCURVE('',#1374,#2770);
#2770 = DEFINITIONAL_REPRESENTATION('',(#2771),#2774);
#2771 = B_SPLINE_CURVE_WITH_KNOTS('',1,(#2772,#2773),.UNSPECIFIED.,.F.,
  .F.,(2,2),(0.,0.62),.PIECEWISE_BEZIER_KNOTS.);
#2772 = CARTESIAN_POINT('',(0.,0.));
#2773 = CARTESIAN_POINT('',(0.86,0.));
#2774 = ( GEOMETRIC_REPRESENTATION_CONTEXT(2) 
PARAMETRIC_REPRESENTATION_CONTEXT() REPRESENTATION_CONTEXT('2D SPACE',''
  ) );
#2775 = PCURVE('',#2776,#2781);
#2776 = PLANE('',#2777);
#2777 = AXIS2_PLACEMENT_3D('',#2778,#2779,#2780);
#2778 = CARTESIAN_POINT('',(-0.325,0.325,2.5));
#2779 = DIRECTION('',(1.,0.,-0.));
#2780 = DIRECTION('',(0.,0.,1.));
#2781 = DEFINITIONAL_REPRESENTATION('',(#2782),#2786);
#2782 = LINE('',#2783,#2784);
#2783 = CARTESIAN_POINT('',(1.68,0.));
#2784 = VECTOR('',#2785,1.);
#2785 = DIRECTION('',(0.,-1.));
#2786 = ( GEOMETRIC_REPRESENTATION_CONTEXT(2) 
PARAMETRIC_REPRESENTATION_CONTEXT() REPRESENTATION_CONTEXT('2D SPACE',''
  ) );
#2787 = ORIENTED_EDGE('',*,*,#2788,.T.);
#2788 = EDGE_CURVE('',#2762,#1359,#2789,.T.);
#2789 = SURFACE_CURVE('',#2790,(#2793,#2800),.PCURVE_S1.);
#2790 = B_SPLINE_CURVE_WITH_KNOTS('',1,(#2791,#2792),.UNSPECIFIED.,.F.,
  .F.,(2,2),(0.,1.),.PIECEWISE_BEZIER_KNOTS.);
#2791 = CARTESIAN_POINT('',(-0.325,0.945,4.18));
#2792 = CARTESIAN_POINT('',(-0.205,1.065,4.301));
#2793 = PCURVE('',#1374,#2794);
#2794 = DEFINITIONAL_REPRESENTATION('',(#2795),#2799);
#2795 = LINE('',#2796,#2797);
#2796 = CARTESIAN_POINT('',(0.86,0.));
#2797 = VECTOR('',#2798,1.);
#2798 = DIRECTION('',(0.,1.));
#2799 = ( GEOMETRIC_REPRESENTATION_CONTEXT(2) 
PARAMETRIC_REPRESENTATION_CONTEXT() REPRESENTATION_CONTEXT('2D SPACE',''
  ) );
#2800 = PCURVE('',#1447,#2801);
#2801 = DEFINITIONAL_REPRESENTATION('',(#2802),#2806);
#2802 = LINE('',#2803,#2804);
#2803 = CARTESIAN_POINT('',(0.,0.));
#2804 = VECTOR('',#2805,1.);
#2805 = DIRECTION('',(0.,1.));
#2806 = ( GEOMETRIC_REPRESENTATION_CONTEXT(2) 
PARAMETRIC_REPRESENTATION_CONTEXT() REPRESENTATION_CONTEXT('2D SPACE',''
  ) );
#2807 = ORIENTED_EDGE('',*,*,#1358,.T.);
#2808 = ADVANCED_FACE('',(#2809),#1447,.F.);
#2809 = FACE_BOUND('',#2810,.F.);
#2810 = EDGE_LOOP('',(#2811,#2812,#2839,#2859));
#2811 = ORIENTED_EDGE('',*,*,#2788,.F.);
#2812 = ORIENTED_EDGE('',*,*,#2813,.T.);
#2813 = EDGE_CURVE('',#2762,#2814,#2816,.T.);
#2814 = VERTEX_POINT('',#2815);
#2815 = CARTESIAN_POINT('',(-0.945,0.945,4.18));
#2816 = SURFACE_CURVE('',#2817,(#2821,#2827),.PCURVE_S1.);
#2817 = LINE('',#2818,#2819);
#2818 = CARTESIAN_POINT('',(-0.325,0.945,4.18));
#2819 = VECTOR('',#2820,1.);
#2820 = DIRECTION('',(-1.,0.,0.));
#2821 = PCURVE('',#1447,#2822);
#2822 = DEFINITIONAL_REPRESENTATION('',(#2823),#2826);
#2823 = B_SPLINE_CURVE_WITH_KNOTS('',1,(#2824,#2825),.UNSPECIFIED.,.F.,
  .F.,(2,2),(0.,0.62),.PIECEWISE_BEZIER_KNOTS.);
#2824 = CARTESIAN_POINT('',(0.,0.));
#2825 = CARTESIAN_POINT('',(0.86,0.));
#2826 = ( GEOMETRIC_REPRESENTATION_CONTEXT(2) 
PARAMETRIC_REPRESENTATION_CONTEXT() REPRESENTATION_CONTEXT('2D SPACE',''
  ) );
#2827 = PCURVE('',#2828,#2833);
#2828 = PLANE('',#2829);
#2829 = AXIS2_PLACEMENT_3D('',#2830,#2831,#2832);
#2830 = CARTESIAN_POINT('',(-0.945,0.945,2.5));
#2831 = DIRECTION('',(-0.,1.,0.));
#2832 = DIRECTION('',(0.,0.,1.));
#2833 = DEFINITIONAL_REPRESENTATION('',(#2834),#2838);
#2834 = LINE('',#2835,#2836);
#2835 = CARTESIAN_POINT('',(1.68,0.62));
#2836 = VECTOR('',#2837,1.);
#2837 = DIRECTION('',(0.,-1.));
#2838 = ( GEOMETRIC_REPRESENTATION_CONTEXT(2) 
PARAMETRIC_REPRESENTATION_CONTEXT() REPRESENTATION_CONTEXT('2D SPACE',''
  ) );
#2839 = ORIENTED_EDGE('',*,*,#2840,.T.);
#2840 = EDGE_CURVE('',#2814,#1411,#2841,.T.);
#2841 = SURFACE_CURVE('',#2842,(#2845,#2852),.PCURVE_S1.);
#2842 = B_SPLINE_CURVE_WITH_KNOTS('',1,(#2843,#2844),.UNSPECIFIED.,.F.,
  .F.,(2,2),(0.,1.),.PIECEWISE_BEZIER_KNOTS.);
#2843 = CARTESIAN_POINT('',(-0.945,0.945,4.18));
#2844 = CARTESIAN_POINT('',(-1.065,1.065,4.301));
#2845 = PCURVE('',#1447,#2846);
#2846 = DEFINITIONAL_REPRESENTATION('',(#2847),#2851);
#2847 = LINE('',#2848,#2849);
#2848 = CARTESIAN_POINT('',(0.86,0.));
#2849 = VECTOR('',#2850,1.);
#2850 = DIRECTION('',(0.,1.));
#2851 = ( GEOMETRIC_REPRESENTATION_CONTEXT(2) 
PARAMETRIC_REPRESENTATION_CONTEXT() REPRESENTATION_CONTEXT('2D SPACE',''
  ) );
#2852 = PCURVE('',#1424,#2853);
#2853 = DEFINITIONAL_REPRESENTATION('',(#2854),#2858);
#2854 = LINE('',#2855,#2856);
#2855 = CARTESIAN_POINT('',(0.,0.));
#2856 = VECTOR('',#2857,1.);
#2857 = DIRECTION('',(0.,1.));
#2858 = ( GEOMETRIC_REPRESENTATION_CONTEXT(2) 
PARAMETRIC_REPRESENTATION_CONTEXT() REPRESENTATION_CONTEXT('2D SPACE',''
  ) );
#2859 = ORIENTED_EDGE('',*,*,#1435,.T.);
#2860 = ADVANCED_FACE('',(#2861),#1399,.F.);
#2861 = FACE_BOUND('',#2862,.F.);
#2862 = EDGE_LOOP('',(#2863,#2885,#2910,#2911));
#2863 = ORIENTED_EDGE('',*,*,#2864,.F.);
#2864 = EDGE_CURVE('',#2865,#1386,#2867,.T.);
#2865 = VERTEX_POINT('',#2866);
#2866 = CARTESIAN_POINT('',(-0.945,0.325,4.18));
#2867 = SURFACE_CURVE('',#2868,(#2871,#2878),.PCURVE_S1.);
#2868 = B_SPLINE_CURVE_WITH_KNOTS('',1,(#2869,#2870),.UNSPECIFIED.,.F.,
  .F.,(2,2),(0.,1.),.PIECEWISE_BEZIER_KNOTS.);
#2869 = CARTESIAN_POINT('',(-0.945,0.325,4.18));
#2870 = CARTESIAN_POINT('',(-1.065,0.205,4.301));
#2871 = PCURVE('',#1399,#2872);
#2872 = DEFINITIONAL_REPRESENTATION('',(#2873),#2877);
#2873 = LINE('',#2874,#2875);
#2874 = CARTESIAN_POINT('',(0.,0.));
#2875 = VECTOR('',#2876,1.);
#2876 = DIRECTION('',(0.,1.));
#2877 = ( GEOMETRIC_REPRESENTATION_CONTEXT(2) 
PARAMETRIC_REPRESENTATION_CONTEXT() REPRESENTATION_CONTEXT('2D SPACE',''
  ) );
#2878 = PCURVE('',#1424,#2879);
#2879 = DEFINITIONAL_REPRESENTATION('',(#2880),#2884);
#2880 = LINE('',#2881,#2882);
#2881 = CARTESIAN_POINT('',(0.86,0.));
#2882 = VECTOR('',#2883,1.);
#2883 = DIRECTION('',(0.,1.));
#2884 = ( GEOMETRIC_REPRESENTATION_CONTEXT(2) 
PARAMETRIC_REPRESENTATION_CONTEXT() REPRESENTATION_CONTEXT('2D SPACE',''
  ) );
#2885 = ORIENTED_EDGE('',*,*,#2886,.T.);
#2886 = EDGE_CURVE('',#2865,#2740,#2887,.T.);
#2887 = SURFACE_CURVE('',#2888,(#2892,#2898),.PCURVE_S1.);
#2888 = LINE('',#2889,#2890);
#2889 = CARTESIAN_POINT('',(-0.945,0.325,4.18));
#2890 = VECTOR('',#2891,1.);
#2891 = DIRECTION('',(1.,0.,0.));
#2892 = PCURVE('',#1399,#2893);
#2893 = DEFINITIONAL_REPRESENTATION('',(#2894),#2897);
#2894 = B_SPLINE_CURVE_WITH_KNOTS('',1,(#2895,#2896),.UNSPECIFIED.,.F.,
  .F.,(2,2),(0.,0.62),.PIECEWISE_BEZIER_KNOTS.);
#2895 = CARTESIAN_POINT('',(0.,0.));
#2896 = CARTESIAN_POINT('',(0.86,0.));
#2897 = ( GEOMETRIC_REPRESENTATION_CONTEXT(2) 
PARAMETRIC_REPRESENTATION_CONTEXT() REPRESENTATION_CONTEXT('2D SPACE',''
  ) );
#2898 = PCURVE('',#2899,#2904);
#2899 = PLANE('',#2900);
#2900 = AXIS2_PLACEMENT_3D('',#2901,#2902,#2903);
#2901 = CARTESIAN_POINT('',(-0.945,0.325,2.5));
#2902 = DIRECTION('',(-0.,1.,0.));
#2903 = DIRECTION('',(0.,0.,1.));
#2904 = DEFINITIONAL_REPRESENTATION('',(#2905),#2909);
#2905 = LINE('',#2906,#2907);
#2906 = CARTESIAN_POINT('',(1.68,0.));
#2907 = VECTOR('',#2908,1.);
#2908 = DIRECTION('',(0.,1.));
#2909 = ( GEOMETRIC_REPRESENTATION_CONTEXT(2) 
PARAMETRIC_REPRESENTATION_CONTEXT() REPRESENTATION_CONTEXT('2D SPACE',''
  ) );
#2910 = ORIENTED_EDGE('',*,*,#2739,.T.);
#2911 = ORIENTED_EDGE('',*,*,#1385,.T.);
#2912 = ADVANCED_FACE('',(#2913),#1424,.F.);
#2913 = FACE_BOUND('',#2914,.F.);
#2914 = EDGE_LOOP('',(#2915,#2916,#2941,#2942));
#2915 = ORIENTED_EDGE('',*,*,#2840,.F.);
#2916 = ORIENTED_EDGE('',*,*,#2917,.T.);
#2917 = EDGE_CURVE('',#2814,#2865,#2918,.T.);
#2918 = SURFACE_CURVE('',#2919,(#2923,#2929),.PCURVE_S1.);
#2919 = LINE('',#2920,#2921);
#2920 = CARTESIAN_POINT('',(-0.945,0.945,4.18));
#2921 = VECTOR('',#2922,1.);
#2922 = DIRECTION('',(0.,-1.,0.));
#2923 = PCURVE('',#1424,#2924);
#2924 = DEFINITIONAL_REPRESENTATION('',(#2925),#2928);
#2925 = B_SPLINE_CURVE_WITH_KNOTS('',1,(#2926,#2927),.UNSPECIFIED.,.F.,
  .F.,(2,2),(0.,0.62),.PIECEWISE_BEZIER_KNOTS.);
#2926 = CARTESIAN_POINT('',(0.,0.));
#2927 = CARTESIAN_POINT('',(0.86,0.));
#2928 = ( GEOMETRIC_REPRESENTATION_CONTEXT(2) 
PARAMETRIC_REPRESENTATION_CONTEXT() REPRESENTATION_CONTEXT('2D SPACE',''
  ) );
#2929 = PCURVE('',#2930,#2935);
#2930 = PLANE('',#2931);
#2931 = AXIS2_PLACEMENT_3D('',#2932,#2933,#2934);
#2932 = CARTESIAN_POINT('',(-0.945,0.325,2.5));
#2933 = DIRECTION('',(1.,0.,-0.));
#2934 = DIRECTION('',(0.,0.,1.));
#2935 = DEFINITIONAL_REPRESENTATION('',(#2936),#2940);
#2936 = LINE('',#2937,#2938);
#2937 = CARTESIAN_POINT('',(1.68,-0.62));
#2938 = VECTOR('',#2939,1.);
#2939 = DIRECTION('',(0.,1.));
#2940 = ( GEOMETRIC_REPRESENTATION_CONTEXT(2) 
PARAMETRIC_REPRESENTATION_CONTEXT() REPRESENTATION_CONTEXT('2D SPACE',''
  ) );
#2941 = ORIENTED_EDGE('',*,*,#2864,.T.);
#2942 = ORIENTED_EDGE('',*,*,#1410,.T.);
#2943 = ADVANCED_FACE('',(#2944),#1476,.F.);
#2944 = FACE_BOUND('',#2945,.F.);
#2945 = EDGE_LOOP('',(#2946,#2968,#2995,#3015));
#2946 = ORIENTED_EDGE('',*,*,#2947,.F.);
#2947 = EDGE_CURVE('',#2948,#1463,#2950,.T.);
#2948 = VERTEX_POINT('',#2949);
#2949 = CARTESIAN_POINT('',(0.945,0.325,4.18));
#2950 = SURFACE_CURVE('',#2951,(#2954,#2961),.PCURVE_S1.);
#2951 = B_SPLINE_CURVE_WITH_KNOTS('',1,(#2952,#2953),.UNSPECIFIED.,.F.,
  .F.,(2,2),(0.,1.),.PIECEWISE_BEZIER_KNOTS.);
#2952 = CARTESIAN_POINT('',(0.945,0.325,4.18));
#2953 = CARTESIAN_POINT('',(1.065,0.205,4.301));
#2954 = PCURVE('',#1476,#2955);
#2955 = DEFINITIONAL_REPRESENTATION('',(#2956),#2960);
#2956 = LINE('',#2957,#2958);
#2957 = CARTESIAN_POINT('',(0.,0.));
#2958 = VECTOR('',#2959,1.);
#2959 = DIRECTION('',(0.,1.));
#2960 = ( GEOMETRIC_REPRESENTATION_CONTEXT(2) 
PARAMETRIC_REPRESENTATION_CONTEXT() REPRESENTATION_CONTEXT('2D SPACE',''
  ) );
#2961 = PCURVE('',#1501,#2962);
#2962 = DEFINITIONAL_REPRESENTATION('',(#2963),#2967);
#2963 = LINE('',#2964,#2965);
#2964 = CARTESIAN_POINT('',(0.86,0.));
#2965 = VECTOR('',#2966,1.);
#2966 = DIRECTION('',(0.,1.));
#2967 = ( GEOMETRIC_REPRESENTATION_CONTEXT(2) 
PARAMETRIC_REPRESENTATION_CONTEXT() REPRESENTATION_CONTEXT('2D SPACE',''
  ) );
#2968 = ORIENTED_EDGE('',*,*,#2969,.T.);
#2969 = EDGE_CURVE('',#2948,#2970,#2972,.T.);
#2970 = VERTEX_POINT('',#2971);
#2971 = CARTESIAN_POINT('',(0.945,0.945,4.18));
#2972 = SURFACE_CURVE('',#2973,(#2977,#2983),.PCURVE_S1.);
#2973 = LINE('',#2974,#2975);
#2974 = CARTESIAN_POINT('',(0.945,0.325,4.18));
#2975 = VECTOR('',#2976,1.);
#2976 = DIRECTION('',(0.,1.,0.));
#2977 = PCURVE('',#1476,#2978);
#2978 = DEFINITIONAL_REPRESENTATION('',(#2979),#2982);
#2979 = B_SPLINE_CURVE_WITH_KNOTS('',1,(#2980,#2981),.UNSPECIFIED.,.F.,
  .F.,(2,2),(0.,0.62),.PIECEWISE_BEZIER_KNOTS.);
#2980 = CARTESIAN_POINT('',(0.,0.));
#2981 = CARTESIAN_POINT('',(0.86,0.));
#2982 = ( GEOMETRIC_REPRESENTATION_CONTEXT(2) 
PARAMETRIC_REPRESENTATION_CONTEXT() REPRESENTATION_CONTEXT('2D SPACE',''
  ) );
#2983 = PCURVE('',#2984,#2989);
#2984 = PLANE('',#2985);
#2985 = AXIS2_PLACEMENT_3D('',#2986,#2987,#2988);
#2986 = CARTESIAN_POINT('',(0.945,0.325,2.5));
#2987 = DIRECTION('',(1.,0.,-0.));
#2988 = DIRECTION('',(0.,0.,1.));
#2989 = DEFINITIONAL_REPRESENTATION('',(#2990),#2994);
#2990 = LINE('',#2991,#2992);
#2991 = CARTESIAN_POINT('',(1.68,0.));
#2992 = VECTOR('',#2993,1.);
#2993 = DIRECTION('',(0.,-1.));
#2994 = ( GEOMETRIC_REPRESENTATION_CONTEXT(2) 
PARAMETRIC_REPRESENTATION_CONTEXT() REPRESENTATION_CONTEXT('2D SPACE',''
  ) );
#2995 = ORIENTED_EDGE('',*,*,#2996,.T.);
#2996 = EDGE_CURVE('',#2970,#1461,#2997,.T.);
#2997 = SURFACE_CURVE('',#2998,(#3001,#3008),.PCURVE_S1.);
#2998 = B_SPLINE_CURVE_WITH_KNOTS('',1,(#2999,#3000),.UNSPECIFIED.,.F.,
  .F.,(2,2),(0.,1.),.PIECEWISE_BEZIER_KNOTS.);
#2999 = CARTESIAN_POINT('',(0.945,0.945,4.18));
#3000 = CARTESIAN_POINT('',(1.065,1.065,4.301));
#3001 = PCURVE('',#1476,#3002);
#3002 = DEFINITIONAL_REPRESENTATION('',(#3003),#3007);
#3003 = LINE('',#3004,#3005);
#3004 = CARTESIAN_POINT('',(0.86,0.));
#3005 = VECTOR('',#3006,1.);
#3006 = DIRECTION('',(0.,1.));
#3007 = ( GEOMETRIC_REPRESENTATION_CONTEXT(2) 
PARAMETRIC_REPRESENTATION_CONTEXT() REPRESENTATION_CONTEXT('2D SPACE',''
  ) );
#3008 = PCURVE('',#1549,#3009);
#3009 = DEFINITIONAL_REPRESENTATION('',(#3010),#3014);
#3010 = LINE('',#3011,#3012);
#3011 = CARTESIAN_POINT('',(0.,0.));
#3012 = VECTOR('',#3013,1.);
#3013 = DIRECTION('',(0.,1.));
#3014 = ( GEOMETRIC_REPRESENTATION_CONTEXT(2) 
PARAMETRIC_REPRESENTATION_CONTEXT() REPRESENTATION_CONTEXT('2D SPACE',''
  ) );
#3015 = ORIENTED_EDGE('',*,*,#1460,.T.);
#3016 = ADVANCED_FACE('',(#3017),#1549,.F.);
#3017 = FACE_BOUND('',#3018,.F.);
#3018 = EDGE_LOOP('',(#3019,#3020,#3047,#3067));
#3019 = ORIENTED_EDGE('',*,*,#2996,.F.);
#3020 = ORIENTED_EDGE('',*,*,#3021,.T.);
#3021 = EDGE_CURVE('',#2970,#3022,#3024,.T.);
#3022 = VERTEX_POINT('',#3023);
#3023 = CARTESIAN_POINT('',(0.325,0.945,4.18));
#3024 = SURFACE_CURVE('',#3025,(#3029,#3035),.PCURVE_S1.);
#3025 = LINE('',#3026,#3027);
#3026 = CARTESIAN_POINT('',(0.945,0.945,4.18));
#3027 = VECTOR('',#3028,1.);
#3028 = DIRECTION('',(-1.,0.,0.));
#3029 = PCURVE('',#1549,#3030);
#3030 = DEFINITIONAL_REPRESENTATION('',(#3031),#3034);
#3031 = B_SPLINE_CURVE_WITH_KNOTS('',1,(#3032,#3033),.UNSPECIFIED.,.F.,
  .F.,(2,2),(0.,0.62),.PIECEWISE_BEZIER_KNOTS.);
#3032 = CARTESIAN_POINT('',(0.,0.));
#3033 = CARTESIAN_POINT('',(0.86,0.));
#3034 = ( GEOMETRIC_REPRESENTATION_CONTEXT(2) 
PARAMETRIC_REPRESENTATION_CONTEXT() REPRESENTATION_CONTEXT('2D SPACE',''
  ) );
#3035 = PCURVE('',#3036,#3041);
#3036 = PLANE('',#3037);
#3037 = AXIS2_PLACEMENT_3D('',#3038,#3039,#3040);
#3038 = CARTESIAN_POINT('',(0.325,0.945,2.5));
#3039 = DIRECTION('',(-0.,1.,0.));
#3040 = DIRECTION('',(0.,0.,1.));
#3041 = DEFINITIONAL_REPRESENTATION('',(#3042),#3046);
#3042 = LINE('',#3043,#3044);
#3043 = CARTESIAN_POINT('',(1.68,0.62));
#3044 = VECTOR('',#3045,1.);
#3045 = DIRECTION('',(0.,-1.));
#3046 = ( GEOMETRIC_REPRESENTATION_CONTEXT(2) 
PARAMETRIC_REPRESENTATION_CONTEXT() REPRESENTATION_CONTEXT('2D SPACE',''
  ) );
#3047 = ORIENTED_EDGE('',*,*,#3048,.T.);
#3048 = EDGE_CURVE('',#3022,#1513,#3049,.T.);
#3049 = SURFACE_CURVE('',#3050,(#3053,#3060),.PCURVE_S1.);
#3050 = B_SPLINE_CURVE_WITH_KNOTS('',1,(#3051,#3052),.UNSPECIFIED.,.F.,
  .F.,(2,2),(0.,1.),.PIECEWISE_BEZIER_KNOTS.);
#3051 = CARTESIAN_POINT('',(0.325,0.945,4.18));
#3052 = CARTESIAN_POINT('',(0.205,1.065,4.301));
#3053 = PCURVE('',#1549,#3054);
#3054 = DEFINITIONAL_REPRESENTATION('',(#3055),#3059);
#3055 = LINE('',#3056,#3057);
#3056 = CARTESIAN_POINT('',(0.86,0.));
#3057 = VECTOR('',#3058,1.);
#3058 = DIRECTION('',(0.,1.));
#3059 = ( GEOMETRIC_REPRESENTATION_CONTEXT(2) 
PARAMETRIC_REPRESENTATION_CONTEXT() REPRESENTATION_CONTEXT('2D SPACE',''
  ) );
#3060 = PCURVE('',#1526,#3061);
#3061 = DEFINITIONAL_REPRESENTATION('',(#3062),#3066);
#3062 = LINE('',#3063,#3064);
#3063 = CARTESIAN_POINT('',(0.,0.));
#3064 = VECTOR('',#3065,1.);
#3065 = DIRECTION('',(0.,1.));
#3066 = ( GEOMETRIC_REPRESENTATION_CONTEXT(2) 
PARAMETRIC_REPRESENTATION_CONTEXT() REPRESENTATION_CONTEXT('2D SPACE',''
  ) );
#3067 = ORIENTED_EDGE('',*,*,#1537,.T.);
#3068 = ADVANCED_FACE('',(#3069),#1501,.F.);
#3069 = FACE_BOUND('',#3070,.F.);
#3070 = EDGE_LOOP('',(#3071,#3093,#3118,#3119));
#3071 = ORIENTED_EDGE('',*,*,#3072,.F.);
#3072 = EDGE_CURVE('',#3073,#1488,#3075,.T.);
#3073 = VERTEX_POINT('',#3074);
#3074 = CARTESIAN_POINT('',(0.325,0.325,4.18));
#3075 = SURFACE_CURVE('',#3076,(#3079,#3086),.PCURVE_S1.);
#3076 = B_SPLINE_CURVE_WITH_KNOTS('',1,(#3077,#3078),.UNSPECIFIED.,.F.,
  .F.,(2,2),(0.,1.),.PIECEWISE_BEZIER_KNOTS.);
#3077 = CARTESIAN_POINT('',(0.325,0.325,4.18));
#3078 = CARTESIAN_POINT('',(0.205,0.205,4.301));
#3079 = PCURVE('',#1501,#3080);
#3080 = DEFINITIONAL_REPRESENTATION('',(#3081),#3085);
#3081 = LINE('',#3082,#3083);
#3082 = CARTESIAN_POINT('',(0.,0.));
#3083 = VECTOR('',#3084,1.);
#3084 = DIRECTION('',(0.,1.));
#3085 = ( GEOMETRIC_REPRESENTATION_CONTEXT(2) 
PARAMETRIC_REPRESENTATION_CONTEXT() REPRESENTATION_CONTEXT('2D SPACE',''
  ) );
#3086 = PCURVE('',#1526,#3087);
#3087 = DEFINITIONAL_REPRESENTATION('',(#3088),#3092);
#3088 = LINE('',#3089,#3090);
#3089 = CARTESIAN_POINT('',(0.86,0.));
#3090 = VECTOR('',#3091,1.);
#3091 = DIRECTION('',(0.,1.));
#3092 = ( GEOMETRIC_REPRESENTATION_CONTEXT(2) 
PARAMETRIC_REPRESENTATION_CONTEXT() REPRESENTATION_CONTEXT('2D SPACE',''
  ) );
#3093 = ORIENTED_EDGE('',*,*,#3094,.T.);
#3094 = EDGE_CURVE('',#3073,#2948,#3095,.T.);
#3095 = SURFACE_CURVE('',#3096,(#3100,#3106),.PCURVE_S1.);
#3096 = LINE('',#3097,#3098);
#3097 = CARTESIAN_POINT('',(0.325,0.325,4.18));
#3098 = VECTOR('',#3099,1.);
#3099 = DIRECTION('',(1.,0.,0.));
#3100 = PCURVE('',#1501,#3101);
#3101 = DEFINITIONAL_REPRESENTATION('',(#3102),#3105);
#3102 = B_SPLINE_CURVE_WITH_KNOTS('',1,(#3103,#3104),.UNSPECIFIED.,.F.,
  .F.,(2,2),(0.,0.62),.PIECEWISE_BEZIER_KNOTS.);
#3103 = CARTESIAN_POINT('',(0.,0.));
#3104 = CARTESIAN_POINT('',(0.86,0.));
#3105 = ( GEOMETRIC_REPRESENTATION_CONTEXT(2) 
PARAMETRIC_REPRESENTATION_CONTEXT() REPRESENTATION_CONTEXT('2D SPACE',''
  ) );
#3106 = PCURVE('',#3107,#3112);
#3107 = PLANE('',#3108);
#3108 = AXIS2_PLACEMENT_3D('',#3109,#3110,#3111);
#3109 = CARTESIAN_POINT('',(0.325,0.325,2.5));
#3110 = DIRECTION('',(-0.,1.,0.));
#3111 = DIRECTION('',(0.,0.,1.));
#3112 = DEFINITIONAL_REPRESENTATION('',(#3113),#3117);
#3113 = LINE('',#3114,#3115);
#3114 = CARTESIAN_POINT('',(1.68,0.));
#3115 = VECTOR('',#3116,1.);
#3116 = DIRECTION('',(0.,1.));
#3117 = ( GEOMETRIC_REPRESENTATION_CONTEXT(2) 
PARAMETRIC_REPRESENTATION_CONTEXT() REPRESENTATION_CONTEXT('2D SPACE',''
  ) );
#3118 = ORIENTED_EDGE('',*,*,#2947,.T.);
#3119 = ORIENTED_EDGE('',*,*,#1487,.T.);
#3120 = ADVANCED_FACE('',(#3121),#1526,.F.);
#3121 = FACE_BOUND('',#3122,.F.);
#3122 = EDGE_LOOP('',(#3123,#3124,#3149,#3150));
#3123 = ORIENTED_EDGE('',*,*,#3048,.F.);
#3124 = ORIENTED_EDGE('',*,*,#3125,.T.);
#3125 = EDGE_CURVE('',#3022,#3073,#3126,.T.);
#3126 = SURFACE_CURVE('',#3127,(#3131,#3137),.PCURVE_S1.);
#3127 = LINE('',#3128,#3129);
#3128 = CARTESIAN_POINT('',(0.325,0.945,4.18));
#3129 = VECTOR('',#3130,1.);
#3130 = DIRECTION('',(0.,-1.,0.));
#3131 = PCURVE('',#1526,#3132);
#3132 = DEFINITIONAL_REPRESENTATION('',(#3133),#3136);
#3133 = B_SPLINE_CURVE_WITH_KNOTS('',1,(#3134,#3135),.UNSPECIFIED.,.F.,
  .F.,(2,2),(0.,0.62),.PIECEWISE_BEZIER_KNOTS.);
#3134 = CARTESIAN_POINT('',(0.,0.));
#3135 = CARTESIAN_POINT('',(0.86,0.));
#3136 = ( GEOMETRIC_REPRESENTATION_CONTEXT(2) 
PARAMETRIC_REPRESENTATION_CONTEXT() REPRESENTATION_CONTEXT('2D SPACE',''
  ) );
#3137 = PCURVE('',#3138,#3143);
#3138 = PLANE('',#3139);
#3139 = AXIS2_PLACEMENT_3D('',#3140,#3141,#3142);
#3140 = CARTESIAN_POINT('',(0.325,0.325,2.5));
#3141 = DIRECTION('',(1.,0.,-0.));
#3142 = DIRECTION('',(0.,0.,1.));
#3143 = DEFINITIONAL_REPRESENTATION('',(#3144),#3148);
#3144 = LINE('',#3145,#3146);
#3145 = CARTESIAN_POINT('',(1.68,-0.62));
#3146 = VECTOR('',#3147,1.);
#3147 = DIRECTION('',(0.,1.));
#3148 = ( GEOMETRIC_REPRESENTATION_CONTEXT(2) 
PARAMETRIC_REPRESENTATION_CONTEXT() REPRESENTATION_CONTEXT('2D SPACE',''
  ) );
#3149 = ORIENTED_EDGE('',*,*,#3072,.T.);
#3150 = ORIENTED_EDGE('',*,*,#1512,.T.);
#3151 = ADVANCED_FACE('',(#3152),#1578,.F.);
#3152 = FACE_BOUND('',#3153,.F.);
#3153 = EDGE_LOOP('',(#3154,#3176,#3203,#3223));
#3154 = ORIENTED_EDGE('',*,*,#3155,.F.);
#3155 = EDGE_CURVE('',#3156,#1565,#3158,.T.);
#3156 = VERTEX_POINT('',#3157);
#3157 = CARTESIAN_POINT('',(2.215,0.325,4.18));
#3158 = SURFACE_CURVE('',#3159,(#3162,#3169),.PCURVE_S1.);
#3159 = B_SPLINE_CURVE_WITH_KNOTS('',1,(#3160,#3161),.UNSPECIFIED.,.F.,
  .F.,(2,2),(0.,1.),.PIECEWISE_BEZIER_KNOTS.);
#3160 = CARTESIAN_POINT('',(2.215,0.325,4.18));
#3161 = CARTESIAN_POINT('',(2.335,0.205,4.301));
#3162 = PCURVE('',#1578,#3163);
#3163 = DEFINITIONAL_REPRESENTATION('',(#3164),#3168);
#3164 = LINE('',#3165,#3166);
#3165 = CARTESIAN_POINT('',(0.,0.));
#3166 = VECTOR('',#3167,1.);
#3167 = DIRECTION('',(0.,1.));
#3168 = ( GEOMETRIC_REPRESENTATION_CONTEXT(2) 
PARAMETRIC_REPRESENTATION_CONTEXT() REPRESENTATION_CONTEXT('2D SPACE',''
  ) );
#3169 = PCURVE('',#1603,#3170);
#3170 = DEFINITIONAL_REPRESENTATION('',(#3171),#3175);
#3171 = LINE('',#3172,#3173);
#3172 = CARTESIAN_POINT('',(0.86,0.));
#3173 = VECTOR('',#3174,1.);
#3174 = DIRECTION('',(0.,1.));
#3175 = ( GEOMETRIC_REPRESENTATION_CONTEXT(2) 
PARAMETRIC_REPRESENTATION_CONTEXT() REPRESENTATION_CONTEXT('2D SPACE',''
  ) );
#3176 = ORIENTED_EDGE('',*,*,#3177,.T.);
#3177 = EDGE_CURVE('',#3156,#3178,#3180,.T.);
#3178 = VERTEX_POINT('',#3179);
#3179 = CARTESIAN_POINT('',(2.215,0.945,4.18));
#3180 = SURFACE_CURVE('',#3181,(#3185,#3191),.PCURVE_S1.);
#3181 = LINE('',#3182,#3183);
#3182 = CARTESIAN_POINT('',(2.215,0.325,4.18));
#3183 = VECTOR('',#3184,1.);
#3184 = DIRECTION('',(0.,1.,0.));
#3185 = PCURVE('',#1578,#3186);
#3186 = DEFINITIONAL_REPRESENTATION('',(#3187),#3190);
#3187 = B_SPLINE_CURVE_WITH_KNOTS('',1,(#3188,#3189),.UNSPECIFIED.,.F.,
  .F.,(2,2),(0.,0.62),.PIECEWISE_BEZIER_KNOTS.);
#3188 = CARTESIAN_POINT('',(0.,0.));
#3189 = CARTESIAN_POINT('',(0.86,0.));
#3190 = ( GEOMETRIC_REPRESENTATION_CONTEXT(2) 
PARAMETRIC_REPRESENTATION_CONTEXT() REPRESENTATION_CONTEXT('2D SPACE',''
  ) );
#3191 = PCURVE('',#3192,#3197);
#3192 = PLANE('',#3193);
#3193 = AXIS2_PLACEMENT_3D('',#3194,#3195,#3196);
#3194 = CARTESIAN_POINT('',(2.215,0.325,2.5));
#3195 = DIRECTION('',(1.,0.,-0.));
#3196 = DIRECTION('',(0.,0.,1.));
#3197 = DEFINITIONAL_REPRESENTATION('',(#3198),#3202);
#3198 = LINE('',#3199,#3200);
#3199 = CARTESIAN_POINT('',(1.68,0.));
#3200 = VECTOR('',#3201,1.);
#3201 = DIRECTION('',(0.,-1.));
#3202 = ( GEOMETRIC_REPRESENTATION_CONTEXT(2) 
PARAMETRIC_REPRESENTATION_CONTEXT() REPRESENTATION_CONTEXT('2D SPACE',''
  ) );
#3203 = ORIENTED_EDGE('',*,*,#3204,.T.);
#3204 = EDGE_CURVE('',#3178,#1563,#3205,.T.);
#3205 = SURFACE_CURVE('',#3206,(#3209,#3216),.PCURVE_S1.);
#3206 = B_SPLINE_CURVE_WITH_KNOTS('',1,(#3207,#3208),.UNSPECIFIED.,.F.,
  .F.,(2,2),(0.,1.),.PIECEWISE_BEZIER_KNOTS.);
#3207 = CARTESIAN_POINT('',(2.215,0.945,4.18));
#3208 = CARTESIAN_POINT('',(2.335,1.065,4.301));
#3209 = PCURVE('',#1578,#3210);
#3210 = DEFINITIONAL_REPRESENTATION('',(#3211),#3215);
#3211 = LINE('',#3212,#3213);
#3212 = CARTESIAN_POINT('',(0.86,0.));
#3213 = VECTOR('',#3214,1.);
#3214 = DIRECTION('',(0.,1.));
#3215 = ( GEOMETRIC_REPRESENTATION_CONTEXT(2) 
PARAMETRIC_REPRESENTATION_CONTEXT() REPRESENTATION_CONTEXT('2D SPACE',''
  ) );
#3216 = PCURVE('',#1651,#3217);
#3217 = DEFINITIONAL_REPRESENTATION('',(#3218),#3222);
#3218 = LINE('',#3219,#3220);
#3219 = CARTESIAN_POINT('',(0.,0.));
#3220 = VECTOR('',#3221,1.);
#3221 = DIRECTION('',(0.,1.));
#3222 = ( GEOMETRIC_REPRESENTATION_CONTEXT(2) 
PARAMETRIC_REPRESENTATION_CONTEXT() REPRESENTATION_CONTEXT('2D SPACE',''
  ) );
#3223 = ORIENTED_EDGE('',*,*,#1562,.T.);
#3224 = ADVANCED_FACE('',(#3225),#1651,.F.);
#3225 = FACE_BOUND('',#3226,.F.);
#3226 = EDGE_LOOP('',(#3227,#3228,#3255,#3275));
#3227 = ORIENTED_EDGE('',*,*,#3204,.F.);
#3228 = ORIENTED_EDGE('',*,*,#3229,.T.);
#3229 = EDGE_CURVE('',#3178,#3230,#3232,.T.);
#3230 = VERTEX_POINT('',#3231);
#3231 = CARTESIAN_POINT('',(1.595,0.945,4.18));
#3232 = SURFACE_CURVE('',#3233,(#3237,#3243),.PCURVE_S1.);
#3233 = LINE('',#3234,#3235);
#3234 = CARTESIAN_POINT('',(2.215,0.945,4.18));
#3235 = VECTOR('',#3236,1.);
#3236 = DIRECTION('',(-1.,0.,0.));
#3237 = PCURVE('',#1651,#3238);
#3238 = DEFINITIONAL_REPRESENTATION('',(#3239),#3242);
#3239 = B_SPLINE_CURVE_WITH_KNOTS('',1,(#3240,#3241),.UNSPECIFIED.,.F.,
  .F.,(2,2),(0.,0.62),.PIECEWISE_BEZIER_KNOTS.);
#3240 = CARTESIAN_POINT('',(0.,0.));
#3241 = CARTESIAN_POINT('',(0.86,0.));
#3242 = ( GEOMETRIC_REPRESENTATION_CONTEXT(2) 
PARAMETRIC_REPRESENTATION_CONTEXT() REPRESENTATION_CONTEXT('2D SPACE',''
  ) );
#3243 = PCURVE('',#3244,#3249);
#3244 = PLANE('',#3245);
#3245 = AXIS2_PLACEMENT_3D('',#3246,#3247,#3248);
#3246 = CARTESIAN_POINT('',(1.595,0.945,2.5));
#3247 = DIRECTION('',(-0.,1.,0.));
#3248 = DIRECTION('',(0.,0.,1.));
#3249 = DEFINITIONAL_REPRESENTATION('',(#3250),#3254);
#3250 = LINE('',#3251,#3252);
#3251 = CARTESIAN_POINT('',(1.68,0.62));
#3252 = VECTOR('',#3253,1.);
#3253 = DIRECTION('',(0.,-1.));
#3254 = ( GEOMETRIC_REPRESENTATION_CONTEXT(2) 
PARAMETRIC_REPRESENTATION_CONTEXT() REPRESENTATION_CONTEXT('2D SPACE',''
  ) );
#3255 = ORIENTED_EDGE('',*,*,#3256,.T.);
#3256 = EDGE_CURVE('',#3230,#1615,#3257,.T.);
#3257 = SURFACE_CURVE('',#3258,(#3261,#3268),.PCURVE_S1.);
#3258 = B_SPLINE_CURVE_WITH_KNOTS('',1,(#3259,#3260),.UNSPECIFIED.,.F.,
  .F.,(2,2),(0.,1.),.PIECEWISE_BEZIER_KNOTS.);
#3259 = CARTESIAN_POINT('',(1.595,0.945,4.18));
#3260 = CARTESIAN_POINT('',(1.475,1.065,4.301));
#3261 = PCURVE('',#1651,#3262);
#3262 = DEFINITIONAL_REPRESENTATION('',(#3263),#3267);
#3263 = LINE('',#3264,#3265);
#3264 = CARTESIAN_POINT('',(0.86,0.));
#3265 = VECTOR('',#3266,1.);
#3266 = DIRECTION('',(0.,1.));
#3267 = ( GEOMETRIC_REPRESENTATION_CONTEXT(2) 
PARAMETRIC_REPRESENTATION_CONTEXT() REPRESENTATION_CONTEXT('2D SPACE',''
  ) );
#3268 = PCURVE('',#1628,#3269);
#3269 = DEFINITIONAL_REPRESENTATION('',(#3270),#3274);
#3270 = LINE('',#3271,#3272);
#3271 = CARTESIAN_POINT('',(0.,0.));
#3272 = VECTOR('',#3273,1.);
#3273 = DIRECTION('',(0.,1.));
#3274 = ( GEOMETRIC_REPRESENTATION_CONTEXT(2) 
PARAMETRIC_REPRESENTATION_CONTEXT() REPRESENTATION_CONTEXT('2D SPACE',''
  ) );
#3275 = ORIENTED_EDGE('',*,*,#1639,.T.);
#3276 = ADVANCED_FACE('',(#3277),#1628,.F.);
#3277 = FACE_BOUND('',#3278,.F.);
#3278 = EDGE_LOOP('',(#3279,#3280,#3307,#3327));
#3279 = ORIENTED_EDGE('',*,*,#3256,.F.);
#3280 = ORIENTED_EDGE('',*,*,#3281,.T.);
#3281 = EDGE_CURVE('',#3230,#3282,#3284,.T.);
#3282 = VERTEX_POINT('',#3283);
#3283 = CARTESIAN_POINT('',(1.595,0.325,4.18));
#3284 = SURFACE_CURVE('',#3285,(#3289,#3295),.PCURVE_S1.);
#3285 = LINE('',#3286,#3287);
#3286 = CARTESIAN_POINT('',(1.595,0.945,4.18));
#3287 = VECTOR('',#3288,1.);
#3288 = DIRECTION('',(0.,-1.,0.));
#3289 = PCURVE('',#1628,#3290);
#3290 = DEFINITIONAL_REPRESENTATION('',(#3291),#3294);
#3291 = B_SPLINE_CURVE_WITH_KNOTS('',1,(#3292,#3293),.UNSPECIFIED.,.F.,
  .F.,(2,2),(0.,0.62),.PIECEWISE_BEZIER_KNOTS.);
#3292 = CARTESIAN_POINT('',(0.,0.));
#3293 = CARTESIAN_POINT('',(0.86,0.));
#3294 = ( GEOMETRIC_REPRESENTATION_CONTEXT(2) 
PARAMETRIC_REPRESENTATION_CONTEXT() REPRESENTATION_CONTEXT('2D SPACE',''
  ) );
#3295 = PCURVE('',#3296,#3301);
#3296 = PLANE('',#3297);
#3297 = AXIS2_PLACEMENT_3D('',#3298,#3299,#3300);
#3298 = CARTESIAN_POINT('',(1.595,0.325,2.5));
#3299 = DIRECTION('',(1.,0.,-0.));
#3300 = DIRECTION('',(0.,0.,1.));
#3301 = DEFINITIONAL_REPRESENTATION('',(#3302),#3306);
#3302 = LINE('',#3303,#3304);
#3303 = CARTESIAN_POINT('',(1.68,-0.62));
#3304 = VECTOR('',#3305,1.);
#3305 = DIRECTION('',(0.,1.));
#3306 = ( GEOMETRIC_REPRESENTATION_CONTEXT(2) 
PARAMETRIC_REPRESENTATION_CONTEXT() REPRESENTATION_CONTEXT('2D SPACE',''
  ) );
#3307 = ORIENTED_EDGE('',*,*,#3308,.T.);
#3308 = EDGE_CURVE('',#3282,#1590,#3309,.T.);
#3309 = SURFACE_CURVE('',#3310,(#3313,#3320),.PCURVE_S1.);
#3310 = B_SPLINE_CURVE_WITH_KNOTS('',1,(#3311,#3312),.UNSPECIFIED.,.F.,
  .F.,(2,2),(0.,1.),.PIECEWISE_BEZIER_KNOTS.);
#3311 = CARTESIAN_POINT('',(1.595,0.325,4.18));
#3312 = CARTESIAN_POINT('',(1.475,0.205,4.301));
#3313 = PCURVE('',#1628,#3314);
#3314 = DEFINITIONAL_REPRESENTATION('',(#3315),#3319);
#3315 = LINE('',#3316,#3317);
#3316 = CARTESIAN_POINT('',(0.86,0.));
#3317 = VECTOR('',#3318,1.);
#3318 = DIRECTION('',(0.,1.));
#3319 = ( GEOMETRIC_REPRESENTATION_CONTEXT(2) 
PARAMETRIC_REPRESENTATION_CONTEXT() REPRESENTATION_CONTEXT('2D SPACE',''
  ) );
#3320 = PCURVE('',#1603,#3321);
#3321 = DEFINITIONAL_REPRESENTATION('',(#3322),#3326);
#3322 = LINE('',#3323,#3324);
#3323 = CARTESIAN_POINT('',(0.,0.));
#3324 = VECTOR('',#3325,1.);
#3325 = DIRECTION('',(0.,1.));
#3326 = ( GEOMETRIC_REPRESENTATION_CONTEXT(2) 
PARAMETRIC_REPRESENTATION_CONTEXT() REPRESENTATION_CONTEXT('2D SPACE',''
  ) );
#3327 = ORIENTED_EDGE('',*,*,#1614,.T.);
#3328 = ADVANCED_FACE('',(#3329),#1603,.F.);
#3329 = FACE_BOUND('',#3330,.F.);
#3330 = EDGE_LOOP('',(#3331,#3332,#3357,#3358));
#3331 = ORIENTED_EDGE('',*,*,#3308,.F.);
#3332 = ORIENTED_EDGE('',*,*,#3333,.T.);
#3333 = EDGE_CURVE('',#3282,#3156,#3334,.T.);
#3334 = SURFACE_CURVE('',#3335,(#3339,#3345),.PCURVE_S1.);
#3335 = LINE('',#3336,#3337);
#3336 = CARTESIAN_POINT('',(1.595,0.325,4.18));
#3337 = VECTOR('',#3338,1.);
#3338 = DIRECTION('',(1.,0.,0.));
#3339 = PCURVE('',#1603,#3340);
#3340 = DEFINITIONAL_REPRESENTATION('',(#3341),#3344);
#3341 = B_SPLINE_CURVE_WITH_KNOTS('',1,(#3342,#3343),.UNSPECIFIED.,.F.,
  .F.,(2,2),(0.,0.62),.PIECEWISE_BEZIER_KNOTS.);
#3342 = CARTESIAN_POINT('',(0.,0.));
#3343 = CARTESIAN_POINT('',(0.86,0.));
#3344 = ( GEOMETRIC_REPRESENTATION_CONTEXT(2) 
PARAMETRIC_REPRESENTATION_CONTEXT() REPRESENTATION_CONTEXT('2D SPACE',''
  ) );
#3345 = PCURVE('',#3346,#3351);
#3346 = PLANE('',#3347);
#3347 = AXIS2_PLACEMENT_3D('',#3348,#3349,#3350);
#3348 = CARTESIAN_POINT('',(1.595,0.325,2.5));
#3349 = DIRECTION('',(-0.,1.,0.));
#3350 = DIRECTION('',(0.,0.,1.));
#3351 = DEFINITIONAL_REPRESENTATION('',(#3352),#3356);
#3352 = LINE('',#3353,#3354);
#3353 = CARTESIAN_POINT('',(1.68,0.));
#3354 = VECTOR('',#3355,1.);
#3355 = DIRECTION('',(0.,1.));
#3356 = ( GEOMETRIC_REPRESENTATION_CONTEXT(2) 
PARAMETRIC_REPRESENTATION_CONTEXT() REPRESENTATION_CONTEXT('2D SPACE',''
  ) );
#3357 = ORIENTED_EDGE('',*,*,#3155,.T.);
#3358 = ORIENTED_EDGE('',*,*,#1589,.T.);
#3359 = ADVANCED_FACE('',(#3360),#1736,.F.);
#3360 = FACE_BOUND('',#3361,.F.);
#3361 = EDGE_LOOP('',(#3362,#3385,#3413,#3434));
#3362 = ORIENTED_EDGE('',*,*,#3363,.F.);
#3363 = EDGE_CURVE('',#3364,#1700,#3366,.T.);
#3364 = VERTEX_POINT('',#3365);
#3365 = CARTESIAN_POINT('',(-1.595,-0.945,2.5));
#3366 = SURFACE_CURVE('',#3367,(#3371,#3378),.PCURVE_S1.);
#3367 = LINE('',#3368,#3369);
#3368 = CARTESIAN_POINT('',(-1.595,-0.945,2.5));
#3369 = VECTOR('',#3370,1.);
#3370 = DIRECTION('',(0.,0.,1.));
#3371 = PCURVE('',#1736,#3372);
#3372 = DEFINITIONAL_REPRESENTATION('',(#3373),#3377);
#3373 = LINE('',#3374,#3375);
#3374 = CARTESIAN_POINT('',(0.,0.));
#3375 = VECTOR('',#3376,1.);
#3376 = DIRECTION('',(1.,0.));
#3377 = ( GEOMETRIC_REPRESENTATION_CONTEXT(2) 
PARAMETRIC_REPRESENTATION_CONTEXT() REPRESENTATION_CONTEXT('2D SPACE',''
  ) );
#3378 = PCURVE('',#1859,#3379);
#3379 = DEFINITIONAL_REPRESENTATION('',(#3380),#3384);
#3380 = LINE('',#3381,#3382);
#3381 = CARTESIAN_POINT('',(0.,0.62));
#3382 = VECTOR('',#3383,1.);
#3383 = DIRECTION('',(1.,0.));
#3384 = ( GEOMETRIC_REPRESENTATION_CONTEXT(2) 
PARAMETRIC_REPRESENTATION_CONTEXT() REPRESENTATION_CONTEXT('2D SPACE',''
  ) );
#3385 = ORIENTED_EDGE('',*,*,#3386,.T.);
#3386 = EDGE_CURVE('',#3364,#3387,#3389,.T.);
#3387 = VERTEX_POINT('',#3388);
#3388 = CARTESIAN_POINT('',(-1.595,-0.325,2.5));
#3389 = SURFACE_CURVE('',#3390,(#3394,#3401),.PCURVE_S1.);
#3390 = LINE('',#3391,#3392);
#3391 = CARTESIAN_POINT('',(-1.595,-0.945,2.5));
#3392 = VECTOR('',#3393,1.);
#3393 = DIRECTION('',(-0.,1.,0.));
#3394 = PCURVE('',#1736,#3395);
#3395 = DEFINITIONAL_REPRESENTATION('',(#3396),#3400);
#3396 = LINE('',#3397,#3398);
#3397 = CARTESIAN_POINT('',(0.,0.));
#3398 = VECTOR('',#3399,1.);
#3399 = DIRECTION('',(0.,-1.));
#3400 = ( GEOMETRIC_REPRESENTATION_CONTEXT(2) 
PARAMETRIC_REPRESENTATION_CONTEXT() REPRESENTATION_CONTEXT('2D SPACE',''
  ) );
#3401 = PCURVE('',#3402,#3407);
#3402 = PLANE('',#3403);
#3403 = AXIS2_PLACEMENT_3D('',#3404,#3405,#3406);
#3404 = CARTESIAN_POINT('',(-2.215,-0.945,2.5));
#3405 = DIRECTION('',(0.,0.,1.));
#3406 = DIRECTION('',(1.,0.,-0.));
#3407 = DEFINITIONAL_REPRESENTATION('',(#3408),#3412);
#3408 = LINE('',#3409,#3410);
#3409 = CARTESIAN_POINT('',(0.62,0.));
#3410 = VECTOR('',#3411,1.);
#3411 = DIRECTION('',(0.,1.));
#3412 = ( GEOMETRIC_REPRESENTATION_CONTEXT(2) 
PARAMETRIC_REPRESENTATION_CONTEXT() REPRESENTATION_CONTEXT('2D SPACE',''
  ) );
#3413 = ORIENTED_EDGE('',*,*,#3414,.T.);
#3414 = EDGE_CURVE('',#3387,#1722,#3415,.T.);
#3415 = SURFACE_CURVE('',#3416,(#3420,#3427),.PCURVE_S1.);
#3416 = LINE('',#3417,#3418);
#3417 = CARTESIAN_POINT('',(-1.595,-0.325,2.5));
#3418 = VECTOR('',#3419,1.);
#3419 = DIRECTION('',(0.,0.,1.));
#3420 = PCURVE('',#1736,#3421);
#3421 = DEFINITIONAL_REPRESENTATION('',(#3422),#3426);
#3422 = LINE('',#3423,#3424);
#3423 = CARTESIAN_POINT('',(0.,-0.62));
#3424 = VECTOR('',#3425,1.);
#3425 = DIRECTION('',(1.,0.));
#3426 = ( GEOMETRIC_REPRESENTATION_CONTEXT(2) 
PARAMETRIC_REPRESENTATION_CONTEXT() REPRESENTATION_CONTEXT('2D SPACE',''
  ) );
#3427 = PCURVE('',#1788,#3428);
#3428 = DEFINITIONAL_REPRESENTATION('',(#3429),#3433);
#3429 = LINE('',#3430,#3431);
#3430 = CARTESIAN_POINT('',(0.,0.62));
#3431 = VECTOR('',#3432,1.);
#3432 = DIRECTION('',(1.,0.));
#3433 = ( GEOMETRIC_REPRESENTATION_CONTEXT(2) 
PARAMETRIC_REPRESENTATION_CONTEXT() REPRESENTATION_CONTEXT('2D SPACE',''
  ) );
#3434 = ORIENTED_EDGE('',*,*,#1721,.F.);
#3435 = ADVANCED_FACE('',(#3436),#1788,.F.);
#3436 = FACE_BOUND('',#3437,.F.);
#3437 = EDGE_LOOP('',(#3438,#3439,#3462,#3483));
#3438 = ORIENTED_EDGE('',*,*,#3414,.F.);
#3439 = ORIENTED_EDGE('',*,*,#3440,.F.);
#3440 = EDGE_CURVE('',#3441,#3387,#3443,.T.);
#3441 = VERTEX_POINT('',#3442);
#3442 = CARTESIAN_POINT('',(-2.215,-0.325,2.5));
#3443 = SURFACE_CURVE('',#3444,(#3448,#3455),.PCURVE_S1.);
#3444 = LINE('',#3445,#3446);
#3445 = CARTESIAN_POINT('',(-2.215,-0.325,2.5));
#3446 = VECTOR('',#3447,1.);
#3447 = DIRECTION('',(1.,0.,-0.));
#3448 = PCURVE('',#1788,#3449);
#3449 = DEFINITIONAL_REPRESENTATION('',(#3450),#3454);
#3450 = LINE('',#3451,#3452);
#3451 = CARTESIAN_POINT('',(0.,0.));
#3452 = VECTOR('',#3453,1.);
#3453 = DIRECTION('',(0.,1.));
#3454 = ( GEOMETRIC_REPRESENTATION_CONTEXT(2) 
PARAMETRIC_REPRESENTATION_CONTEXT() REPRESENTATION_CONTEXT('2D SPACE',''
  ) );
#3455 = PCURVE('',#3402,#3456);
#3456 = DEFINITIONAL_REPRESENTATION('',(#3457),#3461);
#3457 = LINE('',#3458,#3459);
#3458 = CARTESIAN_POINT('',(0.,0.62));
#3459 = VECTOR('',#3460,1.);
#3460 = DIRECTION('',(1.,0.));
#3461 = ( GEOMETRIC_REPRESENTATION_CONTEXT(2) 
PARAMETRIC_REPRESENTATION_CONTEXT() REPRESENTATION_CONTEXT('2D SPACE',''
  ) );
#3462 = ORIENTED_EDGE('',*,*,#3463,.T.);
#3463 = EDGE_CURVE('',#3441,#1774,#3464,.T.);
#3464 = SURFACE_CURVE('',#3465,(#3469,#3476),.PCURVE_S1.);
#3465 = LINE('',#3466,#3467);
#3466 = CARTESIAN_POINT('',(-2.215,-0.325,2.5));
#3467 = VECTOR('',#3468,1.);
#3468 = DIRECTION('',(0.,0.,1.));
#3469 = PCURVE('',#1788,#3470);
#3470 = DEFINITIONAL_REPRESENTATION('',(#3471),#3475);
#3471 = LINE('',#3472,#3473);
#3472 = CARTESIAN_POINT('',(0.,0.));
#3473 = VECTOR('',#3474,1.);
#3474 = DIRECTION('',(1.,0.));
#3475 = ( GEOMETRIC_REPRESENTATION_CONTEXT(2) 
PARAMETRIC_REPRESENTATION_CONTEXT() REPRESENTATION_CONTEXT('2D SPACE',''
  ) );
#3476 = PCURVE('',#1890,#3477);
#3477 = DEFINITIONAL_REPRESENTATION('',(#3478),#3482);
#3478 = LINE('',#3479,#3480);
#3479 = CARTESIAN_POINT('',(0.,-0.62));
#3480 = VECTOR('',#3481,1.);
#3481 = DIRECTION('',(1.,0.));
#3482 = ( GEOMETRIC_REPRESENTATION_CONTEXT(2) 
PARAMETRIC_REPRESENTATION_CONTEXT() REPRESENTATION_CONTEXT('2D SPACE',''
  ) );
#3483 = ORIENTED_EDGE('',*,*,#1773,.F.);
#3484 = ADVANCED_FACE('',(#3485),#1859,.T.);
#3485 = FACE_BOUND('',#3486,.T.);
#3486 = EDGE_LOOP('',(#3487,#3488,#3511,#3532));
#3487 = ORIENTED_EDGE('',*,*,#3363,.F.);
#3488 = ORIENTED_EDGE('',*,*,#3489,.F.);
#3489 = EDGE_CURVE('',#3490,#3364,#3492,.T.);
#3490 = VERTEX_POINT('',#3491);
#3491 = CARTESIAN_POINT('',(-2.215,-0.945,2.5));
#3492 = SURFACE_CURVE('',#3493,(#3497,#3504),.PCURVE_S1.);
#3493 = LINE('',#3494,#3495);
#3494 = CARTESIAN_POINT('',(-2.215,-0.945,2.5));
#3495 = VECTOR('',#3496,1.);
#3496 = DIRECTION('',(1.,0.,-0.));
#3497 = PCURVE('',#1859,#3498);
#3498 = DEFINITIONAL_REPRESENTATION('',(#3499),#3503);
#3499 = LINE('',#3500,#3501);
#3500 = CARTESIAN_POINT('',(0.,0.));
#3501 = VECTOR('',#3502,1.);
#3502 = DIRECTION('',(0.,1.));
#3503 = ( GEOMETRIC_REPRESENTATION_CONTEXT(2) 
PARAMETRIC_REPRESENTATION_CONTEXT() REPRESENTATION_CONTEXT('2D SPACE',''
  ) );
#3504 = PCURVE('',#3402,#3505);
#3505 = DEFINITIONAL_REPRESENTATION('',(#3506),#3510);
#3506 = LINE('',#3507,#3508);
#3507 = CARTESIAN_POINT('',(0.,0.));
#3508 = VECTOR('',#3509,1.);
#3509 = DIRECTION('',(1.,0.));
#3510 = ( GEOMETRIC_REPRESENTATION_CONTEXT(2) 
PARAMETRIC_REPRESENTATION_CONTEXT() REPRESENTATION_CONTEXT('2D SPACE',''
  ) );
#3511 = ORIENTED_EDGE('',*,*,#3512,.T.);
#3512 = EDGE_CURVE('',#3490,#1825,#3513,.T.);
#3513 = SURFACE_CURVE('',#3514,(#3518,#3525),.PCURVE_S1.);
#3514 = LINE('',#3515,#3516);
#3515 = CARTESIAN_POINT('',(-2.215,-0.945,2.5));
#3516 = VECTOR('',#3517,1.);
#3517 = DIRECTION('',(0.,0.,1.));
#3518 = PCURVE('',#1859,#3519);
#3519 = DEFINITIONAL_REPRESENTATION('',(#3520),#3524);
#3520 = LINE('',#3521,#3522);
#3521 = CARTESIAN_POINT('',(0.,0.));
#3522 = VECTOR('',#3523,1.);
#3523 = DIRECTION('',(1.,0.));
#3524 = ( GEOMETRIC_REPRESENTATION_CONTEXT(2) 
PARAMETRIC_REPRESENTATION_CONTEXT() REPRESENTATION_CONTEXT('2D SPACE',''
  ) );
#3525 = PCURVE('',#1890,#3526);
#3526 = DEFINITIONAL_REPRESENTATION('',(#3527),#3531);
#3527 = LINE('',#3528,#3529);
#3528 = CARTESIAN_POINT('',(0.,0.));
#3529 = VECTOR('',#3530,1.);
#3530 = DIRECTION('',(1.,0.));
#3531 = ( GEOMETRIC_REPRESENTATION_CONTEXT(2) 
PARAMETRIC_REPRESENTATION_CONTEXT() REPRESENTATION_CONTEXT('2D SPACE',''
  ) );
#3532 = ORIENTED_EDGE('',*,*,#1846,.T.);
#3533 = ADVANCED_FACE('',(#3534),#1890,.T.);
#3534 = FACE_BOUND('',#3535,.T.);
#3535 = EDGE_LOOP('',(#3536,#3537,#3558,#3559));
#3536 = ORIENTED_EDGE('',*,*,#3512,.F.);
#3537 = ORIENTED_EDGE('',*,*,#3538,.T.);
#3538 = EDGE_CURVE('',#3490,#3441,#3539,.T.);
#3539 = SURFACE_CURVE('',#3540,(#3544,#3551),.PCURVE_S1.);
#3540 = LINE('',#3541,#3542);
#3541 = CARTESIAN_POINT('',(-2.215,-0.945,2.5));
#3542 = VECTOR('',#3543,1.);
#3543 = DIRECTION('',(-0.,1.,0.));
#3544 = PCURVE('',#1890,#3545);
#3545 = DEFINITIONAL_REPRESENTATION('',(#3546),#3550);
#3546 = LINE('',#3547,#3548);
#3547 = CARTESIAN_POINT('',(0.,0.));
#3548 = VECTOR('',#3549,1.);
#3549 = DIRECTION('',(0.,-1.));
#3550 = ( GEOMETRIC_REPRESENTATION_CONTEXT(2) 
PARAMETRIC_REPRESENTATION_CONTEXT() REPRESENTATION_CONTEXT('2D SPACE',''
  ) );
#3551 = PCURVE('',#3402,#3552);
#3552 = DEFINITIONAL_REPRESENTATION('',(#3553),#3557);
#3553 = LINE('',#3554,#3555);
#3554 = CARTESIAN_POINT('',(0.,0.));
#3555 = VECTOR('',#3556,1.);
#3556 = DIRECTION('',(0.,1.));
#3557 = ( GEOMETRIC_REPRESENTATION_CONTEXT(2) 
PARAMETRIC_REPRESENTATION_CONTEXT() REPRESENTATION_CONTEXT('2D SPACE',''
  ) );
#3558 = ORIENTED_EDGE('',*,*,#3463,.T.);
#3559 = ORIENTED_EDGE('',*,*,#1877,.T.);
#3560 = ADVANCED_FACE('',(#3561),#1944,.F.);
#3561 = FACE_BOUND('',#3562,.F.);
#3562 = EDGE_LOOP('',(#3563,#3586,#3614,#3635));
#3563 = ORIENTED_EDGE('',*,*,#3564,.F.);
#3564 = EDGE_CURVE('',#3565,#1908,#3567,.T.);
#3565 = VERTEX_POINT('',#3566);
#3566 = CARTESIAN_POINT('',(-0.325,-0.945,2.5));
#3567 = SURFACE_CURVE('',#3568,(#3572,#3579),.PCURVE_S1.);
#3568 = LINE('',#3569,#3570);
#3569 = CARTESIAN_POINT('',(-0.325,-0.945,2.5));
#3570 = VECTOR('',#3571,1.);
#3571 = DIRECTION('',(0.,0.,1.));
#3572 = PCURVE('',#1944,#3573);
#3573 = DEFINITIONAL_REPRESENTATION('',(#3574),#3578);
#3574 = LINE('',#3575,#3576);
#3575 = CARTESIAN_POINT('',(0.,0.));
#3576 = VECTOR('',#3577,1.);
#3577 = DIRECTION('',(1.,0.));
#3578 = ( GEOMETRIC_REPRESENTATION_CONTEXT(2) 
PARAMETRIC_REPRESENTATION_CONTEXT() REPRESENTATION_CONTEXT('2D SPACE',''
  ) );
#3579 = PCURVE('',#2067,#3580);
#3580 = DEFINITIONAL_REPRESENTATION('',(#3581),#3585);
#3581 = LINE('',#3582,#3583);
#3582 = CARTESIAN_POINT('',(0.,0.62));
#3583 = VECTOR('',#3584,1.);
#3584 = DIRECTION('',(1.,0.));
#3585 = ( GEOMETRIC_REPRESENTATION_CONTEXT(2) 
PARAMETRIC_REPRESENTATION_CONTEXT() REPRESENTATION_CONTEXT('2D SPACE',''
  ) );
#3586 = ORIENTED_EDGE('',*,*,#3587,.T.);
#3587 = EDGE_CURVE('',#3565,#3588,#3590,.T.);
#3588 = VERTEX_POINT('',#3589);
#3589 = CARTESIAN_POINT('',(-0.325,-0.325,2.5));
#3590 = SURFACE_CURVE('',#3591,(#3595,#3602),.PCURVE_S1.);
#3591 = LINE('',#3592,#3593);
#3592 = CARTESIAN_POINT('',(-0.325,-0.945,2.5));
#3593 = VECTOR('',#3594,1.);
#3594 = DIRECTION('',(-0.,1.,0.));
#3595 = PCURVE('',#1944,#3596);
#3596 = DEFINITIONAL_REPRESENTATION('',(#3597),#3601);
#3597 = LINE('',#3598,#3599);
#3598 = CARTESIAN_POINT('',(0.,0.));
#3599 = VECTOR('',#3600,1.);
#3600 = DIRECTION('',(0.,-1.));
#3601 = ( GEOMETRIC_REPRESENTATION_CONTEXT(2) 
PARAMETRIC_REPRESENTATION_CONTEXT() REPRESENTATION_CONTEXT('2D SPACE',''
  ) );
#3602 = PCURVE('',#3603,#3608);
#3603 = PLANE('',#3604);
#3604 = AXIS2_PLACEMENT_3D('',#3605,#3606,#3607);
#3605 = CARTESIAN_POINT('',(-0.945,-0.945,2.5));
#3606 = DIRECTION('',(0.,0.,1.));
#3607 = DIRECTION('',(1.,0.,-0.));
#3608 = DEFINITIONAL_REPRESENTATION('',(#3609),#3613);
#3609 = LINE('',#3610,#3611);
#3610 = CARTESIAN_POINT('',(0.62,0.));
#3611 = VECTOR('',#3612,1.);
#3612 = DIRECTION('',(0.,1.));
#3613 = ( GEOMETRIC_REPRESENTATION_CONTEXT(2) 
PARAMETRIC_REPRESENTATION_CONTEXT() REPRESENTATION_CONTEXT('2D SPACE',''
  ) );
#3614 = ORIENTED_EDGE('',*,*,#3615,.T.);
#3615 = EDGE_CURVE('',#3588,#1930,#3616,.T.);
#3616 = SURFACE_CURVE('',#3617,(#3621,#3628),.PCURVE_S1.);
#3617 = LINE('',#3618,#3619);
#3618 = CARTESIAN_POINT('',(-0.325,-0.325,2.5));
#3619 = VECTOR('',#3620,1.);
#3620 = DIRECTION('',(0.,0.,1.));
#3621 = PCURVE('',#1944,#3622);
#3622 = DEFINITIONAL_REPRESENTATION('',(#3623),#3627);
#3623 = LINE('',#3624,#3625);
#3624 = CARTESIAN_POINT('',(0.,-0.62));
#3625 = VECTOR('',#3626,1.);
#3626 = DIRECTION('',(1.,0.));
#3627 = ( GEOMETRIC_REPRESENTATION_CONTEXT(2) 
PARAMETRIC_REPRESENTATION_CONTEXT() REPRESENTATION_CONTEXT('2D SPACE',''
  ) );
#3628 = PCURVE('',#1996,#3629);
#3629 = DEFINITIONAL_REPRESENTATION('',(#3630),#3634);
#3630 = LINE('',#3631,#3632);
#3631 = CARTESIAN_POINT('',(0.,0.62));
#3632 = VECTOR('',#3633,1.);
#3633 = DIRECTION('',(1.,0.));
#3634 = ( GEOMETRIC_REPRESENTATION_CONTEXT(2) 
PARAMETRIC_REPRESENTATION_CONTEXT() REPRESENTATION_CONTEXT('2D SPACE',''
  ) );
#3635 = ORIENTED_EDGE('',*,*,#1929,.F.);
#3636 = ADVANCED_FACE('',(#3637),#1996,.F.);
#3637 = FACE_BOUND('',#3638,.F.);
#3638 = EDGE_LOOP('',(#3639,#3640,#3663,#3684));
#3639 = ORIENTED_EDGE('',*,*,#3615,.F.);
#3640 = ORIENTED_EDGE('',*,*,#3641,.F.);
#3641 = EDGE_CURVE('',#3642,#3588,#3644,.T.);
#3642 = VERTEX_POINT('',#3643);
#3643 = CARTESIAN_POINT('',(-0.945,-0.325,2.5));
#3644 = SURFACE_CURVE('',#3645,(#3649,#3656),.PCURVE_S1.);
#3645 = LINE('',#3646,#3647);
#3646 = CARTESIAN_POINT('',(-0.945,-0.325,2.5));
#3647 = VECTOR('',#3648,1.);
#3648 = DIRECTION('',(1.,0.,-0.));
#3649 = PCURVE('',#1996,#3650);
#3650 = DEFINITIONAL_REPRESENTATION('',(#3651),#3655);
#3651 = LINE('',#3652,#3653);
#3652 = CARTESIAN_POINT('',(0.,0.));
#3653 = VECTOR('',#3654,1.);
#3654 = DIRECTION('',(0.,1.));
#3655 = ( GEOMETRIC_REPRESENTATION_CONTEXT(2) 
PARAMETRIC_REPRESENTATION_CONTEXT() REPRESENTATION_CONTEXT('2D SPACE',''
  ) );
#3656 = PCURVE('',#3603,#3657);
#3657 = DEFINITIONAL_REPRESENTATION('',(#3658),#3662);
#3658 = LINE('',#3659,#3660);
#3659 = CARTESIAN_POINT('',(0.,0.62));
#3660 = VECTOR('',#3661,1.);
#3661 = DIRECTION('',(1.,0.));
#3662 = ( GEOMETRIC_REPRESENTATION_CONTEXT(2) 
PARAMETRIC_REPRESENTATION_CONTEXT() REPRESENTATION_CONTEXT('2D SPACE',''
  ) );
#3663 = ORIENTED_EDGE('',*,*,#3664,.T.);
#3664 = EDGE_CURVE('',#3642,#1982,#3665,.T.);
#3665 = SURFACE_CURVE('',#3666,(#3670,#3677),.PCURVE_S1.);
#3666 = LINE('',#3667,#3668);
#3667 = CARTESIAN_POINT('',(-0.945,-0.325,2.5));
#3668 = VECTOR('',#3669,1.);
#3669 = DIRECTION('',(0.,0.,1.));
#3670 = PCURVE('',#1996,#3671);
#3671 = DEFINITIONAL_REPRESENTATION('',(#3672),#3676);
#3672 = LINE('',#3673,#3674);
#3673 = CARTESIAN_POINT('',(0.,0.));
#3674 = VECTOR('',#3675,1.);
#3675 = DIRECTION('',(1.,0.));
#3676 = ( GEOMETRIC_REPRESENTATION_CONTEXT(2) 
PARAMETRIC_REPRESENTATION_CONTEXT() REPRESENTATION_CONTEXT('2D SPACE',''
  ) );
#3677 = PCURVE('',#2098,#3678);
#3678 = DEFINITIONAL_REPRESENTATION('',(#3679),#3683);
#3679 = LINE('',#3680,#3681);
#3680 = CARTESIAN_POINT('',(0.,-0.62));
#3681 = VECTOR('',#3682,1.);
#3682 = DIRECTION('',(1.,0.));
#3683 = ( GEOMETRIC_REPRESENTATION_CONTEXT(2) 
PARAMETRIC_REPRESENTATION_CONTEXT() REPRESENTATION_CONTEXT('2D SPACE',''
  ) );
#3684 = ORIENTED_EDGE('',*,*,#1981,.F.);
#3685 = ADVANCED_FACE('',(#3686),#2067,.T.);
#3686 = FACE_BOUND('',#3687,.T.);
#3687 = EDGE_LOOP('',(#3688,#3689,#3712,#3733));
#3688 = ORIENTED_EDGE('',*,*,#3564,.F.);
#3689 = ORIENTED_EDGE('',*,*,#3690,.F.);
#3690 = EDGE_CURVE('',#3691,#3565,#3693,.T.);
#3691 = VERTEX_POINT('',#3692);
#3692 = CARTESIAN_POINT('',(-0.945,-0.945,2.5));
#3693 = SURFACE_CURVE('',#3694,(#3698,#3705),.PCURVE_S1.);
#3694 = LINE('',#3695,#3696);
#3695 = CARTESIAN_POINT('',(-0.945,-0.945,2.5));
#3696 = VECTOR('',#3697,1.);
#3697 = DIRECTION('',(1.,0.,-0.));
#3698 = PCURVE('',#2067,#3699);
#3699 = DEFINITIONAL_REPRESENTATION('',(#3700),#3704);
#3700 = LINE('',#3701,#3702);
#3701 = CARTESIAN_POINT('',(0.,0.));
#3702 = VECTOR('',#3703,1.);
#3703 = DIRECTION('',(0.,1.));
#3704 = ( GEOMETRIC_REPRESENTATION_CONTEXT(2) 
PARAMETRIC_REPRESENTATION_CONTEXT() REPRESENTATION_CONTEXT('2D SPACE',''
  ) );
#3705 = PCURVE('',#3603,#3706);
#3706 = DEFINITIONAL_REPRESENTATION('',(#3707),#3711);
#3707 = LINE('',#3708,#3709);
#3708 = CARTESIAN_POINT('',(0.,0.));
#3709 = VECTOR('',#3710,1.);
#3710 = DIRECTION('',(1.,0.));
#3711 = ( GEOMETRIC_REPRESENTATION_CONTEXT(2) 
PARAMETRIC_REPRESENTATION_CONTEXT() REPRESENTATION_CONTEXT('2D SPACE',''
  ) );
#3712 = ORIENTED_EDGE('',*,*,#3713,.T.);
#3713 = EDGE_CURVE('',#3691,#2033,#3714,.T.);
#3714 = SURFACE_CURVE('',#3715,(#3719,#3726),.PCURVE_S1.);
#3715 = LINE('',#3716,#3717);
#3716 = CARTESIAN_POINT('',(-0.945,-0.945,2.5));
#3717 = VECTOR('',#3718,1.);
#3718 = DIRECTION('',(0.,0.,1.));
#3719 = PCURVE('',#2067,#3720);
#3720 = DEFINITIONAL_REPRESENTATION('',(#3721),#3725);
#3721 = LINE('',#3722,#3723);
#3722 = CARTESIAN_POINT('',(0.,0.));
#3723 = VECTOR('',#3724,1.);
#3724 = DIRECTION('',(1.,0.));
#3725 = ( GEOMETRIC_REPRESENTATION_CONTEXT(2) 
PARAMETRIC_REPRESENTATION_CONTEXT() REPRESENTATION_CONTEXT('2D SPACE',''
  ) );
#3726 = PCURVE('',#2098,#3727);
#3727 = DEFINITIONAL_REPRESENTATION('',(#3728),#3732);
#3728 = LINE('',#3729,#3730);
#3729 = CARTESIAN_POINT('',(0.,0.));
#3730 = VECTOR('',#3731,1.);
#3731 = DIRECTION('',(1.,0.));
#3732 = ( GEOMETRIC_REPRESENTATION_CONTEXT(2) 
PARAMETRIC_REPRESENTATION_CONTEXT() REPRESENTATION_CONTEXT('2D SPACE',''
  ) );
#3733 = ORIENTED_EDGE('',*,*,#2054,.T.);
#3734 = ADVANCED_FACE('',(#3735),#2098,.T.);
#3735 = FACE_BOUND('',#3736,.T.);
#3736 = EDGE_LOOP('',(#3737,#3738,#3759,#3760));
#3737 = ORIENTED_EDGE('',*,*,#3713,.F.);
#3738 = ORIENTED_EDGE('',*,*,#3739,.T.);
#3739 = EDGE_CURVE('',#3691,#3642,#3740,.T.);
#3740 = SURFACE_CURVE('',#3741,(#3745,#3752),.PCURVE_S1.);
#3741 = LINE('',#3742,#3743);
#3742 = CARTESIAN_POINT('',(-0.945,-0.945,2.5));
#3743 = VECTOR('',#3744,1.);
#3744 = DIRECTION('',(-0.,1.,0.));
#3745 = PCURVE('',#2098,#3746);
#3746 = DEFINITIONAL_REPRESENTATION('',(#3747),#3751);
#3747 = LINE('',#3748,#3749);
#3748 = CARTESIAN_POINT('',(0.,0.));
#3749 = VECTOR('',#3750,1.);
#3750 = DIRECTION('',(0.,-1.));
#3751 = ( GEOMETRIC_REPRESENTATION_CONTEXT(2) 
PARAMETRIC_REPRESENTATION_CONTEXT() REPRESENTATION_CONTEXT('2D SPACE',''
  ) );
#3752 = PCURVE('',#3603,#3753);
#3753 = DEFINITIONAL_REPRESENTATION('',(#3754),#3758);
#3754 = LINE('',#3755,#3756);
#3755 = CARTESIAN_POINT('',(0.,0.));
#3756 = VECTOR('',#3757,1.);
#3757 = DIRECTION('',(0.,1.));
#3758 = ( GEOMETRIC_REPRESENTATION_CONTEXT(2) 
PARAMETRIC_REPRESENTATION_CONTEXT() REPRESENTATION_CONTEXT('2D SPACE',''
  ) );
#3759 = ORIENTED_EDGE('',*,*,#3664,.T.);
#3760 = ORIENTED_EDGE('',*,*,#2085,.T.);
#3761 = ADVANCED_FACE('',(#3762),#2152,.F.);
#3762 = FACE_BOUND('',#3763,.F.);
#3763 = EDGE_LOOP('',(#3764,#3787,#3815,#3836));
#3764 = ORIENTED_EDGE('',*,*,#3765,.F.);
#3765 = EDGE_CURVE('',#3766,#2116,#3768,.T.);
#3766 = VERTEX_POINT('',#3767);
#3767 = CARTESIAN_POINT('',(0.945,-0.945,2.5));
#3768 = SURFACE_CURVE('',#3769,(#3773,#3780),.PCURVE_S1.);
#3769 = LINE('',#3770,#3771);
#3770 = CARTESIAN_POINT('',(0.945,-0.945,2.5));
#3771 = VECTOR('',#3772,1.);
#3772 = DIRECTION('',(0.,0.,1.));
#3773 = PCURVE('',#2152,#3774);
#3774 = DEFINITIONAL_REPRESENTATION('',(#3775),#3779);
#3775 = LINE('',#3776,#3777);
#3776 = CARTESIAN_POINT('',(0.,0.));
#3777 = VECTOR('',#3778,1.);
#3778 = DIRECTION('',(1.,0.));
#3779 = ( GEOMETRIC_REPRESENTATION_CONTEXT(2) 
PARAMETRIC_REPRESENTATION_CONTEXT() REPRESENTATION_CONTEXT('2D SPACE',''
  ) );
#3780 = PCURVE('',#2275,#3781);
#3781 = DEFINITIONAL_REPRESENTATION('',(#3782),#3786);
#3782 = LINE('',#3783,#3784);
#3783 = CARTESIAN_POINT('',(0.,0.62));
#3784 = VECTOR('',#3785,1.);
#3785 = DIRECTION('',(1.,0.));
#3786 = ( GEOMETRIC_REPRESENTATION_CONTEXT(2) 
PARAMETRIC_REPRESENTATION_CONTEXT() REPRESENTATION_CONTEXT('2D SPACE',''
  ) );
#3787 = ORIENTED_EDGE('',*,*,#3788,.T.);
#3788 = EDGE_CURVE('',#3766,#3789,#3791,.T.);
#3789 = VERTEX_POINT('',#3790);
#3790 = CARTESIAN_POINT('',(0.945,-0.325,2.5));
#3791 = SURFACE_CURVE('',#3792,(#3796,#3803),.PCURVE_S1.);
#3792 = LINE('',#3793,#3794);
#3793 = CARTESIAN_POINT('',(0.945,-0.945,2.5));
#3794 = VECTOR('',#3795,1.);
#3795 = DIRECTION('',(-0.,1.,0.));
#3796 = PCURVE('',#2152,#3797);
#3797 = DEFINITIONAL_REPRESENTATION('',(#3798),#3802);
#3798 = LINE('',#3799,#3800);
#3799 = CARTESIAN_POINT('',(0.,0.));
#3800 = VECTOR('',#3801,1.);
#3801 = DIRECTION('',(0.,-1.));
#3802 = ( GEOMETRIC_REPRESENTATION_CONTEXT(2) 
PARAMETRIC_REPRESENTATION_CONTEXT() REPRESENTATION_CONTEXT('2D SPACE',''
  ) );
#3803 = PCURVE('',#3804,#3809);
#3804 = PLANE('',#3805);
#3805 = AXIS2_PLACEMENT_3D('',#3806,#3807,#3808);
#3806 = CARTESIAN_POINT('',(0.325,-0.945,2.5));
#3807 = DIRECTION('',(0.,0.,1.));
#3808 = DIRECTION('',(1.,0.,-0.));
#3809 = DEFINITIONAL_REPRESENTATION('',(#3810),#3814);
#3810 = LINE('',#3811,#3812);
#3811 = CARTESIAN_POINT('',(0.62,0.));
#3812 = VECTOR('',#3813,1.);
#3813 = DIRECTION('',(0.,1.));
#3814 = ( GEOMETRIC_REPRESENTATION_CONTEXT(2) 
PARAMETRIC_REPRESENTATION_CONTEXT() REPRESENTATION_CONTEXT('2D SPACE',''
  ) );
#3815 = ORIENTED_EDGE('',*,*,#3816,.T.);
#3816 = EDGE_CURVE('',#3789,#2138,#3817,.T.);
#3817 = SURFACE_CURVE('',#3818,(#3822,#3829),.PCURVE_S1.);
#3818 = LINE('',#3819,#3820);
#3819 = CARTESIAN_POINT('',(0.945,-0.325,2.5));
#3820 = VECTOR('',#3821,1.);
#3821 = DIRECTION('',(0.,0.,1.));
#3822 = PCURVE('',#2152,#3823);
#3823 = DEFINITIONAL_REPRESENTATION('',(#3824),#3828);
#3824 = LINE('',#3825,#3826);
#3825 = CARTESIAN_POINT('',(0.,-0.62));
#3826 = VECTOR('',#3827,1.);
#3827 = DIRECTION('',(1.,0.));
#3828 = ( GEOMETRIC_REPRESENTATION_CONTEXT(2) 
PARAMETRIC_REPRESENTATION_CONTEXT() REPRESENTATION_CONTEXT('2D SPACE',''
  ) );
#3829 = PCURVE('',#2204,#3830);
#3830 = DEFINITIONAL_REPRESENTATION('',(#3831),#3835);
#3831 = LINE('',#3832,#3833);
#3832 = CARTESIAN_POINT('',(0.,0.62));
#3833 = VECTOR('',#3834,1.);
#3834 = DIRECTION('',(1.,0.));
#3835 = ( GEOMETRIC_REPRESENTATION_CONTEXT(2) 
PARAMETRIC_REPRESENTATION_CONTEXT() REPRESENTATION_CONTEXT('2D SPACE',''
  ) );
#3836 = ORIENTED_EDGE('',*,*,#2137,.F.);
#3837 = ADVANCED_FACE('',(#3838),#2204,.F.);
#3838 = FACE_BOUND('',#3839,.F.);
#3839 = EDGE_LOOP('',(#3840,#3841,#3864,#3885));
#3840 = ORIENTED_EDGE('',*,*,#3816,.F.);
#3841 = ORIENTED_EDGE('',*,*,#3842,.F.);
#3842 = EDGE_CURVE('',#3843,#3789,#3845,.T.);
#3843 = VERTEX_POINT('',#3844);
#3844 = CARTESIAN_POINT('',(0.325,-0.325,2.5));
#3845 = SURFACE_CURVE('',#3846,(#3850,#3857),.PCURVE_S1.);
#3846 = LINE('',#3847,#3848);
#3847 = CARTESIAN_POINT('',(0.325,-0.325,2.5));
#3848 = VECTOR('',#3849,1.);
#3849 = DIRECTION('',(1.,0.,-0.));
#3850 = PCURVE('',#2204,#3851);
#3851 = DEFINITIONAL_REPRESENTATION('',(#3852),#3856);
#3852 = LINE('',#3853,#3854);
#3853 = CARTESIAN_POINT('',(0.,0.));
#3854 = VECTOR('',#3855,1.);
#3855 = DIRECTION('',(0.,1.));
#3856 = ( GEOMETRIC_REPRESENTATION_CONTEXT(2) 
PARAMETRIC_REPRESENTATION_CONTEXT() REPRESENTATION_CONTEXT('2D SPACE',''
  ) );
#3857 = PCURVE('',#3804,#3858);
#3858 = DEFINITIONAL_REPRESENTATION('',(#3859),#3863);
#3859 = LINE('',#3860,#3861);
#3860 = CARTESIAN_POINT('',(0.,0.62));
#3861 = VECTOR('',#3862,1.);
#3862 = DIRECTION('',(1.,0.));
#3863 = ( GEOMETRIC_REPRESENTATION_CONTEXT(2) 
PARAMETRIC_REPRESENTATION_CONTEXT() REPRESENTATION_CONTEXT('2D SPACE',''
  ) );
#3864 = ORIENTED_EDGE('',*,*,#3865,.T.);
#3865 = EDGE_CURVE('',#3843,#2190,#3866,.T.);
#3866 = SURFACE_CURVE('',#3867,(#3871,#3878),.PCURVE_S1.);
#3867 = LINE('',#3868,#3869);
#3868 = CARTESIAN_POINT('',(0.325,-0.325,2.5));
#3869 = VECTOR('',#3870,1.);
#3870 = DIRECTION('',(0.,0.,1.));
#3871 = PCURVE('',#2204,#3872);
#3872 = DEFINITIONAL_REPRESENTATION('',(#3873),#3877);
#3873 = LINE('',#3874,#3875);
#3874 = CARTESIAN_POINT('',(0.,0.));
#3875 = VECTOR('',#3876,1.);
#3876 = DIRECTION('',(1.,0.));
#3877 = ( GEOMETRIC_REPRESENTATION_CONTEXT(2) 
PARAMETRIC_REPRESENTATION_CONTEXT() REPRESENTATION_CONTEXT('2D SPACE',''
  ) );
#3878 = PCURVE('',#2306,#3879);
#3879 = DEFINITIONAL_REPRESENTATION('',(#3880),#3884);
#3880 = LINE('',#3881,#3882);
#3881 = CARTESIAN_POINT('',(0.,-0.62));
#3882 = VECTOR('',#3883,1.);
#3883 = DIRECTION('',(1.,0.));
#3884 = ( GEOMETRIC_REPRESENTATION_CONTEXT(2) 
PARAMETRIC_REPRESENTATION_CONTEXT() REPRESENTATION_CONTEXT('2D SPACE',''
  ) );
#3885 = ORIENTED_EDGE('',*,*,#2189,.F.);
#3886 = ADVANCED_FACE('',(#3887),#2275,.T.);
#3887 = FACE_BOUND('',#3888,.T.);
#3888 = EDGE_LOOP('',(#3889,#3890,#3913,#3934));
#3889 = ORIENTED_EDGE('',*,*,#3765,.F.);
#3890 = ORIENTED_EDGE('',*,*,#3891,.F.);
#3891 = EDGE_CURVE('',#3892,#3766,#3894,.T.);
#3892 = VERTEX_POINT('',#3893);
#3893 = CARTESIAN_POINT('',(0.325,-0.945,2.5));
#3894 = SURFACE_CURVE('',#3895,(#3899,#3906),.PCURVE_S1.);
#3895 = LINE('',#3896,#3897);
#3896 = CARTESIAN_POINT('',(0.325,-0.945,2.5));
#3897 = VECTOR('',#3898,1.);
#3898 = DIRECTION('',(1.,0.,-0.));
#3899 = PCURVE('',#2275,#3900);
#3900 = DEFINITIONAL_REPRESENTATION('',(#3901),#3905);
#3901 = LINE('',#3902,#3903);
#3902 = CARTESIAN_POINT('',(0.,0.));
#3903 = VECTOR('',#3904,1.);
#3904 = DIRECTION('',(0.,1.));
#3905 = ( GEOMETRIC_REPRESENTATION_CONTEXT(2) 
PARAMETRIC_REPRESENTATION_CONTEXT() REPRESENTATION_CONTEXT('2D SPACE',''
  ) );
#3906 = PCURVE('',#3804,#3907);
#3907 = DEFINITIONAL_REPRESENTATION('',(#3908),#3912);
#3908 = LINE('',#3909,#3910);
#3909 = CARTESIAN_POINT('',(0.,0.));
#3910 = VECTOR('',#3911,1.);
#3911 = DIRECTION('',(1.,0.));
#3912 = ( GEOMETRIC_REPRESENTATION_CONTEXT(2) 
PARAMETRIC_REPRESENTATION_CONTEXT() REPRESENTATION_CONTEXT('2D SPACE',''
  ) );
#3913 = ORIENTED_EDGE('',*,*,#3914,.T.);
#3914 = EDGE_CURVE('',#3892,#2241,#3915,.T.);
#3915 = SURFACE_CURVE('',#3916,(#3920,#3927),.PCURVE_S1.);
#3916 = LINE('',#3917,#3918);
#3917 = CARTESIAN_POINT('',(0.325,-0.945,2.5));
#3918 = VECTOR('',#3919,1.);
#3919 = DIRECTION('',(0.,0.,1.));
#3920 = PCURVE('',#2275,#3921);
#3921 = DEFINITIONAL_REPRESENTATION('',(#3922),#3926);
#3922 = LINE('',#3923,#3924);
#3923 = CARTESIAN_POINT('',(0.,0.));
#3924 = VECTOR('',#3925,1.);
#3925 = DIRECTION('',(1.,0.));
#3926 = ( GEOMETRIC_REPRESENTATION_CONTEXT(2) 
PARAMETRIC_REPRESENTATION_CONTEXT() REPRESENTATION_CONTEXT('2D SPACE',''
  ) );
#3927 = PCURVE('',#2306,#3928);
#3928 = DEFINITIONAL_REPRESENTATION('',(#3929),#3933);
#3929 = LINE('',#3930,#3931);
#3930 = CARTESIAN_POINT('',(0.,0.));
#3931 = VECTOR('',#3932,1.);
#3932 = DIRECTION('',(1.,0.));
#3933 = ( GEOMETRIC_REPRESENTATION_CONTEXT(2) 
PARAMETRIC_REPRESENTATION_CONTEXT() REPRESENTATION_CONTEXT('2D SPACE',''
  ) );
#3934 = ORIENTED_EDGE('',*,*,#2262,.T.);
#3935 = ADVANCED_FACE('',(#3936),#2306,.T.);
#3936 = FACE_BOUND('',#3937,.T.);
#3937 = EDGE_LOOP('',(#3938,#3939,#3960,#3961));
#3938 = ORIENTED_EDGE('',*,*,#3914,.F.);
#3939 = ORIENTED_EDGE('',*,*,#3940,.T.);
#3940 = EDGE_CURVE('',#3892,#3843,#3941,.T.);
#3941 = SURFACE_CURVE('',#3942,(#3946,#3953),.PCURVE_S1.);
#3942 = LINE('',#3943,#3944);
#3943 = CARTESIAN_POINT('',(0.325,-0.945,2.5));
#3944 = VECTOR('',#3945,1.);
#3945 = DIRECTION('',(-0.,1.,0.));
#3946 = PCURVE('',#2306,#3947);
#3947 = DEFINITIONAL_REPRESENTATION('',(#3948),#3952);
#3948 = LINE('',#3949,#3950);
#3949 = CARTESIAN_POINT('',(0.,0.));
#3950 = VECTOR('',#3951,1.);
#3951 = DIRECTION('',(0.,-1.));
#3952 = ( GEOMETRIC_REPRESENTATION_CONTEXT(2) 
PARAMETRIC_REPRESENTATION_CONTEXT() REPRESENTATION_CONTEXT('2D SPACE',''
  ) );
#3953 = PCURVE('',#3804,#3954);
#3954 = DEFINITIONAL_REPRESENTATION('',(#3955),#3959);
#3955 = LINE('',#3956,#3957);
#3956 = CARTESIAN_POINT('',(0.,0.));
#3957 = VECTOR('',#3958,1.);
#3958 = DIRECTION('',(0.,1.));
#3959 = ( GEOMETRIC_REPRESENTATION_CONTEXT(2) 
PARAMETRIC_REPRESENTATION_CONTEXT() REPRESENTATION_CONTEXT('2D SPACE',''
  ) );
#3960 = ORIENTED_EDGE('',*,*,#3865,.T.);
#3961 = ORIENTED_EDGE('',*,*,#2293,.T.);
#3962 = ADVANCED_FACE('',(#3963),#2360,.F.);
#3963 = FACE_BOUND('',#3964,.F.);
#3964 = EDGE_LOOP('',(#3965,#3988,#4016,#4037));
#3965 = ORIENTED_EDGE('',*,*,#3966,.F.);
#3966 = EDGE_CURVE('',#3967,#2324,#3969,.T.);
#3967 = VERTEX_POINT('',#3968);
#3968 = CARTESIAN_POINT('',(2.215,-0.945,2.5));
#3969 = SURFACE_CURVE('',#3970,(#3974,#3981),.PCURVE_S1.);
#3970 = LINE('',#3971,#3972);
#3971 = CARTESIAN_POINT('',(2.215,-0.945,2.5));
#3972 = VECTOR('',#3973,1.);
#3973 = DIRECTION('',(0.,0.,1.));
#3974 = PCURVE('',#2360,#3975);
#3975 = DEFINITIONAL_REPRESENTATION('',(#3976),#3980);
#3976 = LINE('',#3977,#3978);
#3977 = CARTESIAN_POINT('',(0.,0.));
#3978 = VECTOR('',#3979,1.);
#3979 = DIRECTION('',(1.,0.));
#3980 = ( GEOMETRIC_REPRESENTATION_CONTEXT(2) 
PARAMETRIC_REPRESENTATION_CONTEXT() REPRESENTATION_CONTEXT('2D SPACE',''
  ) );
#3981 = PCURVE('',#2483,#3982);
#3982 = DEFINITIONAL_REPRESENTATION('',(#3983),#3987);
#3983 = LINE('',#3984,#3985);
#3984 = CARTESIAN_POINT('',(0.,0.62));
#3985 = VECTOR('',#3986,1.);
#3986 = DIRECTION('',(1.,0.));
#3987 = ( GEOMETRIC_REPRESENTATION_CONTEXT(2) 
PARAMETRIC_REPRESENTATION_CONTEXT() REPRESENTATION_CONTEXT('2D SPACE',''
  ) );
#3988 = ORIENTED_EDGE('',*,*,#3989,.T.);
#3989 = EDGE_CURVE('',#3967,#3990,#3992,.T.);
#3990 = VERTEX_POINT('',#3991);
#3991 = CARTESIAN_POINT('',(2.215,-0.325,2.5));
#3992 = SURFACE_CURVE('',#3993,(#3997,#4004),.PCURVE_S1.);
#3993 = LINE('',#3994,#3995);
#3994 = CARTESIAN_POINT('',(2.215,-0.945,2.5));
#3995 = VECTOR('',#3996,1.);
#3996 = DIRECTION('',(-0.,1.,0.));
#3997 = PCURVE('',#2360,#3998);
#3998 = DEFINITIONAL_REPRESENTATION('',(#3999),#4003);
#3999 = LINE('',#4000,#4001);
#4000 = CARTESIAN_POINT('',(0.,0.));
#4001 = VECTOR('',#4002,1.);
#4002 = DIRECTION('',(0.,-1.));
#4003 = ( GEOMETRIC_REPRESENTATION_CONTEXT(2) 
PARAMETRIC_REPRESENTATION_CONTEXT() REPRESENTATION_CONTEXT('2D SPACE',''
  ) );
#4004 = PCURVE('',#4005,#4010);
#4005 = PLANE('',#4006);
#4006 = AXIS2_PLACEMENT_3D('',#4007,#4008,#4009);
#4007 = CARTESIAN_POINT('',(1.595,-0.945,2.5));
#4008 = DIRECTION('',(0.,0.,1.));
#4009 = DIRECTION('',(1.,0.,-0.));
#4010 = DEFINITIONAL_REPRESENTATION('',(#4011),#4015);
#4011 = LINE('',#4012,#4013);
#4012 = CARTESIAN_POINT('',(0.62,0.));
#4013 = VECTOR('',#4014,1.);
#4014 = DIRECTION('',(0.,1.));
#4015 = ( GEOMETRIC_REPRESENTATION_CONTEXT(2) 
PARAMETRIC_REPRESENTATION_CONTEXT() REPRESENTATION_CONTEXT('2D SPACE',''
  ) );
#4016 = ORIENTED_EDGE('',*,*,#4017,.T.);
#4017 = EDGE_CURVE('',#3990,#2346,#4018,.T.);
#4018 = SURFACE_CURVE('',#4019,(#4023,#4030),.PCURVE_S1.);
#4019 = LINE('',#4020,#4021);
#4020 = CARTESIAN_POINT('',(2.215,-0.325,2.5));
#4021 = VECTOR('',#4022,1.);
#4022 = DIRECTION('',(0.,0.,1.));
#4023 = PCURVE('',#2360,#4024);
#4024 = DEFINITIONAL_REPRESENTATION('',(#4025),#4029);
#4025 = LINE('',#4026,#4027);
#4026 = CARTESIAN_POINT('',(0.,-0.62));
#4027 = VECTOR('',#4028,1.);
#4028 = DIRECTION('',(1.,0.));
#4029 = ( GEOMETRIC_REPRESENTATION_CONTEXT(2) 
PARAMETRIC_REPRESENTATION_CONTEXT() REPRESENTATION_CONTEXT('2D SPACE',''
  ) );
#4030 = PCURVE('',#2412,#4031);
#4031 = DEFINITIONAL_REPRESENTATION('',(#4032),#4036);
#4032 = LINE('',#4033,#4034);
#4033 = CARTESIAN_POINT('',(0.,0.62));
#4034 = VECTOR('',#4035,1.);
#4035 = DIRECTION('',(1.,0.));
#4036 = ( GEOMETRIC_REPRESENTATION_CONTEXT(2) 
PARAMETRIC_REPRESENTATION_CONTEXT() REPRESENTATION_CONTEXT('2D SPACE',''
  ) );
#4037 = ORIENTED_EDGE('',*,*,#2345,.F.);
#4038 = ADVANCED_FACE('',(#4039),#2412,.F.);
#4039 = FACE_BOUND('',#4040,.F.);
#4040 = EDGE_LOOP('',(#4041,#4042,#4065,#4086));
#4041 = ORIENTED_EDGE('',*,*,#4017,.F.);
#4042 = ORIENTED_EDGE('',*,*,#4043,.F.);
#4043 = EDGE_CURVE('',#4044,#3990,#4046,.T.);
#4044 = VERTEX_POINT('',#4045);
#4045 = CARTESIAN_POINT('',(1.595,-0.325,2.5));
#4046 = SURFACE_CURVE('',#4047,(#4051,#4058),.PCURVE_S1.);
#4047 = LINE('',#4048,#4049);
#4048 = CARTESIAN_POINT('',(1.595,-0.325,2.5));
#4049 = VECTOR('',#4050,1.);
#4050 = DIRECTION('',(1.,0.,-0.));
#4051 = PCURVE('',#2412,#4052);
#4052 = DEFINITIONAL_REPRESENTATION('',(#4053),#4057);
#4053 = LINE('',#4054,#4055);
#4054 = CARTESIAN_POINT('',(0.,0.));
#4055 = VECTOR('',#4056,1.);
#4056 = DIRECTION('',(0.,1.));
#4057 = ( GEOMETRIC_REPRESENTATION_CONTEXT(2) 
PARAMETRIC_REPRESENTATION_CONTEXT() REPRESENTATION_CONTEXT('2D SPACE',''
  ) );
#4058 = PCURVE('',#4005,#4059);
#4059 = DEFINITIONAL_REPRESENTATION('',(#4060),#4064);
#4060 = LINE('',#4061,#4062);
#4061 = CARTESIAN_POINT('',(0.,0.62));
#4062 = VECTOR('',#4063,1.);
#4063 = DIRECTION('',(1.,0.));
#4064 = ( GEOMETRIC_REPRESENTATION_CONTEXT(2) 
PARAMETRIC_REPRESENTATION_CONTEXT() REPRESENTATION_CONTEXT('2D SPACE',''
  ) );
#4065 = ORIENTED_EDGE('',*,*,#4066,.T.);
#4066 = EDGE_CURVE('',#4044,#2398,#4067,.T.);
#4067 = SURFACE_CURVE('',#4068,(#4072,#4079),.PCURVE_S1.);
#4068 = LINE('',#4069,#4070);
#4069 = CARTESIAN_POINT('',(1.595,-0.325,2.5));
#4070 = VECTOR('',#4071,1.);
#4071 = DIRECTION('',(0.,0.,1.));
#4072 = PCURVE('',#2412,#4073);
#4073 = DEFINITIONAL_REPRESENTATION('',(#4074),#4078);
#4074 = LINE('',#4075,#4076);
#4075 = CARTESIAN_POINT('',(0.,0.));
#4076 = VECTOR('',#4077,1.);
#4077 = DIRECTION('',(1.,0.));
#4078 = ( GEOMETRIC_REPRESENTATION_CONTEXT(2) 
PARAMETRIC_REPRESENTATION_CONTEXT() REPRESENTATION_CONTEXT('2D SPACE',''
  ) );
#4079 = PCURVE('',#2514,#4080);
#4080 = DEFINITIONAL_REPRESENTATION('',(#4081),#4085);
#4081 = LINE('',#4082,#4083);
#4082 = CARTESIAN_POINT('',(0.,-0.62));
#4083 = VECTOR('',#4084,1.);
#4084 = DIRECTION('',(1.,0.));
#4085 = ( GEOMETRIC_REPRESENTATION_CONTEXT(2) 
PARAMETRIC_REPRESENTATION_CONTEXT() REPRESENTATION_CONTEXT('2D SPACE',''
  ) );
#4086 = ORIENTED_EDGE('',*,*,#2397,.F.);
#4087 = ADVANCED_FACE('',(#4088),#2483,.T.);
#4088 = FACE_BOUND('',#4089,.T.);
#4089 = EDGE_LOOP('',(#4090,#4091,#4114,#4135));
#4090 = ORIENTED_EDGE('',*,*,#3966,.F.);
#4091 = ORIENTED_EDGE('',*,*,#4092,.F.);
#4092 = EDGE_CURVE('',#4093,#3967,#4095,.T.);
#4093 = VERTEX_POINT('',#4094);
#4094 = CARTESIAN_POINT('',(1.595,-0.945,2.5));
#4095 = SURFACE_CURVE('',#4096,(#4100,#4107),.PCURVE_S1.);
#4096 = LINE('',#4097,#4098);
#4097 = CARTESIAN_POINT('',(1.595,-0.945,2.5));
#4098 = VECTOR('',#4099,1.);
#4099 = DIRECTION('',(1.,0.,-0.));
#4100 = PCURVE('',#2483,#4101);
#4101 = DEFINITIONAL_REPRESENTATION('',(#4102),#4106);
#4102 = LINE('',#4103,#4104);
#4103 = CARTESIAN_POINT('',(0.,0.));
#4104 = VECTOR('',#4105,1.);
#4105 = DIRECTION('',(0.,1.));
#4106 = ( GEOMETRIC_REPRESENTATION_CONTEXT(2) 
PARAMETRIC_REPRESENTATION_CONTEXT() REPRESENTATION_CONTEXT('2D SPACE',''
  ) );
#4107 = PCURVE('',#4005,#4108);
#4108 = DEFINITIONAL_REPRESENTATION('',(#4109),#4113);
#4109 = LINE('',#4110,#4111);
#4110 = CARTESIAN_POINT('',(0.,0.));
#4111 = VECTOR('',#4112,1.);
#4112 = DIRECTION('',(1.,0.));
#4113 = ( GEOMETRIC_REPRESENTATION_CONTEXT(2) 
PARAMETRIC_REPRESENTATION_CONTEXT() REPRESENTATION_CONTEXT('2D SPACE',''
  ) );
#4114 = ORIENTED_EDGE('',*,*,#4115,.T.);
#4115 = EDGE_CURVE('',#4093,#2449,#4116,.T.);
#4116 = SURFACE_CURVE('',#4117,(#4121,#4128),.PCURVE_S1.);
#4117 = LINE('',#4118,#4119);
#4118 = CARTESIAN_POINT('',(1.595,-0.945,2.5));
#4119 = VECTOR('',#4120,1.);
#4120 = DIRECTION('',(0.,0.,1.));
#4121 = PCURVE('',#2483,#4122);
#4122 = DEFINITIONAL_REPRESENTATION('',(#4123),#4127);
#4123 = LINE('',#4124,#4125);
#4124 = CARTESIAN_POINT('',(0.,0.));
#4125 = VECTOR('',#4126,1.);
#4126 = DIRECTION('',(1.,0.));
#4127 = ( GEOMETRIC_REPRESENTATION_CONTEXT(2) 
PARAMETRIC_REPRESENTATION_CONTEXT() REPRESENTATION_CONTEXT('2D SPACE',''
  ) );
#4128 = PCURVE('',#2514,#4129);
#4129 = DEFINITIONAL_REPRESENTATION('',(#4130),#4134);
#4130 = LINE('',#4131,#4132);
#4131 = CARTESIAN_POINT('',(0.,0.));
#4132 = VECTOR('',#4133,1.);
#4133 = DIRECTION('',(1.,0.));
#4134 = ( GEOMETRIC_REPRESENTATION_CONTEXT(2) 
PARAMETRIC_REPRESENTATION_CONTEXT() REPRESENTATION_CONTEXT('2D SPACE',''
  ) );
#4135 = ORIENTED_EDGE('',*,*,#2470,.T.);
#4136 = ADVANCED_FACE('',(#4137),#2514,.T.);
#4137 = FACE_BOUND('',#4138,.T.);
#4138 = EDGE_LOOP('',(#4139,#4140,#4161,#4162));
#4139 = ORIENTED_EDGE('',*,*,#4115,.F.);
#4140 = ORIENTED_EDGE('',*,*,#4141,.T.);
#4141 = EDGE_CURVE('',#4093,#4044,#4142,.T.);
#4142 = SURFACE_CURVE('',#4143,(#4147,#4154),.PCURVE_S1.);
#4143 = LINE('',#4144,#4145);
#4144 = CARTESIAN_POINT('',(1.595,-0.945,2.5));
#4145 = VECTOR('',#4146,1.);
#4146 = DIRECTION('',(-0.,1.,0.));
#4147 = PCURVE('',#2514,#4148);
#4148 = DEFINITIONAL_REPRESENTATION('',(#4149),#4153);
#4149 = LINE('',#4150,#4151);
#4150 = CARTESIAN_POINT('',(0.,0.));
#4151 = VECTOR('',#4152,1.);
#4152 = DIRECTION('',(0.,-1.));
#4153 = ( GEOMETRIC_REPRESENTATION_CONTEXT(2) 
PARAMETRIC_REPRESENTATION_CONTEXT() REPRESENTATION_CONTEXT('2D SPACE',''
  ) );
#4154 = PCURVE('',#4005,#4155);
#4155 = DEFINITIONAL_REPRESENTATION('',(#4156),#4160);
#4156 = LINE('',#4157,#4158);
#4157 = CARTESIAN_POINT('',(0.,0.));
#4158 = VECTOR('',#4159,1.);
#4159 = DIRECTION('',(0.,1.));
#4160 = ( GEOMETRIC_REPRESENTATION_CONTEXT(2) 
PARAMETRIC_REPRESENTATION_CONTEXT() REPRESENTATION_CONTEXT('2D SPACE',''
  ) );
#4161 = ORIENTED_EDGE('',*,*,#4066,.T.);
#4162 = ORIENTED_EDGE('',*,*,#2501,.T.);
#4163 = ADVANCED_FACE('',(#4164),#2568,.F.);
#4164 = FACE_BOUND('',#4165,.F.);
#4165 = EDGE_LOOP('',(#4166,#4189,#4217,#4238));
#4166 = ORIENTED_EDGE('',*,*,#4167,.F.);
#4167 = EDGE_CURVE('',#4168,#2532,#4170,.T.);
#4168 = VERTEX_POINT('',#4169);
#4169 = CARTESIAN_POINT('',(-1.595,0.325,2.5));
#4170 = SURFACE_CURVE('',#4171,(#4175,#4182),.PCURVE_S1.);
#4171 = LINE('',#4172,#4173);
#4172 = CARTESIAN_POINT('',(-1.595,0.325,2.5));
#4173 = VECTOR('',#4174,1.);
#4174 = DIRECTION('',(0.,0.,1.));
#4175 = PCURVE('',#2568,#4176);
#4176 = DEFINITIONAL_REPRESENTATION('',(#4177),#4181);
#4177 = LINE('',#4178,#4179);
#4178 = CARTESIAN_POINT('',(0.,0.));
#4179 = VECTOR('',#4180,1.);
#4180 = DIRECTION('',(1.,0.));
#4181 = ( GEOMETRIC_REPRESENTATION_CONTEXT(2) 
PARAMETRIC_REPRESENTATION_CONTEXT() REPRESENTATION_CONTEXT('2D SPACE',''
  ) );
#4182 = PCURVE('',#2691,#4183);
#4183 = DEFINITIONAL_REPRESENTATION('',(#4184),#4188);
#4184 = LINE('',#4185,#4186);
#4185 = CARTESIAN_POINT('',(0.,0.62));
#4186 = VECTOR('',#4187,1.);
#4187 = DIRECTION('',(1.,0.));
#4188 = ( GEOMETRIC_REPRESENTATION_CONTEXT(2) 
PARAMETRIC_REPRESENTATION_CONTEXT() REPRESENTATION_CONTEXT('2D SPACE',''
  ) );
#4189 = ORIENTED_EDGE('',*,*,#4190,.T.);
#4190 = EDGE_CURVE('',#4168,#4191,#4193,.T.);
#4191 = VERTEX_POINT('',#4192);
#4192 = CARTESIAN_POINT('',(-1.595,0.945,2.5));
#4193 = SURFACE_CURVE('',#4194,(#4198,#4205),.PCURVE_S1.);
#4194 = LINE('',#4195,#4196);
#4195 = CARTESIAN_POINT('',(-1.595,0.325,2.5));
#4196 = VECTOR('',#4197,1.);
#4197 = DIRECTION('',(-0.,1.,0.));
#4198 = PCURVE('',#2568,#4199);
#4199 = DEFINITIONAL_REPRESENTATION('',(#4200),#4204);
#4200 = LINE('',#4201,#4202);
#4201 = CARTESIAN_POINT('',(0.,0.));
#4202 = VECTOR('',#4203,1.);
#4203 = DIRECTION('',(0.,-1.));
#4204 = ( GEOMETRIC_REPRESENTATION_CONTEXT(2) 
PARAMETRIC_REPRESENTATION_CONTEXT() REPRESENTATION_CONTEXT('2D SPACE',''
  ) );
#4205 = PCURVE('',#4206,#4211);
#4206 = PLANE('',#4207);
#4207 = AXIS2_PLACEMENT_3D('',#4208,#4209,#4210);
#4208 = CARTESIAN_POINT('',(-2.215,0.325,2.5));
#4209 = DIRECTION('',(0.,0.,1.));
#4210 = DIRECTION('',(1.,0.,-0.));
#4211 = DEFINITIONAL_REPRESENTATION('',(#4212),#4216);
#4212 = LINE('',#4213,#4214);
#4213 = CARTESIAN_POINT('',(0.62,0.));
#4214 = VECTOR('',#4215,1.);
#4215 = DIRECTION('',(0.,1.));
#4216 = ( GEOMETRIC_REPRESENTATION_CONTEXT(2) 
PARAMETRIC_REPRESENTATION_CONTEXT() REPRESENTATION_CONTEXT('2D SPACE',''
  ) );
#4217 = ORIENTED_EDGE('',*,*,#4218,.T.);
#4218 = EDGE_CURVE('',#4191,#2554,#4219,.T.);
#4219 = SURFACE_CURVE('',#4220,(#4224,#4231),.PCURVE_S1.);
#4220 = LINE('',#4221,#4222);
#4221 = CARTESIAN_POINT('',(-1.595,0.945,2.5));
#4222 = VECTOR('',#4223,1.);
#4223 = DIRECTION('',(0.,0.,1.));
#4224 = PCURVE('',#2568,#4225);
#4225 = DEFINITIONAL_REPRESENTATION('',(#4226),#4230);
#4226 = LINE('',#4227,#4228);
#4227 = CARTESIAN_POINT('',(0.,-0.62));
#4228 = VECTOR('',#4229,1.);
#4229 = DIRECTION('',(1.,0.));
#4230 = ( GEOMETRIC_REPRESENTATION_CONTEXT(2) 
PARAMETRIC_REPRESENTATION_CONTEXT() REPRESENTATION_CONTEXT('2D SPACE',''
  ) );
#4231 = PCURVE('',#2620,#4232);
#4232 = DEFINITIONAL_REPRESENTATION('',(#4233),#4237);
#4233 = LINE('',#4234,#4235);
#4234 = CARTESIAN_POINT('',(0.,0.62));
#4235 = VECTOR('',#4236,1.);
#4236 = DIRECTION('',(1.,0.));
#4237 = ( GEOMETRIC_REPRESENTATION_CONTEXT(2) 
PARAMETRIC_REPRESENTATION_CONTEXT() REPRESENTATION_CONTEXT('2D SPACE',''
  ) );
#4238 = ORIENTED_EDGE('',*,*,#2553,.F.);
#4239 = ADVANCED_FACE('',(#4240),#2620,.F.);
#4240 = FACE_BOUND('',#4241,.F.);
#4241 = EDGE_LOOP('',(#4242,#4243,#4266,#4287));
#4242 = ORIENTED_EDGE('',*,*,#4218,.F.);
#4243 = ORIENTED_EDGE('',*,*,#4244,.F.);
#4244 = EDGE_CURVE('',#4245,#4191,#4247,.T.);
#4245 = VERTEX_POINT('',#4246);
#4246 = CARTESIAN_POINT('',(-2.215,0.945,2.5));
#4247 = SURFACE_CURVE('',#4248,(#4252,#4259),.PCURVE_S1.);
#4248 = LINE('',#4249,#4250);
#4249 = CARTESIAN_POINT('',(-2.215,0.945,2.5));
#4250 = VECTOR('',#4251,1.);
#4251 = DIRECTION('',(1.,0.,-0.));
#4252 = PCURVE('',#2620,#4253);
#4253 = DEFINITIONAL_REPRESENTATION('',(#4254),#4258);
#4254 = LINE('',#4255,#4256);
#4255 = CARTESIAN_POINT('',(0.,0.));
#4256 = VECTOR('',#4257,1.);
#4257 = DIRECTION('',(0.,1.));
#4258 = ( GEOMETRIC_REPRESENTATION_CONTEXT(2) 
PARAMETRIC_REPRESENTATION_CONTEXT() REPRESENTATION_CONTEXT('2D SPACE',''
  ) );
#4259 = PCURVE('',#4206,#4260);
#4260 = DEFINITIONAL_REPRESENTATION('',(#4261),#4265);
#4261 = LINE('',#4262,#4263);
#4262 = CARTESIAN_POINT('',(0.,0.62));
#4263 = VECTOR('',#4264,1.);
#4264 = DIRECTION('',(1.,0.));
#4265 = ( GEOMETRIC_REPRESENTATION_CONTEXT(2) 
PARAMETRIC_REPRESENTATION_CONTEXT() REPRESENTATION_CONTEXT('2D SPACE',''
  ) );
#4266 = ORIENTED_EDGE('',*,*,#4267,.T.);
#4267 = EDGE_CURVE('',#4245,#2606,#4268,.T.);
#4268 = SURFACE_CURVE('',#4269,(#4273,#4280),.PCURVE_S1.);
#4269 = LINE('',#4270,#4271);
#4270 = CARTESIAN_POINT('',(-2.215,0.945,2.5));
#4271 = VECTOR('',#4272,1.);
#4272 = DIRECTION('',(0.,0.,1.));
#4273 = PCURVE('',#2620,#4274);
#4274 = DEFINITIONAL_REPRESENTATION('',(#4275),#4279);
#4275 = LINE('',#4276,#4277);
#4276 = CARTESIAN_POINT('',(0.,0.));
#4277 = VECTOR('',#4278,1.);
#4278 = DIRECTION('',(1.,0.));
#4279 = ( GEOMETRIC_REPRESENTATION_CONTEXT(2) 
PARAMETRIC_REPRESENTATION_CONTEXT() REPRESENTATION_CONTEXT('2D SPACE',''
  ) );
#4280 = PCURVE('',#2722,#4281);
#4281 = DEFINITIONAL_REPRESENTATION('',(#4282),#4286);
#4282 = LINE('',#4283,#4284);
#4283 = CARTESIAN_POINT('',(0.,-0.62));
#4284 = VECTOR('',#4285,1.);
#4285 = DIRECTION('',(1.,0.));
#4286 = ( GEOMETRIC_REPRESENTATION_CONTEXT(2) 
PARAMETRIC_REPRESENTATION_CONTEXT() REPRESENTATION_CONTEXT('2D SPACE',''
  ) );
#4287 = ORIENTED_EDGE('',*,*,#2605,.F.);
#4288 = ADVANCED_FACE('',(#4289),#2691,.T.);
#4289 = FACE_BOUND('',#4290,.T.);
#4290 = EDGE_LOOP('',(#4291,#4292,#4315,#4336));
#4291 = ORIENTED_EDGE('',*,*,#4167,.F.);
#4292 = ORIENTED_EDGE('',*,*,#4293,.F.);
#4293 = EDGE_CURVE('',#4294,#4168,#4296,.T.);
#4294 = VERTEX_POINT('',#4295);
#4295 = CARTESIAN_POINT('',(-2.215,0.325,2.5));
#4296 = SURFACE_CURVE('',#4297,(#4301,#4308),.PCURVE_S1.);
#4297 = LINE('',#4298,#4299);
#4298 = CARTESIAN_POINT('',(-2.215,0.325,2.5));
#4299 = VECTOR('',#4300,1.);
#4300 = DIRECTION('',(1.,0.,-0.));
#4301 = PCURVE('',#2691,#4302);
#4302 = DEFINITIONAL_REPRESENTATION('',(#4303),#4307);
#4303 = LINE('',#4304,#4305);
#4304 = CARTESIAN_POINT('',(0.,0.));
#4305 = VECTOR('',#4306,1.);
#4306 = DIRECTION('',(0.,1.));
#4307 = ( GEOMETRIC_REPRESENTATION_CONTEXT(2) 
PARAMETRIC_REPRESENTATION_CONTEXT() REPRESENTATION_CONTEXT('2D SPACE',''
  ) );
#4308 = PCURVE('',#4206,#4309);
#4309 = DEFINITIONAL_REPRESENTATION('',(#4310),#4314);
#4310 = LINE('',#4311,#4312);
#4311 = CARTESIAN_POINT('',(0.,0.));
#4312 = VECTOR('',#4313,1.);
#4313 = DIRECTION('',(1.,0.));
#4314 = ( GEOMETRIC_REPRESENTATION_CONTEXT(2) 
PARAMETRIC_REPRESENTATION_CONTEXT() REPRESENTATION_CONTEXT('2D SPACE',''
  ) );
#4315 = ORIENTED_EDGE('',*,*,#4316,.T.);
#4316 = EDGE_CURVE('',#4294,#2657,#4317,.T.);
#4317 = SURFACE_CURVE('',#4318,(#4322,#4329),.PCURVE_S1.);
#4318 = LINE('',#4319,#4320);
#4319 = CARTESIAN_POINT('',(-2.215,0.325,2.5));
#4320 = VECTOR('',#4321,1.);
#4321 = DIRECTION('',(0.,0.,1.));
#4322 = PCURVE('',#2691,#4323);
#4323 = DEFINITIONAL_REPRESENTATION('',(#4324),#4328);
#4324 = LINE('',#4325,#4326);
#4325 = CARTESIAN_POINT('',(0.,0.));
#4326 = VECTOR('',#4327,1.);
#4327 = DIRECTION('',(1.,0.));
#4328 = ( GEOMETRIC_REPRESENTATION_CONTEXT(2) 
PARAMETRIC_REPRESENTATION_CONTEXT() REPRESENTATION_CONTEXT('2D SPACE',''
  ) );
#4329 = PCURVE('',#2722,#4330);
#4330 = DEFINITIONAL_REPRESENTATION('',(#4331),#4335);
#4331 = LINE('',#4332,#4333);
#4332 = CARTESIAN_POINT('',(0.,0.));
#4333 = VECTOR('',#4334,1.);
#4334 = DIRECTION('',(1.,0.));
#4335 = ( GEOMETRIC_REPRESENTATION_CONTEXT(2) 
PARAMETRIC_REPRESENTATION_CONTEXT() REPRESENTATION_CONTEXT('2D SPACE',''
  ) );
#4336 = ORIENTED_EDGE('',*,*,#2678,.T.);
#4337 = ADVANCED_FACE('',(#4338),#2722,.T.);
#4338 = FACE_BOUND('',#4339,.T.);
#4339 = EDGE_LOOP('',(#4340,#4341,#4362,#4363));
#4340 = ORIENTED_EDGE('',*,*,#4316,.F.);
#4341 = ORIENTED_EDGE('',*,*,#4342,.T.);
#4342 = EDGE_CURVE('',#4294,#4245,#4343,.T.);
#4343 = SURFACE_CURVE('',#4344,(#4348,#4355),.PCURVE_S1.);
#4344 = LINE('',#4345,#4346);
#4345 = CARTESIAN_POINT('',(-2.215,0.325,2.5));
#4346 = VECTOR('',#4347,1.);
#4347 = DIRECTION('',(-0.,1.,0.));
#4348 = PCURVE('',#2722,#4349);
#4349 = DEFINITIONAL_REPRESENTATION('',(#4350),#4354);
#4350 = LINE('',#4351,#4352);
#4351 = CARTESIAN_POINT('',(0.,0.));
#4352 = VECTOR('',#4353,1.);
#4353 = DIRECTION('',(0.,-1.));
#4354 = ( GEOMETRIC_REPRESENTATION_CONTEXT(2) 
PARAMETRIC_REPRESENTATION_CONTEXT() REPRESENTATION_CONTEXT('2D SPACE',''
  ) );
#4355 = PCURVE('',#4206,#4356);
#4356 = DEFINITIONAL_REPRESENTATION('',(#4357),#4361);
#4357 = LINE('',#4358,#4359);
#4358 = CARTESIAN_POINT('',(0.,0.));
#4359 = VECTOR('',#4360,1.);
#4360 = DIRECTION('',(0.,1.));
#4361 = ( GEOMETRIC_REPRESENTATION_CONTEXT(2) 
PARAMETRIC_REPRESENTATION_CONTEXT() REPRESENTATION_CONTEXT('2D SPACE',''
  ) );
#4362 = ORIENTED_EDGE('',*,*,#4267,.T.);
#4363 = ORIENTED_EDGE('',*,*,#2709,.T.);
#4364 = ADVANCED_FACE('',(#4365),#2776,.F.);
#4365 = FACE_BOUND('',#4366,.F.);
#4366 = EDGE_LOOP('',(#4367,#4390,#4418,#4439));
#4367 = ORIENTED_EDGE('',*,*,#4368,.F.);
#4368 = EDGE_CURVE('',#4369,#2740,#4371,.T.);
#4369 = VERTEX_POINT('',#4370);
#4370 = CARTESIAN_POINT('',(-0.325,0.325,2.5));
#4371 = SURFACE_CURVE('',#4372,(#4376,#4383),.PCURVE_S1.);
#4372 = LINE('',#4373,#4374);
#4373 = CARTESIAN_POINT('',(-0.325,0.325,2.5));
#4374 = VECTOR('',#4375,1.);
#4375 = DIRECTION('',(0.,0.,1.));
#4376 = PCURVE('',#2776,#4377);
#4377 = DEFINITIONAL_REPRESENTATION('',(#4378),#4382);
#4378 = LINE('',#4379,#4380);
#4379 = CARTESIAN_POINT('',(0.,0.));
#4380 = VECTOR('',#4381,1.);
#4381 = DIRECTION('',(1.,0.));
#4382 = ( GEOMETRIC_REPRESENTATION_CONTEXT(2) 
PARAMETRIC_REPRESENTATION_CONTEXT() REPRESENTATION_CONTEXT('2D SPACE',''
  ) );
#4383 = PCURVE('',#2899,#4384);
#4384 = DEFINITIONAL_REPRESENTATION('',(#4385),#4389);
#4385 = LINE('',#4386,#4387);
#4386 = CARTESIAN_POINT('',(0.,0.62));
#4387 = VECTOR('',#4388,1.);
#4388 = DIRECTION('',(1.,0.));
#4389 = ( GEOMETRIC_REPRESENTATION_CONTEXT(2) 
PARAMETRIC_REPRESENTATION_CONTEXT() REPRESENTATION_CONTEXT('2D SPACE',''
  ) );
#4390 = ORIENTED_EDGE('',*,*,#4391,.T.);
#4391 = EDGE_CURVE('',#4369,#4392,#4394,.T.);
#4392 = VERTEX_POINT('',#4393);
#4393 = CARTESIAN_POINT('',(-0.325,0.945,2.5));
#4394 = SURFACE_CURVE('',#4395,(#4399,#4406),.PCURVE_S1.);
#4395 = LINE('',#4396,#4397);
#4396 = CARTESIAN_POINT('',(-0.325,0.325,2.5));
#4397 = VECTOR('',#4398,1.);
#4398 = DIRECTION('',(-0.,1.,0.));
#4399 = PCURVE('',#2776,#4400);
#4400 = DEFINITIONAL_REPRESENTATION('',(#4401),#4405);
#4401 = LINE('',#4402,#4403);
#4402 = CARTESIAN_POINT('',(0.,0.));
#4403 = VECTOR('',#4404,1.);
#4404 = DIRECTION('',(0.,-1.));
#4405 = ( GEOMETRIC_REPRESENTATION_CONTEXT(2) 
PARAMETRIC_REPRESENTATION_CONTEXT() REPRESENTATION_CONTEXT('2D SPACE',''
  ) );
#4406 = PCURVE('',#4407,#4412);
#4407 = PLANE('',#4408);
#4408 = AXIS2_PLACEMENT_3D('',#4409,#4410,#4411);
#4409 = CARTESIAN_POINT('',(-0.945,0.325,2.5));
#4410 = DIRECTION('',(0.,0.,1.));
#4411 = DIRECTION('',(1.,0.,-0.));
#4412 = DEFINITIONAL_REPRESENTATION('',(#4413),#4417);
#4413 = LINE('',#4414,#4415);
#4414 = CARTESIAN_POINT('',(0.62,0.));
#4415 = VECTOR('',#4416,1.);
#4416 = DIRECTION('',(0.,1.));
#4417 = ( GEOMETRIC_REPRESENTATION_CONTEXT(2) 
PARAMETRIC_REPRESENTATION_CONTEXT() REPRESENTATION_CONTEXT('2D SPACE',''
  ) );
#4418 = ORIENTED_EDGE('',*,*,#4419,.T.);
#4419 = EDGE_CURVE('',#4392,#2762,#4420,.T.);
#4420 = SURFACE_CURVE('',#4421,(#4425,#4432),.PCURVE_S1.);
#4421 = LINE('',#4422,#4423);
#4422 = CARTESIAN_POINT('',(-0.325,0.945,2.5));
#4423 = VECTOR('',#4424,1.);
#4424 = DIRECTION('',(0.,0.,1.));
#4425 = PCURVE('',#2776,#4426);
#4426 = DEFINITIONAL_REPRESENTATION('',(#4427),#4431);
#4427 = LINE('',#4428,#4429);
#4428 = CARTESIAN_POINT('',(0.,-0.62));
#4429 = VECTOR('',#4430,1.);
#4430 = DIRECTION('',(1.,0.));
#4431 = ( GEOMETRIC_REPRESENTATION_CONTEXT(2) 
PARAMETRIC_REPRESENTATION_CONTEXT() REPRESENTATION_CONTEXT('2D SPACE',''
  ) );
#4432 = PCURVE('',#2828,#4433);
#4433 = DEFINITIONAL_REPRESENTATION('',(#4434),#4438);
#4434 = LINE('',#4435,#4436);
#4435 = CARTESIAN_POINT('',(0.,0.62));
#4436 = VECTOR('',#4437,1.);
#4437 = DIRECTION('',(1.,0.));
#4438 = ( GEOMETRIC_REPRESENTATION_CONTEXT(2) 
PARAMETRIC_REPRESENTATION_CONTEXT() REPRESENTATION_CONTEXT('2D SPACE',''
  ) );
#4439 = ORIENTED_EDGE('',*,*,#2761,.F.);
#4440 = ADVANCED_FACE('',(#4441),#2828,.F.);
#4441 = FACE_BOUND('',#4442,.F.);
#4442 = EDGE_LOOP('',(#4443,#4444,#4467,#4488));
#4443 = ORIENTED_EDGE('',*,*,#4419,.F.);
#4444 = ORIENTED_EDGE('',*,*,#4445,.F.);
#4445 = EDGE_CURVE('',#4446,#4392,#4448,.T.);
#4446 = VERTEX_POINT('',#4447);
#4447 = CARTESIAN_POINT('',(-0.945,0.945,2.5));
#4448 = SURFACE_CURVE('',#4449,(#4453,#4460),.PCURVE_S1.);
#4449 = LINE('',#4450,#4451);
#4450 = CARTESIAN_POINT('',(-0.945,0.945,2.5));
#4451 = VECTOR('',#4452,1.);
#4452 = DIRECTION('',(1.,0.,-0.));
#4453 = PCURVE('',#2828,#4454);
#4454 = DEFINITIONAL_REPRESENTATION('',(#4455),#4459);
#4455 = LINE('',#4456,#4457);
#4456 = CARTESIAN_POINT('',(0.,0.));
#4457 = VECTOR('',#4458,1.);
#4458 = DIRECTION('',(0.,1.));
#4459 = ( GEOMETRIC_REPRESENTATION_CONTEXT(2) 
PARAMETRIC_REPRESENTATION_CONTEXT() REPRESENTATION_CONTEXT('2D SPACE',''
  ) );
#4460 = PCURVE('',#4407,#4461);
#4461 = DEFINITIONAL_REPRESENTATION('',(#4462),#4466);
#4462 = LINE('',#4463,#4464);
#4463 = CARTESIAN_POINT('',(0.,0.62));
#4464 = VECTOR('',#4465,1.);
#4465 = DIRECTION('',(1.,0.));
#4466 = ( GEOMETRIC_REPRESENTATION_CONTEXT(2) 
PARAMETRIC_REPRESENTATION_CONTEXT() REPRESENTATION_CONTEXT('2D SPACE',''
  ) );
#4467 = ORIENTED_EDGE('',*,*,#4468,.T.);
#4468 = EDGE_CURVE('',#4446,#2814,#4469,.T.);
#4469 = SURFACE_CURVE('',#4470,(#4474,#4481),.PCURVE_S1.);
#4470 = LINE('',#4471,#4472);
#4471 = CARTESIAN_POINT('',(-0.945,0.945,2.5));
#4472 = VECTOR('',#4473,1.);
#4473 = DIRECTION('',(0.,0.,1.));
#4474 = PCURVE('',#2828,#4475);
#4475 = DEFINITIONAL_REPRESENTATION('',(#4476),#4480);
#4476 = LINE('',#4477,#4478);
#4477 = CARTESIAN_POINT('',(0.,0.));
#4478 = VECTOR('',#4479,1.);
#4479 = DIRECTION('',(1.,0.));
#4480 = ( GEOMETRIC_REPRESENTATION_CONTEXT(2) 
PARAMETRIC_REPRESENTATION_CONTEXT() REPRESENTATION_CONTEXT('2D SPACE',''
  ) );
#4481 = PCURVE('',#2930,#4482);
#4482 = DEFINITIONAL_REPRESENTATION('',(#4483),#4487);
#4483 = LINE('',#4484,#4485);
#4484 = CARTESIAN_POINT('',(0.,-0.62));
#4485 = VECTOR('',#4486,1.);
#4486 = DIRECTION('',(1.,0.));
#4487 = ( GEOMETRIC_REPRESENTATION_CONTEXT(2) 
PARAMETRIC_REPRESENTATION_CONTEXT() REPRESENTATION_CONTEXT('2D SPACE',''
  ) );
#4488 = ORIENTED_EDGE('',*,*,#2813,.F.);
#4489 = ADVANCED_FACE('',(#4490),#2899,.T.);
#4490 = FACE_BOUND('',#4491,.T.);
#4491 = EDGE_LOOP('',(#4492,#4493,#4516,#4537));
#4492 = ORIENTED_EDGE('',*,*,#4368,.F.);
#4493 = ORIENTED_EDGE('',*,*,#4494,.F.);
#4494 = EDGE_CURVE('',#4495,#4369,#4497,.T.);
#4495 = VERTEX_POINT('',#4496);
#4496 = CARTESIAN_POINT('',(-0.945,0.325,2.5));
#4497 = SURFACE_CURVE('',#4498,(#4502,#4509),.PCURVE_S1.);
#4498 = LINE('',#4499,#4500);
#4499 = CARTESIAN_POINT('',(-0.945,0.325,2.5));
#4500 = VECTOR('',#4501,1.);
#4501 = DIRECTION('',(1.,0.,-0.));
#4502 = PCURVE('',#2899,#4503);
#4503 = DEFINITIONAL_REPRESENTATION('',(#4504),#4508);
#4504 = LINE('',#4505,#4506);
#4505 = CARTESIAN_POINT('',(0.,0.));
#4506 = VECTOR('',#4507,1.);
#4507 = DIRECTION('',(0.,1.));
#4508 = ( GEOMETRIC_REPRESENTATION_CONTEXT(2) 
PARAMETRIC_REPRESENTATION_CONTEXT() REPRESENTATION_CONTEXT('2D SPACE',''
  ) );
#4509 = PCURVE('',#4407,#4510);
#4510 = DEFINITIONAL_REPRESENTATION('',(#4511),#4515);
#4511 = LINE('',#4512,#4513);
#4512 = CARTESIAN_POINT('',(0.,0.));
#4513 = VECTOR('',#4514,1.);
#4514 = DIRECTION('',(1.,0.));
#4515 = ( GEOMETRIC_REPRESENTATION_CONTEXT(2) 
PARAMETRIC_REPRESENTATION_CONTEXT() REPRESENTATION_CONTEXT('2D SPACE',''
  ) );
#4516 = ORIENTED_EDGE('',*,*,#4517,.T.);
#4517 = EDGE_CURVE('',#4495,#2865,#4518,.T.);
#4518 = SURFACE_CURVE('',#4519,(#4523,#4530),.PCURVE_S1.);
#4519 = LINE('',#4520,#4521);
#4520 = CARTESIAN_POINT('',(-0.945,0.325,2.5));
#4521 = VECTOR('',#4522,1.);
#4522 = DIRECTION('',(0.,0.,1.));
#4523 = PCURVE('',#2899,#4524);
#4524 = DEFINITIONAL_REPRESENTATION('',(#4525),#4529);
#4525 = LINE('',#4526,#4527);
#4526 = CARTESIAN_POINT('',(0.,0.));
#4527 = VECTOR('',#4528,1.);
#4528 = DIRECTION('',(1.,0.));
#4529 = ( GEOMETRIC_REPRESENTATION_CONTEXT(2) 
PARAMETRIC_REPRESENTATION_CONTEXT() REPRESENTATION_CONTEXT('2D SPACE',''
  ) );
#4530 = PCURVE('',#2930,#4531);
#4531 = DEFINITIONAL_REPRESENTATION('',(#4532),#4536);
#4532 = LINE('',#4533,#4534);
#4533 = CARTESIAN_POINT('',(0.,0.));
#4534 = VECTOR('',#4535,1.);
#4535 = DIRECTION('',(1.,0.));
#4536 = ( GEOMETRIC_REPRESENTATION_CONTEXT(2) 
PARAMETRIC_REPRESENTATION_CONTEXT() REPRESENTATION_CONTEXT('2D SPACE',''
  ) );
#4537 = ORIENTED_EDGE('',*,*,#2886,.T.);
#4538 = ADVANCED_FACE('',(#4539),#2930,.T.);
#4539 = FACE_BOUND('',#4540,.T.);
#4540 = EDGE_LOOP('',(#4541,#4542,#4563,#4564));
#4541 = ORIENTED_EDGE('',*,*,#4517,.F.);
#4542 = ORIENTED_EDGE('',*,*,#4543,.T.);
#4543 = EDGE_CURVE('',#4495,#4446,#4544,.T.);
#4544 = SURFACE_CURVE('',#4545,(#4549,#4556),.PCURVE_S1.);
#4545 = LINE('',#4546,#4547);
#4546 = CARTESIAN_POINT('',(-0.945,0.325,2.5));
#4547 = VECTOR('',#4548,1.);
#4548 = DIRECTION('',(-0.,1.,0.));
#4549 = PCURVE('',#2930,#4550);
#4550 = DEFINITIONAL_REPRESENTATION('',(#4551),#4555);
#4551 = LINE('',#4552,#4553);
#4552 = CARTESIAN_POINT('',(0.,0.));
#4553 = VECTOR('',#4554,1.);
#4554 = DIRECTION('',(0.,-1.));
#4555 = ( GEOMETRIC_REPRESENTATION_CONTEXT(2) 
PARAMETRIC_REPRESENTATION_CONTEXT() REPRESENTATION_CONTEXT('2D SPACE',''
  ) );
#4556 = PCURVE('',#4407,#4557);
#4557 = DEFINITIONAL_REPRESENTATION('',(#4558),#4562);
#4558 = LINE('',#4559,#4560);
#4559 = CARTESIAN_POINT('',(0.,0.));
#4560 = VECTOR('',#4561,1.);
#4561 = DIRECTION('',(0.,1.));
#4562 = ( GEOMETRIC_REPRESENTATION_CONTEXT(2) 
PARAMETRIC_REPRESENTATION_CONTEXT() REPRESENTATION_CONTEXT('2D SPACE',''
  ) );
#4563 = ORIENTED_EDGE('',*,*,#4468,.T.);
#4564 = ORIENTED_EDGE('',*,*,#2917,.T.);
#4565 = ADVANCED_FACE('',(#4566),#2984,.F.);
#4566 = FACE_BOUND('',#4567,.F.);
#4567 = EDGE_LOOP('',(#4568,#4591,#4619,#4640));
#4568 = ORIENTED_EDGE('',*,*,#4569,.F.);
#4569 = EDGE_CURVE('',#4570,#2948,#4572,.T.);
#4570 = VERTEX_POINT('',#4571);
#4571 = CARTESIAN_POINT('',(0.945,0.325,2.5));
#4572 = SURFACE_CURVE('',#4573,(#4577,#4584),.PCURVE_S1.);
#4573 = LINE('',#4574,#4575);
#4574 = CARTESIAN_POINT('',(0.945,0.325,2.5));
#4575 = VECTOR('',#4576,1.);
#4576 = DIRECTION('',(0.,0.,1.));
#4577 = PCURVE('',#2984,#4578);
#4578 = DEFINITIONAL_REPRESENTATION('',(#4579),#4583);
#4579 = LINE('',#4580,#4581);
#4580 = CARTESIAN_POINT('',(0.,0.));
#4581 = VECTOR('',#4582,1.);
#4582 = DIRECTION('',(1.,0.));
#4583 = ( GEOMETRIC_REPRESENTATION_CONTEXT(2) 
PARAMETRIC_REPRESENTATION_CONTEXT() REPRESENTATION_CONTEXT('2D SPACE',''
  ) );
#4584 = PCURVE('',#3107,#4585);
#4585 = DEFINITIONAL_REPRESENTATION('',(#4586),#4590);
#4586 = LINE('',#4587,#4588);
#4587 = CARTESIAN_POINT('',(0.,0.62));
#4588 = VECTOR('',#4589,1.);
#4589 = DIRECTION('',(1.,0.));
#4590 = ( GEOMETRIC_REPRESENTATION_CONTEXT(2) 
PARAMETRIC_REPRESENTATION_CONTEXT() REPRESENTATION_CONTEXT('2D SPACE',''
  ) );
#4591 = ORIENTED_EDGE('',*,*,#4592,.T.);
#4592 = EDGE_CURVE('',#4570,#4593,#4595,.T.);
#4593 = VERTEX_POINT('',#4594);
#4594 = CARTESIAN_POINT('',(0.945,0.945,2.5));
#4595 = SURFACE_CURVE('',#4596,(#4600,#4607),.PCURVE_S1.);
#4596 = LINE('',#4597,#4598);
#4597 = CARTESIAN_POINT('',(0.945,0.325,2.5));
#4598 = VECTOR('',#4599,1.);
#4599 = DIRECTION('',(-0.,1.,0.));
#4600 = PCURVE('',#2984,#4601);
#4601 = DEFINITIONAL_REPRESENTATION('',(#4602),#4606);
#4602 = LINE('',#4603,#4604);
#4603 = CARTESIAN_POINT('',(0.,0.));
#4604 = VECTOR('',#4605,1.);
#4605 = DIRECTION('',(0.,-1.));
#4606 = ( GEOMETRIC_REPRESENTATION_CONTEXT(2) 
PARAMETRIC_REPRESENTATION_CONTEXT() REPRESENTATION_CONTEXT('2D SPACE',''
  ) );
#4607 = PCURVE('',#4608,#4613);
#4608 = PLANE('',#4609);
#4609 = AXIS2_PLACEMENT_3D('',#4610,#4611,#4612);
#4610 = CARTESIAN_POINT('',(0.325,0.325,2.5));
#4611 = DIRECTION('',(0.,0.,1.));
#4612 = DIRECTION('',(1.,0.,-0.));
#4613 = DEFINITIONAL_REPRESENTATION('',(#4614),#4618);
#4614 = LINE('',#4615,#4616);
#4615 = CARTESIAN_POINT('',(0.62,0.));
#4616 = VECTOR('',#4617,1.);
#4617 = DIRECTION('',(0.,1.));
#4618 = ( GEOMETRIC_REPRESENTATION_CONTEXT(2) 
PARAMETRIC_REPRESENTATION_CONTEXT() REPRESENTATION_CONTEXT('2D SPACE',''
  ) );
#4619 = ORIENTED_EDGE('',*,*,#4620,.T.);
#4620 = EDGE_CURVE('',#4593,#2970,#4621,.T.);
#4621 = SURFACE_CURVE('',#4622,(#4626,#4633),.PCURVE_S1.);
#4622 = LINE('',#4623,#4624);
#4623 = CARTESIAN_POINT('',(0.945,0.945,2.5));
#4624 = VECTOR('',#4625,1.);
#4625 = DIRECTION('',(0.,0.,1.));
#4626 = PCURVE('',#2984,#4627);
#4627 = DEFINITIONAL_REPRESENTATION('',(#4628),#4632);
#4628 = LINE('',#4629,#4630);
#4629 = CARTESIAN_POINT('',(0.,-0.62));
#4630 = VECTOR('',#4631,1.);
#4631 = DIRECTION('',(1.,0.));
#4632 = ( GEOMETRIC_REPRESENTATION_CONTEXT(2) 
PARAMETRIC_REPRESENTATION_CONTEXT() REPRESENTATION_CONTEXT('2D SPACE',''
  ) );
#4633 = PCURVE('',#3036,#4634);
#4634 = DEFINITIONAL_REPRESENTATION('',(#4635),#4639);
#4635 = LINE('',#4636,#4637);
#4636 = CARTESIAN_POINT('',(0.,0.62));
#4637 = VECTOR('',#4638,1.);
#4638 = DIRECTION('',(1.,0.));
#4639 = ( GEOMETRIC_REPRESENTATION_CONTEXT(2) 
PARAMETRIC_REPRESENTATION_CONTEXT() REPRESENTATION_CONTEXT('2D SPACE',''
  ) );
#4640 = ORIENTED_EDGE('',*,*,#2969,.F.);
#4641 = ADVANCED_FACE('',(#4642),#3036,.F.);
#4642 = FACE_BOUND('',#4643,.F.);
#4643 = EDGE_LOOP('',(#4644,#4645,#4668,#4689));
#4644 = ORIENTED_EDGE('',*,*,#4620,.F.);
#4645 = ORIENTED_EDGE('',*,*,#4646,.F.);
#4646 = EDGE_CURVE('',#4647,#4593,#4649,.T.);
#4647 = VERTEX_POINT('',#4648);
#4648 = CARTESIAN_POINT('',(0.325,0.945,2.5));
#4649 = SURFACE_CURVE('',#4650,(#4654,#4661),.PCURVE_S1.);
#4650 = LINE('',#4651,#4652);
#4651 = CARTESIAN_POINT('',(0.325,0.945,2.5));
#4652 = VECTOR('',#4653,1.);
#4653 = DIRECTION('',(1.,0.,-0.));
#4654 = PCURVE('',#3036,#4655);
#4655 = DEFINITIONAL_REPRESENTATION('',(#4656),#4660);
#4656 = LINE('',#4657,#4658);
#4657 = CARTESIAN_POINT('',(0.,0.));
#4658 = VECTOR('',#4659,1.);
#4659 = DIRECTION('',(0.,1.));
#4660 = ( GEOMETRIC_REPRESENTATION_CONTEXT(2) 
PARAMETRIC_REPRESENTATION_CONTEXT() REPRESENTATION_CONTEXT('2D SPACE',''
  ) );
#4661 = PCURVE('',#4608,#4662);
#4662 = DEFINITIONAL_REPRESENTATION('',(#4663),#4667);
#4663 = LINE('',#4664,#4665);
#4664 = CARTESIAN_POINT('',(0.,0.62));
#4665 = VECTOR('',#4666,1.);
#4666 = DIRECTION('',(1.,0.));
#4667 = ( GEOMETRIC_REPRESENTATION_CONTEXT(2) 
PARAMETRIC_REPRESENTATION_CONTEXT() REPRESENTATION_CONTEXT('2D SPACE',''
  ) );
#4668 = ORIENTED_EDGE('',*,*,#4669,.T.);
#4669 = EDGE_CURVE('',#4647,#3022,#4670,.T.);
#4670 = SURFACE_CURVE('',#4671,(#4675,#4682),.PCURVE_S1.);
#4671 = LINE('',#4672,#4673);
#4672 = CARTESIAN_POINT('',(0.325,0.945,2.5));
#4673 = VECTOR('',#4674,1.);
#4674 = DIRECTION('',(0.,0.,1.));
#4675 = PCURVE('',#3036,#4676);
#4676 = DEFINITIONAL_REPRESENTATION('',(#4677),#4681);
#4677 = LINE('',#4678,#4679);
#4678 = CARTESIAN_POINT('',(0.,0.));
#4679 = VECTOR('',#4680,1.);
#4680 = DIRECTION('',(1.,0.));
#4681 = ( GEOMETRIC_REPRESENTATION_CONTEXT(2) 
PARAMETRIC_REPRESENTATION_CONTEXT() REPRESENTATION_CONTEXT('2D SPACE',''
  ) );
#4682 = PCURVE('',#3138,#4683);
#4683 = DEFINITIONAL_REPRESENTATION('',(#4684),#4688);
#4684 = LINE('',#4685,#4686);
#4685 = CARTESIAN_POINT('',(0.,-0.62));
#4686 = VECTOR('',#4687,1.);
#4687 = DIRECTION('',(1.,0.));
#4688 = ( GEOMETRIC_REPRESENTATION_CONTEXT(2) 
PARAMETRIC_REPRESENTATION_CONTEXT() REPRESENTATION_CONTEXT('2D SPACE',''
  ) );
#4689 = ORIENTED_EDGE('',*,*,#3021,.F.);
#4690 = ADVANCED_FACE('',(#4691),#3107,.T.);
#4691 = FACE_BOUND('',#4692,.T.);
#4692 = EDGE_LOOP('',(#4693,#4694,#4717,#4738));
#4693 = ORIENTED_EDGE('',*,*,#4569,.F.);
#4694 = ORIENTED_EDGE('',*,*,#4695,.F.);
#4695 = EDGE_CURVE('',#4696,#4570,#4698,.T.);
#4696 = VERTEX_POINT('',#4697);
#4697 = CARTESIAN_POINT('',(0.325,0.325,2.5));
#4698 = SURFACE_CURVE('',#4699,(#4703,#4710),.PCURVE_S1.);
#4699 = LINE('',#4700,#4701);
#4700 = CARTESIAN_POINT('',(0.325,0.325,2.5));
#4701 = VECTOR('',#4702,1.);
#4702 = DIRECTION('',(1.,0.,-0.));
#4703 = PCURVE('',#3107,#4704);
#4704 = DEFINITIONAL_REPRESENTATION('',(#4705),#4709);
#4705 = LINE('',#4706,#4707);
#4706 = CARTESIAN_POINT('',(0.,0.));
#4707 = VECTOR('',#4708,1.);
#4708 = DIRECTION('',(0.,1.));
#4709 = ( GEOMETRIC_REPRESENTATION_CONTEXT(2) 
PARAMETRIC_REPRESENTATION_CONTEXT() REPRESENTATION_CONTEXT('2D SPACE',''
  ) );
#4710 = PCURVE('',#4608,#4711);
#4711 = DEFINITIONAL_REPRESENTATION('',(#4712),#4716);
#4712 = LINE('',#4713,#4714);
#4713 = CARTESIAN_POINT('',(0.,0.));
#4714 = VECTOR('',#4715,1.);
#4715 = DIRECTION('',(1.,0.));
#4716 = ( GEOMETRIC_REPRESENTATION_CONTEXT(2) 
PARAMETRIC_REPRESENTATION_CONTEXT() REPRESENTATION_CONTEXT('2D SPACE',''
  ) );
#4717 = ORIENTED_EDGE('',*,*,#4718,.T.);
#4718 = EDGE_CURVE('',#4696,#3073,#4719,.T.);
#4719 = SURFACE_CURVE('',#4720,(#4724,#4731),.PCURVE_S1.);
#4720 = LINE('',#4721,#4722);
#4721 = CARTESIAN_POINT('',(0.325,0.325,2.5));
#4722 = VECTOR('',#4723,1.);
#4723 = DIRECTION('',(0.,0.,1.));
#4724 = PCURVE('',#3107,#4725);
#4725 = DEFINITIONAL_REPRESENTATION('',(#4726),#4730);
#4726 = LINE('',#4727,#4728);
#4727 = CARTESIAN_POINT('',(0.,0.));
#4728 = VECTOR('',#4729,1.);
#4729 = DIRECTION('',(1.,0.));
#4730 = ( GEOMETRIC_REPRESENTATION_CONTEXT(2) 
PARAMETRIC_REPRESENTATION_CONTEXT() REPRESENTATION_CONTEXT('2D SPACE',''
  ) );
#4731 = PCURVE('',#3138,#4732);
#4732 = DEFINITIONAL_REPRESENTATION('',(#4733),#4737);
#4733 = LINE('',#4734,#4735);
#4734 = CARTESIAN_POINT('',(0.,0.));
#4735 = VECTOR('',#4736,1.);
#4736 = DIRECTION('',(1.,0.));
#4737 = ( GEOMETRIC_REPRESENTATION_CONTEXT(2) 
PARAMETRIC_REPRESENTATION_CONTEXT() REPRESENTATION_CONTEXT('2D SPACE',''
  ) );
#4738 = ORIENTED_EDGE('',*,*,#3094,.T.);
#4739 = ADVANCED_FACE('',(#4740),#3138,.T.);
#4740 = FACE_BOUND('',#4741,.T.);
#4741 = EDGE_LOOP('',(#4742,#4743,#4764,#4765));
#4742 = ORIENTED_EDGE('',*,*,#4718,.F.);
#4743 = ORIENTED_EDGE('',*,*,#4744,.T.);
#4744 = EDGE_CURVE('',#4696,#4647,#4745,.T.);
#4745 = SURFACE_CURVE('',#4746,(#4750,#4757),.PCURVE_S1.);
#4746 = LINE('',#4747,#4748);
#4747 = CARTESIAN_POINT('',(0.325,0.325,2.5));
#4748 = VECTOR('',#4749,1.);
#4749 = DIRECTION('',(-0.,1.,0.));
#4750 = PCURVE('',#3138,#4751);
#4751 = DEFINITIONAL_REPRESENTATION('',(#4752),#4756);
#4752 = LINE('',#4753,#4754);
#4753 = CARTESIAN_POINT('',(0.,0.));
#4754 = VECTOR('',#4755,1.);
#4755 = DIRECTION('',(0.,-1.));
#4756 = ( GEOMETRIC_REPRESENTATION_CONTEXT(2) 
PARAMETRIC_REPRESENTATION_CONTEXT() REPRESENTATION_CONTEXT('2D SPACE',''
  ) );
#4757 = PCURVE('',#4608,#4758);
#4758 = DEFINITIONAL_REPRESENTATION('',(#4759),#4763);
#4759 = LINE('',#4760,#4761);
#4760 = CARTESIAN_POINT('',(0.,0.));
#4761 = VECTOR('',#4762,1.);
#4762 = DIRECTION('',(0.,1.));
#4763 = ( GEOMETRIC_REPRESENTATION_CONTEXT(2) 
PARAMETRIC_REPRESENTATION_CONTEXT() REPRESENTATION_CONTEXT('2D SPACE',''
  ) );
#4764 = ORIENTED_EDGE('',*,*,#4669,.T.);
#4765 = ORIENTED_EDGE('',*,*,#3125,.T.);
#4766 = ADVANCED_FACE('',(#4767),#3192,.F.);
#4767 = FACE_BOUND('',#4768,.F.);
#4768 = EDGE_LOOP('',(#4769,#4792,#4820,#4841));
#4769 = ORIENTED_EDGE('',*,*,#4770,.F.);
#4770 = EDGE_CURVE('',#4771,#3156,#4773,.T.);
#4771 = VERTEX_POINT('',#4772);
#4772 = CARTESIAN_POINT('',(2.215,0.325,2.5));
#4773 = SURFACE_CURVE('',#4774,(#4778,#4785),.PCURVE_S1.);
#4774 = LINE('',#4775,#4776);
#4775 = CARTESIAN_POINT('',(2.215,0.325,2.5));
#4776 = VECTOR('',#4777,1.);
#4777 = DIRECTION('',(0.,0.,1.));
#4778 = PCURVE('',#3192,#4779);
#4779 = DEFINITIONAL_REPRESENTATION('',(#4780),#4784);
#4780 = LINE('',#4781,#4782);
#4781 = CARTESIAN_POINT('',(0.,0.));
#4782 = VECTOR('',#4783,1.);
#4783 = DIRECTION('',(1.,0.));
#4784 = ( GEOMETRIC_REPRESENTATION_CONTEXT(2) 
PARAMETRIC_REPRESENTATION_CONTEXT() REPRESENTATION_CONTEXT('2D SPACE',''
  ) );
#4785 = PCURVE('',#3346,#4786);
#4786 = DEFINITIONAL_REPRESENTATION('',(#4787),#4791);
#4787 = LINE('',#4788,#4789);
#4788 = CARTESIAN_POINT('',(0.,0.62));
#4789 = VECTOR('',#4790,1.);
#4790 = DIRECTION('',(1.,0.));
#4791 = ( GEOMETRIC_REPRESENTATION_CONTEXT(2) 
PARAMETRIC_REPRESENTATION_CONTEXT() REPRESENTATION_CONTEXT('2D SPACE',''
  ) );
#4792 = ORIENTED_EDGE('',*,*,#4793,.T.);
#4793 = EDGE_CURVE('',#4771,#4794,#4796,.T.);
#4794 = VERTEX_POINT('',#4795);
#4795 = CARTESIAN_POINT('',(2.215,0.945,2.5));
#4796 = SURFACE_CURVE('',#4797,(#4801,#4808),.PCURVE_S1.);
#4797 = LINE('',#4798,#4799);
#4798 = CARTESIAN_POINT('',(2.215,0.325,2.5));
#4799 = VECTOR('',#4800,1.);
#4800 = DIRECTION('',(-0.,1.,0.));
#4801 = PCURVE('',#3192,#4802);
#4802 = DEFINITIONAL_REPRESENTATION('',(#4803),#4807);
#4803 = LINE('',#4804,#4805);
#4804 = CARTESIAN_POINT('',(0.,0.));
#4805 = VECTOR('',#4806,1.);
#4806 = DIRECTION('',(0.,-1.));
#4807 = ( GEOMETRIC_REPRESENTATION_CONTEXT(2) 
PARAMETRIC_REPRESENTATION_CONTEXT() REPRESENTATION_CONTEXT('2D SPACE',''
  ) );
#4808 = PCURVE('',#4809,#4814);
#4809 = PLANE('',#4810);
#4810 = AXIS2_PLACEMENT_3D('',#4811,#4812,#4813);
#4811 = CARTESIAN_POINT('',(1.595,0.325,2.5));
#4812 = DIRECTION('',(0.,0.,1.));
#4813 = DIRECTION('',(1.,0.,-0.));
#4814 = DEFINITIONAL_REPRESENTATION('',(#4815),#4819);
#4815 = LINE('',#4816,#4817);
#4816 = CARTESIAN_POINT('',(0.62,0.));
#4817 = VECTOR('',#4818,1.);
#4818 = DIRECTION('',(0.,1.));
#4819 = ( GEOMETRIC_REPRESENTATION_CONTEXT(2) 
PARAMETRIC_REPRESENTATION_CONTEXT() REPRESENTATION_CONTEXT('2D SPACE',''
  ) );
#4820 = ORIENTED_EDGE('',*,*,#4821,.T.);
#4821 = EDGE_CURVE('',#4794,#3178,#4822,.T.);
#4822 = SURFACE_CURVE('',#4823,(#4827,#4834),.PCURVE_S1.);
#4823 = LINE('',#4824,#4825);
#4824 = CARTESIAN_POINT('',(2.215,0.945,2.5));
#4825 = VECTOR('',#4826,1.);
#4826 = DIRECTION('',(0.,0.,1.));
#4827 = PCURVE('',#3192,#4828);
#4828 = DEFINITIONAL_REPRESENTATION('',(#4829),#4833);
#4829 = LINE('',#4830,#4831);
#4830 = CARTESIAN_POINT('',(0.,-0.62));
#4831 = VECTOR('',#4832,1.);
#4832 = DIRECTION('',(1.,0.));
#4833 = ( GEOMETRIC_REPRESENTATION_CONTEXT(2) 
PARAMETRIC_REPRESENTATION_CONTEXT() REPRESENTATION_CONTEXT('2D SPACE',''
  ) );
#4834 = PCURVE('',#3244,#4835);
#4835 = DEFINITIONAL_REPRESENTATION('',(#4836),#4840);
#4836 = LINE('',#4837,#4838);
#4837 = CARTESIAN_POINT('',(0.,0.62));
#4838 = VECTOR('',#4839,1.);
#4839 = DIRECTION('',(1.,0.));
#4840 = ( GEOMETRIC_REPRESENTATION_CONTEXT(2) 
PARAMETRIC_REPRESENTATION_CONTEXT() REPRESENTATION_CONTEXT('2D SPACE',''
  ) );
#4841 = ORIENTED_EDGE('',*,*,#3177,.F.);
#4842 = ADVANCED_FACE('',(#4843),#3244,.F.);
#4843 = FACE_BOUND('',#4844,.F.);
#4844 = EDGE_LOOP('',(#4845,#4846,#4869,#4890));
#4845 = ORIENTED_EDGE('',*,*,#4821,.F.);
#4846 = ORIENTED_EDGE('',*,*,#4847,.F.);
#4847 = EDGE_CURVE('',#4848,#4794,#4850,.T.);
#4848 = VERTEX_POINT('',#4849);
#4849 = CARTESIAN_POINT('',(1.595,0.945,2.5));
#4850 = SURFACE_CURVE('',#4851,(#4855,#4862),.PCURVE_S1.);
#4851 = LINE('',#4852,#4853);
#4852 = CARTESIAN_POINT('',(1.595,0.945,2.5));
#4853 = VECTOR('',#4854,1.);
#4854 = DIRECTION('',(1.,0.,-0.));
#4855 = PCURVE('',#3244,#4856);
#4856 = DEFINITIONAL_REPRESENTATION('',(#4857),#4861);
#4857 = LINE('',#4858,#4859);
#4858 = CARTESIAN_POINT('',(0.,0.));
#4859 = VECTOR('',#4860,1.);
#4860 = DIRECTION('',(0.,1.));
#4861 = ( GEOMETRIC_REPRESENTATION_CONTEXT(2) 
PARAMETRIC_REPRESENTATION_CONTEXT() REPRESENTATION_CONTEXT('2D SPACE',''
  ) );
#4862 = PCURVE('',#4809,#4863);
#4863 = DEFINITIONAL_REPRESENTATION('',(#4864),#4868);
#4864 = LINE('',#4865,#4866);
#4865 = CARTESIAN_POINT('',(0.,0.62));
#4866 = VECTOR('',#4867,1.);
#4867 = DIRECTION('',(1.,0.));
#4868 = ( GEOMETRIC_REPRESENTATION_CONTEXT(2) 
PARAMETRIC_REPRESENTATION_CONTEXT() REPRESENTATION_CONTEXT('2D SPACE',''
  ) );
#4869 = ORIENTED_EDGE('',*,*,#4870,.T.);
#4870 = EDGE_CURVE('',#4848,#3230,#4871,.T.);
#4871 = SURFACE_CURVE('',#4872,(#4876,#4883),.PCURVE_S1.);
#4872 = LINE('',#4873,#4874);
#4873 = CARTESIAN_POINT('',(1.595,0.945,2.5));
#4874 = VECTOR('',#4875,1.);
#4875 = DIRECTION('',(0.,0.,1.));
#4876 = PCURVE('',#3244,#4877);
#4877 = DEFINITIONAL_REPRESENTATION('',(#4878),#4882);
#4878 = LINE('',#4879,#4880);
#4879 = CARTESIAN_POINT('',(0.,0.));
#4880 = VECTOR('',#4881,1.);
#4881 = DIRECTION('',(1.,0.));
#4882 = ( GEOMETRIC_REPRESENTATION_CONTEXT(2) 
PARAMETRIC_REPRESENTATION_CONTEXT() REPRESENTATION_CONTEXT('2D SPACE',''
  ) );
#4883 = PCURVE('',#3296,#4884);
#4884 = DEFINITIONAL_REPRESENTATION('',(#4885),#4889);
#4885 = LINE('',#4886,#4887);
#4886 = CARTESIAN_POINT('',(0.,-0.62));
#4887 = VECTOR('',#4888,1.);
#4888 = DIRECTION('',(1.,0.));
#4889 = ( GEOMETRIC_REPRESENTATION_CONTEXT(2) 
PARAMETRIC_REPRESENTATION_CONTEXT() REPRESENTATION_CONTEXT('2D SPACE',''
  ) );
#4890 = ORIENTED_EDGE('',*,*,#3229,.F.);
#4891 = ADVANCED_FACE('',(#4892),#3296,.T.);
#4892 = FACE_BOUND('',#4893,.T.);
#4893 = EDGE_LOOP('',(#4894,#4917,#4938,#4939));
#4894 = ORIENTED_EDGE('',*,*,#4895,.F.);
#4895 = EDGE_CURVE('',#4896,#3282,#4898,.T.);
#4896 = VERTEX_POINT('',#4897);
#4897 = CARTESIAN_POINT('',(1.595,0.325,2.5));
#4898 = SURFACE_CURVE('',#4899,(#4903,#4910),.PCURVE_S1.);
#4899 = LINE('',#4900,#4901);
#4900 = CARTESIAN_POINT('',(1.595,0.325,2.5));
#4901 = VECTOR('',#4902,1.);
#4902 = DIRECTION('',(0.,0.,1.));
#4903 = PCURVE('',#3296,#4904);
#4904 = DEFINITIONAL_REPRESENTATION('',(#4905),#4909);
#4905 = LINE('',#4906,#4907);
#4906 = CARTESIAN_POINT('',(0.,0.));
#4907 = VECTOR('',#4908,1.);
#4908 = DIRECTION('',(1.,0.));
#4909 = ( GEOMETRIC_REPRESENTATION_CONTEXT(2) 
PARAMETRIC_REPRESENTATION_CONTEXT() REPRESENTATION_CONTEXT('2D SPACE',''
  ) );
#4910 = PCURVE('',#3346,#4911);
#4911 = DEFINITIONAL_REPRESENTATION('',(#4912),#4916);
#4912 = LINE('',#4913,#4914);
#4913 = CARTESIAN_POINT('',(0.,0.));
#4914 = VECTOR('',#4915,1.);
#4915 = DIRECTION('',(1.,0.));
#4916 = ( GEOMETRIC_REPRESENTATION_CONTEXT(2) 
PARAMETRIC_REPRESENTATION_CONTEXT() REPRESENTATION_CONTEXT('2D SPACE',''
  ) );
#4917 = ORIENTED_EDGE('',*,*,#4918,.T.);
#4918 = EDGE_CURVE('',#4896,#4848,#4919,.T.);
#4919 = SURFACE_CURVE('',#4920,(#4924,#4931),.PCURVE_S1.);
#4920 = LINE('',#4921,#4922);
#4921 = CARTESIAN_POINT('',(1.595,0.325,2.5));
#4922 = VECTOR('',#4923,1.);
#4923 = DIRECTION('',(-0.,1.,0.));
#4924 = PCURVE('',#3296,#4925);
#4925 = DEFINITIONAL_REPRESENTATION('',(#4926),#4930);
#4926 = LINE('',#4927,#4928);
#4927 = CARTESIAN_POINT('',(0.,0.));
#4928 = VECTOR('',#4929,1.);
#4929 = DIRECTION('',(0.,-1.));
#4930 = ( GEOMETRIC_REPRESENTATION_CONTEXT(2) 
PARAMETRIC_REPRESENTATION_CONTEXT() REPRESENTATION_CONTEXT('2D SPACE',''
  ) );
#4931 = PCURVE('',#4809,#4932);
#4932 = DEFINITIONAL_REPRESENTATION('',(#4933),#4937);
#4933 = LINE('',#4934,#4935);
#4934 = CARTESIAN_POINT('',(0.,0.));
#4935 = VECTOR('',#4936,1.);
#4936 = DIRECTION('',(0.,1.));
#4937 = ( GEOMETRIC_REPRESENTATION_CONTEXT(2) 
PARAMETRIC_REPRESENTATION_CONTEXT() REPRESENTATION_CONTEXT('2D SPACE',''
  ) );
#4938 = ORIENTED_EDGE('',*,*,#4870,.T.);
#4939 = ORIENTED_EDGE('',*,*,#3281,.T.);
#4940 = ADVANCED_FACE('',(#4941),#3346,.T.);
#4941 = FACE_BOUND('',#4942,.T.);
#4942 = EDGE_LOOP('',(#4943,#4944,#4965,#4966));
#4943 = ORIENTED_EDGE('',*,*,#4770,.F.);
#4944 = ORIENTED_EDGE('',*,*,#4945,.F.);
#4945 = EDGE_CURVE('',#4896,#4771,#4946,.T.);
#4946 = SURFACE_CURVE('',#4947,(#4951,#4958),.PCURVE_S1.);
#4947 = LINE('',#4948,#4949);
#4948 = CARTESIAN_POINT('',(1.595,0.325,2.5));
#4949 = VECTOR('',#4950,1.);
#4950 = DIRECTION('',(1.,0.,-0.));
#4951 = PCURVE('',#3346,#4952);
#4952 = DEFINITIONAL_REPRESENTATION('',(#4953),#4957);
#4953 = LINE('',#4954,#4955);
#4954 = CARTESIAN_POINT('',(0.,0.));
#4955 = VECTOR('',#4956,1.);
#4956 = DIRECTION('',(0.,1.));
#4957 = ( GEOMETRIC_REPRESENTATION_CONTEXT(2) 
PARAMETRIC_REPRESENTATION_CONTEXT() REPRESENTATION_CONTEXT('2D SPACE',''
  ) );
#4958 = PCURVE('',#4809,#4959);
#4959 = DEFINITIONAL_REPRESENTATION('',(#4960),#4964);
#4960 = LINE('',#4961,#4962);
#4961 = CARTESIAN_POINT('',(0.,0.));
#4962 = VECTOR('',#4963,1.);
#4963 = DIRECTION('',(1.,0.));
#4964 = ( GEOMETRIC_REPRESENTATION_CONTEXT(2) 
PARAMETRIC_REPRESENTATION_CONTEXT() REPRESENTATION_CONTEXT('2D SPACE',''
  ) );
#4965 = ORIENTED_EDGE('',*,*,#4895,.T.);
#4966 = ORIENTED_EDGE('',*,*,#3333,.T.);
#4967 = ADVANCED_FACE('',(#4968),#3402,.T.);
#4968 = FACE_BOUND('',#4969,.T.);
#4969 = EDGE_LOOP('',(#4970,#4971,#4972,#4973));
#4970 = ORIENTED_EDGE('',*,*,#3538,.F.);
#4971 = ORIENTED_EDGE('',*,*,#3489,.T.);
#4972 = ORIENTED_EDGE('',*,*,#3386,.T.);
#4973 = ORIENTED_EDGE('',*,*,#3440,.F.);
#4974 = ADVANCED_FACE('',(#4975),#3603,.T.);
#4975 = FACE_BOUND('',#4976,.T.);
#4976 = EDGE_LOOP('',(#4977,#4978,#4979,#4980));
#4977 = ORIENTED_EDGE('',*,*,#3739,.F.);
#4978 = ORIENTED_EDGE('',*,*,#3690,.T.);
#4979 = ORIENTED_EDGE('',*,*,#3587,.T.);
#4980 = ORIENTED_EDGE('',*,*,#3641,.F.);
#4981 = ADVANCED_FACE('',(#4982),#3804,.T.);
#4982 = FACE_BOUND('',#4983,.T.);
#4983 = EDGE_LOOP('',(#4984,#4985,#4986,#4987));
#4984 = ORIENTED_EDGE('',*,*,#3940,.F.);
#4985 = ORIENTED_EDGE('',*,*,#3891,.T.);
#4986 = ORIENTED_EDGE('',*,*,#3788,.T.);
#4987 = ORIENTED_EDGE('',*,*,#3842,.F.);
#4988 = ADVANCED_FACE('',(#4989),#4005,.T.);
#4989 = FACE_BOUND('',#4990,.T.);
#4990 = EDGE_LOOP('',(#4991,#4992,#4993,#4994));
#4991 = ORIENTED_EDGE('',*,*,#4141,.F.);
#4992 = ORIENTED_EDGE('',*,*,#4092,.T.);
#4993 = ORIENTED_EDGE('',*,*,#3989,.T.);
#4994 = ORIENTED_EDGE('',*,*,#4043,.F.);
#4995 = ADVANCED_FACE('',(#4996),#4206,.T.);
#4996 = FACE_BOUND('',#4997,.T.);
#4997 = EDGE_LOOP('',(#4998,#4999,#5000,#5001));
#4998 = ORIENTED_EDGE('',*,*,#4342,.F.);
#4999 = ORIENTED_EDGE('',*,*,#4293,.T.);
#5000 = ORIENTED_EDGE('',*,*,#4190,.T.);
#5001 = ORIENTED_EDGE('',*,*,#4244,.F.);
#5002 = ADVANCED_FACE('',(#5003),#4407,.T.);
#5003 = FACE_BOUND('',#5004,.T.);
#5004 = EDGE_LOOP('',(#5005,#5006,#5007,#5008));
#5005 = ORIENTED_EDGE('',*,*,#4543,.F.);
#5006 = ORIENTED_EDGE('',*,*,#4494,.T.);
#5007 = ORIENTED_EDGE('',*,*,#4391,.T.);
#5008 = ORIENTED_EDGE('',*,*,#4445,.F.);
#5009 = ADVANCED_FACE('',(#5010),#4608,.T.);
#5010 = FACE_BOUND('',#5011,.T.);
#5011 = EDGE_LOOP('',(#5012,#5013,#5014,#5015));
#5012 = ORIENTED_EDGE('',*,*,#4744,.F.);
#5013 = ORIENTED_EDGE('',*,*,#4695,.T.);
#5014 = ORIENTED_EDGE('',*,*,#4592,.T.);
#5015 = ORIENTED_EDGE('',*,*,#4646,.F.);
#5016 = ADVANCED_FACE('',(#5017),#4809,.T.);
#5017 = FACE_BOUND('',#5018,.T.);
#5018 = EDGE_LOOP('',(#5019,#5020,#5021,#5022));
#5019 = ORIENTED_EDGE('',*,*,#4918,.F.);
#5020 = ORIENTED_EDGE('',*,*,#4945,.T.);
#5021 = ORIENTED_EDGE('',*,*,#4793,.T.);
#5022 = ORIENTED_EDGE('',*,*,#4847,.F.);
#5023 = ( GEOMETRIC_REPRESENTATION_CONTEXT(3) 
GLOBAL_UNCERTAINTY_ASSIGNED_CONTEXT((#5027)) 
GLOBAL_UNIT_ASSIGNED_CONTEXT((#5024,#5025,#5026)) REPRESENTATION_CONTEXT
('Context #1','3D Context with UNIT and UNCERTAINTY') );
#5024 = ( LENGTH_UNIT() NAMED_UNIT(*) SI_UNIT(.MILLI.,.METRE.) );
#5025 = ( NAMED_UNIT(*) PLANE_ANGLE_UNIT() SI_UNIT($,.RADIAN.) );
#5026 = ( NAMED_UNIT(*) SI_UNIT($,.STERADIAN.) SOLID_ANGLE_UNIT() );
#5027 = UNCERTAINTY_MEASURE_WITH_UNIT(LENGTH_MEASURE(1.E-06),#5024,
  'distance_accuracy_value','confusion accuracy');
#5028 = CONTEXT_DEPENDENT_SHAPE_REPRESENTATION(#5029,#5031);
#5029 = ( REPRESENTATION_RELATIONSHIP('','',#36,#10) 
REPRESENTATION_RELATIONSHIP_WITH_TRANSFORMATION(#5030) 
SHAPE_REPRESENTATION_RELATIONSHIP() );
#5030 = ITEM_DEFINED_TRANSFORMATION('','',#11,#15);
#5031 = PRODUCT_DEFINITION_SHAPE('Placement','Placement of an item',
  #5032);
#5032 = NEXT_ASSEMBLY_USAGE_OCCURRENCE('1','Body','',#5,#31,$);
#5033 = PRODUCT_RELATED_PRODUCT_CATEGORY('part',$,(#33));
#5034 = SHAPE_DEFINITION_REPRESENTATION(#5035,#5041);
#5035 = PRODUCT_DEFINITION_SHAPE('','',#5036);
#5036 = PRODUCT_DEFINITION('design','',#5037,#5040);
#5037 = PRODUCT_DEFINITION_FORMATION('','',#5038);
#5038 = PRODUCT('Gold','Gold','',(#5039));
#5039 = PRODUCT_CONTEXT('',#2,'mechanical');
#5040 = PRODUCT_DEFINITION_CONTEXT('part definition',#2,'design');
#5041 = SHAPE_REPRESENTATION('',(#11,#5042,#5733,#6423,#7114,#7805,#8496
    ,#9187,#9878,#10569,#10899,#11229,#11559,#11889,#12219,#12549,#12879
    ,#13209,#13539,#13869,#14199,#14529,#14859,#15189,#15519),#15849);
#5042 = MANIFOLD_SOLID_BREP('',#5043);
#5043 = CLOSED_SHELL('',(#5044,#5162,#5299,#5395,#5444,#5539,#5593,#5665
    ,#5692,#5699,#5726));
#5044 = ADVANCED_FACE('',(#5045),#5059,.T.);
#5045 = FACE_BOUND('',#5046,.T.);
#5046 = EDGE_LOOP('',(#5047,#5082,#5110,#5138));
#5047 = ORIENTED_EDGE('',*,*,#5048,.F.);
#5048 = EDGE_CURVE('',#5049,#5051,#5053,.T.);
#5049 = VERTEX_POINT('',#5050);
#5050 = CARTESIAN_POINT('',(-2.105,-2.42,0.2));
#5051 = VERTEX_POINT('',#5052);
#5052 = CARTESIAN_POINT('',(-2.105,-1.45,0.2));
#5053 = SURFACE_CURVE('',#5054,(#5058,#5070),.PCURVE_S1.);
#5054 = LINE('',#5055,#5056);
#5055 = CARTESIAN_POINT('',(-2.105,-2.5,0.2));
#5056 = VECTOR('',#5057,1.);
#5057 = DIRECTION('',(-0.,1.,0.));
#5058 = PCURVE('',#5059,#5064);
#5059 = PLANE('',#5060);
#5060 = AXIS2_PLACEMENT_3D('',#5061,#5062,#5063);
#5061 = CARTESIAN_POINT('',(-2.105,-2.5,0.2));
#5062 = DIRECTION('',(0.,0.,1.));
#5063 = DIRECTION('',(1.,0.,-0.));
#5064 = DEFINITIONAL_REPRESENTATION('',(#5065),#5069);
#5065 = LINE('',#5066,#5067);
#5066 = CARTESIAN_POINT('',(0.,0.));
#5067 = VECTOR('',#5068,1.);
#5068 = DIRECTION('',(0.,1.));
#5069 = ( GEOMETRIC_REPRESENTATION_CONTEXT(2) 
PARAMETRIC_REPRESENTATION_CONTEXT() REPRESENTATION_CONTEXT('2D SPACE',''
  ) );
#5070 = PCURVE('',#5071,#5076);
#5071 = PLANE('',#5072);
#5072 = AXIS2_PLACEMENT_3D('',#5073,#5074,#5075);
#5073 = CARTESIAN_POINT('',(-2.105,-1.730625,0.230625));
#5074 = DIRECTION('',(-1.,-0.,-0.));
#5075 = DIRECTION('',(0.,0.,-1.));
#5076 = DEFINITIONAL_REPRESENTATION('',(#5077),#5081);
#5077 = LINE('',#5078,#5079);
#5078 = CARTESIAN_POINT('',(3.0625E-02,0.769375));
#5079 = VECTOR('',#5080,1.);
#5080 = DIRECTION('',(0.,-1.));
#5081 = ( GEOMETRIC_REPRESENTATION_CONTEXT(2) 
PARAMETRIC_REPRESENTATION_CONTEXT() REPRESENTATION_CONTEXT('2D SPACE',''
  ) );
#5082 = ORIENTED_EDGE('',*,*,#5083,.T.);
#5083 = EDGE_CURVE('',#5049,#5084,#5086,.T.);
#5084 = VERTEX_POINT('',#5085);
#5085 = CARTESIAN_POINT('',(-1.705,-2.42,0.2));
#5086 = SURFACE_CURVE('',#5087,(#5091,#5098),.PCURVE_S1.);
#5087 = LINE('',#5088,#5089);
#5088 = CARTESIAN_POINT('',(-2.105,-2.42,0.2));
#5089 = VECTOR('',#5090,1.);
#5090 = DIRECTION('',(1.,0.,-0.));
#5091 = PCURVE('',#5059,#5092);
#5092 = DEFINITIONAL_REPRESENTATION('',(#5093),#5097);
#5093 = LINE('',#5094,#5095);
#5094 = CARTESIAN_POINT('',(0.,8.E-02));
#5095 = VECTOR('',#5096,1.);
#5096 = DIRECTION('',(1.,0.));
#5097 = ( GEOMETRIC_REPRESENTATION_CONTEXT(2) 
PARAMETRIC_REPRESENTATION_CONTEXT() REPRESENTATION_CONTEXT('2D SPACE',''
  ) );
#5098 = PCURVE('',#5099,#5104);
#5099 = CYLINDRICAL_SURFACE('',#5100,8.E-02);
#5100 = AXIS2_PLACEMENT_3D('',#5101,#5102,#5103);
#5101 = CARTESIAN_POINT('',(-2.105,-2.42,0.12));
#5102 = DIRECTION('',(1.,0.,-0.));
#5103 = DIRECTION('',(0.,0.,1.));
#5104 = DEFINITIONAL_REPRESENTATION('',(#5105),#5109);
#5105 = LINE('',#5106,#5107);
#5106 = CARTESIAN_POINT('',(0.,0.));
#5107 = VECTOR('',#5108,1.);
#5108 = DIRECTION('',(0.,1.));
#5109 = ( GEOMETRIC_REPRESENTATION_CONTEXT(2) 
PARAMETRIC_REPRESENTATION_CONTEXT() REPRESENTATION_CONTEXT('2D SPACE',''
  ) );
#5110 = ORIENTED_EDGE('',*,*,#5111,.T.);
#5111 = EDGE_CURVE('',#5084,#5112,#5114,.T.);
#5112 = VERTEX_POINT('',#5113);
#5113 = CARTESIAN_POINT('',(-1.705,-1.45,0.2));
#5114 = SURFACE_CURVE('',#5115,(#5119,#5126),.PCURVE_S1.);
#5115 = LINE('',#5116,#5117);
#5116 = CARTESIAN_POINT('',(-1.705,-2.5,0.2));
#5117 = VECTOR('',#5118,1.);
#5118 = DIRECTION('',(-0.,1.,0.));
#5119 = PCURVE('',#5059,#5120);
#5120 = DEFINITIONAL_REPRESENTATION('',(#5121),#5125);
#5121 = LINE('',#5122,#5123);
#5122 = CARTESIAN_POINT('',(0.4,0.));
#5123 = VECTOR('',#5124,1.);
#5124 = DIRECTION('',(0.,1.));
#5125 = ( GEOMETRIC_REPRESENTATION_CONTEXT(2) 
PARAMETRIC_REPRESENTATION_CONTEXT() REPRESENTATION_CONTEXT('2D SPACE',''
  ) );
#5126 = PCURVE('',#5127,#5132);
#5127 = PLANE('',#5128);
#5128 = AXIS2_PLACEMENT_3D('',#5129,#5130,#5131);
#5129 = CARTESIAN_POINT('',(-1.705,-1.730625,0.230625));
#5130 = DIRECTION('',(1.,0.,0.));
#5131 = DIRECTION('',(-0.,0.,1.));
#5132 = DEFINITIONAL_REPRESENTATION('',(#5133),#5137);
#5133 = LINE('',#5134,#5135);
#5134 = CARTESIAN_POINT('',(-3.0625E-02,0.769375));
#5135 = VECTOR('',#5136,1.);
#5136 = DIRECTION('',(0.,-1.));
#5137 = ( GEOMETRIC_REPRESENTATION_CONTEXT(2) 
PARAMETRIC_REPRESENTATION_CONTEXT() REPRESENTATION_CONTEXT('2D SPACE',''
  ) );
#5138 = ORIENTED_EDGE('',*,*,#5139,.T.);
#5139 = EDGE_CURVE('',#5112,#5051,#5140,.T.);
#5140 = SURFACE_CURVE('',#5141,(#5145,#5151),.PCURVE_S1.);
#5141 = LINE('',#5142,#5143);
#5142 = CARTESIAN_POINT('',(-2.105,-1.45,0.2));
#5143 = VECTOR('',#5144,1.);
#5144 = DIRECTION('',(-1.,-0.,0.));
#5145 = PCURVE('',#5059,#5146);
#5146 = DEFINITIONAL_REPRESENTATION('',(#5147),#5150);
#5147 = B_SPLINE_CURVE_WITH_KNOTS('',1,(#5148,#5149),.UNSPECIFIED.,.F.,
  .F.,(2,2),(-0.4,0.),.PIECEWISE_BEZIER_KNOTS.);
#5148 = CARTESIAN_POINT('',(0.4,1.05));
#5149 = CARTESIAN_POINT('',(0.,1.05));
#5150 = ( GEOMETRIC_REPRESENTATION_CONTEXT(2) 
PARAMETRIC_REPRESENTATION_CONTEXT() REPRESENTATION_CONTEXT('2D SPACE',''
  ) );
#5151 = PCURVE('',#5152,#5157);
#5152 = PLANE('',#5153);
#5153 = AXIS2_PLACEMENT_3D('',#5154,#5155,#5156);
#5154 = CARTESIAN_POINT('',(-2.105,-1.45,0.));
#5155 = DIRECTION('',(-0.,1.,0.));
#5156 = DIRECTION('',(0.,0.,1.));
#5157 = DEFINITIONAL_REPRESENTATION('',(#5158),#5161);
#5158 = B_SPLINE_CURVE_WITH_KNOTS('',1,(#5159,#5160),.UNSPECIFIED.,.F.,
  .F.,(2,2),(-0.4,0.),.PIECEWISE_BEZIER_KNOTS.);
#5159 = CARTESIAN_POINT('',(0.2,0.4));
#5160 = CARTESIAN_POINT('',(0.2,0.));
#5161 = ( GEOMETRIC_REPRESENTATION_CONTEXT(2) 
PARAMETRIC_REPRESENTATION_CONTEXT() REPRESENTATION_CONTEXT('2D SPACE',''
  ) );
#5162 = ADVANCED_FACE('',(#5163),#5071,.T.);
#5163 = FACE_BOUND('',#5164,.T.);
#5164 = EDGE_LOOP('',(#5165,#5166,#5189,#5217,#5245,#5273));
#5165 = ORIENTED_EDGE('',*,*,#5048,.T.);
#5166 = ORIENTED_EDGE('',*,*,#5167,.T.);
#5167 = EDGE_CURVE('',#5051,#5168,#5170,.T.);
#5168 = VERTEX_POINT('',#5169);
#5169 = CARTESIAN_POINT('',(-2.105,-1.45,0.75));
#5170 = SURFACE_CURVE('',#5171,(#5175,#5182),.PCURVE_S1.);
#5171 = LINE('',#5172,#5173);
#5172 = CARTESIAN_POINT('',(-2.105,-1.45,0.));
#5173 = VECTOR('',#5174,1.);
#5174 = DIRECTION('',(0.,0.,1.));
#5175 = PCURVE('',#5071,#5176);
#5176 = DEFINITIONAL_REPRESENTATION('',(#5177),#5181);
#5177 = LINE('',#5178,#5179);
#5178 = CARTESIAN_POINT('',(0.230625,-0.280625));
#5179 = VECTOR('',#5180,1.);
#5180 = DIRECTION('',(-1.,0.));
#5181 = ( GEOMETRIC_REPRESENTATION_CONTEXT(2) 
PARAMETRIC_REPRESENTATION_CONTEXT() REPRESENTATION_CONTEXT('2D SPACE',''
  ) );
#5182 = PCURVE('',#5152,#5183);
#5183 = DEFINITIONAL_REPRESENTATION('',(#5184),#5188);
#5184 = LINE('',#5185,#5186);
#5185 = CARTESIAN_POINT('',(0.,0.));
#5186 = VECTOR('',#5187,1.);
#5187 = DIRECTION('',(1.,0.));
#5188 = ( GEOMETRIC_REPRESENTATION_CONTEXT(2) 
PARAMETRIC_REPRESENTATION_CONTEXT() REPRESENTATION_CONTEXT('2D SPACE',''
  ) );
#5189 = ORIENTED_EDGE('',*,*,#5190,.T.);
#5190 = EDGE_CURVE('',#5168,#5191,#5193,.T.);
#5191 = VERTEX_POINT('',#5192);
#5192 = CARTESIAN_POINT('',(-2.105,-1.25,0.75));
#5193 = SURFACE_CURVE('',#5194,(#5198,#5205),.PCURVE_S1.);
#5194 = LINE('',#5195,#5196);
#5195 = CARTESIAN_POINT('',(-2.105,-1.45,0.75));
#5196 = VECTOR('',#5197,1.);
#5197 = DIRECTION('',(-0.,1.,0.));
#5198 = PCURVE('',#5071,#5199);
#5199 = DEFINITIONAL_REPRESENTATION('',(#5200),#5204);
#5200 = LINE('',#5201,#5202);
#5201 = CARTESIAN_POINT('',(-0.519375,-0.280625));
#5202 = VECTOR('',#5203,1.);
#5203 = DIRECTION('',(0.,-1.));
#5204 = ( GEOMETRIC_REPRESENTATION_CONTEXT(2) 
PARAMETRIC_REPRESENTATION_CONTEXT() REPRESENTATION_CONTEXT('2D SPACE',''
  ) );
#5205 = PCURVE('',#5206,#5211);
#5206 = PLANE('',#5207);
#5207 = AXIS2_PLACEMENT_3D('',#5208,#5209,#5210);
#5208 = CARTESIAN_POINT('',(-2.105,-1.45,0.75));
#5209 = DIRECTION('',(0.,0.,1.));
#5210 = DIRECTION('',(1.,0.,-0.));
#5211 = DEFINITIONAL_REPRESENTATION('',(#5212),#5216);
#5212 = LINE('',#5213,#5214);
#5213 = CARTESIAN_POINT('',(0.,0.));
#5214 = VECTOR('',#5215,1.);
#5215 = DIRECTION('',(0.,1.));
#5216 = ( GEOMETRIC_REPRESENTATION_CONTEXT(2) 
PARAMETRIC_REPRESENTATION_CONTEXT() REPRESENTATION_CONTEXT('2D SPACE',''
  ) );
#5217 = ORIENTED_EDGE('',*,*,#5218,.F.);
#5218 = EDGE_CURVE('',#5219,#5191,#5221,.T.);
#5219 = VERTEX_POINT('',#5220);
#5220 = CARTESIAN_POINT('',(-2.105,-1.25,0.));
#5221 = SURFACE_CURVE('',#5222,(#5226,#5233),.PCURVE_S1.);
#5222 = LINE('',#5223,#5224);
#5223 = CARTESIAN_POINT('',(-2.105,-1.25,0.));
#5224 = VECTOR('',#5225,1.);
#5225 = DIRECTION('',(0.,0.,1.));
#5226 = PCURVE('',#5071,#5227);
#5227 = DEFINITIONAL_REPRESENTATION('',(#5228),#5232);
#5228 = LINE('',#5229,#5230);
#5229 = CARTESIAN_POINT('',(0.230625,-0.480625));
#5230 = VECTOR('',#5231,1.);
#5231 = DIRECTION('',(-1.,0.));
#5232 = ( GEOMETRIC_REPRESENTATION_CONTEXT(2) 
PARAMETRIC_REPRESENTATION_CONTEXT() REPRESENTATION_CONTEXT('2D SPACE',''
  ) );
#5233 = PCURVE('',#5234,#5239);
#5234 = PLANE('',#5235);
#5235 = AXIS2_PLACEMENT_3D('',#5236,#5237,#5238);
#5236 = CARTESIAN_POINT('',(-1.905,-1.25,0.375));
#5237 = DIRECTION('',(0.,1.,0.));
#5238 = DIRECTION('',(0.,-0.,1.));
#5239 = DEFINITIONAL_REPRESENTATION('',(#5240),#5244);
#5240 = LINE('',#5241,#5242);
#5241 = CARTESIAN_POINT('',(-0.375,-0.2));
#5242 = VECTOR('',#5243,1.);
#5243 = DIRECTION('',(1.,0.));
#5244 = ( GEOMETRIC_REPRESENTATION_CONTEXT(2) 
PARAMETRIC_REPRESENTATION_CONTEXT() REPRESENTATION_CONTEXT('2D SPACE',''
  ) );
#5245 = ORIENTED_EDGE('',*,*,#5246,.F.);
#5246 = EDGE_CURVE('',#5247,#5219,#5249,.T.);
#5247 = VERTEX_POINT('',#5248);
#5248 = CARTESIAN_POINT('',(-2.105,-2.42,0.));
#5249 = SURFACE_CURVE('',#5250,(#5254,#5261),.PCURVE_S1.);
#5250 = LINE('',#5251,#5252);
#5251 = CARTESIAN_POINT('',(-2.105,-2.5,0.));
#5252 = VECTOR('',#5253,1.);
#5253 = DIRECTION('',(-0.,1.,0.));
#5254 = PCURVE('',#5071,#5255);
#5255 = DEFINITIONAL_REPRESENTATION('',(#5256),#5260);
#5256 = LINE('',#5257,#5258);
#5257 = CARTESIAN_POINT('',(0.230625,0.769375));
#5258 = VECTOR('',#5259,1.);
#5259 = DIRECTION('',(0.,-1.));
#5260 = ( GEOMETRIC_REPRESENTATION_CONTEXT(2) 
PARAMETRIC_REPRESENTATION_CONTEXT() REPRESENTATION_CONTEXT('2D SPACE',''
  ) );
#5261 = PCURVE('',#5262,#5267);
#5262 = PLANE('',#5263);
#5263 = AXIS2_PLACEMENT_3D('',#5264,#5265,#5266);
#5264 = CARTESIAN_POINT('',(-2.105,-2.5,0.));
#5265 = DIRECTION('',(0.,0.,1.));
#5266 = DIRECTION('',(1.,0.,-0.));
#5267 = DEFINITIONAL_REPRESENTATION('',(#5268),#5272);
#5268 = LINE('',#5269,#5270);
#5269 = CARTESIAN_POINT('',(0.,0.));
#5270 = VECTOR('',#5271,1.);
#5271 = DIRECTION('',(0.,1.));
#5272 = ( GEOMETRIC_REPRESENTATION_CONTEXT(2) 
PARAMETRIC_REPRESENTATION_CONTEXT() REPRESENTATION_CONTEXT('2D SPACE',''
  ) );
#5273 = ORIENTED_EDGE('',*,*,#5274,.T.);
#5274 = EDGE_CURVE('',#5247,#5049,#5275,.T.);
#5275 = SURFACE_CURVE('',#5276,(#5280,#5287),.PCURVE_S1.);
#5276 = LINE('',#5277,#5278);
#5277 = CARTESIAN_POINT('',(-2.105,-2.42,0.));
#5278 = VECTOR('',#5279,1.);
#5279 = DIRECTION('',(0.,0.,1.));
#5280 = PCURVE('',#5071,#5281);
#5281 = DEFINITIONAL_REPRESENTATION('',(#5282),#5286);
#5282 = LINE('',#5283,#5284);
#5283 = CARTESIAN_POINT('',(0.230625,0.689375));
#5284 = VECTOR('',#5285,1.);
#5285 = DIRECTION('',(-1.,0.));
#5286 = ( GEOMETRIC_REPRESENTATION_CONTEXT(2) 
PARAMETRIC_REPRESENTATION_CONTEXT() REPRESENTATION_CONTEXT('2D SPACE',''
  ) );
#5287 = PCURVE('',#5288,#5293);
#5288 = CYLINDRICAL_SURFACE('',#5289,8.E-02);
#5289 = AXIS2_PLACEMENT_3D('',#5290,#5291,#5292);
#5290 = CARTESIAN_POINT('',(-2.025,-2.42,0.));
#5291 = DIRECTION('',(0.,0.,1.));
#5292 = DIRECTION('',(0.,-1.,0.));
#5293 = DEFINITIONAL_REPRESENTATION('',(#5294),#5298);
#5294 = LINE('',#5295,#5296);
#5295 = CARTESIAN_POINT('',(-1.570796326795,0.));
#5296 = VECTOR('',#5297,1.);
#5297 = DIRECTION('',(-0.,1.));
#5298 = ( GEOMETRIC_REPRESENTATION_CONTEXT(2) 
PARAMETRIC_REPRESENTATION_CONTEXT() REPRESENTATION_CONTEXT('2D SPACE',''
  ) );
#5299 = ADVANCED_FACE('',(#5300),#5099,.T.);
#5300 = FACE_BOUND('',#5301,.T.);
#5301 = EDGE_LOOP('',(#5302,#5332,#5360,#5394));
#5302 = ORIENTED_EDGE('',*,*,#5303,.T.);
#5303 = EDGE_CURVE('',#5049,#5304,#5306,.T.);
#5304 = VERTEX_POINT('',#5305);
#5305 = CARTESIAN_POINT('',(-2.025,-2.5,0.12));
#5306 = SURFACE_CURVE('',#5307,(#5312,#5322),.PCURVE_S1.);
#5307 = ELLIPSE('',#5308,0.11313708499,8.E-02);
#5308 = AXIS2_PLACEMENT_3D('',#5309,#5310,#5311);
#5309 = CARTESIAN_POINT('',(-2.025,-2.42,0.12));
#5310 = DIRECTION('',(0.707106781187,0.,0.707106781187));
#5311 = DIRECTION('',(0.707106781187,0.,-0.707106781187));
#5312 = PCURVE('',#5099,#5313);
#5313 = DEFINITIONAL_REPRESENTATION('',(#5314),#5321);
#5314 = B_SPLINE_CURVE_WITH_KNOTS('',5,(#5315,#5316,#5317,#5318,#5319,
    #5320),.UNSPECIFIED.,.F.,.F.,(6,6),(3.14159265359,4.712388980385),
  .PIECEWISE_BEZIER_KNOTS.);
#5315 = CARTESIAN_POINT('',(0.,0.));
#5316 = CARTESIAN_POINT('',(0.314159265359,-2.353908445964E-17));
#5317 = CARTESIAN_POINT('',(0.628307393518,9.840342737674E-03));
#5318 = CARTESIAN_POINT('',(0.94247613495,2.971305034234E-02));
#5319 = CARTESIAN_POINT('',(1.256637061436,5.486725877128E-02));
#5320 = CARTESIAN_POINT('',(1.570796326795,8.E-02));
#5321 = ( GEOMETRIC_REPRESENTATION_CONTEXT(2) 
PARAMETRIC_REPRESENTATION_CONTEXT() REPRESENTATION_CONTEXT('2D SPACE',''
  ) );
#5322 = PCURVE('',#5288,#5323);
#5323 = DEFINITIONAL_REPRESENTATION('',(#5324),#5331);
#5324 = B_SPLINE_CURVE_WITH_KNOTS('',5,(#5325,#5326,#5327,#5328,#5329,
    #5330),.UNSPECIFIED.,.F.,.F.,(6,6),(3.14159265359,4.712388980385),
  .PIECEWISE_BEZIER_KNOTS.);
#5325 = CARTESIAN_POINT('',(-1.570796326795,0.2));
#5326 = CARTESIAN_POINT('',(-1.256637061436,0.2));
#5327 = CARTESIAN_POINT('',(-0.942488933277,0.190159657262));
#5328 = CARTESIAN_POINT('',(-0.628320191845,0.170286949658));
#5329 = CARTESIAN_POINT('',(-0.314159265359,0.145132741229));
#5330 = CARTESIAN_POINT('',(0.,0.12));
#5331 = ( GEOMETRIC_REPRESENTATION_CONTEXT(2) 
PARAMETRIC_REPRESENTATION_CONTEXT() REPRESENTATION_CONTEXT('2D SPACE',''
  ) );
#5332 = ORIENTED_EDGE('',*,*,#5333,.T.);
#5333 = EDGE_CURVE('',#5304,#5334,#5336,.T.);
#5334 = VERTEX_POINT('',#5335);
#5335 = CARTESIAN_POINT('',(-1.785,-2.5,0.12));
#5336 = SURFACE_CURVE('',#5337,(#5341,#5348),.PCURVE_S1.);
#5337 = LINE('',#5338,#5339);
#5338 = CARTESIAN_POINT('',(-2.105,-2.5,0.12));
#5339 = VECTOR('',#5340,1.);
#5340 = DIRECTION('',(1.,0.,-0.));
#5341 = PCURVE('',#5099,#5342);
#5342 = DEFINITIONAL_REPRESENTATION('',(#5343),#5347);
#5343 = LINE('',#5344,#5345);
#5344 = CARTESIAN_POINT('',(1.570796326795,0.));
#5345 = VECTOR('',#5346,1.);
#5346 = DIRECTION('',(0.,1.));
#5347 = ( GEOMETRIC_REPRESENTATION_CONTEXT(2) 
PARAMETRIC_REPRESENTATION_CONTEXT() REPRESENTATION_CONTEXT('2D SPACE',''
  ) );
#5348 = PCURVE('',#5349,#5354);
#5349 = PLANE('',#5350);
#5350 = AXIS2_PLACEMENT_3D('',#5351,#5352,#5353);
#5351 = CARTESIAN_POINT('',(-2.105,-2.5,0.));
#5352 = DIRECTION('',(-0.,1.,0.));
#5353 = DIRECTION('',(0.,0.,1.));
#5354 = DEFINITIONAL_REPRESENTATION('',(#5355),#5359);
#5355 = LINE('',#5356,#5357);
#5356 = CARTESIAN_POINT('',(0.12,0.));
#5357 = VECTOR('',#5358,1.);
#5358 = DIRECTION('',(0.,1.));
#5359 = ( GEOMETRIC_REPRESENTATION_CONTEXT(2) 
PARAMETRIC_REPRESENTATION_CONTEXT() REPRESENTATION_CONTEXT('2D SPACE',''
  ) );
#5360 = ORIENTED_EDGE('',*,*,#5361,.F.);
#5361 = EDGE_CURVE('',#5084,#5334,#5362,.T.);
#5362 = SURFACE_CURVE('',#5363,(#5368,#5378),.PCURVE_S1.);
#5363 = ELLIPSE('',#5364,0.11313708499,8.E-02);
#5364 = AXIS2_PLACEMENT_3D('',#5365,#5366,#5367);
#5365 = CARTESIAN_POINT('',(-1.785,-2.42,0.12));
#5366 = DIRECTION('',(0.707106781187,0.,-0.707106781187));
#5367 = DIRECTION('',(0.707106781187,0.,0.707106781187));
#5368 = PCURVE('',#5099,#5369);
#5369 = DEFINITIONAL_REPRESENTATION('',(#5370),#5377);
#5370 = B_SPLINE_CURVE_WITH_KNOTS('',5,(#5371,#5372,#5373,#5374,#5375,
    #5376),.UNSPECIFIED.,.F.,.F.,(6,6),(0.,1.570796326795),
  .PIECEWISE_BEZIER_KNOTS.);
#5371 = CARTESIAN_POINT('',(-2.22044604925E-16,0.4));
#5372 = CARTESIAN_POINT('',(0.314159265359,0.4));
#5373 = CARTESIAN_POINT('',(0.628307393518,0.390159657262));
#5374 = CARTESIAN_POINT('',(0.94247613495,0.370286949658));
#5375 = CARTESIAN_POINT('',(1.256637061436,0.345132741229));
#5376 = CARTESIAN_POINT('',(1.570796326795,0.32));
#5377 = ( GEOMETRIC_REPRESENTATION_CONTEXT(2) 
PARAMETRIC_REPRESENTATION_CONTEXT() REPRESENTATION_CONTEXT('2D SPACE',''
  ) );
#5378 = PCURVE('',#5379,#5384);
#5379 = CYLINDRICAL_SURFACE('',#5380,8.E-02);
#5380 = AXIS2_PLACEMENT_3D('',#5381,#5382,#5383);
#5381 = CARTESIAN_POINT('',(-1.785,-2.42,0.));
#5382 = DIRECTION('',(0.,0.,1.));
#5383 = DIRECTION('',(0.,-1.,0.));
#5384 = DEFINITIONAL_REPRESENTATION('',(#5385),#5393);
#5385 = B_SPLINE_CURVE_WITH_KNOTS('',6,(#5386,#5387,#5388,#5389,#5390,
    #5391,#5392),.UNSPECIFIED.,.F.,.F.,(7,7),(0.,1.570796326795),
  .PIECEWISE_BEZIER_KNOTS.);
#5386 = CARTESIAN_POINT('',(1.570796326795,0.2));
#5387 = CARTESIAN_POINT('',(1.308996938996,0.2));
#5388 = CARTESIAN_POINT('',(1.047198265554,0.193421690273));
#5389 = CARTESIAN_POINT('',(0.785398087459,0.180255154837));
#5390 = CARTESIAN_POINT('',(0.523598069222,0.161886263045));
#5391 = CARTESIAN_POINT('',(0.261799387799,0.140943951024));
#5392 = CARTESIAN_POINT('',(0.,0.12));
#5393 = ( GEOMETRIC_REPRESENTATION_CONTEXT(2) 
PARAMETRIC_REPRESENTATION_CONTEXT() REPRESENTATION_CONTEXT('2D SPACE',''
  ) );
#5394 = ORIENTED_EDGE('',*,*,#5083,.F.);
#5395 = ADVANCED_FACE('',(#5396),#5152,.F.);
#5396 = FACE_BOUND('',#5397,.F.);
#5397 = EDGE_LOOP('',(#5398,#5399,#5400,#5423));
#5398 = ORIENTED_EDGE('',*,*,#5139,.T.);
#5399 = ORIENTED_EDGE('',*,*,#5167,.T.);
#5400 = ORIENTED_EDGE('',*,*,#5401,.T.);
#5401 = EDGE_CURVE('',#5168,#5402,#5404,.T.);
#5402 = VERTEX_POINT('',#5403);
#5403 = CARTESIAN_POINT('',(-1.705,-1.45,0.75));
#5404 = SURFACE_CURVE('',#5405,(#5409,#5416),.PCURVE_S1.);
#5405 = LINE('',#5406,#5407);
#5406 = CARTESIAN_POINT('',(-2.105,-1.45,0.75));
#5407 = VECTOR('',#5408,1.);
#5408 = DIRECTION('',(1.,0.,-0.));
#5409 = PCURVE('',#5152,#5410);
#5410 = DEFINITIONAL_REPRESENTATION('',(#5411),#5415);
#5411 = LINE('',#5412,#5413);
#5412 = CARTESIAN_POINT('',(0.75,0.));
#5413 = VECTOR('',#5414,1.);
#5414 = DIRECTION('',(0.,1.));
#5415 = ( GEOMETRIC_REPRESENTATION_CONTEXT(2) 
PARAMETRIC_REPRESENTATION_CONTEXT() REPRESENTATION_CONTEXT('2D SPACE',''
  ) );
#5416 = PCURVE('',#5206,#5417);
#5417 = DEFINITIONAL_REPRESENTATION('',(#5418),#5422);
#5418 = LINE('',#5419,#5420);
#5419 = CARTESIAN_POINT('',(0.,0.));
#5420 = VECTOR('',#5421,1.);
#5421 = DIRECTION('',(1.,0.));
#5422 = ( GEOMETRIC_REPRESENTATION_CONTEXT(2) 
PARAMETRIC_REPRESENTATION_CONTEXT() REPRESENTATION_CONTEXT('2D SPACE',''
  ) );
#5423 = ORIENTED_EDGE('',*,*,#5424,.F.);
#5424 = EDGE_CURVE('',#5112,#5402,#5425,.T.);
#5425 = SURFACE_CURVE('',#5426,(#5430,#5437),.PCURVE_S1.);
#5426 = LINE('',#5427,#5428);
#5427 = CARTESIAN_POINT('',(-1.705,-1.45,0.));
#5428 = VECTOR('',#5429,1.);
#5429 = DIRECTION('',(0.,0.,1.));
#5430 = PCURVE('',#5152,#5431);
#5431 = DEFINITIONAL_REPRESENTATION('',(#5432),#5436);
#5432 = LINE('',#5433,#5434);
#5433 = CARTESIAN_POINT('',(0.,0.4));
#5434 = VECTOR('',#5435,1.);
#5435 = DIRECTION('',(1.,0.));
#5436 = ( GEOMETRIC_REPRESENTATION_CONTEXT(2) 
PARAMETRIC_REPRESENTATION_CONTEXT() REPRESENTATION_CONTEXT('2D SPACE',''
  ) );
#5437 = PCURVE('',#5127,#5438);
#5438 = DEFINITIONAL_REPRESENTATION('',(#5439),#5443);
#5439 = LINE('',#5440,#5441);
#5440 = CARTESIAN_POINT('',(-0.230625,-0.280625));
#5441 = VECTOR('',#5442,1.);
#5442 = DIRECTION('',(1.,0.));
#5443 = ( GEOMETRIC_REPRESENTATION_CONTEXT(2) 
PARAMETRIC_REPRESENTATION_CONTEXT() REPRESENTATION_CONTEXT('2D SPACE',''
  ) );
#5444 = ADVANCED_FACE('',(#5445),#5127,.T.);
#5445 = FACE_BOUND('',#5446,.T.);
#5446 = EDGE_LOOP('',(#5447,#5448,#5471,#5494,#5517,#5538));
#5447 = ORIENTED_EDGE('',*,*,#5111,.F.);
#5448 = ORIENTED_EDGE('',*,*,#5449,.F.);
#5449 = EDGE_CURVE('',#5450,#5084,#5452,.T.);
#5450 = VERTEX_POINT('',#5451);
#5451 = CARTESIAN_POINT('',(-1.705,-2.42,0.));
#5452 = SURFACE_CURVE('',#5453,(#5457,#5464),.PCURVE_S1.);
#5453 = LINE('',#5454,#5455);
#5454 = CARTESIAN_POINT('',(-1.705,-2.42,0.));
#5455 = VECTOR('',#5456,1.);
#5456 = DIRECTION('',(0.,0.,1.));
#5457 = PCURVE('',#5127,#5458);
#5458 = DEFINITIONAL_REPRESENTATION('',(#5459),#5463);
#5459 = LINE('',#5460,#5461);
#5460 = CARTESIAN_POINT('',(-0.230625,0.689375));
#5461 = VECTOR('',#5462,1.);
#5462 = DIRECTION('',(1.,0.));
#5463 = ( GEOMETRIC_REPRESENTATION_CONTEXT(2) 
PARAMETRIC_REPRESENTATION_CONTEXT() REPRESENTATION_CONTEXT('2D SPACE',''
  ) );
#5464 = PCURVE('',#5379,#5465);
#5465 = DEFINITIONAL_REPRESENTATION('',(#5466),#5470);
#5466 = LINE('',#5467,#5468);
#5467 = CARTESIAN_POINT('',(1.570796326795,0.));
#5468 = VECTOR('',#5469,1.);
#5469 = DIRECTION('',(0.,1.));
#5470 = ( GEOMETRIC_REPRESENTATION_CONTEXT(2) 
PARAMETRIC_REPRESENTATION_CONTEXT() REPRESENTATION_CONTEXT('2D SPACE',''
  ) );
#5471 = ORIENTED_EDGE('',*,*,#5472,.T.);
#5472 = EDGE_CURVE('',#5450,#5473,#5475,.T.);
#5473 = VERTEX_POINT('',#5474);
#5474 = CARTESIAN_POINT('',(-1.705,-1.25,0.));
#5475 = SURFACE_CURVE('',#5476,(#5480,#5487),.PCURVE_S1.);
#5476 = LINE('',#5477,#5478);
#5477 = CARTESIAN_POINT('',(-1.705,-2.5,0.));
#5478 = VECTOR('',#5479,1.);
#5479 = DIRECTION('',(-0.,1.,0.));
#5480 = PCURVE('',#5127,#5481);
#5481 = DEFINITIONAL_REPRESENTATION('',(#5482),#5486);
#5482 = LINE('',#5483,#5484);
#5483 = CARTESIAN_POINT('',(-0.230625,0.769375));
#5484 = VECTOR('',#5485,1.);
#5485 = DIRECTION('',(0.,-1.));
#5486 = ( GEOMETRIC_REPRESENTATION_CONTEXT(2) 
PARAMETRIC_REPRESENTATION_CONTEXT() REPRESENTATION_CONTEXT('2D SPACE',''
  ) );
#5487 = PCURVE('',#5262,#5488);
#5488 = DEFINITIONAL_REPRESENTATION('',(#5489),#5493);
#5489 = LINE('',#5490,#5491);
#5490 = CARTESIAN_POINT('',(0.4,0.));
#5491 = VECTOR('',#5492,1.);
#5492 = DIRECTION('',(0.,1.));
#5493 = ( GEOMETRIC_REPRESENTATION_CONTEXT(2) 
PARAMETRIC_REPRESENTATION_CONTEXT() REPRESENTATION_CONTEXT('2D SPACE',''
  ) );
#5494 = ORIENTED_EDGE('',*,*,#5495,.T.);
#5495 = EDGE_CURVE('',#5473,#5496,#5498,.T.);
#5496 = VERTEX_POINT('',#5497);
#5497 = CARTESIAN_POINT('',(-1.705,-1.25,0.75));
#5498 = SURFACE_CURVE('',#5499,(#5503,#5510),.PCURVE_S1.);
#5499 = LINE('',#5500,#5501);
#5500 = CARTESIAN_POINT('',(-1.705,-1.25,0.));
#5501 = VECTOR('',#5502,1.);
#5502 = DIRECTION('',(0.,0.,1.));
#5503 = PCURVE('',#5127,#5504);
#5504 = DEFINITIONAL_REPRESENTATION('',(#5505),#5509);
#5505 = LINE('',#5506,#5507);
#5506 = CARTESIAN_POINT('',(-0.230625,-0.480625));
#5507 = VECTOR('',#5508,1.);
#5508 = DIRECTION('',(1.,0.));
#5509 = ( GEOMETRIC_REPRESENTATION_CONTEXT(2) 
PARAMETRIC_REPRESENTATION_CONTEXT() REPRESENTATION_CONTEXT('2D SPACE',''
  ) );
#5510 = PCURVE('',#5234,#5511);
#5511 = DEFINITIONAL_REPRESENTATION('',(#5512),#5516);
#5512 = LINE('',#5513,#5514);
#5513 = CARTESIAN_POINT('',(-0.375,0.2));
#5514 = VECTOR('',#5515,1.);
#5515 = DIRECTION('',(1.,0.));
#5516 = ( GEOMETRIC_REPRESENTATION_CONTEXT(2) 
PARAMETRIC_REPRESENTATION_CONTEXT() REPRESENTATION_CONTEXT('2D SPACE',''
  ) );
#5517 = ORIENTED_EDGE('',*,*,#5518,.F.);
#5518 = EDGE_CURVE('',#5402,#5496,#5519,.T.);
#5519 = SURFACE_CURVE('',#5520,(#5524,#5531),.PCURVE_S1.);
#5520 = LINE('',#5521,#5522);
#5521 = CARTESIAN_POINT('',(-1.705,-1.45,0.75));
#5522 = VECTOR('',#5523,1.);
#5523 = DIRECTION('',(-0.,1.,0.));
#5524 = PCURVE('',#5127,#5525);
#5525 = DEFINITIONAL_REPRESENTATION('',(#5526),#5530);
#5526 = LINE('',#5527,#5528);
#5527 = CARTESIAN_POINT('',(0.519375,-0.280625));
#5528 = VECTOR('',#5529,1.);
#5529 = DIRECTION('',(0.,-1.));
#5530 = ( GEOMETRIC_REPRESENTATION_CONTEXT(2) 
PARAMETRIC_REPRESENTATION_CONTEXT() REPRESENTATION_CONTEXT('2D SPACE',''
  ) );
#5531 = PCURVE('',#5206,#5532);
#5532 = DEFINITIONAL_REPRESENTATION('',(#5533),#5537);
#5533 = LINE('',#5534,#5535);
#5534 = CARTESIAN_POINT('',(0.4,0.));
#5535 = VECTOR('',#5536,1.);
#5536 = DIRECTION('',(0.,1.));
#5537 = ( GEOMETRIC_REPRESENTATION_CONTEXT(2) 
PARAMETRIC_REPRESENTATION_CONTEXT() REPRESENTATION_CONTEXT('2D SPACE',''
  ) );
#5538 = ORIENTED_EDGE('',*,*,#5424,.F.);
#5539 = ADVANCED_FACE('',(#5540),#5288,.T.);
#5540 = FACE_BOUND('',#5541,.F.);
#5541 = EDGE_LOOP('',(#5542,#5570,#5571,#5572));
#5542 = ORIENTED_EDGE('',*,*,#5543,.T.);
#5543 = EDGE_CURVE('',#5544,#5247,#5546,.T.);
#5544 = VERTEX_POINT('',#5545);
#5545 = CARTESIAN_POINT('',(-2.025,-2.5,0.));
#5546 = SURFACE_CURVE('',#5547,(#5552,#5559),.PCURVE_S1.);
#5547 = CIRCLE('',#5548,8.E-02);
#5548 = AXIS2_PLACEMENT_3D('',#5549,#5550,#5551);
#5549 = CARTESIAN_POINT('',(-2.025,-2.42,0.));
#5550 = DIRECTION('',(-0.,-0.,-1.));
#5551 = DIRECTION('',(0.,-1.,0.));
#5552 = PCURVE('',#5288,#5553);
#5553 = DEFINITIONAL_REPRESENTATION('',(#5554),#5558);
#5554 = LINE('',#5555,#5556);
#5555 = CARTESIAN_POINT('',(-0.,0.));
#5556 = VECTOR('',#5557,1.);
#5557 = DIRECTION('',(-1.,0.));
#5558 = ( GEOMETRIC_REPRESENTATION_CONTEXT(2) 
PARAMETRIC_REPRESENTATION_CONTEXT() REPRESENTATION_CONTEXT('2D SPACE',''
  ) );
#5559 = PCURVE('',#5262,#5560);
#5560 = DEFINITIONAL_REPRESENTATION('',(#5561),#5569);
#5561 = ( BOUNDED_CURVE() B_SPLINE_CURVE(2,(#5562,#5563,#5564,#5565,
#5566,#5567,#5568),.UNSPECIFIED.,.T.,.F.) B_SPLINE_CURVE_WITH_KNOTS((1,2
    ,2,2,2,1),(-2.094395102393,0.,2.094395102393,4.188790204786,
6.28318530718,8.377580409573),.UNSPECIFIED.) CURVE() 
GEOMETRIC_REPRESENTATION_ITEM() RATIONAL_B_SPLINE_CURVE((1.,0.5,1.,0.5,
1.,0.5,1.)) REPRESENTATION_ITEM('') );
#5562 = CARTESIAN_POINT('',(8.E-02,6.938893903907E-17));
#5563 = CARTESIAN_POINT('',(-5.856406460551E-02,6.938893903907E-17));
#5564 = CARTESIAN_POINT('',(1.071796769724E-02,0.12));
#5565 = CARTESIAN_POINT('',(8.E-02,0.24));
#5566 = CARTESIAN_POINT('',(0.149282032303,0.12));
#5567 = CARTESIAN_POINT('',(0.218564064606,1.942890293094E-16));
#5568 = CARTESIAN_POINT('',(8.E-02,6.938893903907E-17));
#5569 = ( GEOMETRIC_REPRESENTATION_CONTEXT(2) 
PARAMETRIC_REPRESENTATION_CONTEXT() REPRESENTATION_CONTEXT('2D SPACE',''
  ) );
#5570 = ORIENTED_EDGE('',*,*,#5274,.T.);
#5571 = ORIENTED_EDGE('',*,*,#5303,.T.);
#5572 = ORIENTED_EDGE('',*,*,#5573,.F.);
#5573 = EDGE_CURVE('',#5544,#5304,#5574,.T.);
#5574 = SURFACE_CURVE('',#5575,(#5579,#5586),.PCURVE_S1.);
#5575 = LINE('',#5576,#5577);
#5576 = CARTESIAN_POINT('',(-2.025,-2.5,0.));
#5577 = VECTOR('',#5578,1.);
#5578 = DIRECTION('',(0.,0.,1.));
#5579 = PCURVE('',#5288,#5580);
#5580 = DEFINITIONAL_REPRESENTATION('',(#5581),#5585);
#5581 = LINE('',#5582,#5583);
#5582 = CARTESIAN_POINT('',(-0.,0.));
#5583 = VECTOR('',#5584,1.);
#5584 = DIRECTION('',(-0.,1.));
#5585 = ( GEOMETRIC_REPRESENTATION_CONTEXT(2) 
PARAMETRIC_REPRESENTATION_CONTEXT() REPRESENTATION_CONTEXT('2D SPACE',''
  ) );
#5586 = PCURVE('',#5349,#5587);
#5587 = DEFINITIONAL_REPRESENTATION('',(#5588),#5592);
#5588 = LINE('',#5589,#5590);
#5589 = CARTESIAN_POINT('',(0.,8.E-02));
#5590 = VECTOR('',#5591,1.);
#5591 = DIRECTION('',(1.,0.));
#5592 = ( GEOMETRIC_REPRESENTATION_CONTEXT(2) 
PARAMETRIC_REPRESENTATION_CONTEXT() REPRESENTATION_CONTEXT('2D SPACE',''
  ) );
#5593 = ADVANCED_FACE('',(#5594),#5262,.F.);
#5594 = FACE_BOUND('',#5595,.F.);
#5595 = EDGE_LOOP('',(#5596,#5597,#5598,#5621,#5643,#5644));
#5596 = ORIENTED_EDGE('',*,*,#5246,.F.);
#5597 = ORIENTED_EDGE('',*,*,#5543,.F.);
#5598 = ORIENTED_EDGE('',*,*,#5599,.T.);
#5599 = EDGE_CURVE('',#5544,#5600,#5602,.T.);
#5600 = VERTEX_POINT('',#5601);
#5601 = CARTESIAN_POINT('',(-1.785,-2.5,0.));
#5602 = SURFACE_CURVE('',#5603,(#5607,#5614),.PCURVE_S1.);
#5603 = LINE('',#5604,#5605);
#5604 = CARTESIAN_POINT('',(-2.105,-2.5,0.));
#5605 = VECTOR('',#5606,1.);
#5606 = DIRECTION('',(1.,0.,-0.));
#5607 = PCURVE('',#5262,#5608);
#5608 = DEFINITIONAL_REPRESENTATION('',(#5609),#5613);
#5609 = LINE('',#5610,#5611);
#5610 = CARTESIAN_POINT('',(0.,0.));
#5611 = VECTOR('',#5612,1.);
#5612 = DIRECTION('',(1.,0.));
#5613 = ( GEOMETRIC_REPRESENTATION_CONTEXT(2) 
PARAMETRIC_REPRESENTATION_CONTEXT() REPRESENTATION_CONTEXT('2D SPACE',''
  ) );
#5614 = PCURVE('',#5349,#5615);
#5615 = DEFINITIONAL_REPRESENTATION('',(#5616),#5620);
#5616 = LINE('',#5617,#5618);
#5617 = CARTESIAN_POINT('',(0.,0.));
#5618 = VECTOR('',#5619,1.);
#5619 = DIRECTION('',(0.,1.));
#5620 = ( GEOMETRIC_REPRESENTATION_CONTEXT(2) 
PARAMETRIC_REPRESENTATION_CONTEXT() REPRESENTATION_CONTEXT('2D SPACE',''
  ) );
#5621 = ORIENTED_EDGE('',*,*,#5622,.T.);
#5622 = EDGE_CURVE('',#5600,#5450,#5623,.T.);
#5623 = SURFACE_CURVE('',#5624,(#5629,#5636),.PCURVE_S1.);
#5624 = CIRCLE('',#5625,8.E-02);
#5625 = AXIS2_PLACEMENT_3D('',#5626,#5627,#5628);
#5626 = CARTESIAN_POINT('',(-1.785,-2.42,0.));
#5627 = DIRECTION('',(0.,0.,1.));
#5628 = DIRECTION('',(0.,-1.,0.));
#5629 = PCURVE('',#5262,#5630);
#5630 = DEFINITIONAL_REPRESENTATION('',(#5631),#5635);
#5631 = CIRCLE('',#5632,8.E-02);
#5632 = AXIS2_PLACEMENT_2D('',#5633,#5634);
#5633 = CARTESIAN_POINT('',(0.32,8.E-02));
#5634 = DIRECTION('',(0.,-1.));
#5635 = ( GEOMETRIC_REPRESENTATION_CONTEXT(2) 
PARAMETRIC_REPRESENTATION_CONTEXT() REPRESENTATION_CONTEXT('2D SPACE',''
  ) );
#5636 = PCURVE('',#5379,#5637);
#5637 = DEFINITIONAL_REPRESENTATION('',(#5638),#5642);
#5638 = LINE('',#5639,#5640);
#5639 = CARTESIAN_POINT('',(0.,0.));
#5640 = VECTOR('',#5641,1.);
#5641 = DIRECTION('',(1.,0.));
#5642 = ( GEOMETRIC_REPRESENTATION_CONTEXT(2) 
PARAMETRIC_REPRESENTATION_CONTEXT() REPRESENTATION_CONTEXT('2D SPACE',''
  ) );
#5643 = ORIENTED_EDGE('',*,*,#5472,.T.);
#5644 = ORIENTED_EDGE('',*,*,#5645,.F.);
#5645 = EDGE_CURVE('',#5219,#5473,#5646,.T.);
#5646 = SURFACE_CURVE('',#5647,(#5651,#5658),.PCURVE_S1.);
#5647 = LINE('',#5648,#5649);
#5648 = CARTESIAN_POINT('',(-2.105,-1.25,0.));
#5649 = VECTOR('',#5650,1.);
#5650 = DIRECTION('',(1.,0.,-0.));
#5651 = PCURVE('',#5262,#5652);
#5652 = DEFINITIONAL_REPRESENTATION('',(#5653),#5657);
#5653 = LINE('',#5654,#5655);
#5654 = CARTESIAN_POINT('',(0.,1.25));
#5655 = VECTOR('',#5656,1.);
#5656 = DIRECTION('',(1.,0.));
#5657 = ( GEOMETRIC_REPRESENTATION_CONTEXT(2) 
PARAMETRIC_REPRESENTATION_CONTEXT() REPRESENTATION_CONTEXT('2D SPACE',''
  ) );
#5658 = PCURVE('',#5234,#5659);
#5659 = DEFINITIONAL_REPRESENTATION('',(#5660),#5664);
#5660 = LINE('',#5661,#5662);
#5661 = CARTESIAN_POINT('',(-0.375,-0.2));
#5662 = VECTOR('',#5663,1.);
#5663 = DIRECTION('',(0.,1.));
#5664 = ( GEOMETRIC_REPRESENTATION_CONTEXT(2) 
PARAMETRIC_REPRESENTATION_CONTEXT() REPRESENTATION_CONTEXT('2D SPACE',''
  ) );
#5665 = ADVANCED_FACE('',(#5666),#5206,.T.);
#5666 = FACE_BOUND('',#5667,.T.);
#5667 = EDGE_LOOP('',(#5668,#5669,#5670,#5671));
#5668 = ORIENTED_EDGE('',*,*,#5190,.F.);
#5669 = ORIENTED_EDGE('',*,*,#5401,.T.);
#5670 = ORIENTED_EDGE('',*,*,#5518,.T.);
#5671 = ORIENTED_EDGE('',*,*,#5672,.F.);
#5672 = EDGE_CURVE('',#5191,#5496,#5673,.T.);
#5673 = SURFACE_CURVE('',#5674,(#5678,#5685),.PCURVE_S1.);
#5674 = LINE('',#5675,#5676);
#5675 = CARTESIAN_POINT('',(-2.105,-1.25,0.75));
#5676 = VECTOR('',#5677,1.);
#5677 = DIRECTION('',(1.,0.,-0.));
#5678 = PCURVE('',#5206,#5679);
#5679 = DEFINITIONAL_REPRESENTATION('',(#5680),#5684);
#5680 = LINE('',#5681,#5682);
#5681 = CARTESIAN_POINT('',(0.,0.2));
#5682 = VECTOR('',#5683,1.);
#5683 = DIRECTION('',(1.,0.));
#5684 = ( GEOMETRIC_REPRESENTATION_CONTEXT(2) 
PARAMETRIC_REPRESENTATION_CONTEXT() REPRESENTATION_CONTEXT('2D SPACE',''
  ) );
#5685 = PCURVE('',#5234,#5686);
#5686 = DEFINITIONAL_REPRESENTATION('',(#5687),#5691);
#5687 = LINE('',#5688,#5689);
#5688 = CARTESIAN_POINT('',(0.375,-0.2));
#5689 = VECTOR('',#5690,1.);
#5690 = DIRECTION('',(0.,1.));
#5691 = ( GEOMETRIC_REPRESENTATION_CONTEXT(2) 
PARAMETRIC_REPRESENTATION_CONTEXT() REPRESENTATION_CONTEXT('2D SPACE',''
  ) );
#5692 = ADVANCED_FACE('',(#5693),#5234,.T.);
#5693 = FACE_BOUND('',#5694,.T.);
#5694 = EDGE_LOOP('',(#5695,#5696,#5697,#5698));
#5695 = ORIENTED_EDGE('',*,*,#5645,.F.);
#5696 = ORIENTED_EDGE('',*,*,#5218,.T.);
#5697 = ORIENTED_EDGE('',*,*,#5672,.T.);
#5698 = ORIENTED_EDGE('',*,*,#5495,.F.);
#5699 = ADVANCED_FACE('',(#5700),#5349,.F.);
#5700 = FACE_BOUND('',#5701,.F.);
#5701 = EDGE_LOOP('',(#5702,#5703,#5704,#5705));
#5702 = ORIENTED_EDGE('',*,*,#5599,.F.);
#5703 = ORIENTED_EDGE('',*,*,#5573,.T.);
#5704 = ORIENTED_EDGE('',*,*,#5333,.T.);
#5705 = ORIENTED_EDGE('',*,*,#5706,.F.);
#5706 = EDGE_CURVE('',#5600,#5334,#5707,.T.);
#5707 = SURFACE_CURVE('',#5708,(#5712,#5719),.PCURVE_S1.);
#5708 = LINE('',#5709,#5710);
#5709 = CARTESIAN_POINT('',(-1.785,-2.5,0.));
#5710 = VECTOR('',#5711,1.);
#5711 = DIRECTION('',(0.,0.,1.));
#5712 = PCURVE('',#5349,#5713);
#5713 = DEFINITIONAL_REPRESENTATION('',(#5714),#5718);
#5714 = LINE('',#5715,#5716);
#5715 = CARTESIAN_POINT('',(0.,0.32));
#5716 = VECTOR('',#5717,1.);
#5717 = DIRECTION('',(1.,0.));
#5718 = ( GEOMETRIC_REPRESENTATION_CONTEXT(2) 
PARAMETRIC_REPRESENTATION_CONTEXT() REPRESENTATION_CONTEXT('2D SPACE',''
  ) );
#5719 = PCURVE('',#5379,#5720);
#5720 = DEFINITIONAL_REPRESENTATION('',(#5721),#5725);
#5721 = LINE('',#5722,#5723);
#5722 = CARTESIAN_POINT('',(0.,0.));
#5723 = VECTOR('',#5724,1.);
#5724 = DIRECTION('',(0.,1.));
#5725 = ( GEOMETRIC_REPRESENTATION_CONTEXT(2) 
PARAMETRIC_REPRESENTATION_CONTEXT() REPRESENTATION_CONTEXT('2D SPACE',''
  ) );
#5726 = ADVANCED_FACE('',(#5727),#5379,.T.);
#5727 = FACE_BOUND('',#5728,.T.);
#5728 = EDGE_LOOP('',(#5729,#5730,#5731,#5732));
#5729 = ORIENTED_EDGE('',*,*,#5622,.T.);
#5730 = ORIENTED_EDGE('',*,*,#5449,.T.);
#5731 = ORIENTED_EDGE('',*,*,#5361,.T.);
#5732 = ORIENTED_EDGE('',*,*,#5706,.F.);
#5733 = MANIFOLD_SOLID_BREP('',#5734);
#5734 = CLOSED_SHELL('',(#5735,#5853,#5990,#6085,#6134,#6229,#6279,#6355
    ,#6382,#6389,#6416));
#5735 = ADVANCED_FACE('',(#5736),#5750,.T.);
#5736 = FACE_BOUND('',#5737,.T.);
#5737 = EDGE_LOOP('',(#5738,#5773,#5799,#5827));
#5738 = ORIENTED_EDGE('',*,*,#5739,.F.);
#5739 = EDGE_CURVE('',#5740,#5742,#5744,.T.);
#5740 = VERTEX_POINT('',#5741);
#5741 = CARTESIAN_POINT('',(-2.105,1.45,0.2));
#5742 = VERTEX_POINT('',#5743);
#5743 = CARTESIAN_POINT('',(-2.105,2.42,0.2));
#5744 = SURFACE_CURVE('',#5745,(#5749,#5761),.PCURVE_S1.);
#5745 = LINE('',#5746,#5747);
#5746 = CARTESIAN_POINT('',(-2.105,1.25,0.2));
#5747 = VECTOR('',#5748,1.);
#5748 = DIRECTION('',(-0.,1.,0.));
#5749 = PCURVE('',#5750,#5755);
#5750 = PLANE('',#5751);
#5751 = AXIS2_PLACEMENT_3D('',#5752,#5753,#5754);
#5752 = CARTESIAN_POINT('',(-2.105,1.25,0.2));
#5753 = DIRECTION('',(0.,0.,1.));
#5754 = DIRECTION('',(1.,0.,-0.));
#5755 = DEFINITIONAL_REPRESENTATION('',(#5756),#5760);
#5756 = LINE('',#5757,#5758);
#5757 = CARTESIAN_POINT('',(0.,0.));
#5758 = VECTOR('',#5759,1.);
#5759 = DIRECTION('',(0.,1.));
#5760 = ( GEOMETRIC_REPRESENTATION_CONTEXT(2) 
PARAMETRIC_REPRESENTATION_CONTEXT() REPRESENTATION_CONTEXT('2D SPACE',''
  ) );
#5761 = PCURVE('',#5762,#5767);
#5762 = PLANE('',#5763);
#5763 = AXIS2_PLACEMENT_3D('',#5764,#5765,#5766);
#5764 = CARTESIAN_POINT('',(-2.105,1.730625,0.230625));
#5765 = DIRECTION('',(-1.,-0.,-0.));
#5766 = DIRECTION('',(0.,0.,-1.));
#5767 = DEFINITIONAL_REPRESENTATION('',(#5768),#5772);
#5768 = LINE('',#5769,#5770);
#5769 = CARTESIAN_POINT('',(3.0625E-02,0.480625));
#5770 = VECTOR('',#5771,1.);
#5771 = DIRECTION('',(0.,-1.));
#5772 = ( GEOMETRIC_REPRESENTATION_CONTEXT(2) 
PARAMETRIC_REPRESENTATION_CONTEXT() REPRESENTATION_CONTEXT('2D SPACE',''
  ) );
#5773 = ORIENTED_EDGE('',*,*,#5774,.F.);
#5774 = EDGE_CURVE('',#5775,#5740,#5777,.T.);
#5775 = VERTEX_POINT('',#5776);
#5776 = CARTESIAN_POINT('',(-1.705,1.45,0.2));
#5777 = SURFACE_CURVE('',#5778,(#5782,#5788),.PCURVE_S1.);
#5778 = LINE('',#5779,#5780);
#5779 = CARTESIAN_POINT('',(-2.105,1.45,0.2));
#5780 = VECTOR('',#5781,1.);
#5781 = DIRECTION('',(-1.,-0.,0.));
#5782 = PCURVE('',#5750,#5783);
#5783 = DEFINITIONAL_REPRESENTATION('',(#5784),#5787);
#5784 = B_SPLINE_CURVE_WITH_KNOTS('',1,(#5785,#5786),.UNSPECIFIED.,.F.,
  .F.,(2,2),(-0.4,0.),.PIECEWISE_BEZIER_KNOTS.);
#5785 = CARTESIAN_POINT('',(0.4,0.2));
#5786 = CARTESIAN_POINT('',(0.,0.2));
#5787 = ( GEOMETRIC_REPRESENTATION_CONTEXT(2) 
PARAMETRIC_REPRESENTATION_CONTEXT() REPRESENTATION_CONTEXT('2D SPACE',''
  ) );
#5788 = PCURVE('',#5789,#5794);
#5789 = PLANE('',#5790);
#5790 = AXIS2_PLACEMENT_3D('',#5791,#5792,#5793);
#5791 = CARTESIAN_POINT('',(-2.105,1.45,0.));
#5792 = DIRECTION('',(-0.,1.,0.));
#5793 = DIRECTION('',(0.,0.,1.));
#5794 = DEFINITIONAL_REPRESENTATION('',(#5795),#5798);
#5795 = B_SPLINE_CURVE_WITH_KNOTS('',1,(#5796,#5797),.UNSPECIFIED.,.F.,
  .F.,(2,2),(-0.4,0.),.PIECEWISE_BEZIER_KNOTS.);
#5796 = CARTESIAN_POINT('',(0.2,0.4));
#5797 = CARTESIAN_POINT('',(0.2,0.));
#5798 = ( GEOMETRIC_REPRESENTATION_CONTEXT(2) 
PARAMETRIC_REPRESENTATION_CONTEXT() REPRESENTATION_CONTEXT('2D SPACE',''
  ) );
#5799 = ORIENTED_EDGE('',*,*,#5800,.T.);
#5800 = EDGE_CURVE('',#5775,#5801,#5803,.T.);
#5801 = VERTEX_POINT('',#5802);
#5802 = CARTESIAN_POINT('',(-1.705,2.42,0.2));
#5803 = SURFACE_CURVE('',#5804,(#5808,#5815),.PCURVE_S1.);
#5804 = LINE('',#5805,#5806);
#5805 = CARTESIAN_POINT('',(-1.705,1.25,0.2));
#5806 = VECTOR('',#5807,1.);
#5807 = DIRECTION('',(-0.,1.,0.));
#5808 = PCURVE('',#5750,#5809);
#5809 = DEFINITIONAL_REPRESENTATION('',(#5810),#5814);
#5810 = LINE('',#5811,#5812);
#5811 = CARTESIAN_POINT('',(0.4,0.));
#5812 = VECTOR('',#5813,1.);
#5813 = DIRECTION('',(0.,1.));
#5814 = ( GEOMETRIC_REPRESENTATION_CONTEXT(2) 
PARAMETRIC_REPRESENTATION_CONTEXT() REPRESENTATION_CONTEXT('2D SPACE',''
  ) );
#5815 = PCURVE('',#5816,#5821);
#5816 = PLANE('',#5817);
#5817 = AXIS2_PLACEMENT_3D('',#5818,#5819,#5820);
#5818 = CARTESIAN_POINT('',(-1.705,1.730625,0.230625));
#5819 = DIRECTION('',(1.,0.,0.));
#5820 = DIRECTION('',(-0.,0.,1.));
#5821 = DEFINITIONAL_REPRESENTATION('',(#5822),#5826);
#5822 = LINE('',#5823,#5824);
#5823 = CARTESIAN_POINT('',(-3.0625E-02,0.480625));
#5824 = VECTOR('',#5825,1.);
#5825 = DIRECTION('',(0.,-1.));
#5826 = ( GEOMETRIC_REPRESENTATION_CONTEXT(2) 
PARAMETRIC_REPRESENTATION_CONTEXT() REPRESENTATION_CONTEXT('2D SPACE',''
  ) );
#5827 = ORIENTED_EDGE('',*,*,#5828,.F.);
#5828 = EDGE_CURVE('',#5742,#5801,#5829,.T.);
#5829 = SURFACE_CURVE('',#5830,(#5834,#5841),.PCURVE_S1.);
#5830 = LINE('',#5831,#5832);
#5831 = CARTESIAN_POINT('',(-2.105,2.42,0.2));
#5832 = VECTOR('',#5833,1.);
#5833 = DIRECTION('',(1.,0.,-0.));
#5834 = PCURVE('',#5750,#5835);
#5835 = DEFINITIONAL_REPRESENTATION('',(#5836),#5840);
#5836 = LINE('',#5837,#5838);
#5837 = CARTESIAN_POINT('',(0.,1.17));
#5838 = VECTOR('',#5839,1.);
#5839 = DIRECTION('',(1.,0.));
#5840 = ( GEOMETRIC_REPRESENTATION_CONTEXT(2) 
PARAMETRIC_REPRESENTATION_CONTEXT() REPRESENTATION_CONTEXT('2D SPACE',''
  ) );
#5841 = PCURVE('',#5842,#5847);
#5842 = CYLINDRICAL_SURFACE('',#5843,8.E-02);
#5843 = AXIS2_PLACEMENT_3D('',#5844,#5845,#5846);
#5844 = CARTESIAN_POINT('',(-2.105,2.42,0.12));
#5845 = DIRECTION('',(1.,0.,-0.));
#5846 = DIRECTION('',(0.,0.,1.));
#5847 = DEFINITIONAL_REPRESENTATION('',(#5848),#5852);
#5848 = LINE('',#5849,#5850);
#5849 = CARTESIAN_POINT('',(-0.,0.));
#5850 = VECTOR('',#5851,1.);
#5851 = DIRECTION('',(-0.,1.));
#5852 = ( GEOMETRIC_REPRESENTATION_CONTEXT(2) 
PARAMETRIC_REPRESENTATION_CONTEXT() REPRESENTATION_CONTEXT('2D SPACE',''
  ) );
#5853 = ADVANCED_FACE('',(#5854),#5762,.T.);
#5854 = FACE_BOUND('',#5855,.T.);
#5855 = EDGE_LOOP('',(#5856,#5857,#5885,#5913,#5941,#5969));
#5856 = ORIENTED_EDGE('',*,*,#5739,.T.);
#5857 = ORIENTED_EDGE('',*,*,#5858,.F.);
#5858 = EDGE_CURVE('',#5859,#5742,#5861,.T.);
#5859 = VERTEX_POINT('',#5860);
#5860 = CARTESIAN_POINT('',(-2.105,2.42,0.));
#5861 = SURFACE_CURVE('',#5862,(#5866,#5873),.PCURVE_S1.);
#5862 = LINE('',#5863,#5864);
#5863 = CARTESIAN_POINT('',(-2.105,2.42,0.));
#5864 = VECTOR('',#5865,1.);
#5865 = DIRECTION('',(0.,0.,1.));
#5866 = PCURVE('',#5762,#5867);
#5867 = DEFINITIONAL_REPRESENTATION('',(#5868),#5872);
#5868 = LINE('',#5869,#5870);
#5869 = CARTESIAN_POINT('',(0.230625,-0.689375));
#5870 = VECTOR('',#5871,1.);
#5871 = DIRECTION('',(-1.,0.));
#5872 = ( GEOMETRIC_REPRESENTATION_CONTEXT(2) 
PARAMETRIC_REPRESENTATION_CONTEXT() REPRESENTATION_CONTEXT('2D SPACE',''
  ) );
#5873 = PCURVE('',#5874,#5879);
#5874 = CYLINDRICAL_SURFACE('',#5875,8.E-02);
#5875 = AXIS2_PLACEMENT_3D('',#5876,#5877,#5878);
#5876 = CARTESIAN_POINT('',(-2.025,2.42,0.));
#5877 = DIRECTION('',(0.,0.,1.));
#5878 = DIRECTION('',(-0.,1.,0.));
#5879 = DEFINITIONAL_REPRESENTATION('',(#5880),#5884);
#5880 = LINE('',#5881,#5882);
#5881 = CARTESIAN_POINT('',(1.570796326795,0.));
#5882 = VECTOR('',#5883,1.);
#5883 = DIRECTION('',(0.,1.));
#5884 = ( GEOMETRIC_REPRESENTATION_CONTEXT(2) 
PARAMETRIC_REPRESENTATION_CONTEXT() REPRESENTATION_CONTEXT('2D SPACE',''
  ) );
#5885 = ORIENTED_EDGE('',*,*,#5886,.F.);
#5886 = EDGE_CURVE('',#5887,#5859,#5889,.T.);
#5887 = VERTEX_POINT('',#5888);
#5888 = CARTESIAN_POINT('',(-2.105,1.25,0.));
#5889 = SURFACE_CURVE('',#5890,(#5894,#5901),.PCURVE_S1.);
#5890 = LINE('',#5891,#5892);
#5891 = CARTESIAN_POINT('',(-2.105,1.25,0.));
#5892 = VECTOR('',#5893,1.);
#5893 = DIRECTION('',(-0.,1.,0.));
#5894 = PCURVE('',#5762,#5895);
#5895 = DEFINITIONAL_REPRESENTATION('',(#5896),#5900);
#5896 = LINE('',#5897,#5898);
#5897 = CARTESIAN_POINT('',(0.230625,0.480625));
#5898 = VECTOR('',#5899,1.);
#5899 = DIRECTION('',(0.,-1.));
#5900 = ( GEOMETRIC_REPRESENTATION_CONTEXT(2) 
PARAMETRIC_REPRESENTATION_CONTEXT() REPRESENTATION_CONTEXT('2D SPACE',''
  ) );
#5901 = PCURVE('',#5902,#5907);
#5902 = PLANE('',#5903);
#5903 = AXIS2_PLACEMENT_3D('',#5904,#5905,#5906);
#5904 = CARTESIAN_POINT('',(-2.105,1.25,0.));
#5905 = DIRECTION('',(0.,0.,1.));
#5906 = DIRECTION('',(1.,0.,-0.));
#5907 = DEFINITIONAL_REPRESENTATION('',(#5908),#5912);
#5908 = LINE('',#5909,#5910);
#5909 = CARTESIAN_POINT('',(0.,0.));
#5910 = VECTOR('',#5911,1.);
#5911 = DIRECTION('',(0.,1.));
#5912 = ( GEOMETRIC_REPRESENTATION_CONTEXT(2) 
PARAMETRIC_REPRESENTATION_CONTEXT() REPRESENTATION_CONTEXT('2D SPACE',''
  ) );
#5913 = ORIENTED_EDGE('',*,*,#5914,.T.);
#5914 = EDGE_CURVE('',#5887,#5915,#5917,.T.);
#5915 = VERTEX_POINT('',#5916);
#5916 = CARTESIAN_POINT('',(-2.105,1.25,0.75));
#5917 = SURFACE_CURVE('',#5918,(#5922,#5929),.PCURVE_S1.);
#5918 = LINE('',#5919,#5920);
#5919 = CARTESIAN_POINT('',(-2.105,1.25,0.));
#5920 = VECTOR('',#5921,1.);
#5921 = DIRECTION('',(0.,0.,1.));
#5922 = PCURVE('',#5762,#5923);
#5923 = DEFINITIONAL_REPRESENTATION('',(#5924),#5928);
#5924 = LINE('',#5925,#5926);
#5925 = CARTESIAN_POINT('',(0.230625,0.480625));
#5926 = VECTOR('',#5927,1.);
#5927 = DIRECTION('',(-1.,0.));
#5928 = ( GEOMETRIC_REPRESENTATION_CONTEXT(2) 
PARAMETRIC_REPRESENTATION_CONTEXT() REPRESENTATION_CONTEXT('2D SPACE',''
  ) );
#5929 = PCURVE('',#5930,#5935);
#5930 = PLANE('',#5931);
#5931 = AXIS2_PLACEMENT_3D('',#5932,#5933,#5934);
#5932 = CARTESIAN_POINT('',(-1.905,1.25,0.375));
#5933 = DIRECTION('',(-0.,-1.,-0.));
#5934 = DIRECTION('',(0.,0.,-1.));
#5935 = DEFINITIONAL_REPRESENTATION('',(#5936),#5940);
#5936 = LINE('',#5937,#5938);
#5937 = CARTESIAN_POINT('',(0.375,-0.2));
#5938 = VECTOR('',#5939,1.);
#5939 = DIRECTION('',(-1.,0.));
#5940 = ( GEOMETRIC_REPRESENTATION_CONTEXT(2) 
PARAMETRIC_REPRESENTATION_CONTEXT() REPRESENTATION_CONTEXT('2D SPACE',''
  ) );
#5941 = ORIENTED_EDGE('',*,*,#5942,.T.);
#5942 = EDGE_CURVE('',#5915,#5943,#5945,.T.);
#5943 = VERTEX_POINT('',#5944);
#5944 = CARTESIAN_POINT('',(-2.105,1.45,0.75));
#5945 = SURFACE_CURVE('',#5946,(#5950,#5957),.PCURVE_S1.);
#5946 = LINE('',#5947,#5948);
#5947 = CARTESIAN_POINT('',(-2.105,1.25,0.75));
#5948 = VECTOR('',#5949,1.);
#5949 = DIRECTION('',(-0.,1.,0.));
#5950 = PCURVE('',#5762,#5951);
#5951 = DEFINITIONAL_REPRESENTATION('',(#5952),#5956);
#5952 = LINE('',#5953,#5954);
#5953 = CARTESIAN_POINT('',(-0.519375,0.480625));
#5954 = VECTOR('',#5955,1.);
#5955 = DIRECTION('',(0.,-1.));
#5956 = ( GEOMETRIC_REPRESENTATION_CONTEXT(2) 
PARAMETRIC_REPRESENTATION_CONTEXT() REPRESENTATION_CONTEXT('2D SPACE',''
  ) );
#5957 = PCURVE('',#5958,#5963);
#5958 = PLANE('',#5959);
#5959 = AXIS2_PLACEMENT_3D('',#5960,#5961,#5962);
#5960 = CARTESIAN_POINT('',(-2.105,1.25,0.75));
#5961 = DIRECTION('',(0.,0.,1.));
#5962 = DIRECTION('',(1.,0.,-0.));
#5963 = DEFINITIONAL_REPRESENTATION('',(#5964),#5968);
#5964 = LINE('',#5965,#5966);
#5965 = CARTESIAN_POINT('',(0.,0.));
#5966 = VECTOR('',#5967,1.);
#5967 = DIRECTION('',(0.,1.));
#5968 = ( GEOMETRIC_REPRESENTATION_CONTEXT(2) 
PARAMETRIC_REPRESENTATION_CONTEXT() REPRESENTATION_CONTEXT('2D SPACE',''
  ) );
#5969 = ORIENTED_EDGE('',*,*,#5970,.F.);
#5970 = EDGE_CURVE('',#5740,#5943,#5971,.T.);
#5971 = SURFACE_CURVE('',#5972,(#5976,#5983),.PCURVE_S1.);
#5972 = LINE('',#5973,#5974);
#5973 = CARTESIAN_POINT('',(-2.105,1.45,0.));
#5974 = VECTOR('',#5975,1.);
#5975 = DIRECTION('',(0.,0.,1.));
#5976 = PCURVE('',#5762,#5977);
#5977 = DEFINITIONAL_REPRESENTATION('',(#5978),#5982);
#5978 = LINE('',#5979,#5980);
#5979 = CARTESIAN_POINT('',(0.230625,0.280625));
#5980 = VECTOR('',#5981,1.);
#5981 = DIRECTION('',(-1.,0.));
#5982 = ( GEOMETRIC_REPRESENTATION_CONTEXT(2) 
PARAMETRIC_REPRESENTATION_CONTEXT() REPRESENTATION_CONTEXT('2D SPACE',''
  ) );
#5983 = PCURVE('',#5789,#5984);
#5984 = DEFINITIONAL_REPRESENTATION('',(#5985),#5989);
#5985 = LINE('',#5986,#5987);
#5986 = CARTESIAN_POINT('',(0.,0.));
#5987 = VECTOR('',#5988,1.);
#5988 = DIRECTION('',(1.,0.));
#5989 = ( GEOMETRIC_REPRESENTATION_CONTEXT(2) 
PARAMETRIC_REPRESENTATION_CONTEXT() REPRESENTATION_CONTEXT('2D SPACE',''
  ) );
#5990 = ADVANCED_FACE('',(#5991),#5842,.T.);
#5991 = FACE_BOUND('',#5992,.F.);
#5992 = EDGE_LOOP('',(#5993,#6023,#6051,#6084));
#5993 = ORIENTED_EDGE('',*,*,#5994,.T.);
#5994 = EDGE_CURVE('',#5742,#5995,#5997,.T.);
#5995 = VERTEX_POINT('',#5996);
#5996 = CARTESIAN_POINT('',(-2.025,2.5,0.12));
#5997 = SURFACE_CURVE('',#5998,(#6003,#6013),.PCURVE_S1.);
#5998 = ELLIPSE('',#5999,0.11313708499,8.E-02);
#5999 = AXIS2_PLACEMENT_3D('',#6000,#6001,#6002);
#6000 = CARTESIAN_POINT('',(-2.025,2.42,0.12));
#6001 = DIRECTION('',(-0.707106781187,-0.,-0.707106781187));
#6002 = DIRECTION('',(0.707106781187,0.,-0.707106781187));
#6003 = PCURVE('',#5842,#6004);
#6004 = DEFINITIONAL_REPRESENTATION('',(#6005),#6012);
#6005 = B_SPLINE_CURVE_WITH_KNOTS('',5,(#6006,#6007,#6008,#6009,#6010,
    #6011),.UNSPECIFIED.,.F.,.F.,(6,6),(3.14159265359,4.712388980385),
  .PIECEWISE_BEZIER_KNOTS.);
#6006 = CARTESIAN_POINT('',(1.110223024625E-16,0.));
#6007 = CARTESIAN_POINT('',(-0.314159265359,-6.581484855604E-18));
#6008 = CARTESIAN_POINT('',(-0.628307393518,9.840342737674E-03));
#6009 = CARTESIAN_POINT('',(-0.94247613495,2.971305034234E-02));
#6010 = CARTESIAN_POINT('',(-1.256637061436,5.486725877128E-02));
#6011 = CARTESIAN_POINT('',(-1.570796326795,8.E-02));
#6012 = ( GEOMETRIC_REPRESENTATION_CONTEXT(2) 
PARAMETRIC_REPRESENTATION_CONTEXT() REPRESENTATION_CONTEXT('2D SPACE',''
  ) );
#6013 = PCURVE('',#5874,#6014);
#6014 = DEFINITIONAL_REPRESENTATION('',(#6015),#6022);
#6015 = B_SPLINE_CURVE_WITH_KNOTS('',5,(#6016,#6017,#6018,#6019,#6020,
    #6021),.UNSPECIFIED.,.F.,.F.,(6,6),(3.14159265359,4.712388980385),
  .PIECEWISE_BEZIER_KNOTS.);
#6016 = CARTESIAN_POINT('',(1.570796326795,0.2));
#6017 = CARTESIAN_POINT('',(1.256637061436,0.2));
#6018 = CARTESIAN_POINT('',(0.942488933277,0.190159657262));
#6019 = CARTESIAN_POINT('',(0.628320191845,0.170286949658));
#6020 = CARTESIAN_POINT('',(0.314159265359,0.145132741229));
#6021 = CARTESIAN_POINT('',(1.110223024625E-16,0.12));
#6022 = ( GEOMETRIC_REPRESENTATION_CONTEXT(2) 
PARAMETRIC_REPRESENTATION_CONTEXT() REPRESENTATION_CONTEXT('2D SPACE',''
  ) );
#6023 = ORIENTED_EDGE('',*,*,#6024,.T.);
#6024 = EDGE_CURVE('',#5995,#6025,#6027,.T.);
#6025 = VERTEX_POINT('',#6026);
#6026 = CARTESIAN_POINT('',(-1.785,2.5,0.12));
#6027 = SURFACE_CURVE('',#6028,(#6032,#6039),.PCURVE_S1.);
#6028 = LINE('',#6029,#6030);
#6029 = CARTESIAN_POINT('',(-2.105,2.5,0.12));
#6030 = VECTOR('',#6031,1.);
#6031 = DIRECTION('',(1.,0.,-0.));
#6032 = PCURVE('',#5842,#6033);
#6033 = DEFINITIONAL_REPRESENTATION('',(#6034),#6038);
#6034 = LINE('',#6035,#6036);
#6035 = CARTESIAN_POINT('',(-1.570796326795,0.));
#6036 = VECTOR('',#6037,1.);
#6037 = DIRECTION('',(-0.,1.));
#6038 = ( GEOMETRIC_REPRESENTATION_CONTEXT(2) 
PARAMETRIC_REPRESENTATION_CONTEXT() REPRESENTATION_CONTEXT('2D SPACE',''
  ) );
#6039 = PCURVE('',#6040,#6045);
#6040 = PLANE('',#6041);
#6041 = AXIS2_PLACEMENT_3D('',#6042,#6043,#6044);
#6042 = CARTESIAN_POINT('',(-2.105,2.5,0.));
#6043 = DIRECTION('',(-0.,1.,0.));
#6044 = DIRECTION('',(0.,0.,1.));
#6045 = DEFINITIONAL_REPRESENTATION('',(#6046),#6050);
#6046 = LINE('',#6047,#6048);
#6047 = CARTESIAN_POINT('',(0.12,0.));
#6048 = VECTOR('',#6049,1.);
#6049 = DIRECTION('',(0.,1.));
#6050 = ( GEOMETRIC_REPRESENTATION_CONTEXT(2) 
PARAMETRIC_REPRESENTATION_CONTEXT() REPRESENTATION_CONTEXT('2D SPACE',''
  ) );
#6051 = ORIENTED_EDGE('',*,*,#6052,.F.);
#6052 = EDGE_CURVE('',#5801,#6025,#6053,.T.);
#6053 = SURFACE_CURVE('',#6054,(#6059,#6069),.PCURVE_S1.);
#6054 = ELLIPSE('',#6055,0.11313708499,8.E-02);
#6055 = AXIS2_PLACEMENT_3D('',#6056,#6057,#6058);
#6056 = CARTESIAN_POINT('',(-1.785,2.42,0.12));
#6057 = DIRECTION('',(-0.707106781187,-0.,0.707106781187));
#6058 = DIRECTION('',(0.707106781187,0.,0.707106781187));
#6059 = PCURVE('',#5842,#6060);
#6060 = DEFINITIONAL_REPRESENTATION('',(#6061),#6068);
#6061 = B_SPLINE_CURVE_WITH_KNOTS('',5,(#6062,#6063,#6064,#6065,#6066,
    #6067),.UNSPECIFIED.,.F.,.F.,(6,6),(0.,1.570796326795),
  .PIECEWISE_BEZIER_KNOTS.);
#6062 = CARTESIAN_POINT('',(-2.22044604925E-16,0.4));
#6063 = CARTESIAN_POINT('',(-0.314159265359,0.4));
#6064 = CARTESIAN_POINT('',(-0.628307393518,0.390159657262));
#6065 = CARTESIAN_POINT('',(-0.94247613495,0.370286949658));
#6066 = CARTESIAN_POINT('',(-1.256637061436,0.345132741229));
#6067 = CARTESIAN_POINT('',(-1.570796326795,0.32));
#6068 = ( GEOMETRIC_REPRESENTATION_CONTEXT(2) 
PARAMETRIC_REPRESENTATION_CONTEXT() REPRESENTATION_CONTEXT('2D SPACE',''
  ) );
#6069 = PCURVE('',#6070,#6075);
#6070 = CYLINDRICAL_SURFACE('',#6071,8.E-02);
#6071 = AXIS2_PLACEMENT_3D('',#6072,#6073,#6074);
#6072 = CARTESIAN_POINT('',(-1.785,2.42,0.));
#6073 = DIRECTION('',(0.,0.,1.));
#6074 = DIRECTION('',(-0.,1.,0.));
#6075 = DEFINITIONAL_REPRESENTATION('',(#6076),#6083);
#6076 = B_SPLINE_CURVE_WITH_KNOTS('',5,(#6077,#6078,#6079,#6080,#6081,
    #6082),.UNSPECIFIED.,.F.,.F.,(6,6),(0.,1.570796326795),
  .PIECEWISE_BEZIER_KNOTS.);
#6077 = CARTESIAN_POINT('',(-1.570796326795,0.2));
#6078 = CARTESIAN_POINT('',(-1.256637061436,0.2));
#6079 = CARTESIAN_POINT('',(-0.942488933277,0.190159657262));
#6080 = CARTESIAN_POINT('',(-0.628320191845,0.170286949658));
#6081 = CARTESIAN_POINT('',(-0.314159265359,0.145132741229));
#6082 = CARTESIAN_POINT('',(0.,0.12));
#6083 = ( GEOMETRIC_REPRESENTATION_CONTEXT(2) 
PARAMETRIC_REPRESENTATION_CONTEXT() REPRESENTATION_CONTEXT('2D SPACE',''
  ) );
#6084 = ORIENTED_EDGE('',*,*,#5828,.F.);
#6085 = ADVANCED_FACE('',(#6086),#5789,.T.);
#6086 = FACE_BOUND('',#6087,.T.);
#6087 = EDGE_LOOP('',(#6088,#6089,#6090,#6113));
#6088 = ORIENTED_EDGE('',*,*,#5774,.T.);
#6089 = ORIENTED_EDGE('',*,*,#5970,.T.);
#6090 = ORIENTED_EDGE('',*,*,#6091,.T.);
#6091 = EDGE_CURVE('',#5943,#6092,#6094,.T.);
#6092 = VERTEX_POINT('',#6093);
#6093 = CARTESIAN_POINT('',(-1.705,1.45,0.75));
#6094 = SURFACE_CURVE('',#6095,(#6099,#6106),.PCURVE_S1.);
#6095 = LINE('',#6096,#6097);
#6096 = CARTESIAN_POINT('',(-2.105,1.45,0.75));
#6097 = VECTOR('',#6098,1.);
#6098 = DIRECTION('',(1.,0.,-0.));
#6099 = PCURVE('',#5789,#6100);
#6100 = DEFINITIONAL_REPRESENTATION('',(#6101),#6105);
#6101 = LINE('',#6102,#6103);
#6102 = CARTESIAN_POINT('',(0.75,0.));
#6103 = VECTOR('',#6104,1.);
#6104 = DIRECTION('',(0.,1.));
#6105 = ( GEOMETRIC_REPRESENTATION_CONTEXT(2) 
PARAMETRIC_REPRESENTATION_CONTEXT() REPRESENTATION_CONTEXT('2D SPACE',''
  ) );
#6106 = PCURVE('',#5958,#6107);
#6107 = DEFINITIONAL_REPRESENTATION('',(#6108),#6112);
#6108 = LINE('',#6109,#6110);
#6109 = CARTESIAN_POINT('',(0.,0.2));
#6110 = VECTOR('',#6111,1.);
#6111 = DIRECTION('',(1.,0.));
#6112 = ( GEOMETRIC_REPRESENTATION_CONTEXT(2) 
PARAMETRIC_REPRESENTATION_CONTEXT() REPRESENTATION_CONTEXT('2D SPACE',''
  ) );
#6113 = ORIENTED_EDGE('',*,*,#6114,.F.);
#6114 = EDGE_CURVE('',#5775,#6092,#6115,.T.);
#6115 = SURFACE_CURVE('',#6116,(#6120,#6127),.PCURVE_S1.);
#6116 = LINE('',#6117,#6118);
#6117 = CARTESIAN_POINT('',(-1.705,1.45,0.));
#6118 = VECTOR('',#6119,1.);
#6119 = DIRECTION('',(0.,0.,1.));
#6120 = PCURVE('',#5789,#6121);
#6121 = DEFINITIONAL_REPRESENTATION('',(#6122),#6126);
#6122 = LINE('',#6123,#6124);
#6123 = CARTESIAN_POINT('',(0.,0.4));
#6124 = VECTOR('',#6125,1.);
#6125 = DIRECTION('',(1.,0.));
#6126 = ( GEOMETRIC_REPRESENTATION_CONTEXT(2) 
PARAMETRIC_REPRESENTATION_CONTEXT() REPRESENTATION_CONTEXT('2D SPACE',''
  ) );
#6127 = PCURVE('',#5816,#6128);
#6128 = DEFINITIONAL_REPRESENTATION('',(#6129),#6133);
#6129 = LINE('',#6130,#6131);
#6130 = CARTESIAN_POINT('',(-0.230625,0.280625));
#6131 = VECTOR('',#6132,1.);
#6132 = DIRECTION('',(1.,0.));
#6133 = ( GEOMETRIC_REPRESENTATION_CONTEXT(2) 
PARAMETRIC_REPRESENTATION_CONTEXT() REPRESENTATION_CONTEXT('2D SPACE',''
  ) );
#6134 = ADVANCED_FACE('',(#6135),#5816,.T.);
#6135 = FACE_BOUND('',#6136,.T.);
#6136 = EDGE_LOOP('',(#6137,#6162,#6183,#6184,#6185,#6208));
#6137 = ORIENTED_EDGE('',*,*,#6138,.T.);
#6138 = EDGE_CURVE('',#6139,#6141,#6143,.T.);
#6139 = VERTEX_POINT('',#6140);
#6140 = CARTESIAN_POINT('',(-1.705,1.25,0.));
#6141 = VERTEX_POINT('',#6142);
#6142 = CARTESIAN_POINT('',(-1.705,2.42,0.));
#6143 = SURFACE_CURVE('',#6144,(#6148,#6155),.PCURVE_S1.);
#6144 = LINE('',#6145,#6146);
#6145 = CARTESIAN_POINT('',(-1.705,1.25,0.));
#6146 = VECTOR('',#6147,1.);
#6147 = DIRECTION('',(-0.,1.,0.));
#6148 = PCURVE('',#5816,#6149);
#6149 = DEFINITIONAL_REPRESENTATION('',(#6150),#6154);
#6150 = LINE('',#6151,#6152);
#6151 = CARTESIAN_POINT('',(-0.230625,0.480625));
#6152 = VECTOR('',#6153,1.);
#6153 = DIRECTION('',(0.,-1.));
#6154 = ( GEOMETRIC_REPRESENTATION_CONTEXT(2) 
PARAMETRIC_REPRESENTATION_CONTEXT() REPRESENTATION_CONTEXT('2D SPACE',''
  ) );
#6155 = PCURVE('',#5902,#6156);
#6156 = DEFINITIONAL_REPRESENTATION('',(#6157),#6161);
#6157 = LINE('',#6158,#6159);
#6158 = CARTESIAN_POINT('',(0.4,0.));
#6159 = VECTOR('',#6160,1.);
#6160 = DIRECTION('',(0.,1.));
#6161 = ( GEOMETRIC_REPRESENTATION_CONTEXT(2) 
PARAMETRIC_REPRESENTATION_CONTEXT() REPRESENTATION_CONTEXT('2D SPACE',''
  ) );
#6162 = ORIENTED_EDGE('',*,*,#6163,.T.);
#6163 = EDGE_CURVE('',#6141,#5801,#6164,.T.);
#6164 = SURFACE_CURVE('',#6165,(#6169,#6176),.PCURVE_S1.);
#6165 = LINE('',#6166,#6167);
#6166 = CARTESIAN_POINT('',(-1.705,2.42,0.));
#6167 = VECTOR('',#6168,1.);
#6168 = DIRECTION('',(0.,0.,1.));
#6169 = PCURVE('',#5816,#6170);
#6170 = DEFINITIONAL_REPRESENTATION('',(#6171),#6175);
#6171 = LINE('',#6172,#6173);
#6172 = CARTESIAN_POINT('',(-0.230625,-0.689375));
#6173 = VECTOR('',#6174,1.);
#6174 = DIRECTION('',(1.,0.));
#6175 = ( GEOMETRIC_REPRESENTATION_CONTEXT(2) 
PARAMETRIC_REPRESENTATION_CONTEXT() REPRESENTATION_CONTEXT('2D SPACE',''
  ) );
#6176 = PCURVE('',#6070,#6177);
#6177 = DEFINITIONAL_REPRESENTATION('',(#6178),#6182);
#6178 = LINE('',#6179,#6180);
#6179 = CARTESIAN_POINT('',(-1.570796326795,0.));
#6180 = VECTOR('',#6181,1.);
#6181 = DIRECTION('',(-0.,1.));
#6182 = ( GEOMETRIC_REPRESENTATION_CONTEXT(2) 
PARAMETRIC_REPRESENTATION_CONTEXT() REPRESENTATION_CONTEXT('2D SPACE',''
  ) );
#6183 = ORIENTED_EDGE('',*,*,#5800,.F.);
#6184 = ORIENTED_EDGE('',*,*,#6114,.T.);
#6185 = ORIENTED_EDGE('',*,*,#6186,.F.);
#6186 = EDGE_CURVE('',#6187,#6092,#6189,.T.);
#6187 = VERTEX_POINT('',#6188);
#6188 = CARTESIAN_POINT('',(-1.705,1.25,0.75));
#6189 = SURFACE_CURVE('',#6190,(#6194,#6201),.PCURVE_S1.);
#6190 = LINE('',#6191,#6192);
#6191 = CARTESIAN_POINT('',(-1.705,1.25,0.75));
#6192 = VECTOR('',#6193,1.);
#6193 = DIRECTION('',(-0.,1.,0.));
#6194 = PCURVE('',#5816,#6195);
#6195 = DEFINITIONAL_REPRESENTATION('',(#6196),#6200);
#6196 = LINE('',#6197,#6198);
#6197 = CARTESIAN_POINT('',(0.519375,0.480625));
#6198 = VECTOR('',#6199,1.);
#6199 = DIRECTION('',(0.,-1.));
#6200 = ( GEOMETRIC_REPRESENTATION_CONTEXT(2) 
PARAMETRIC_REPRESENTATION_CONTEXT() REPRESENTATION_CONTEXT('2D SPACE',''
  ) );
#6201 = PCURVE('',#5958,#6202);
#6202 = DEFINITIONAL_REPRESENTATION('',(#6203),#6207);
#6203 = LINE('',#6204,#6205);
#6204 = CARTESIAN_POINT('',(0.4,0.));
#6205 = VECTOR('',#6206,1.);
#6206 = DIRECTION('',(0.,1.));
#6207 = ( GEOMETRIC_REPRESENTATION_CONTEXT(2) 
PARAMETRIC_REPRESENTATION_CONTEXT() REPRESENTATION_CONTEXT('2D SPACE',''
  ) );
#6208 = ORIENTED_EDGE('',*,*,#6209,.F.);
#6209 = EDGE_CURVE('',#6139,#6187,#6210,.T.);
#6210 = SURFACE_CURVE('',#6211,(#6215,#6222),.PCURVE_S1.);
#6211 = LINE('',#6212,#6213);
#6212 = CARTESIAN_POINT('',(-1.705,1.25,0.));
#6213 = VECTOR('',#6214,1.);
#6214 = DIRECTION('',(0.,0.,1.));
#6215 = PCURVE('',#5816,#6216);
#6216 = DEFINITIONAL_REPRESENTATION('',(#6217),#6221);
#6217 = LINE('',#6218,#6219);
#6218 = CARTESIAN_POINT('',(-0.230625,0.480625));
#6219 = VECTOR('',#6220,1.);
#6220 = DIRECTION('',(1.,0.));
#6221 = ( GEOMETRIC_REPRESENTATION_CONTEXT(2) 
PARAMETRIC_REPRESENTATION_CONTEXT() REPRESENTATION_CONTEXT('2D SPACE',''
  ) );
#6222 = PCURVE('',#5930,#6223);
#6223 = DEFINITIONAL_REPRESENTATION('',(#6224),#6228);
#6224 = LINE('',#6225,#6226);
#6225 = CARTESIAN_POINT('',(0.375,0.2));
#6226 = VECTOR('',#6227,1.);
#6227 = DIRECTION('',(-1.,0.));
#6228 = ( GEOMETRIC_REPRESENTATION_CONTEXT(2) 
PARAMETRIC_REPRESENTATION_CONTEXT() REPRESENTATION_CONTEXT('2D SPACE',''
  ) );
#6229 = ADVANCED_FACE('',(#6230),#5874,.T.);
#6230 = FACE_BOUND('',#6231,.T.);
#6231 = EDGE_LOOP('',(#6232,#6256,#6257,#6258));
#6232 = ORIENTED_EDGE('',*,*,#6233,.T.);
#6233 = EDGE_CURVE('',#6234,#5859,#6236,.T.);
#6234 = VERTEX_POINT('',#6235);
#6235 = CARTESIAN_POINT('',(-2.025,2.5,0.));
#6236 = SURFACE_CURVE('',#6237,(#6242,#6249),.PCURVE_S1.);
#6237 = CIRCLE('',#6238,8.E-02);
#6238 = AXIS2_PLACEMENT_3D('',#6239,#6240,#6241);
#6239 = CARTESIAN_POINT('',(-2.025,2.42,0.));
#6240 = DIRECTION('',(0.,0.,1.));
#6241 = DIRECTION('',(0.,-1.,0.));
#6242 = PCURVE('',#5874,#6243);
#6243 = DEFINITIONAL_REPRESENTATION('',(#6244),#6248);
#6244 = LINE('',#6245,#6246);
#6245 = CARTESIAN_POINT('',(-3.14159265359,0.));
#6246 = VECTOR('',#6247,1.);
#6247 = DIRECTION('',(1.,0.));
#6248 = ( GEOMETRIC_REPRESENTATION_CONTEXT(2) 
PARAMETRIC_REPRESENTATION_CONTEXT() REPRESENTATION_CONTEXT('2D SPACE',''
  ) );
#6249 = PCURVE('',#5902,#6250);
#6250 = DEFINITIONAL_REPRESENTATION('',(#6251),#6255);
#6251 = CIRCLE('',#6252,8.E-02);
#6252 = AXIS2_PLACEMENT_2D('',#6253,#6254);
#6253 = CARTESIAN_POINT('',(8.E-02,1.17));
#6254 = DIRECTION('',(0.,-1.));
#6255 = ( GEOMETRIC_REPRESENTATION_CONTEXT(2) 
PARAMETRIC_REPRESENTATION_CONTEXT() REPRESENTATION_CONTEXT('2D SPACE',''
  ) );
#6256 = ORIENTED_EDGE('',*,*,#5858,.T.);
#6257 = ORIENTED_EDGE('',*,*,#5994,.T.);
#6258 = ORIENTED_EDGE('',*,*,#6259,.F.);
#6259 = EDGE_CURVE('',#6234,#5995,#6260,.T.);
#6260 = SURFACE_CURVE('',#6261,(#6265,#6272),.PCURVE_S1.);
#6261 = LINE('',#6262,#6263);
#6262 = CARTESIAN_POINT('',(-2.025,2.5,0.));
#6263 = VECTOR('',#6264,1.);
#6264 = DIRECTION('',(0.,0.,1.));
#6265 = PCURVE('',#5874,#6266);
#6266 = DEFINITIONAL_REPRESENTATION('',(#6267),#6271);
#6267 = LINE('',#6268,#6269);
#6268 = CARTESIAN_POINT('',(0.,0.));
#6269 = VECTOR('',#6270,1.);
#6270 = DIRECTION('',(0.,1.));
#6271 = ( GEOMETRIC_REPRESENTATION_CONTEXT(2) 
PARAMETRIC_REPRESENTATION_CONTEXT() REPRESENTATION_CONTEXT('2D SPACE',''
  ) );
#6272 = PCURVE('',#6040,#6273);
#6273 = DEFINITIONAL_REPRESENTATION('',(#6274),#6278);
#6274 = LINE('',#6275,#6276);
#6275 = CARTESIAN_POINT('',(0.,8.E-02));
#6276 = VECTOR('',#6277,1.);
#6277 = DIRECTION('',(1.,0.));
#6278 = ( GEOMETRIC_REPRESENTATION_CONTEXT(2) 
PARAMETRIC_REPRESENTATION_CONTEXT() REPRESENTATION_CONTEXT('2D SPACE',''
  ) );
#6279 = ADVANCED_FACE('',(#6280),#5902,.F.);
#6280 = FACE_BOUND('',#6281,.F.);
#6281 = EDGE_LOOP('',(#6282,#6283,#6304,#6305,#6333,#6354));
#6282 = ORIENTED_EDGE('',*,*,#5886,.F.);
#6283 = ORIENTED_EDGE('',*,*,#6284,.T.);
#6284 = EDGE_CURVE('',#5887,#6139,#6285,.T.);
#6285 = SURFACE_CURVE('',#6286,(#6290,#6297),.PCURVE_S1.);
#6286 = LINE('',#6287,#6288);
#6287 = CARTESIAN_POINT('',(-2.105,1.25,0.));
#6288 = VECTOR('',#6289,1.);
#6289 = DIRECTION('',(1.,0.,-0.));
#6290 = PCURVE('',#5902,#6291);
#6291 = DEFINITIONAL_REPRESENTATION('',(#6292),#6296);
#6292 = LINE('',#6293,#6294);
#6293 = CARTESIAN_POINT('',(0.,0.));
#6294 = VECTOR('',#6295,1.);
#6295 = DIRECTION('',(1.,0.));
#6296 = ( GEOMETRIC_REPRESENTATION_CONTEXT(2) 
PARAMETRIC_REPRESENTATION_CONTEXT() REPRESENTATION_CONTEXT('2D SPACE',''
  ) );
#6297 = PCURVE('',#5930,#6298);
#6298 = DEFINITIONAL_REPRESENTATION('',(#6299),#6303);
#6299 = LINE('',#6300,#6301);
#6300 = CARTESIAN_POINT('',(0.375,-0.2));
#6301 = VECTOR('',#6302,1.);
#6302 = DIRECTION('',(0.,1.));
#6303 = ( GEOMETRIC_REPRESENTATION_CONTEXT(2) 
PARAMETRIC_REPRESENTATION_CONTEXT() REPRESENTATION_CONTEXT('2D SPACE',''
  ) );
#6304 = ORIENTED_EDGE('',*,*,#6138,.T.);
#6305 = ORIENTED_EDGE('',*,*,#6306,.F.);
#6306 = EDGE_CURVE('',#6307,#6141,#6309,.T.);
#6307 = VERTEX_POINT('',#6308);
#6308 = CARTESIAN_POINT('',(-1.785,2.5,0.));
#6309 = SURFACE_CURVE('',#6310,(#6315,#6326),.PCURVE_S1.);
#6310 = CIRCLE('',#6311,8.E-02);
#6311 = AXIS2_PLACEMENT_3D('',#6312,#6313,#6314);
#6312 = CARTESIAN_POINT('',(-1.785,2.42,0.));
#6313 = DIRECTION('',(-0.,-0.,-1.));
#6314 = DIRECTION('',(0.,-1.,0.));
#6315 = PCURVE('',#5902,#6316);
#6316 = DEFINITIONAL_REPRESENTATION('',(#6317),#6325);
#6317 = ( BOUNDED_CURVE() B_SPLINE_CURVE(2,(#6318,#6319,#6320,#6321,
#6322,#6323,#6324),.UNSPECIFIED.,.T.,.F.) B_SPLINE_CURVE_WITH_KNOTS((1,2
    ,2,2,2,1),(-2.094395102393,0.,2.094395102393,4.188790204786,
6.28318530718,8.377580409573),.UNSPECIFIED.) CURVE() 
GEOMETRIC_REPRESENTATION_ITEM() RATIONAL_B_SPLINE_CURVE((1.,0.5,1.,0.5,
1.,0.5,1.)) REPRESENTATION_ITEM('') );
#6318 = CARTESIAN_POINT('',(0.32,1.09));
#6319 = CARTESIAN_POINT('',(0.181435935394,1.09));
#6320 = CARTESIAN_POINT('',(0.250717967697,1.21));
#6321 = CARTESIAN_POINT('',(0.32,1.33));
#6322 = CARTESIAN_POINT('',(0.389282032303,1.21));
#6323 = CARTESIAN_POINT('',(0.458564064606,1.09));
#6324 = CARTESIAN_POINT('',(0.32,1.09));
#6325 = ( GEOMETRIC_REPRESENTATION_CONTEXT(2) 
PARAMETRIC_REPRESENTATION_CONTEXT() REPRESENTATION_CONTEXT('2D SPACE',''
  ) );
#6326 = PCURVE('',#6070,#6327);
#6327 = DEFINITIONAL_REPRESENTATION('',(#6328),#6332);
#6328 = LINE('',#6329,#6330);
#6329 = CARTESIAN_POINT('',(3.14159265359,-0.));
#6330 = VECTOR('',#6331,1.);
#6331 = DIRECTION('',(-1.,0.));
#6332 = ( GEOMETRIC_REPRESENTATION_CONTEXT(2) 
PARAMETRIC_REPRESENTATION_CONTEXT() REPRESENTATION_CONTEXT('2D SPACE',''
  ) );
#6333 = ORIENTED_EDGE('',*,*,#6334,.F.);
#6334 = EDGE_CURVE('',#6234,#6307,#6335,.T.);
#6335 = SURFACE_CURVE('',#6336,(#6340,#6347),.PCURVE_S1.);
#6336 = LINE('',#6337,#6338);
#6337 = CARTESIAN_POINT('',(-2.105,2.5,0.));
#6338 = VECTOR('',#6339,1.);
#6339 = DIRECTION('',(1.,0.,-0.));
#6340 = PCURVE('',#5902,#6341);
#6341 = DEFINITIONAL_REPRESENTATION('',(#6342),#6346);
#6342 = LINE('',#6343,#6344);
#6343 = CARTESIAN_POINT('',(0.,1.25));
#6344 = VECTOR('',#6345,1.);
#6345 = DIRECTION('',(1.,0.));
#6346 = ( GEOMETRIC_REPRESENTATION_CONTEXT(2) 
PARAMETRIC_REPRESENTATION_CONTEXT() REPRESENTATION_CONTEXT('2D SPACE',''
  ) );
#6347 = PCURVE('',#6040,#6348);
#6348 = DEFINITIONAL_REPRESENTATION('',(#6349),#6353);
#6349 = LINE('',#6350,#6351);
#6350 = CARTESIAN_POINT('',(0.,0.));
#6351 = VECTOR('',#6352,1.);
#6352 = DIRECTION('',(0.,1.));
#6353 = ( GEOMETRIC_REPRESENTATION_CONTEXT(2) 
PARAMETRIC_REPRESENTATION_CONTEXT() REPRESENTATION_CONTEXT('2D SPACE',''
  ) );
#6354 = ORIENTED_EDGE('',*,*,#6233,.T.);
#6355 = ADVANCED_FACE('',(#6356),#5958,.T.);
#6356 = FACE_BOUND('',#6357,.T.);
#6357 = EDGE_LOOP('',(#6358,#6359,#6380,#6381));
#6358 = ORIENTED_EDGE('',*,*,#5942,.F.);
#6359 = ORIENTED_EDGE('',*,*,#6360,.T.);
#6360 = EDGE_CURVE('',#5915,#6187,#6361,.T.);
#6361 = SURFACE_CURVE('',#6362,(#6366,#6373),.PCURVE_S1.);
#6362 = LINE('',#6363,#6364);
#6363 = CARTESIAN_POINT('',(-2.105,1.25,0.75));
#6364 = VECTOR('',#6365,1.);
#6365 = DIRECTION('',(1.,0.,-0.));
#6366 = PCURVE('',#5958,#6367);
#6367 = DEFINITIONAL_REPRESENTATION('',(#6368),#6372);
#6368 = LINE('',#6369,#6370);
#6369 = CARTESIAN_POINT('',(0.,0.));
#6370 = VECTOR('',#6371,1.);
#6371 = DIRECTION('',(1.,0.));
#6372 = ( GEOMETRIC_REPRESENTATION_CONTEXT(2) 
PARAMETRIC_REPRESENTATION_CONTEXT() REPRESENTATION_CONTEXT('2D SPACE',''
  ) );
#6373 = PCURVE('',#5930,#6374);
#6374 = DEFINITIONAL_REPRESENTATION('',(#6375),#6379);
#6375 = LINE('',#6376,#6377);
#6376 = CARTESIAN_POINT('',(-0.375,-0.2));
#6377 = VECTOR('',#6378,1.);
#6378 = DIRECTION('',(0.,1.));
#6379 = ( GEOMETRIC_REPRESENTATION_CONTEXT(2) 
PARAMETRIC_REPRESENTATION_CONTEXT() REPRESENTATION_CONTEXT('2D SPACE',''
  ) );
#6380 = ORIENTED_EDGE('',*,*,#6186,.T.);
#6381 = ORIENTED_EDGE('',*,*,#6091,.F.);
#6382 = ADVANCED_FACE('',(#6383),#5930,.T.);
#6383 = FACE_BOUND('',#6384,.T.);
#6384 = EDGE_LOOP('',(#6385,#6386,#6387,#6388));
#6385 = ORIENTED_EDGE('',*,*,#6284,.T.);
#6386 = ORIENTED_EDGE('',*,*,#6209,.T.);
#6387 = ORIENTED_EDGE('',*,*,#6360,.F.);
#6388 = ORIENTED_EDGE('',*,*,#5914,.F.);
#6389 = ADVANCED_FACE('',(#6390),#6040,.T.);
#6390 = FACE_BOUND('',#6391,.T.);
#6391 = EDGE_LOOP('',(#6392,#6393,#6394,#6395));
#6392 = ORIENTED_EDGE('',*,*,#6334,.F.);
#6393 = ORIENTED_EDGE('',*,*,#6259,.T.);
#6394 = ORIENTED_EDGE('',*,*,#6024,.T.);
#6395 = ORIENTED_EDGE('',*,*,#6396,.F.);
#6396 = EDGE_CURVE('',#6307,#6025,#6397,.T.);
#6397 = SURFACE_CURVE('',#6398,(#6402,#6409),.PCURVE_S1.);
#6398 = LINE('',#6399,#6400);
#6399 = CARTESIAN_POINT('',(-1.785,2.5,0.));
#6400 = VECTOR('',#6401,1.);
#6401 = DIRECTION('',(0.,0.,1.));
#6402 = PCURVE('',#6040,#6403);
#6403 = DEFINITIONAL_REPRESENTATION('',(#6404),#6408);
#6404 = LINE('',#6405,#6406);
#6405 = CARTESIAN_POINT('',(0.,0.32));
#6406 = VECTOR('',#6407,1.);
#6407 = DIRECTION('',(1.,0.));
#6408 = ( GEOMETRIC_REPRESENTATION_CONTEXT(2) 
PARAMETRIC_REPRESENTATION_CONTEXT() REPRESENTATION_CONTEXT('2D SPACE',''
  ) );
#6409 = PCURVE('',#6070,#6410);
#6410 = DEFINITIONAL_REPRESENTATION('',(#6411),#6415);
#6411 = LINE('',#6412,#6413);
#6412 = CARTESIAN_POINT('',(-0.,0.));
#6413 = VECTOR('',#6414,1.);
#6414 = DIRECTION('',(-0.,1.));
#6415 = ( GEOMETRIC_REPRESENTATION_CONTEXT(2) 
PARAMETRIC_REPRESENTATION_CONTEXT() REPRESENTATION_CONTEXT('2D SPACE',''
  ) );
#6416 = ADVANCED_FACE('',(#6417),#6070,.T.);
#6417 = FACE_BOUND('',#6418,.F.);
#6418 = EDGE_LOOP('',(#6419,#6420,#6421,#6422));
#6419 = ORIENTED_EDGE('',*,*,#6306,.T.);
#6420 = ORIENTED_EDGE('',*,*,#6163,.T.);
#6421 = ORIENTED_EDGE('',*,*,#6052,.T.);
#6422 = ORIENTED_EDGE('',*,*,#6396,.F.);
#6423 = MANIFOLD_SOLID_BREP('',#6424);
#6424 = CLOSED_SHELL('',(#6425,#6543,#6680,#6776,#6825,#6920,#6974,#7046
    ,#7073,#7080,#7107));
#6425 = ADVANCED_FACE('',(#6426),#6440,.T.);
#6426 = FACE_BOUND('',#6427,.T.);
#6427 = EDGE_LOOP('',(#6428,#6463,#6491,#6519));
#6428 = ORIENTED_EDGE('',*,*,#6429,.F.);
#6429 = EDGE_CURVE('',#6430,#6432,#6434,.T.);
#6430 = VERTEX_POINT('',#6431);
#6431 = CARTESIAN_POINT('',(-0.835,-2.42,0.2));
#6432 = VERTEX_POINT('',#6433);
#6433 = CARTESIAN_POINT('',(-0.835,-1.45,0.2));
#6434 = SURFACE_CURVE('',#6435,(#6439,#6451),.PCURVE_S1.);
#6435 = LINE('',#6436,#6437);
#6436 = CARTESIAN_POINT('',(-0.835,-2.5,0.2));
#6437 = VECTOR('',#6438,1.);
#6438 = DIRECTION('',(-0.,1.,0.));
#6439 = PCURVE('',#6440,#6445);
#6440 = PLANE('',#6441);
#6441 = AXIS2_PLACEMENT_3D('',#6442,#6443,#6444);
#6442 = CARTESIAN_POINT('',(-0.835,-2.5,0.2));
#6443 = DIRECTION('',(0.,0.,1.));
#6444 = DIRECTION('',(1.,0.,-0.));
#6445 = DEFINITIONAL_REPRESENTATION('',(#6446),#6450);
#6446 = LINE('',#6447,#6448);
#6447 = CARTESIAN_POINT('',(0.,0.));
#6448 = VECTOR('',#6449,1.);
#6449 = DIRECTION('',(0.,1.));
#6450 = ( GEOMETRIC_REPRESENTATION_CONTEXT(2) 
PARAMETRIC_REPRESENTATION_CONTEXT() REPRESENTATION_CONTEXT('2D SPACE',''
  ) );
#6451 = PCURVE('',#6452,#6457);
#6452 = PLANE('',#6453);
#6453 = AXIS2_PLACEMENT_3D('',#6454,#6455,#6456);
#6454 = CARTESIAN_POINT('',(-0.835,-1.730625,0.230625));
#6455 = DIRECTION('',(-1.,-0.,-0.));
#6456 = DIRECTION('',(0.,0.,-1.));
#6457 = DEFINITIONAL_REPRESENTATION('',(#6458),#6462);
#6458 = LINE('',#6459,#6460);
#6459 = CARTESIAN_POINT('',(3.0625E-02,0.769375));
#6460 = VECTOR('',#6461,1.);
#6461 = DIRECTION('',(0.,-1.));
#6462 = ( GEOMETRIC_REPRESENTATION_CONTEXT(2) 
PARAMETRIC_REPRESENTATION_CONTEXT() REPRESENTATION_CONTEXT('2D SPACE',''
  ) );
#6463 = ORIENTED_EDGE('',*,*,#6464,.T.);
#6464 = EDGE_CURVE('',#6430,#6465,#6467,.T.);
#6465 = VERTEX_POINT('',#6466);
#6466 = CARTESIAN_POINT('',(-0.435,-2.42,0.2));
#6467 = SURFACE_CURVE('',#6468,(#6472,#6479),.PCURVE_S1.);
#6468 = LINE('',#6469,#6470);
#6469 = CARTESIAN_POINT('',(-0.835,-2.42,0.2));
#6470 = VECTOR('',#6471,1.);
#6471 = DIRECTION('',(1.,0.,-0.));
#6472 = PCURVE('',#6440,#6473);
#6473 = DEFINITIONAL_REPRESENTATION('',(#6474),#6478);
#6474 = LINE('',#6475,#6476);
#6475 = CARTESIAN_POINT('',(0.,8.E-02));
#6476 = VECTOR('',#6477,1.);
#6477 = DIRECTION('',(1.,0.));
#6478 = ( GEOMETRIC_REPRESENTATION_CONTEXT(2) 
PARAMETRIC_REPRESENTATION_CONTEXT() REPRESENTATION_CONTEXT('2D SPACE',''
  ) );
#6479 = PCURVE('',#6480,#6485);
#6480 = CYLINDRICAL_SURFACE('',#6481,8.E-02);
#6481 = AXIS2_PLACEMENT_3D('',#6482,#6483,#6484);
#6482 = CARTESIAN_POINT('',(-0.835,-2.42,0.12));
#6483 = DIRECTION('',(1.,0.,-0.));
#6484 = DIRECTION('',(0.,0.,1.));
#6485 = DEFINITIONAL_REPRESENTATION('',(#6486),#6490);
#6486 = LINE('',#6487,#6488);
#6487 = CARTESIAN_POINT('',(0.,0.));
#6488 = VECTOR('',#6489,1.);
#6489 = DIRECTION('',(0.,1.));
#6490 = ( GEOMETRIC_REPRESENTATION_CONTEXT(2) 
PARAMETRIC_REPRESENTATION_CONTEXT() REPRESENTATION_CONTEXT('2D SPACE',''
  ) );
#6491 = ORIENTED_EDGE('',*,*,#6492,.T.);
#6492 = EDGE_CURVE('',#6465,#6493,#6495,.T.);
#6493 = VERTEX_POINT('',#6494);
#6494 = CARTESIAN_POINT('',(-0.435,-1.45,0.2));
#6495 = SURFACE_CURVE('',#6496,(#6500,#6507),.PCURVE_S1.);
#6496 = LINE('',#6497,#6498);
#6497 = CARTESIAN_POINT('',(-0.435,-2.5,0.2));
#6498 = VECTOR('',#6499,1.);
#6499 = DIRECTION('',(-0.,1.,0.));
#6500 = PCURVE('',#6440,#6501);
#6501 = DEFINITIONAL_REPRESENTATION('',(#6502),#6506);
#6502 = LINE('',#6503,#6504);
#6503 = CARTESIAN_POINT('',(0.4,0.));
#6504 = VECTOR('',#6505,1.);
#6505 = DIRECTION('',(0.,1.));
#6506 = ( GEOMETRIC_REPRESENTATION_CONTEXT(2) 
PARAMETRIC_REPRESENTATION_CONTEXT() REPRESENTATION_CONTEXT('2D SPACE',''
  ) );
#6507 = PCURVE('',#6508,#6513);
#6508 = PLANE('',#6509);
#6509 = AXIS2_PLACEMENT_3D('',#6510,#6511,#6512);
#6510 = CARTESIAN_POINT('',(-0.435,-1.730625,0.230625));
#6511 = DIRECTION('',(1.,0.,0.));
#6512 = DIRECTION('',(-0.,0.,1.));
#6513 = DEFINITIONAL_REPRESENTATION('',(#6514),#6518);
#6514 = LINE('',#6515,#6516);
#6515 = CARTESIAN_POINT('',(-3.0625E-02,0.769375));
#6516 = VECTOR('',#6517,1.);
#6517 = DIRECTION('',(0.,-1.));
#6518 = ( GEOMETRIC_REPRESENTATION_CONTEXT(2) 
PARAMETRIC_REPRESENTATION_CONTEXT() REPRESENTATION_CONTEXT('2D SPACE',''
  ) );
#6519 = ORIENTED_EDGE('',*,*,#6520,.T.);
#6520 = EDGE_CURVE('',#6493,#6432,#6521,.T.);
#6521 = SURFACE_CURVE('',#6522,(#6526,#6532),.PCURVE_S1.);
#6522 = LINE('',#6523,#6524);
#6523 = CARTESIAN_POINT('',(-0.835,-1.45,0.2));
#6524 = VECTOR('',#6525,1.);
#6525 = DIRECTION('',(-1.,-0.,0.));
#6526 = PCURVE('',#6440,#6527);
#6527 = DEFINITIONAL_REPRESENTATION('',(#6528),#6531);
#6528 = B_SPLINE_CURVE_WITH_KNOTS('',1,(#6529,#6530),.UNSPECIFIED.,.F.,
  .F.,(2,2),(-0.4,0.),.PIECEWISE_BEZIER_KNOTS.);
#6529 = CARTESIAN_POINT('',(0.4,1.05));
#6530 = CARTESIAN_POINT('',(0.,1.05));
#6531 = ( GEOMETRIC_REPRESENTATION_CONTEXT(2) 
PARAMETRIC_REPRESENTATION_CONTEXT() REPRESENTATION_CONTEXT('2D SPACE',''
  ) );
#6532 = PCURVE('',#6533,#6538);
#6533 = PLANE('',#6534);
#6534 = AXIS2_PLACEMENT_3D('',#6535,#6536,#6537);
#6535 = CARTESIAN_POINT('',(-0.835,-1.45,0.));
#6536 = DIRECTION('',(-0.,1.,0.));
#6537 = DIRECTION('',(0.,0.,1.));
#6538 = DEFINITIONAL_REPRESENTATION('',(#6539),#6542);
#6539 = B_SPLINE_CURVE_WITH_KNOTS('',1,(#6540,#6541),.UNSPECIFIED.,.F.,
  .F.,(2,2),(-0.4,0.),.PIECEWISE_BEZIER_KNOTS.);
#6540 = CARTESIAN_POINT('',(0.2,0.4));
#6541 = CARTESIAN_POINT('',(0.2,0.));
#6542 = ( GEOMETRIC_REPRESENTATION_CONTEXT(2) 
PARAMETRIC_REPRESENTATION_CONTEXT() REPRESENTATION_CONTEXT('2D SPACE',''
  ) );
#6543 = ADVANCED_FACE('',(#6544),#6452,.T.);
#6544 = FACE_BOUND('',#6545,.T.);
#6545 = EDGE_LOOP('',(#6546,#6547,#6570,#6598,#6626,#6654));
#6546 = ORIENTED_EDGE('',*,*,#6429,.T.);
#6547 = ORIENTED_EDGE('',*,*,#6548,.T.);
#6548 = EDGE_CURVE('',#6432,#6549,#6551,.T.);
#6549 = VERTEX_POINT('',#6550);
#6550 = CARTESIAN_POINT('',(-0.835,-1.45,0.75));
#6551 = SURFACE_CURVE('',#6552,(#6556,#6563),.PCURVE_S1.);
#6552 = LINE('',#6553,#6554);
#6553 = CARTESIAN_POINT('',(-0.835,-1.45,0.));
#6554 = VECTOR('',#6555,1.);
#6555 = DIRECTION('',(0.,0.,1.));
#6556 = PCURVE('',#6452,#6557);
#6557 = DEFINITIONAL_REPRESENTATION('',(#6558),#6562);
#6558 = LINE('',#6559,#6560);
#6559 = CARTESIAN_POINT('',(0.230625,-0.280625));
#6560 = VECTOR('',#6561,1.);
#6561 = DIRECTION('',(-1.,0.));
#6562 = ( GEOMETRIC_REPRESENTATION_CONTEXT(2) 
PARAMETRIC_REPRESENTATION_CONTEXT() REPRESENTATION_CONTEXT('2D SPACE',''
  ) );
#6563 = PCURVE('',#6533,#6564);
#6564 = DEFINITIONAL_REPRESENTATION('',(#6565),#6569);
#6565 = LINE('',#6566,#6567);
#6566 = CARTESIAN_POINT('',(0.,0.));
#6567 = VECTOR('',#6568,1.);
#6568 = DIRECTION('',(1.,0.));
#6569 = ( GEOMETRIC_REPRESENTATION_CONTEXT(2) 
PARAMETRIC_REPRESENTATION_CONTEXT() REPRESENTATION_CONTEXT('2D SPACE',''
  ) );
#6570 = ORIENTED_EDGE('',*,*,#6571,.T.);
#6571 = EDGE_CURVE('',#6549,#6572,#6574,.T.);
#6572 = VERTEX_POINT('',#6573);
#6573 = CARTESIAN_POINT('',(-0.835,-1.25,0.75));
#6574 = SURFACE_CURVE('',#6575,(#6579,#6586),.PCURVE_S1.);
#6575 = LINE('',#6576,#6577);
#6576 = CARTESIAN_POINT('',(-0.835,-1.45,0.75));
#6577 = VECTOR('',#6578,1.);
#6578 = DIRECTION('',(-0.,1.,0.));
#6579 = PCURVE('',#6452,#6580);
#6580 = DEFINITIONAL_REPRESENTATION('',(#6581),#6585);
#6581 = LINE('',#6582,#6583);
#6582 = CARTESIAN_POINT('',(-0.519375,-0.280625));
#6583 = VECTOR('',#6584,1.);
#6584 = DIRECTION('',(0.,-1.));
#6585 = ( GEOMETRIC_REPRESENTATION_CONTEXT(2) 
PARAMETRIC_REPRESENTATION_CONTEXT() REPRESENTATION_CONTEXT('2D SPACE',''
  ) );
#6586 = PCURVE('',#6587,#6592);
#6587 = PLANE('',#6588);
#6588 = AXIS2_PLACEMENT_3D('',#6589,#6590,#6591);
#6589 = CARTESIAN_POINT('',(-0.835,-1.45,0.75));
#6590 = DIRECTION('',(0.,0.,1.));
#6591 = DIRECTION('',(1.,0.,-0.));
#6592 = DEFINITIONAL_REPRESENTATION('',(#6593),#6597);
#6593 = LINE('',#6594,#6595);
#6594 = CARTESIAN_POINT('',(0.,0.));
#6595 = VECTOR('',#6596,1.);
#6596 = DIRECTION('',(0.,1.));
#6597 = ( GEOMETRIC_REPRESENTATION_CONTEXT(2) 
PARAMETRIC_REPRESENTATION_CONTEXT() REPRESENTATION_CONTEXT('2D SPACE',''
  ) );
#6598 = ORIENTED_EDGE('',*,*,#6599,.F.);
#6599 = EDGE_CURVE('',#6600,#6572,#6602,.T.);
#6600 = VERTEX_POINT('',#6601);
#6601 = CARTESIAN_POINT('',(-0.835,-1.25,0.));
#6602 = SURFACE_CURVE('',#6603,(#6607,#6614),.PCURVE_S1.);
#6603 = LINE('',#6604,#6605);
#6604 = CARTESIAN_POINT('',(-0.835,-1.25,0.));
#6605 = VECTOR('',#6606,1.);
#6606 = DIRECTION('',(0.,0.,1.));
#6607 = PCURVE('',#6452,#6608);
#6608 = DEFINITIONAL_REPRESENTATION('',(#6609),#6613);
#6609 = LINE('',#6610,#6611);
#6610 = CARTESIAN_POINT('',(0.230625,-0.480625));
#6611 = VECTOR('',#6612,1.);
#6612 = DIRECTION('',(-1.,0.));
#6613 = ( GEOMETRIC_REPRESENTATION_CONTEXT(2) 
PARAMETRIC_REPRESENTATION_CONTEXT() REPRESENTATION_CONTEXT('2D SPACE',''
  ) );
#6614 = PCURVE('',#6615,#6620);
#6615 = PLANE('',#6616);
#6616 = AXIS2_PLACEMENT_3D('',#6617,#6618,#6619);
#6617 = CARTESIAN_POINT('',(-0.635,-1.25,0.375));
#6618 = DIRECTION('',(0.,1.,0.));
#6619 = DIRECTION('',(0.,-0.,1.));
#6620 = DEFINITIONAL_REPRESENTATION('',(#6621),#6625);
#6621 = LINE('',#6622,#6623);
#6622 = CARTESIAN_POINT('',(-0.375,-0.2));
#6623 = VECTOR('',#6624,1.);
#6624 = DIRECTION('',(1.,0.));
#6625 = ( GEOMETRIC_REPRESENTATION_CONTEXT(2) 
PARAMETRIC_REPRESENTATION_CONTEXT() REPRESENTATION_CONTEXT('2D SPACE',''
  ) );
#6626 = ORIENTED_EDGE('',*,*,#6627,.F.);
#6627 = EDGE_CURVE('',#6628,#6600,#6630,.T.);
#6628 = VERTEX_POINT('',#6629);
#6629 = CARTESIAN_POINT('',(-0.835,-2.42,0.));
#6630 = SURFACE_CURVE('',#6631,(#6635,#6642),.PCURVE_S1.);
#6631 = LINE('',#6632,#6633);
#6632 = CARTESIAN_POINT('',(-0.835,-2.5,0.));
#6633 = VECTOR('',#6634,1.);
#6634 = DIRECTION('',(-0.,1.,0.));
#6635 = PCURVE('',#6452,#6636);
#6636 = DEFINITIONAL_REPRESENTATION('',(#6637),#6641);
#6637 = LINE('',#6638,#6639);
#6638 = CARTESIAN_POINT('',(0.230625,0.769375));
#6639 = VECTOR('',#6640,1.);
#6640 = DIRECTION('',(0.,-1.));
#6641 = ( GEOMETRIC_REPRESENTATION_CONTEXT(2) 
PARAMETRIC_REPRESENTATION_CONTEXT() REPRESENTATION_CONTEXT('2D SPACE',''
  ) );
#6642 = PCURVE('',#6643,#6648);
#6643 = PLANE('',#6644);
#6644 = AXIS2_PLACEMENT_3D('',#6645,#6646,#6647);
#6645 = CARTESIAN_POINT('',(-0.835,-2.5,0.));
#6646 = DIRECTION('',(0.,0.,1.));
#6647 = DIRECTION('',(1.,0.,-0.));
#6648 = DEFINITIONAL_REPRESENTATION('',(#6649),#6653);
#6649 = LINE('',#6650,#6651);
#6650 = CARTESIAN_POINT('',(0.,0.));
#6651 = VECTOR('',#6652,1.);
#6652 = DIRECTION('',(0.,1.));
#6653 = ( GEOMETRIC_REPRESENTATION_CONTEXT(2) 
PARAMETRIC_REPRESENTATION_CONTEXT() REPRESENTATION_CONTEXT('2D SPACE',''
  ) );
#6654 = ORIENTED_EDGE('',*,*,#6655,.T.);
#6655 = EDGE_CURVE('',#6628,#6430,#6656,.T.);
#6656 = SURFACE_CURVE('',#6657,(#6661,#6668),.PCURVE_S1.);
#6657 = LINE('',#6658,#6659);
#6658 = CARTESIAN_POINT('',(-0.835,-2.42,0.));
#6659 = VECTOR('',#6660,1.);
#6660 = DIRECTION('',(0.,0.,1.));
#6661 = PCURVE('',#6452,#6662);
#6662 = DEFINITIONAL_REPRESENTATION('',(#6663),#6667);
#6663 = LINE('',#6664,#6665);
#6664 = CARTESIAN_POINT('',(0.230625,0.689375));
#6665 = VECTOR('',#6666,1.);
#6666 = DIRECTION('',(-1.,0.));
#6667 = ( GEOMETRIC_REPRESENTATION_CONTEXT(2) 
PARAMETRIC_REPRESENTATION_CONTEXT() REPRESENTATION_CONTEXT('2D SPACE',''
  ) );
#6668 = PCURVE('',#6669,#6674);
#6669 = CYLINDRICAL_SURFACE('',#6670,8.E-02);
#6670 = AXIS2_PLACEMENT_3D('',#6671,#6672,#6673);
#6671 = CARTESIAN_POINT('',(-0.755,-2.42,0.));
#6672 = DIRECTION('',(0.,0.,1.));
#6673 = DIRECTION('',(0.,-1.,0.));
#6674 = DEFINITIONAL_REPRESENTATION('',(#6675),#6679);
#6675 = LINE('',#6676,#6677);
#6676 = CARTESIAN_POINT('',(-1.570796326795,0.));
#6677 = VECTOR('',#6678,1.);
#6678 = DIRECTION('',(-0.,1.));
#6679 = ( GEOMETRIC_REPRESENTATION_CONTEXT(2) 
PARAMETRIC_REPRESENTATION_CONTEXT() REPRESENTATION_CONTEXT('2D SPACE',''
  ) );
#6680 = ADVANCED_FACE('',(#6681),#6480,.T.);
#6681 = FACE_BOUND('',#6682,.T.);
#6682 = EDGE_LOOP('',(#6683,#6713,#6741,#6775));
#6683 = ORIENTED_EDGE('',*,*,#6684,.T.);
#6684 = EDGE_CURVE('',#6430,#6685,#6687,.T.);
#6685 = VERTEX_POINT('',#6686);
#6686 = CARTESIAN_POINT('',(-0.755,-2.5,0.12));
#6687 = SURFACE_CURVE('',#6688,(#6693,#6703),.PCURVE_S1.);
#6688 = ELLIPSE('',#6689,0.11313708499,8.E-02);
#6689 = AXIS2_PLACEMENT_3D('',#6690,#6691,#6692);
#6690 = CARTESIAN_POINT('',(-0.755,-2.42,0.12));
#6691 = DIRECTION('',(0.707106781187,0.,0.707106781187));
#6692 = DIRECTION('',(0.707106781187,0.,-0.707106781187));
#6693 = PCURVE('',#6480,#6694);
#6694 = DEFINITIONAL_REPRESENTATION('',(#6695),#6702);
#6695 = B_SPLINE_CURVE_WITH_KNOTS('',5,(#6696,#6697,#6698,#6699,#6700,
    #6701),.UNSPECIFIED.,.F.,.F.,(6,6),(3.14159265359,4.712388980385),
  .PIECEWISE_BEZIER_KNOTS.);
#6696 = CARTESIAN_POINT('',(1.110223024625E-16,3.469446951954E-18));
#6697 = CARTESIAN_POINT('',(0.314159265359,-3.022556254526E-17));
#6698 = CARTESIAN_POINT('',(0.628307393518,9.840342737674E-03));
#6699 = CARTESIAN_POINT('',(0.94247613495,2.971305034234E-02));
#6700 = CARTESIAN_POINT('',(1.256637061436,5.486725877128E-02));
#6701 = CARTESIAN_POINT('',(1.570796326795,8.E-02));
#6702 = ( GEOMETRIC_REPRESENTATION_CONTEXT(2) 
PARAMETRIC_REPRESENTATION_CONTEXT() REPRESENTATION_CONTEXT('2D SPACE',''
  ) );
#6703 = PCURVE('',#6669,#6704);
#6704 = DEFINITIONAL_REPRESENTATION('',(#6705),#6712);
#6705 = B_SPLINE_CURVE_WITH_KNOTS('',5,(#6706,#6707,#6708,#6709,#6710,
    #6711),.UNSPECIFIED.,.F.,.F.,(6,6),(3.14159265359,4.712388980385),
  .PIECEWISE_BEZIER_KNOTS.);
#6706 = CARTESIAN_POINT('',(-1.570796326795,0.2));
#6707 = CARTESIAN_POINT('',(-1.256637061436,0.2));
#6708 = CARTESIAN_POINT('',(-0.942488933277,0.190159657262));
#6709 = CARTESIAN_POINT('',(-0.628320191845,0.170286949658));
#6710 = CARTESIAN_POINT('',(-0.314159265359,0.145132741229));
#6711 = CARTESIAN_POINT('',(0.,0.12));
#6712 = ( GEOMETRIC_REPRESENTATION_CONTEXT(2) 
PARAMETRIC_REPRESENTATION_CONTEXT() REPRESENTATION_CONTEXT('2D SPACE',''
  ) );
#6713 = ORIENTED_EDGE('',*,*,#6714,.T.);
#6714 = EDGE_CURVE('',#6685,#6715,#6717,.T.);
#6715 = VERTEX_POINT('',#6716);
#6716 = CARTESIAN_POINT('',(-0.515,-2.5,0.12));
#6717 = SURFACE_CURVE('',#6718,(#6722,#6729),.PCURVE_S1.);
#6718 = LINE('',#6719,#6720);
#6719 = CARTESIAN_POINT('',(-0.835,-2.5,0.12));
#6720 = VECTOR('',#6721,1.);
#6721 = DIRECTION('',(1.,0.,-0.));
#6722 = PCURVE('',#6480,#6723);
#6723 = DEFINITIONAL_REPRESENTATION('',(#6724),#6728);
#6724 = LINE('',#6725,#6726);
#6725 = CARTESIAN_POINT('',(1.570796326795,0.));
#6726 = VECTOR('',#6727,1.);
#6727 = DIRECTION('',(0.,1.));
#6728 = ( GEOMETRIC_REPRESENTATION_CONTEXT(2) 
PARAMETRIC_REPRESENTATION_CONTEXT() REPRESENTATION_CONTEXT('2D SPACE',''
  ) );
#6729 = PCURVE('',#6730,#6735);
#6730 = PLANE('',#6731);
#6731 = AXIS2_PLACEMENT_3D('',#6732,#6733,#6734);
#6732 = CARTESIAN_POINT('',(-0.835,-2.5,0.));
#6733 = DIRECTION('',(-0.,1.,0.));
#6734 = DIRECTION('',(0.,0.,1.));
#6735 = DEFINITIONAL_REPRESENTATION('',(#6736),#6740);
#6736 = LINE('',#6737,#6738);
#6737 = CARTESIAN_POINT('',(0.12,0.));
#6738 = VECTOR('',#6739,1.);
#6739 = DIRECTION('',(0.,1.));
#6740 = ( GEOMETRIC_REPRESENTATION_CONTEXT(2) 
PARAMETRIC_REPRESENTATION_CONTEXT() REPRESENTATION_CONTEXT('2D SPACE',''
  ) );
#6741 = ORIENTED_EDGE('',*,*,#6742,.F.);
#6742 = EDGE_CURVE('',#6465,#6715,#6743,.T.);
#6743 = SURFACE_CURVE('',#6744,(#6749,#6759),.PCURVE_S1.);
#6744 = ELLIPSE('',#6745,0.11313708499,8.E-02);
#6745 = AXIS2_PLACEMENT_3D('',#6746,#6747,#6748);
#6746 = CARTESIAN_POINT('',(-0.515,-2.42,0.12));
#6747 = DIRECTION('',(0.707106781187,0.,-0.707106781187));
#6748 = DIRECTION('',(0.707106781187,0.,0.707106781187));
#6749 = PCURVE('',#6480,#6750);
#6750 = DEFINITIONAL_REPRESENTATION('',(#6751),#6758);
#6751 = B_SPLINE_CURVE_WITH_KNOTS('',5,(#6752,#6753,#6754,#6755,#6756,
    #6757),.UNSPECIFIED.,.F.,.F.,(6,6),(0.,1.570796326795),
  .PIECEWISE_BEZIER_KNOTS.);
#6752 = CARTESIAN_POINT('',(-1.110223024625E-16,0.4));
#6753 = CARTESIAN_POINT('',(0.314159265359,0.4));
#6754 = CARTESIAN_POINT('',(0.628307393518,0.390159657262));
#6755 = CARTESIAN_POINT('',(0.94247613495,0.370286949658));
#6756 = CARTESIAN_POINT('',(1.256637061436,0.345132741229));
#6757 = CARTESIAN_POINT('',(1.570796326795,0.32));
#6758 = ( GEOMETRIC_REPRESENTATION_CONTEXT(2) 
PARAMETRIC_REPRESENTATION_CONTEXT() REPRESENTATION_CONTEXT('2D SPACE',''
  ) );
#6759 = PCURVE('',#6760,#6765);
#6760 = CYLINDRICAL_SURFACE('',#6761,8.E-02);
#6761 = AXIS2_PLACEMENT_3D('',#6762,#6763,#6764);
#6762 = CARTESIAN_POINT('',(-0.515,-2.42,0.));
#6763 = DIRECTION('',(0.,0.,1.));
#6764 = DIRECTION('',(0.,-1.,0.));
#6765 = DEFINITIONAL_REPRESENTATION('',(#6766),#6774);
#6766 = B_SPLINE_CURVE_WITH_KNOTS('',6,(#6767,#6768,#6769,#6770,#6771,
    #6772,#6773),.UNSPECIFIED.,.F.,.F.,(7,7),(0.,1.570796326795),
  .PIECEWISE_BEZIER_KNOTS.);
#6767 = CARTESIAN_POINT('',(1.570796326795,0.2));
#6768 = CARTESIAN_POINT('',(1.308996938996,0.2));
#6769 = CARTESIAN_POINT('',(1.047198265554,0.193421690273));
#6770 = CARTESIAN_POINT('',(0.785398087459,0.180255154837));
#6771 = CARTESIAN_POINT('',(0.523598069222,0.161886263045));
#6772 = CARTESIAN_POINT('',(0.261799387799,0.140943951024));
#6773 = CARTESIAN_POINT('',(-1.110223024625E-16,0.12));
#6774 = ( GEOMETRIC_REPRESENTATION_CONTEXT(2) 
PARAMETRIC_REPRESENTATION_CONTEXT() REPRESENTATION_CONTEXT('2D SPACE',''
  ) );
#6775 = ORIENTED_EDGE('',*,*,#6464,.F.);
#6776 = ADVANCED_FACE('',(#6777),#6533,.F.);
#6777 = FACE_BOUND('',#6778,.F.);
#6778 = EDGE_LOOP('',(#6779,#6780,#6781,#6804));
#6779 = ORIENTED_EDGE('',*,*,#6520,.T.);
#6780 = ORIENTED_EDGE('',*,*,#6548,.T.);
#6781 = ORIENTED_EDGE('',*,*,#6782,.T.);
#6782 = EDGE_CURVE('',#6549,#6783,#6785,.T.);
#6783 = VERTEX_POINT('',#6784);
#6784 = CARTESIAN_POINT('',(-0.435,-1.45,0.75));
#6785 = SURFACE_CURVE('',#6786,(#6790,#6797),.PCURVE_S1.);
#6786 = LINE('',#6787,#6788);
#6787 = CARTESIAN_POINT('',(-0.835,-1.45,0.75));
#6788 = VECTOR('',#6789,1.);
#6789 = DIRECTION('',(1.,0.,-0.));
#6790 = PCURVE('',#6533,#6791);
#6791 = DEFINITIONAL_REPRESENTATION('',(#6792),#6796);
#6792 = LINE('',#6793,#6794);
#6793 = CARTESIAN_POINT('',(0.75,0.));
#6794 = VECTOR('',#6795,1.);
#6795 = DIRECTION('',(0.,1.));
#6796 = ( GEOMETRIC_REPRESENTATION_CONTEXT(2) 
PARAMETRIC_REPRESENTATION_CONTEXT() REPRESENTATION_CONTEXT('2D SPACE',''
  ) );
#6797 = PCURVE('',#6587,#6798);
#6798 = DEFINITIONAL_REPRESENTATION('',(#6799),#6803);
#6799 = LINE('',#6800,#6801);
#6800 = CARTESIAN_POINT('',(0.,0.));
#6801 = VECTOR('',#6802,1.);
#6802 = DIRECTION('',(1.,0.));
#6803 = ( GEOMETRIC_REPRESENTATION_CONTEXT(2) 
PARAMETRIC_REPRESENTATION_CONTEXT() REPRESENTATION_CONTEXT('2D SPACE',''
  ) );
#6804 = ORIENTED_EDGE('',*,*,#6805,.F.);
#6805 = EDGE_CURVE('',#6493,#6783,#6806,.T.);
#6806 = SURFACE_CURVE('',#6807,(#6811,#6818),.PCURVE_S1.);
#6807 = LINE('',#6808,#6809);
#6808 = CARTESIAN_POINT('',(-0.435,-1.45,0.));
#6809 = VECTOR('',#6810,1.);
#6810 = DIRECTION('',(0.,0.,1.));
#6811 = PCURVE('',#6533,#6812);
#6812 = DEFINITIONAL_REPRESENTATION('',(#6813),#6817);
#6813 = LINE('',#6814,#6815);
#6814 = CARTESIAN_POINT('',(0.,0.4));
#6815 = VECTOR('',#6816,1.);
#6816 = DIRECTION('',(1.,0.));
#6817 = ( GEOMETRIC_REPRESENTATION_CONTEXT(2) 
PARAMETRIC_REPRESENTATION_CONTEXT() REPRESENTATION_CONTEXT('2D SPACE',''
  ) );
#6818 = PCURVE('',#6508,#6819);
#6819 = DEFINITIONAL_REPRESENTATION('',(#6820),#6824);
#6820 = LINE('',#6821,#6822);
#6821 = CARTESIAN_POINT('',(-0.230625,-0.280625));
#6822 = VECTOR('',#6823,1.);
#6823 = DIRECTION('',(1.,0.));
#6824 = ( GEOMETRIC_REPRESENTATION_CONTEXT(2) 
PARAMETRIC_REPRESENTATION_CONTEXT() REPRESENTATION_CONTEXT('2D SPACE',''
  ) );
#6825 = ADVANCED_FACE('',(#6826),#6508,.T.);
#6826 = FACE_BOUND('',#6827,.T.);
#6827 = EDGE_LOOP('',(#6828,#6829,#6852,#6875,#6898,#6919));
#6828 = ORIENTED_EDGE('',*,*,#6492,.F.);
#6829 = ORIENTED_EDGE('',*,*,#6830,.F.);
#6830 = EDGE_CURVE('',#6831,#6465,#6833,.T.);
#6831 = VERTEX_POINT('',#6832);
#6832 = CARTESIAN_POINT('',(-0.435,-2.42,0.));
#6833 = SURFACE_CURVE('',#6834,(#6838,#6845),.PCURVE_S1.);
#6834 = LINE('',#6835,#6836);
#6835 = CARTESIAN_POINT('',(-0.435,-2.42,0.));
#6836 = VECTOR('',#6837,1.);
#6837 = DIRECTION('',(0.,0.,1.));
#6838 = PCURVE('',#6508,#6839);
#6839 = DEFINITIONAL_REPRESENTATION('',(#6840),#6844);
#6840 = LINE('',#6841,#6842);
#6841 = CARTESIAN_POINT('',(-0.230625,0.689375));
#6842 = VECTOR('',#6843,1.);
#6843 = DIRECTION('',(1.,0.));
#6844 = ( GEOMETRIC_REPRESENTATION_CONTEXT(2) 
PARAMETRIC_REPRESENTATION_CONTEXT() REPRESENTATION_CONTEXT('2D SPACE',''
  ) );
#6845 = PCURVE('',#6760,#6846);
#6846 = DEFINITIONAL_REPRESENTATION('',(#6847),#6851);
#6847 = LINE('',#6848,#6849);
#6848 = CARTESIAN_POINT('',(1.570796326795,0.));
#6849 = VECTOR('',#6850,1.);
#6850 = DIRECTION('',(0.,1.));
#6851 = ( GEOMETRIC_REPRESENTATION_CONTEXT(2) 
PARAMETRIC_REPRESENTATION_CONTEXT() REPRESENTATION_CONTEXT('2D SPACE',''
  ) );
#6852 = ORIENTED_EDGE('',*,*,#6853,.T.);
#6853 = EDGE_CURVE('',#6831,#6854,#6856,.T.);
#6854 = VERTEX_POINT('',#6855);
#6855 = CARTESIAN_POINT('',(-0.435,-1.25,0.));
#6856 = SURFACE_CURVE('',#6857,(#6861,#6868),.PCURVE_S1.);
#6857 = LINE('',#6858,#6859);
#6858 = CARTESIAN_POINT('',(-0.435,-2.5,0.));
#6859 = VECTOR('',#6860,1.);
#6860 = DIRECTION('',(-0.,1.,0.));
#6861 = PCURVE('',#6508,#6862);
#6862 = DEFINITIONAL_REPRESENTATION('',(#6863),#6867);
#6863 = LINE('',#6864,#6865);
#6864 = CARTESIAN_POINT('',(-0.230625,0.769375));
#6865 = VECTOR('',#6866,1.);
#6866 = DIRECTION('',(0.,-1.));
#6867 = ( GEOMETRIC_REPRESENTATION_CONTEXT(2) 
PARAMETRIC_REPRESENTATION_CONTEXT() REPRESENTATION_CONTEXT('2D SPACE',''
  ) );
#6868 = PCURVE('',#6643,#6869);
#6869 = DEFINITIONAL_REPRESENTATION('',(#6870),#6874);
#6870 = LINE('',#6871,#6872);
#6871 = CARTESIAN_POINT('',(0.4,0.));
#6872 = VECTOR('',#6873,1.);
#6873 = DIRECTION('',(0.,1.));
#6874 = ( GEOMETRIC_REPRESENTATION_CONTEXT(2) 
PARAMETRIC_REPRESENTATION_CONTEXT() REPRESENTATION_CONTEXT('2D SPACE',''
  ) );
#6875 = ORIENTED_EDGE('',*,*,#6876,.T.);
#6876 = EDGE_CURVE('',#6854,#6877,#6879,.T.);
#6877 = VERTEX_POINT('',#6878);
#6878 = CARTESIAN_POINT('',(-0.435,-1.25,0.75));
#6879 = SURFACE_CURVE('',#6880,(#6884,#6891),.PCURVE_S1.);
#6880 = LINE('',#6881,#6882);
#6881 = CARTESIAN_POINT('',(-0.435,-1.25,0.));
#6882 = VECTOR('',#6883,1.);
#6883 = DIRECTION('',(0.,0.,1.));
#6884 = PCURVE('',#6508,#6885);
#6885 = DEFINITIONAL_REPRESENTATION('',(#6886),#6890);
#6886 = LINE('',#6887,#6888);
#6887 = CARTESIAN_POINT('',(-0.230625,-0.480625));
#6888 = VECTOR('',#6889,1.);
#6889 = DIRECTION('',(1.,0.));
#6890 = ( GEOMETRIC_REPRESENTATION_CONTEXT(2) 
PARAMETRIC_REPRESENTATION_CONTEXT() REPRESENTATION_CONTEXT('2D SPACE',''
  ) );
#6891 = PCURVE('',#6615,#6892);
#6892 = DEFINITIONAL_REPRESENTATION('',(#6893),#6897);
#6893 = LINE('',#6894,#6895);
#6894 = CARTESIAN_POINT('',(-0.375,0.2));
#6895 = VECTOR('',#6896,1.);
#6896 = DIRECTION('',(1.,0.));
#6897 = ( GEOMETRIC_REPRESENTATION_CONTEXT(2) 
PARAMETRIC_REPRESENTATION_CONTEXT() REPRESENTATION_CONTEXT('2D SPACE',''
  ) );
#6898 = ORIENTED_EDGE('',*,*,#6899,.F.);
#6899 = EDGE_CURVE('',#6783,#6877,#6900,.T.);
#6900 = SURFACE_CURVE('',#6901,(#6905,#6912),.PCURVE_S1.);
#6901 = LINE('',#6902,#6903);
#6902 = CARTESIAN_POINT('',(-0.435,-1.45,0.75));
#6903 = VECTOR('',#6904,1.);
#6904 = DIRECTION('',(-0.,1.,0.));
#6905 = PCURVE('',#6508,#6906);
#6906 = DEFINITIONAL_REPRESENTATION('',(#6907),#6911);
#6907 = LINE('',#6908,#6909);
#6908 = CARTESIAN_POINT('',(0.519375,-0.280625));
#6909 = VECTOR('',#6910,1.);
#6910 = DIRECTION('',(0.,-1.));
#6911 = ( GEOMETRIC_REPRESENTATION_CONTEXT(2) 
PARAMETRIC_REPRESENTATION_CONTEXT() REPRESENTATION_CONTEXT('2D SPACE',''
  ) );
#6912 = PCURVE('',#6587,#6913);
#6913 = DEFINITIONAL_REPRESENTATION('',(#6914),#6918);
#6914 = LINE('',#6915,#6916);
#6915 = CARTESIAN_POINT('',(0.4,0.));
#6916 = VECTOR('',#6917,1.);
#6917 = DIRECTION('',(0.,1.));
#6918 = ( GEOMETRIC_REPRESENTATION_CONTEXT(2) 
PARAMETRIC_REPRESENTATION_CONTEXT() REPRESENTATION_CONTEXT('2D SPACE',''
  ) );
#6919 = ORIENTED_EDGE('',*,*,#6805,.F.);
#6920 = ADVANCED_FACE('',(#6921),#6669,.T.);
#6921 = FACE_BOUND('',#6922,.F.);
#6922 = EDGE_LOOP('',(#6923,#6951,#6952,#6953));
#6923 = ORIENTED_EDGE('',*,*,#6924,.T.);
#6924 = EDGE_CURVE('',#6925,#6628,#6927,.T.);
#6925 = VERTEX_POINT('',#6926);
#6926 = CARTESIAN_POINT('',(-0.755,-2.5,0.));
#6927 = SURFACE_CURVE('',#6928,(#6933,#6940),.PCURVE_S1.);
#6928 = CIRCLE('',#6929,8.E-02);
#6929 = AXIS2_PLACEMENT_3D('',#6930,#6931,#6932);
#6930 = CARTESIAN_POINT('',(-0.755,-2.42,0.));
#6931 = DIRECTION('',(-0.,-0.,-1.));
#6932 = DIRECTION('',(0.,-1.,0.));
#6933 = PCURVE('',#6669,#6934);
#6934 = DEFINITIONAL_REPRESENTATION('',(#6935),#6939);
#6935 = LINE('',#6936,#6937);
#6936 = CARTESIAN_POINT('',(-0.,0.));
#6937 = VECTOR('',#6938,1.);
#6938 = DIRECTION('',(-1.,0.));
#6939 = ( GEOMETRIC_REPRESENTATION_CONTEXT(2) 
PARAMETRIC_REPRESENTATION_CONTEXT() REPRESENTATION_CONTEXT('2D SPACE',''
  ) );
#6940 = PCURVE('',#6643,#6941);
#6941 = DEFINITIONAL_REPRESENTATION('',(#6942),#6950);
#6942 = ( BOUNDED_CURVE() B_SPLINE_CURVE(2,(#6943,#6944,#6945,#6946,
#6947,#6948,#6949),.UNSPECIFIED.,.T.,.F.) B_SPLINE_CURVE_WITH_KNOTS((1,2
    ,2,2,2,1),(-2.094395102393,0.,2.094395102393,4.188790204786,
6.28318530718,8.377580409573),.UNSPECIFIED.) CURVE() 
GEOMETRIC_REPRESENTATION_ITEM() RATIONAL_B_SPLINE_CURVE((1.,0.5,1.,0.5,
1.,0.5,1.)) REPRESENTATION_ITEM('') );
#6943 = CARTESIAN_POINT('',(8.E-02,6.938893903907E-17));
#6944 = CARTESIAN_POINT('',(-5.856406460551E-02,6.938893903907E-17));
#6945 = CARTESIAN_POINT('',(1.071796769724E-02,0.12));
#6946 = CARTESIAN_POINT('',(8.E-02,0.24));
#6947 = CARTESIAN_POINT('',(0.149282032303,0.12));
#6948 = CARTESIAN_POINT('',(0.218564064606,1.942890293094E-16));
#6949 = CARTESIAN_POINT('',(8.E-02,6.938893903907E-17));
#6950 = ( GEOMETRIC_REPRESENTATION_CONTEXT(2) 
PARAMETRIC_REPRESENTATION_CONTEXT() REPRESENTATION_CONTEXT('2D SPACE',''
  ) );
#6951 = ORIENTED_EDGE('',*,*,#6655,.T.);
#6952 = ORIENTED_EDGE('',*,*,#6684,.T.);
#6953 = ORIENTED_EDGE('',*,*,#6954,.F.);
#6954 = EDGE_CURVE('',#6925,#6685,#6955,.T.);
#6955 = SURFACE_CURVE('',#6956,(#6960,#6967),.PCURVE_S1.);
#6956 = LINE('',#6957,#6958);
#6957 = CARTESIAN_POINT('',(-0.755,-2.5,0.));
#6958 = VECTOR('',#6959,1.);
#6959 = DIRECTION('',(0.,0.,1.));
#6960 = PCURVE('',#6669,#6961);
#6961 = DEFINITIONAL_REPRESENTATION('',(#6962),#6966);
#6962 = LINE('',#6963,#6964);
#6963 = CARTESIAN_POINT('',(-0.,0.));
#6964 = VECTOR('',#6965,1.);
#6965 = DIRECTION('',(-0.,1.));
#6966 = ( GEOMETRIC_REPRESENTATION_CONTEXT(2) 
PARAMETRIC_REPRESENTATION_CONTEXT() REPRESENTATION_CONTEXT('2D SPACE',''
  ) );
#6967 = PCURVE('',#6730,#6968);
#6968 = DEFINITIONAL_REPRESENTATION('',(#6969),#6973);
#6969 = LINE('',#6970,#6971);
#6970 = CARTESIAN_POINT('',(0.,8.E-02));
#6971 = VECTOR('',#6972,1.);
#6972 = DIRECTION('',(1.,0.));
#6973 = ( GEOMETRIC_REPRESENTATION_CONTEXT(2) 
PARAMETRIC_REPRESENTATION_CONTEXT() REPRESENTATION_CONTEXT('2D SPACE',''
  ) );
#6974 = ADVANCED_FACE('',(#6975),#6643,.F.);
#6975 = FACE_BOUND('',#6976,.F.);
#6976 = EDGE_LOOP('',(#6977,#6978,#6979,#7002,#7024,#7025));
#6977 = ORIENTED_EDGE('',*,*,#6627,.F.);
#6978 = ORIENTED_EDGE('',*,*,#6924,.F.);
#6979 = ORIENTED_EDGE('',*,*,#6980,.T.);
#6980 = EDGE_CURVE('',#6925,#6981,#6983,.T.);
#6981 = VERTEX_POINT('',#6982);
#6982 = CARTESIAN_POINT('',(-0.515,-2.5,0.));
#6983 = SURFACE_CURVE('',#6984,(#6988,#6995),.PCURVE_S1.);
#6984 = LINE('',#6985,#6986);
#6985 = CARTESIAN_POINT('',(-0.835,-2.5,0.));
#6986 = VECTOR('',#6987,1.);
#6987 = DIRECTION('',(1.,0.,-0.));
#6988 = PCURVE('',#6643,#6989);
#6989 = DEFINITIONAL_REPRESENTATION('',(#6990),#6994);
#6990 = LINE('',#6991,#6992);
#6991 = CARTESIAN_POINT('',(0.,0.));
#6992 = VECTOR('',#6993,1.);
#6993 = DIRECTION('',(1.,0.));
#6994 = ( GEOMETRIC_REPRESENTATION_CONTEXT(2) 
PARAMETRIC_REPRESENTATION_CONTEXT() REPRESENTATION_CONTEXT('2D SPACE',''
  ) );
#6995 = PCURVE('',#6730,#6996);
#6996 = DEFINITIONAL_REPRESENTATION('',(#6997),#7001);
#6997 = LINE('',#6998,#6999);
#6998 = CARTESIAN_POINT('',(0.,0.));
#6999 = VECTOR('',#7000,1.);
#7000 = DIRECTION('',(0.,1.));
#7001 = ( GEOMETRIC_REPRESENTATION_CONTEXT(2) 
PARAMETRIC_REPRESENTATION_CONTEXT() REPRESENTATION_CONTEXT('2D SPACE',''
  ) );
#7002 = ORIENTED_EDGE('',*,*,#7003,.T.);
#7003 = EDGE_CURVE('',#6981,#6831,#7004,.T.);
#7004 = SURFACE_CURVE('',#7005,(#7010,#7017),.PCURVE_S1.);
#7005 = CIRCLE('',#7006,8.E-02);
#7006 = AXIS2_PLACEMENT_3D('',#7007,#7008,#7009);
#7007 = CARTESIAN_POINT('',(-0.515,-2.42,0.));
#7008 = DIRECTION('',(0.,0.,1.));
#7009 = DIRECTION('',(0.,-1.,0.));
#7010 = PCURVE('',#6643,#7011);
#7011 = DEFINITIONAL_REPRESENTATION('',(#7012),#7016);
#7012 = CIRCLE('',#7013,8.E-02);
#7013 = AXIS2_PLACEMENT_2D('',#7014,#7015);
#7014 = CARTESIAN_POINT('',(0.32,8.E-02));
#7015 = DIRECTION('',(0.,-1.));
#7016 = ( GEOMETRIC_REPRESENTATION_CONTEXT(2) 
PARAMETRIC_REPRESENTATION_CONTEXT() REPRESENTATION_CONTEXT('2D SPACE',''
  ) );
#7017 = PCURVE('',#6760,#7018);
#7018 = DEFINITIONAL_REPRESENTATION('',(#7019),#7023);
#7019 = LINE('',#7020,#7021);
#7020 = CARTESIAN_POINT('',(0.,0.));
#7021 = VECTOR('',#7022,1.);
#7022 = DIRECTION('',(1.,0.));
#7023 = ( GEOMETRIC_REPRESENTATION_CONTEXT(2) 
PARAMETRIC_REPRESENTATION_CONTEXT() REPRESENTATION_CONTEXT('2D SPACE',''
  ) );
#7024 = ORIENTED_EDGE('',*,*,#6853,.T.);
#7025 = ORIENTED_EDGE('',*,*,#7026,.F.);
#7026 = EDGE_CURVE('',#6600,#6854,#7027,.T.);
#7027 = SURFACE_CURVE('',#7028,(#7032,#7039),.PCURVE_S1.);
#7028 = LINE('',#7029,#7030);
#7029 = CARTESIAN_POINT('',(-0.835,-1.25,0.));
#7030 = VECTOR('',#7031,1.);
#7031 = DIRECTION('',(1.,0.,-0.));
#7032 = PCURVE('',#6643,#7033);
#7033 = DEFINITIONAL_REPRESENTATION('',(#7034),#7038);
#7034 = LINE('',#7035,#7036);
#7035 = CARTESIAN_POINT('',(0.,1.25));
#7036 = VECTOR('',#7037,1.);
#7037 = DIRECTION('',(1.,0.));
#7038 = ( GEOMETRIC_REPRESENTATION_CONTEXT(2) 
PARAMETRIC_REPRESENTATION_CONTEXT() REPRESENTATION_CONTEXT('2D SPACE',''
  ) );
#7039 = PCURVE('',#6615,#7040);
#7040 = DEFINITIONAL_REPRESENTATION('',(#7041),#7045);
#7041 = LINE('',#7042,#7043);
#7042 = CARTESIAN_POINT('',(-0.375,-0.2));
#7043 = VECTOR('',#7044,1.);
#7044 = DIRECTION('',(0.,1.));
#7045 = ( GEOMETRIC_REPRESENTATION_CONTEXT(2) 
PARAMETRIC_REPRESENTATION_CONTEXT() REPRESENTATION_CONTEXT('2D SPACE',''
  ) );
#7046 = ADVANCED_FACE('',(#7047),#6587,.T.);
#7047 = FACE_BOUND('',#7048,.T.);
#7048 = EDGE_LOOP('',(#7049,#7050,#7051,#7052));
#7049 = ORIENTED_EDGE('',*,*,#6571,.F.);
#7050 = ORIENTED_EDGE('',*,*,#6782,.T.);
#7051 = ORIENTED_EDGE('',*,*,#6899,.T.);
#7052 = ORIENTED_EDGE('',*,*,#7053,.F.);
#7053 = EDGE_CURVE('',#6572,#6877,#7054,.T.);
#7054 = SURFACE_CURVE('',#7055,(#7059,#7066),.PCURVE_S1.);
#7055 = LINE('',#7056,#7057);
#7056 = CARTESIAN_POINT('',(-0.835,-1.25,0.75));
#7057 = VECTOR('',#7058,1.);
#7058 = DIRECTION('',(1.,0.,-0.));
#7059 = PCURVE('',#6587,#7060);
#7060 = DEFINITIONAL_REPRESENTATION('',(#7061),#7065);
#7061 = LINE('',#7062,#7063);
#7062 = CARTESIAN_POINT('',(0.,0.2));
#7063 = VECTOR('',#7064,1.);
#7064 = DIRECTION('',(1.,0.));
#7065 = ( GEOMETRIC_REPRESENTATION_CONTEXT(2) 
PARAMETRIC_REPRESENTATION_CONTEXT() REPRESENTATION_CONTEXT('2D SPACE',''
  ) );
#7066 = PCURVE('',#6615,#7067);
#7067 = DEFINITIONAL_REPRESENTATION('',(#7068),#7072);
#7068 = LINE('',#7069,#7070);
#7069 = CARTESIAN_POINT('',(0.375,-0.2));
#7070 = VECTOR('',#7071,1.);
#7071 = DIRECTION('',(0.,1.));
#7072 = ( GEOMETRIC_REPRESENTATION_CONTEXT(2) 
PARAMETRIC_REPRESENTATION_CONTEXT() REPRESENTATION_CONTEXT('2D SPACE',''
  ) );
#7073 = ADVANCED_FACE('',(#7074),#6615,.T.);
#7074 = FACE_BOUND('',#7075,.T.);
#7075 = EDGE_LOOP('',(#7076,#7077,#7078,#7079));
#7076 = ORIENTED_EDGE('',*,*,#7026,.F.);
#7077 = ORIENTED_EDGE('',*,*,#6599,.T.);
#7078 = ORIENTED_EDGE('',*,*,#7053,.T.);
#7079 = ORIENTED_EDGE('',*,*,#6876,.F.);
#7080 = ADVANCED_FACE('',(#7081),#6730,.F.);
#7081 = FACE_BOUND('',#7082,.F.);
#7082 = EDGE_LOOP('',(#7083,#7084,#7085,#7086));
#7083 = ORIENTED_EDGE('',*,*,#6980,.F.);
#7084 = ORIENTED_EDGE('',*,*,#6954,.T.);
#7085 = ORIENTED_EDGE('',*,*,#6714,.T.);
#7086 = ORIENTED_EDGE('',*,*,#7087,.F.);
#7087 = EDGE_CURVE('',#6981,#6715,#7088,.T.);
#7088 = SURFACE_CURVE('',#7089,(#7093,#7100),.PCURVE_S1.);
#7089 = LINE('',#7090,#7091);
#7090 = CARTESIAN_POINT('',(-0.515,-2.5,0.));
#7091 = VECTOR('',#7092,1.);
#7092 = DIRECTION('',(0.,0.,1.));
#7093 = PCURVE('',#6730,#7094);
#7094 = DEFINITIONAL_REPRESENTATION('',(#7095),#7099);
#7095 = LINE('',#7096,#7097);
#7096 = CARTESIAN_POINT('',(0.,0.32));
#7097 = VECTOR('',#7098,1.);
#7098 = DIRECTION('',(1.,0.));
#7099 = ( GEOMETRIC_REPRESENTATION_CONTEXT(2) 
PARAMETRIC_REPRESENTATION_CONTEXT() REPRESENTATION_CONTEXT('2D SPACE',''
  ) );
#7100 = PCURVE('',#6760,#7101);
#7101 = DEFINITIONAL_REPRESENTATION('',(#7102),#7106);
#7102 = LINE('',#7103,#7104);
#7103 = CARTESIAN_POINT('',(0.,0.));
#7104 = VECTOR('',#7105,1.);
#7105 = DIRECTION('',(0.,1.));
#7106 = ( GEOMETRIC_REPRESENTATION_CONTEXT(2) 
PARAMETRIC_REPRESENTATION_CONTEXT() REPRESENTATION_CONTEXT('2D SPACE',''
  ) );
#7107 = ADVANCED_FACE('',(#7108),#6760,.T.);
#7108 = FACE_BOUND('',#7109,.T.);
#7109 = EDGE_LOOP('',(#7110,#7111,#7112,#7113));
#7110 = ORIENTED_EDGE('',*,*,#7003,.T.);
#7111 = ORIENTED_EDGE('',*,*,#6830,.T.);
#7112 = ORIENTED_EDGE('',*,*,#6742,.T.);
#7113 = ORIENTED_EDGE('',*,*,#7087,.F.);
#7114 = MANIFOLD_SOLID_BREP('',#7115);
#7115 = CLOSED_SHELL('',(#7116,#7234,#7371,#7467,#7516,#7611,#7661,#7737
    ,#7764,#7771,#7798));
#7116 = ADVANCED_FACE('',(#7117),#7131,.T.);
#7117 = FACE_BOUND('',#7118,.T.);
#7118 = EDGE_LOOP('',(#7119,#7154,#7180,#7208));
#7119 = ORIENTED_EDGE('',*,*,#7120,.F.);
#7120 = EDGE_CURVE('',#7121,#7123,#7125,.T.);
#7121 = VERTEX_POINT('',#7122);
#7122 = CARTESIAN_POINT('',(-0.835,1.45,0.2));
#7123 = VERTEX_POINT('',#7124);
#7124 = CARTESIAN_POINT('',(-0.835,2.42,0.2));
#7125 = SURFACE_CURVE('',#7126,(#7130,#7142),.PCURVE_S1.);
#7126 = LINE('',#7127,#7128);
#7127 = CARTESIAN_POINT('',(-0.835,1.25,0.2));
#7128 = VECTOR('',#7129,1.);
#7129 = DIRECTION('',(-0.,1.,0.));
#7130 = PCURVE('',#7131,#7136);
#7131 = PLANE('',#7132);
#7132 = AXIS2_PLACEMENT_3D('',#7133,#7134,#7135);
#7133 = CARTESIAN_POINT('',(-0.835,1.25,0.2));
#7134 = DIRECTION('',(0.,0.,1.));
#7135 = DIRECTION('',(1.,0.,-0.));
#7136 = DEFINITIONAL_REPRESENTATION('',(#7137),#7141);
#7137 = LINE('',#7138,#7139);
#7138 = CARTESIAN_POINT('',(0.,0.));
#7139 = VECTOR('',#7140,1.);
#7140 = DIRECTION('',(0.,1.));
#7141 = ( GEOMETRIC_REPRESENTATION_CONTEXT(2) 
PARAMETRIC_REPRESENTATION_CONTEXT() REPRESENTATION_CONTEXT('2D SPACE',''
  ) );
#7142 = PCURVE('',#7143,#7148);
#7143 = PLANE('',#7144);
#7144 = AXIS2_PLACEMENT_3D('',#7145,#7146,#7147);
#7145 = CARTESIAN_POINT('',(-0.835,1.730625,0.230625));
#7146 = DIRECTION('',(-1.,-0.,-0.));
#7147 = DIRECTION('',(0.,0.,-1.));
#7148 = DEFINITIONAL_REPRESENTATION('',(#7149),#7153);
#7149 = LINE('',#7150,#7151);
#7150 = CARTESIAN_POINT('',(3.0625E-02,0.480625));
#7151 = VECTOR('',#7152,1.);
#7152 = DIRECTION('',(0.,-1.));
#7153 = ( GEOMETRIC_REPRESENTATION_CONTEXT(2) 
PARAMETRIC_REPRESENTATION_CONTEXT() REPRESENTATION_CONTEXT('2D SPACE',''
  ) );
#7154 = ORIENTED_EDGE('',*,*,#7155,.F.);
#7155 = EDGE_CURVE('',#7156,#7121,#7158,.T.);
#7156 = VERTEX_POINT('',#7157);
#7157 = CARTESIAN_POINT('',(-0.435,1.45,0.2));
#7158 = SURFACE_CURVE('',#7159,(#7163,#7169),.PCURVE_S1.);
#7159 = LINE('',#7160,#7161);
#7160 = CARTESIAN_POINT('',(-0.835,1.45,0.2));
#7161 = VECTOR('',#7162,1.);
#7162 = DIRECTION('',(-1.,-0.,0.));
#7163 = PCURVE('',#7131,#7164);
#7164 = DEFINITIONAL_REPRESENTATION('',(#7165),#7168);
#7165 = B_SPLINE_CURVE_WITH_KNOTS('',1,(#7166,#7167),.UNSPECIFIED.,.F.,
  .F.,(2,2),(-0.4,0.),.PIECEWISE_BEZIER_KNOTS.);
#7166 = CARTESIAN_POINT('',(0.4,0.2));
#7167 = CARTESIAN_POINT('',(0.,0.2));
#7168 = ( GEOMETRIC_REPRESENTATION_CONTEXT(2) 
PARAMETRIC_REPRESENTATION_CONTEXT() REPRESENTATION_CONTEXT('2D SPACE',''
  ) );
#7169 = PCURVE('',#7170,#7175);
#7170 = PLANE('',#7171);
#7171 = AXIS2_PLACEMENT_3D('',#7172,#7173,#7174);
#7172 = CARTESIAN_POINT('',(-0.835,1.45,0.));
#7173 = DIRECTION('',(-0.,1.,0.));
#7174 = DIRECTION('',(0.,0.,1.));
#7175 = DEFINITIONAL_REPRESENTATION('',(#7176),#7179);
#7176 = B_SPLINE_CURVE_WITH_KNOTS('',1,(#7177,#7178),.UNSPECIFIED.,.F.,
  .F.,(2,2),(-0.4,0.),.PIECEWISE_BEZIER_KNOTS.);
#7177 = CARTESIAN_POINT('',(0.2,0.4));
#7178 = CARTESIAN_POINT('',(0.2,0.));
#7179 = ( GEOMETRIC_REPRESENTATION_CONTEXT(2) 
PARAMETRIC_REPRESENTATION_CONTEXT() REPRESENTATION_CONTEXT('2D SPACE',''
  ) );
#7180 = ORIENTED_EDGE('',*,*,#7181,.T.);
#7181 = EDGE_CURVE('',#7156,#7182,#7184,.T.);
#7182 = VERTEX_POINT('',#7183);
#7183 = CARTESIAN_POINT('',(-0.435,2.42,0.2));
#7184 = SURFACE_CURVE('',#7185,(#7189,#7196),.PCURVE_S1.);
#7185 = LINE('',#7186,#7187);
#7186 = CARTESIAN_POINT('',(-0.435,1.25,0.2));
#7187 = VECTOR('',#7188,1.);
#7188 = DIRECTION('',(-0.,1.,0.));
#7189 = PCURVE('',#7131,#7190);
#7190 = DEFINITIONAL_REPRESENTATION('',(#7191),#7195);
#7191 = LINE('',#7192,#7193);
#7192 = CARTESIAN_POINT('',(0.4,0.));
#7193 = VECTOR('',#7194,1.);
#7194 = DIRECTION('',(0.,1.));
#7195 = ( GEOMETRIC_REPRESENTATION_CONTEXT(2) 
PARAMETRIC_REPRESENTATION_CONTEXT() REPRESENTATION_CONTEXT('2D SPACE',''
  ) );
#7196 = PCURVE('',#7197,#7202);
#7197 = PLANE('',#7198);
#7198 = AXIS2_PLACEMENT_3D('',#7199,#7200,#7201);
#7199 = CARTESIAN_POINT('',(-0.435,1.730625,0.230625));
#7200 = DIRECTION('',(1.,0.,0.));
#7201 = DIRECTION('',(-0.,0.,1.));
#7202 = DEFINITIONAL_REPRESENTATION('',(#7203),#7207);
#7203 = LINE('',#7204,#7205);
#7204 = CARTESIAN_POINT('',(-3.0625E-02,0.480625));
#7205 = VECTOR('',#7206,1.);
#7206 = DIRECTION('',(0.,-1.));
#7207 = ( GEOMETRIC_REPRESENTATION_CONTEXT(2) 
PARAMETRIC_REPRESENTATION_CONTEXT() REPRESENTATION_CONTEXT('2D SPACE',''
  ) );
#7208 = ORIENTED_EDGE('',*,*,#7209,.F.);
#7209 = EDGE_CURVE('',#7123,#7182,#7210,.T.);
#7210 = SURFACE_CURVE('',#7211,(#7215,#7222),.PCURVE_S1.);
#7211 = LINE('',#7212,#7213);
#7212 = CARTESIAN_POINT('',(-0.835,2.42,0.2));
#7213 = VECTOR('',#7214,1.);
#7214 = DIRECTION('',(1.,0.,-0.));
#7215 = PCURVE('',#7131,#7216);
#7216 = DEFINITIONAL_REPRESENTATION('',(#7217),#7221);
#7217 = LINE('',#7218,#7219);
#7218 = CARTESIAN_POINT('',(0.,1.17));
#7219 = VECTOR('',#7220,1.);
#7220 = DIRECTION('',(1.,0.));
#7221 = ( GEOMETRIC_REPRESENTATION_CONTEXT(2) 
PARAMETRIC_REPRESENTATION_CONTEXT() REPRESENTATION_CONTEXT('2D SPACE',''
  ) );
#7222 = PCURVE('',#7223,#7228);
#7223 = CYLINDRICAL_SURFACE('',#7224,8.E-02);
#7224 = AXIS2_PLACEMENT_3D('',#7225,#7226,#7227);
#7225 = CARTESIAN_POINT('',(-0.835,2.42,0.12));
#7226 = DIRECTION('',(1.,0.,-0.));
#7227 = DIRECTION('',(0.,0.,1.));
#7228 = DEFINITIONAL_REPRESENTATION('',(#7229),#7233);
#7229 = LINE('',#7230,#7231);
#7230 = CARTESIAN_POINT('',(-0.,0.));
#7231 = VECTOR('',#7232,1.);
#7232 = DIRECTION('',(-0.,1.));
#7233 = ( GEOMETRIC_REPRESENTATION_CONTEXT(2) 
PARAMETRIC_REPRESENTATION_CONTEXT() REPRESENTATION_CONTEXT('2D SPACE',''
  ) );
#7234 = ADVANCED_FACE('',(#7235),#7143,.T.);
#7235 = FACE_BOUND('',#7236,.T.);
#7236 = EDGE_LOOP('',(#7237,#7238,#7266,#7294,#7322,#7350));
#7237 = ORIENTED_EDGE('',*,*,#7120,.T.);
#7238 = ORIENTED_EDGE('',*,*,#7239,.F.);
#7239 = EDGE_CURVE('',#7240,#7123,#7242,.T.);
#7240 = VERTEX_POINT('',#7241);
#7241 = CARTESIAN_POINT('',(-0.835,2.42,0.));
#7242 = SURFACE_CURVE('',#7243,(#7247,#7254),.PCURVE_S1.);
#7243 = LINE('',#7244,#7245);
#7244 = CARTESIAN_POINT('',(-0.835,2.42,0.));
#7245 = VECTOR('',#7246,1.);
#7246 = DIRECTION('',(0.,0.,1.));
#7247 = PCURVE('',#7143,#7248);
#7248 = DEFINITIONAL_REPRESENTATION('',(#7249),#7253);
#7249 = LINE('',#7250,#7251);
#7250 = CARTESIAN_POINT('',(0.230625,-0.689375));
#7251 = VECTOR('',#7252,1.);
#7252 = DIRECTION('',(-1.,0.));
#7253 = ( GEOMETRIC_REPRESENTATION_CONTEXT(2) 
PARAMETRIC_REPRESENTATION_CONTEXT() REPRESENTATION_CONTEXT('2D SPACE',''
  ) );
#7254 = PCURVE('',#7255,#7260);
#7255 = CYLINDRICAL_SURFACE('',#7256,8.E-02);
#7256 = AXIS2_PLACEMENT_3D('',#7257,#7258,#7259);
#7257 = CARTESIAN_POINT('',(-0.755,2.42,0.));
#7258 = DIRECTION('',(0.,0.,1.));
#7259 = DIRECTION('',(-0.,1.,0.));
#7260 = DEFINITIONAL_REPRESENTATION('',(#7261),#7265);
#7261 = LINE('',#7262,#7263);
#7262 = CARTESIAN_POINT('',(1.570796326795,0.));
#7263 = VECTOR('',#7264,1.);
#7264 = DIRECTION('',(0.,1.));
#7265 = ( GEOMETRIC_REPRESENTATION_CONTEXT(2) 
PARAMETRIC_REPRESENTATION_CONTEXT() REPRESENTATION_CONTEXT('2D SPACE',''
  ) );
#7266 = ORIENTED_EDGE('',*,*,#7267,.F.);
#7267 = EDGE_CURVE('',#7268,#7240,#7270,.T.);
#7268 = VERTEX_POINT('',#7269);
#7269 = CARTESIAN_POINT('',(-0.835,1.25,0.));
#7270 = SURFACE_CURVE('',#7271,(#7275,#7282),.PCURVE_S1.);
#7271 = LINE('',#7272,#7273);
#7272 = CARTESIAN_POINT('',(-0.835,1.25,0.));
#7273 = VECTOR('',#7274,1.);
#7274 = DIRECTION('',(-0.,1.,0.));
#7275 = PCURVE('',#7143,#7276);
#7276 = DEFINITIONAL_REPRESENTATION('',(#7277),#7281);
#7277 = LINE('',#7278,#7279);
#7278 = CARTESIAN_POINT('',(0.230625,0.480625));
#7279 = VECTOR('',#7280,1.);
#7280 = DIRECTION('',(0.,-1.));
#7281 = ( GEOMETRIC_REPRESENTATION_CONTEXT(2) 
PARAMETRIC_REPRESENTATION_CONTEXT() REPRESENTATION_CONTEXT('2D SPACE',''
  ) );
#7282 = PCURVE('',#7283,#7288);
#7283 = PLANE('',#7284);
#7284 = AXIS2_PLACEMENT_3D('',#7285,#7286,#7287);
#7285 = CARTESIAN_POINT('',(-0.835,1.25,0.));
#7286 = DIRECTION('',(0.,0.,1.));
#7287 = DIRECTION('',(1.,0.,-0.));
#7288 = DEFINITIONAL_REPRESENTATION('',(#7289),#7293);
#7289 = LINE('',#7290,#7291);
#7290 = CARTESIAN_POINT('',(0.,0.));
#7291 = VECTOR('',#7292,1.);
#7292 = DIRECTION('',(0.,1.));
#7293 = ( GEOMETRIC_REPRESENTATION_CONTEXT(2) 
PARAMETRIC_REPRESENTATION_CONTEXT() REPRESENTATION_CONTEXT('2D SPACE',''
  ) );
#7294 = ORIENTED_EDGE('',*,*,#7295,.T.);
#7295 = EDGE_CURVE('',#7268,#7296,#7298,.T.);
#7296 = VERTEX_POINT('',#7297);
#7297 = CARTESIAN_POINT('',(-0.835,1.25,0.75));
#7298 = SURFACE_CURVE('',#7299,(#7303,#7310),.PCURVE_S1.);
#7299 = LINE('',#7300,#7301);
#7300 = CARTESIAN_POINT('',(-0.835,1.25,0.));
#7301 = VECTOR('',#7302,1.);
#7302 = DIRECTION('',(0.,0.,1.));
#7303 = PCURVE('',#7143,#7304);
#7304 = DEFINITIONAL_REPRESENTATION('',(#7305),#7309);
#7305 = LINE('',#7306,#7307);
#7306 = CARTESIAN_POINT('',(0.230625,0.480625));
#7307 = VECTOR('',#7308,1.);
#7308 = DIRECTION('',(-1.,0.));
#7309 = ( GEOMETRIC_REPRESENTATION_CONTEXT(2) 
PARAMETRIC_REPRESENTATION_CONTEXT() REPRESENTATION_CONTEXT('2D SPACE',''
  ) );
#7310 = PCURVE('',#7311,#7316);
#7311 = PLANE('',#7312);
#7312 = AXIS2_PLACEMENT_3D('',#7313,#7314,#7315);
#7313 = CARTESIAN_POINT('',(-0.635,1.25,0.375));
#7314 = DIRECTION('',(-0.,-1.,-0.));
#7315 = DIRECTION('',(0.,0.,-1.));
#7316 = DEFINITIONAL_REPRESENTATION('',(#7317),#7321);
#7317 = LINE('',#7318,#7319);
#7318 = CARTESIAN_POINT('',(0.375,-0.2));
#7319 = VECTOR('',#7320,1.);
#7320 = DIRECTION('',(-1.,0.));
#7321 = ( GEOMETRIC_REPRESENTATION_CONTEXT(2) 
PARAMETRIC_REPRESENTATION_CONTEXT() REPRESENTATION_CONTEXT('2D SPACE',''
  ) );
#7322 = ORIENTED_EDGE('',*,*,#7323,.T.);
#7323 = EDGE_CURVE('',#7296,#7324,#7326,.T.);
#7324 = VERTEX_POINT('',#7325);
#7325 = CARTESIAN_POINT('',(-0.835,1.45,0.75));
#7326 = SURFACE_CURVE('',#7327,(#7331,#7338),.PCURVE_S1.);
#7327 = LINE('',#7328,#7329);
#7328 = CARTESIAN_POINT('',(-0.835,1.25,0.75));
#7329 = VECTOR('',#7330,1.);
#7330 = DIRECTION('',(-0.,1.,0.));
#7331 = PCURVE('',#7143,#7332);
#7332 = DEFINITIONAL_REPRESENTATION('',(#7333),#7337);
#7333 = LINE('',#7334,#7335);
#7334 = CARTESIAN_POINT('',(-0.519375,0.480625));
#7335 = VECTOR('',#7336,1.);
#7336 = DIRECTION('',(0.,-1.));
#7337 = ( GEOMETRIC_REPRESENTATION_CONTEXT(2) 
PARAMETRIC_REPRESENTATION_CONTEXT() REPRESENTATION_CONTEXT('2D SPACE',''
  ) );
#7338 = PCURVE('',#7339,#7344);
#7339 = PLANE('',#7340);
#7340 = AXIS2_PLACEMENT_3D('',#7341,#7342,#7343);
#7341 = CARTESIAN_POINT('',(-0.835,1.25,0.75));
#7342 = DIRECTION('',(0.,0.,1.));
#7343 = DIRECTION('',(1.,0.,-0.));
#7344 = DEFINITIONAL_REPRESENTATION('',(#7345),#7349);
#7345 = LINE('',#7346,#7347);
#7346 = CARTESIAN_POINT('',(0.,0.));
#7347 = VECTOR('',#7348,1.);
#7348 = DIRECTION('',(0.,1.));
#7349 = ( GEOMETRIC_REPRESENTATION_CONTEXT(2) 
PARAMETRIC_REPRESENTATION_CONTEXT() REPRESENTATION_CONTEXT('2D SPACE',''
  ) );
#7350 = ORIENTED_EDGE('',*,*,#7351,.F.);
#7351 = EDGE_CURVE('',#7121,#7324,#7352,.T.);
#7352 = SURFACE_CURVE('',#7353,(#7357,#7364),.PCURVE_S1.);
#7353 = LINE('',#7354,#7355);
#7354 = CARTESIAN_POINT('',(-0.835,1.45,0.));
#7355 = VECTOR('',#7356,1.);
#7356 = DIRECTION('',(0.,0.,1.));
#7357 = PCURVE('',#7143,#7358);
#7358 = DEFINITIONAL_REPRESENTATION('',(#7359),#7363);
#7359 = LINE('',#7360,#7361);
#7360 = CARTESIAN_POINT('',(0.230625,0.280625));
#7361 = VECTOR('',#7362,1.);
#7362 = DIRECTION('',(-1.,0.));
#7363 = ( GEOMETRIC_REPRESENTATION_CONTEXT(2) 
PARAMETRIC_REPRESENTATION_CONTEXT() REPRESENTATION_CONTEXT('2D SPACE',''
  ) );
#7364 = PCURVE('',#7170,#7365);
#7365 = DEFINITIONAL_REPRESENTATION('',(#7366),#7370);
#7366 = LINE('',#7367,#7368);
#7367 = CARTESIAN_POINT('',(0.,0.));
#7368 = VECTOR('',#7369,1.);
#7369 = DIRECTION('',(1.,0.));
#7370 = ( GEOMETRIC_REPRESENTATION_CONTEXT(2) 
PARAMETRIC_REPRESENTATION_CONTEXT() REPRESENTATION_CONTEXT('2D SPACE',''
  ) );
#7371 = ADVANCED_FACE('',(#7372),#7223,.T.);
#7372 = FACE_BOUND('',#7373,.F.);
#7373 = EDGE_LOOP('',(#7374,#7404,#7432,#7466));
#7374 = ORIENTED_EDGE('',*,*,#7375,.T.);
#7375 = EDGE_CURVE('',#7123,#7376,#7378,.T.);
#7376 = VERTEX_POINT('',#7377);
#7377 = CARTESIAN_POINT('',(-0.755,2.5,0.12));
#7378 = SURFACE_CURVE('',#7379,(#7384,#7394),.PCURVE_S1.);
#7379 = ELLIPSE('',#7380,0.11313708499,8.E-02);
#7380 = AXIS2_PLACEMENT_3D('',#7381,#7382,#7383);
#7381 = CARTESIAN_POINT('',(-0.755,2.42,0.12));
#7382 = DIRECTION('',(-0.707106781187,-0.,-0.707106781187));
#7383 = DIRECTION('',(0.707106781187,0.,-0.707106781187));
#7384 = PCURVE('',#7223,#7385);
#7385 = DEFINITIONAL_REPRESENTATION('',(#7386),#7393);
#7386 = B_SPLINE_CURVE_WITH_KNOTS('',5,(#7387,#7388,#7389,#7390,#7391,
    #7392),.UNSPECIFIED.,.F.,.F.,(6,6),(3.14159265359,4.712388980385),
  .PIECEWISE_BEZIER_KNOTS.);
#7387 = CARTESIAN_POINT('',(0.,-3.469446951954E-18));
#7388 = CARTESIAN_POINT('',(-0.314159265359,-3.981397550818E-17));
#7389 = CARTESIAN_POINT('',(-0.628307393518,9.840342737674E-03));
#7390 = CARTESIAN_POINT('',(-0.94247613495,2.971305034234E-02));
#7391 = CARTESIAN_POINT('',(-1.256637061436,5.486725877128E-02));
#7392 = CARTESIAN_POINT('',(-1.570796326795,8.E-02));
#7393 = ( GEOMETRIC_REPRESENTATION_CONTEXT(2) 
PARAMETRIC_REPRESENTATION_CONTEXT() REPRESENTATION_CONTEXT('2D SPACE',''
  ) );
#7394 = PCURVE('',#7255,#7395);
#7395 = DEFINITIONAL_REPRESENTATION('',(#7396),#7403);
#7396 = B_SPLINE_CURVE_WITH_KNOTS('',5,(#7397,#7398,#7399,#7400,#7401,
    #7402),.UNSPECIFIED.,.F.,.F.,(6,6),(3.14159265359,4.712388980385),
  .PIECEWISE_BEZIER_KNOTS.);
#7397 = CARTESIAN_POINT('',(1.570796326795,0.2));
#7398 = CARTESIAN_POINT('',(1.256637061436,0.2));
#7399 = CARTESIAN_POINT('',(0.942488933277,0.190159657262));
#7400 = CARTESIAN_POINT('',(0.628320191845,0.170286949658));
#7401 = CARTESIAN_POINT('',(0.314159265359,0.145132741229));
#7402 = CARTESIAN_POINT('',(-1.110223024625E-16,0.12));
#7403 = ( GEOMETRIC_REPRESENTATION_CONTEXT(2) 
PARAMETRIC_REPRESENTATION_CONTEXT() REPRESENTATION_CONTEXT('2D SPACE',''
  ) );
#7404 = ORIENTED_EDGE('',*,*,#7405,.T.);
#7405 = EDGE_CURVE('',#7376,#7406,#7408,.T.);
#7406 = VERTEX_POINT('',#7407);
#7407 = CARTESIAN_POINT('',(-0.515,2.5,0.12));
#7408 = SURFACE_CURVE('',#7409,(#7413,#7420),.PCURVE_S1.);
#7409 = LINE('',#7410,#7411);
#7410 = CARTESIAN_POINT('',(-0.835,2.5,0.12));
#7411 = VECTOR('',#7412,1.);
#7412 = DIRECTION('',(1.,0.,-0.));
#7413 = PCURVE('',#7223,#7414);
#7414 = DEFINITIONAL_REPRESENTATION('',(#7415),#7419);
#7415 = LINE('',#7416,#7417);
#7416 = CARTESIAN_POINT('',(-1.570796326795,0.));
#7417 = VECTOR('',#7418,1.);
#7418 = DIRECTION('',(-0.,1.));
#7419 = ( GEOMETRIC_REPRESENTATION_CONTEXT(2) 
PARAMETRIC_REPRESENTATION_CONTEXT() REPRESENTATION_CONTEXT('2D SPACE',''
  ) );
#7420 = PCURVE('',#7421,#7426);
#7421 = PLANE('',#7422);
#7422 = AXIS2_PLACEMENT_3D('',#7423,#7424,#7425);
#7423 = CARTESIAN_POINT('',(-0.835,2.5,0.));
#7424 = DIRECTION('',(-0.,1.,0.));
#7425 = DIRECTION('',(0.,0.,1.));
#7426 = DEFINITIONAL_REPRESENTATION('',(#7427),#7431);
#7427 = LINE('',#7428,#7429);
#7428 = CARTESIAN_POINT('',(0.12,0.));
#7429 = VECTOR('',#7430,1.);
#7430 = DIRECTION('',(0.,1.));
#7431 = ( GEOMETRIC_REPRESENTATION_CONTEXT(2) 
PARAMETRIC_REPRESENTATION_CONTEXT() REPRESENTATION_CONTEXT('2D SPACE',''
  ) );
#7432 = ORIENTED_EDGE('',*,*,#7433,.F.);
#7433 = EDGE_CURVE('',#7182,#7406,#7434,.T.);
#7434 = SURFACE_CURVE('',#7435,(#7440,#7450),.PCURVE_S1.);
#7435 = ELLIPSE('',#7436,0.11313708499,8.E-02);
#7436 = AXIS2_PLACEMENT_3D('',#7437,#7438,#7439);
#7437 = CARTESIAN_POINT('',(-0.515,2.42,0.12));
#7438 = DIRECTION('',(-0.707106781187,-0.,0.707106781187));
#7439 = DIRECTION('',(0.707106781187,0.,0.707106781187));
#7440 = PCURVE('',#7223,#7441);
#7441 = DEFINITIONAL_REPRESENTATION('',(#7442),#7449);
#7442 = B_SPLINE_CURVE_WITH_KNOTS('',5,(#7443,#7444,#7445,#7446,#7447,
    #7448),.UNSPECIFIED.,.F.,.F.,(6,6),(0.,1.570796326795),
  .PIECEWISE_BEZIER_KNOTS.);
#7443 = CARTESIAN_POINT('',(-2.22044604925E-16,0.4));
#7444 = CARTESIAN_POINT('',(-0.314159265359,0.4));
#7445 = CARTESIAN_POINT('',(-0.628307393518,0.390159657262));
#7446 = CARTESIAN_POINT('',(-0.94247613495,0.370286949658));
#7447 = CARTESIAN_POINT('',(-1.256637061436,0.345132741229));
#7448 = CARTESIAN_POINT('',(-1.570796326795,0.32));
#7449 = ( GEOMETRIC_REPRESENTATION_CONTEXT(2) 
PARAMETRIC_REPRESENTATION_CONTEXT() REPRESENTATION_CONTEXT('2D SPACE',''
  ) );
#7450 = PCURVE('',#7451,#7456);
#7451 = CYLINDRICAL_SURFACE('',#7452,8.E-02);
#7452 = AXIS2_PLACEMENT_3D('',#7453,#7454,#7455);
#7453 = CARTESIAN_POINT('',(-0.515,2.42,0.));
#7454 = DIRECTION('',(0.,0.,1.));
#7455 = DIRECTION('',(-0.,1.,0.));
#7456 = DEFINITIONAL_REPRESENTATION('',(#7457),#7465);
#7457 = B_SPLINE_CURVE_WITH_KNOTS('',6,(#7458,#7459,#7460,#7461,#7462,
    #7463,#7464),.UNSPECIFIED.,.F.,.F.,(7,7),(0.,1.570796326795),
  .PIECEWISE_BEZIER_KNOTS.);
#7458 = CARTESIAN_POINT('',(-1.570796326795,0.2));
#7459 = CARTESIAN_POINT('',(-1.308996938996,0.2));
#7460 = CARTESIAN_POINT('',(-1.047198265554,0.193421690273));
#7461 = CARTESIAN_POINT('',(-0.785398087459,0.180255154837));
#7462 = CARTESIAN_POINT('',(-0.523598069222,0.161886263045));
#7463 = CARTESIAN_POINT('',(-0.261799387799,0.140943951024));
#7464 = CARTESIAN_POINT('',(0.,0.12));
#7465 = ( GEOMETRIC_REPRESENTATION_CONTEXT(2) 
PARAMETRIC_REPRESENTATION_CONTEXT() REPRESENTATION_CONTEXT('2D SPACE',''
  ) );
#7466 = ORIENTED_EDGE('',*,*,#7209,.F.);
#7467 = ADVANCED_FACE('',(#7468),#7170,.T.);
#7468 = FACE_BOUND('',#7469,.T.);
#7469 = EDGE_LOOP('',(#7470,#7471,#7472,#7495));
#7470 = ORIENTED_EDGE('',*,*,#7155,.T.);
#7471 = ORIENTED_EDGE('',*,*,#7351,.T.);
#7472 = ORIENTED_EDGE('',*,*,#7473,.T.);
#7473 = EDGE_CURVE('',#7324,#7474,#7476,.T.);
#7474 = VERTEX_POINT('',#7475);
#7475 = CARTESIAN_POINT('',(-0.435,1.45,0.75));
#7476 = SURFACE_CURVE('',#7477,(#7481,#7488),.PCURVE_S1.);
#7477 = LINE('',#7478,#7479);
#7478 = CARTESIAN_POINT('',(-0.835,1.45,0.75));
#7479 = VECTOR('',#7480,1.);
#7480 = DIRECTION('',(1.,0.,-0.));
#7481 = PCURVE('',#7170,#7482);
#7482 = DEFINITIONAL_REPRESENTATION('',(#7483),#7487);
#7483 = LINE('',#7484,#7485);
#7484 = CARTESIAN_POINT('',(0.75,0.));
#7485 = VECTOR('',#7486,1.);
#7486 = DIRECTION('',(0.,1.));
#7487 = ( GEOMETRIC_REPRESENTATION_CONTEXT(2) 
PARAMETRIC_REPRESENTATION_CONTEXT() REPRESENTATION_CONTEXT('2D SPACE',''
  ) );
#7488 = PCURVE('',#7339,#7489);
#7489 = DEFINITIONAL_REPRESENTATION('',(#7490),#7494);
#7490 = LINE('',#7491,#7492);
#7491 = CARTESIAN_POINT('',(0.,0.2));
#7492 = VECTOR('',#7493,1.);
#7493 = DIRECTION('',(1.,0.));
#7494 = ( GEOMETRIC_REPRESENTATION_CONTEXT(2) 
PARAMETRIC_REPRESENTATION_CONTEXT() REPRESENTATION_CONTEXT('2D SPACE',''
  ) );
#7495 = ORIENTED_EDGE('',*,*,#7496,.F.);
#7496 = EDGE_CURVE('',#7156,#7474,#7497,.T.);
#7497 = SURFACE_CURVE('',#7498,(#7502,#7509),.PCURVE_S1.);
#7498 = LINE('',#7499,#7500);
#7499 = CARTESIAN_POINT('',(-0.435,1.45,0.));
#7500 = VECTOR('',#7501,1.);
#7501 = DIRECTION('',(0.,0.,1.));
#7502 = PCURVE('',#7170,#7503);
#7503 = DEFINITIONAL_REPRESENTATION('',(#7504),#7508);
#7504 = LINE('',#7505,#7506);
#7505 = CARTESIAN_POINT('',(0.,0.4));
#7506 = VECTOR('',#7507,1.);
#7507 = DIRECTION('',(1.,0.));
#7508 = ( GEOMETRIC_REPRESENTATION_CONTEXT(2) 
PARAMETRIC_REPRESENTATION_CONTEXT() REPRESENTATION_CONTEXT('2D SPACE',''
  ) );
#7509 = PCURVE('',#7197,#7510);
#7510 = DEFINITIONAL_REPRESENTATION('',(#7511),#7515);
#7511 = LINE('',#7512,#7513);
#7512 = CARTESIAN_POINT('',(-0.230625,0.280625));
#7513 = VECTOR('',#7514,1.);
#7514 = DIRECTION('',(1.,0.));
#7515 = ( GEOMETRIC_REPRESENTATION_CONTEXT(2) 
PARAMETRIC_REPRESENTATION_CONTEXT() REPRESENTATION_CONTEXT('2D SPACE',''
  ) );
#7516 = ADVANCED_FACE('',(#7517),#7197,.T.);
#7517 = FACE_BOUND('',#7518,.T.);
#7518 = EDGE_LOOP('',(#7519,#7544,#7565,#7566,#7567,#7590));
#7519 = ORIENTED_EDGE('',*,*,#7520,.T.);
#7520 = EDGE_CURVE('',#7521,#7523,#7525,.T.);
#7521 = VERTEX_POINT('',#7522);
#7522 = CARTESIAN_POINT('',(-0.435,1.25,0.));
#7523 = VERTEX_POINT('',#7524);
#7524 = CARTESIAN_POINT('',(-0.435,2.42,0.));
#7525 = SURFACE_CURVE('',#7526,(#7530,#7537),.PCURVE_S1.);
#7526 = LINE('',#7527,#7528);
#7527 = CARTESIAN_POINT('',(-0.435,1.25,0.));
#7528 = VECTOR('',#7529,1.);
#7529 = DIRECTION('',(-0.,1.,0.));
#7530 = PCURVE('',#7197,#7531);
#7531 = DEFINITIONAL_REPRESENTATION('',(#7532),#7536);
#7532 = LINE('',#7533,#7534);
#7533 = CARTESIAN_POINT('',(-0.230625,0.480625));
#7534 = VECTOR('',#7535,1.);
#7535 = DIRECTION('',(0.,-1.));
#7536 = ( GEOMETRIC_REPRESENTATION_CONTEXT(2) 
PARAMETRIC_REPRESENTATION_CONTEXT() REPRESENTATION_CONTEXT('2D SPACE',''
  ) );
#7537 = PCURVE('',#7283,#7538);
#7538 = DEFINITIONAL_REPRESENTATION('',(#7539),#7543);
#7539 = LINE('',#7540,#7541);
#7540 = CARTESIAN_POINT('',(0.4,0.));
#7541 = VECTOR('',#7542,1.);
#7542 = DIRECTION('',(0.,1.));
#7543 = ( GEOMETRIC_REPRESENTATION_CONTEXT(2) 
PARAMETRIC_REPRESENTATION_CONTEXT() REPRESENTATION_CONTEXT('2D SPACE',''
  ) );
#7544 = ORIENTED_EDGE('',*,*,#7545,.T.);
#7545 = EDGE_CURVE('',#7523,#7182,#7546,.T.);
#7546 = SURFACE_CURVE('',#7547,(#7551,#7558),.PCURVE_S1.);
#7547 = LINE('',#7548,#7549);
#7548 = CARTESIAN_POINT('',(-0.435,2.42,0.));
#7549 = VECTOR('',#7550,1.);
#7550 = DIRECTION('',(0.,0.,1.));
#7551 = PCURVE('',#7197,#7552);
#7552 = DEFINITIONAL_REPRESENTATION('',(#7553),#7557);
#7553 = LINE('',#7554,#7555);
#7554 = CARTESIAN_POINT('',(-0.230625,-0.689375));
#7555 = VECTOR('',#7556,1.);
#7556 = DIRECTION('',(1.,0.));
#7557 = ( GEOMETRIC_REPRESENTATION_CONTEXT(2) 
PARAMETRIC_REPRESENTATION_CONTEXT() REPRESENTATION_CONTEXT('2D SPACE',''
  ) );
#7558 = PCURVE('',#7451,#7559);
#7559 = DEFINITIONAL_REPRESENTATION('',(#7560),#7564);
#7560 = LINE('',#7561,#7562);
#7561 = CARTESIAN_POINT('',(-1.570796326795,0.));
#7562 = VECTOR('',#7563,1.);
#7563 = DIRECTION('',(-0.,1.));
#7564 = ( GEOMETRIC_REPRESENTATION_CONTEXT(2) 
PARAMETRIC_REPRESENTATION_CONTEXT() REPRESENTATION_CONTEXT('2D SPACE',''
  ) );
#7565 = ORIENTED_EDGE('',*,*,#7181,.F.);
#7566 = ORIENTED_EDGE('',*,*,#7496,.T.);
#7567 = ORIENTED_EDGE('',*,*,#7568,.F.);
#7568 = EDGE_CURVE('',#7569,#7474,#7571,.T.);
#7569 = VERTEX_POINT('',#7570);
#7570 = CARTESIAN_POINT('',(-0.435,1.25,0.75));
#7571 = SURFACE_CURVE('',#7572,(#7576,#7583),.PCURVE_S1.);
#7572 = LINE('',#7573,#7574);
#7573 = CARTESIAN_POINT('',(-0.435,1.25,0.75));
#7574 = VECTOR('',#7575,1.);
#7575 = DIRECTION('',(-0.,1.,0.));
#7576 = PCURVE('',#7197,#7577);
#7577 = DEFINITIONAL_REPRESENTATION('',(#7578),#7582);
#7578 = LINE('',#7579,#7580);
#7579 = CARTESIAN_POINT('',(0.519375,0.480625));
#7580 = VECTOR('',#7581,1.);
#7581 = DIRECTION('',(0.,-1.));
#7582 = ( GEOMETRIC_REPRESENTATION_CONTEXT(2) 
PARAMETRIC_REPRESENTATION_CONTEXT() REPRESENTATION_CONTEXT('2D SPACE',''
  ) );
#7583 = PCURVE('',#7339,#7584);
#7584 = DEFINITIONAL_REPRESENTATION('',(#7585),#7589);
#7585 = LINE('',#7586,#7587);
#7586 = CARTESIAN_POINT('',(0.4,0.));
#7587 = VECTOR('',#7588,1.);
#7588 = DIRECTION('',(0.,1.));
#7589 = ( GEOMETRIC_REPRESENTATION_CONTEXT(2) 
PARAMETRIC_REPRESENTATION_CONTEXT() REPRESENTATION_CONTEXT('2D SPACE',''
  ) );
#7590 = ORIENTED_EDGE('',*,*,#7591,.F.);
#7591 = EDGE_CURVE('',#7521,#7569,#7592,.T.);
#7592 = SURFACE_CURVE('',#7593,(#7597,#7604),.PCURVE_S1.);
#7593 = LINE('',#7594,#7595);
#7594 = CARTESIAN_POINT('',(-0.435,1.25,0.));
#7595 = VECTOR('',#7596,1.);
#7596 = DIRECTION('',(0.,0.,1.));
#7597 = PCURVE('',#7197,#7598);
#7598 = DEFINITIONAL_REPRESENTATION('',(#7599),#7603);
#7599 = LINE('',#7600,#7601);
#7600 = CARTESIAN_POINT('',(-0.230625,0.480625));
#7601 = VECTOR('',#7602,1.);
#7602 = DIRECTION('',(1.,0.));
#7603 = ( GEOMETRIC_REPRESENTATION_CONTEXT(2) 
PARAMETRIC_REPRESENTATION_CONTEXT() REPRESENTATION_CONTEXT('2D SPACE',''
  ) );
#7604 = PCURVE('',#7311,#7605);
#7605 = DEFINITIONAL_REPRESENTATION('',(#7606),#7610);
#7606 = LINE('',#7607,#7608);
#7607 = CARTESIAN_POINT('',(0.375,0.2));
#7608 = VECTOR('',#7609,1.);
#7609 = DIRECTION('',(-1.,0.));
#7610 = ( GEOMETRIC_REPRESENTATION_CONTEXT(2) 
PARAMETRIC_REPRESENTATION_CONTEXT() REPRESENTATION_CONTEXT('2D SPACE',''
  ) );
#7611 = ADVANCED_FACE('',(#7612),#7255,.T.);
#7612 = FACE_BOUND('',#7613,.T.);
#7613 = EDGE_LOOP('',(#7614,#7638,#7639,#7640));
#7614 = ORIENTED_EDGE('',*,*,#7615,.T.);
#7615 = EDGE_CURVE('',#7616,#7240,#7618,.T.);
#7616 = VERTEX_POINT('',#7617);
#7617 = CARTESIAN_POINT('',(-0.755,2.5,0.));
#7618 = SURFACE_CURVE('',#7619,(#7624,#7631),.PCURVE_S1.);
#7619 = CIRCLE('',#7620,8.E-02);
#7620 = AXIS2_PLACEMENT_3D('',#7621,#7622,#7623);
#7621 = CARTESIAN_POINT('',(-0.755,2.42,0.));
#7622 = DIRECTION('',(0.,0.,1.));
#7623 = DIRECTION('',(0.,-1.,0.));
#7624 = PCURVE('',#7255,#7625);
#7625 = DEFINITIONAL_REPRESENTATION('',(#7626),#7630);
#7626 = LINE('',#7627,#7628);
#7627 = CARTESIAN_POINT('',(-3.14159265359,0.));
#7628 = VECTOR('',#7629,1.);
#7629 = DIRECTION('',(1.,0.));
#7630 = ( GEOMETRIC_REPRESENTATION_CONTEXT(2) 
PARAMETRIC_REPRESENTATION_CONTEXT() REPRESENTATION_CONTEXT('2D SPACE',''
  ) );
#7631 = PCURVE('',#7283,#7632);
#7632 = DEFINITIONAL_REPRESENTATION('',(#7633),#7637);
#7633 = CIRCLE('',#7634,8.E-02);
#7634 = AXIS2_PLACEMENT_2D('',#7635,#7636);
#7635 = CARTESIAN_POINT('',(8.E-02,1.17));
#7636 = DIRECTION('',(0.,-1.));
#7637 = ( GEOMETRIC_REPRESENTATION_CONTEXT(2) 
PARAMETRIC_REPRESENTATION_CONTEXT() REPRESENTATION_CONTEXT('2D SPACE',''
  ) );
#7638 = ORIENTED_EDGE('',*,*,#7239,.T.);
#7639 = ORIENTED_EDGE('',*,*,#7375,.T.);
#7640 = ORIENTED_EDGE('',*,*,#7641,.F.);
#7641 = EDGE_CURVE('',#7616,#7376,#7642,.T.);
#7642 = SURFACE_CURVE('',#7643,(#7647,#7654),.PCURVE_S1.);
#7643 = LINE('',#7644,#7645);
#7644 = CARTESIAN_POINT('',(-0.755,2.5,0.));
#7645 = VECTOR('',#7646,1.);
#7646 = DIRECTION('',(0.,0.,1.));
#7647 = PCURVE('',#7255,#7648);
#7648 = DEFINITIONAL_REPRESENTATION('',(#7649),#7653);
#7649 = LINE('',#7650,#7651);
#7650 = CARTESIAN_POINT('',(0.,0.));
#7651 = VECTOR('',#7652,1.);
#7652 = DIRECTION('',(0.,1.));
#7653 = ( GEOMETRIC_REPRESENTATION_CONTEXT(2) 
PARAMETRIC_REPRESENTATION_CONTEXT() REPRESENTATION_CONTEXT('2D SPACE',''
  ) );
#7654 = PCURVE('',#7421,#7655);
#7655 = DEFINITIONAL_REPRESENTATION('',(#7656),#7660);
#7656 = LINE('',#7657,#7658);
#7657 = CARTESIAN_POINT('',(0.,8.E-02));
#7658 = VECTOR('',#7659,1.);
#7659 = DIRECTION('',(1.,0.));
#7660 = ( GEOMETRIC_REPRESENTATION_CONTEXT(2) 
PARAMETRIC_REPRESENTATION_CONTEXT() REPRESENTATION_CONTEXT('2D SPACE',''
  ) );
#7661 = ADVANCED_FACE('',(#7662),#7283,.F.);
#7662 = FACE_BOUND('',#7663,.F.);
#7663 = EDGE_LOOP('',(#7664,#7665,#7686,#7687,#7715,#7736));
#7664 = ORIENTED_EDGE('',*,*,#7267,.F.);
#7665 = ORIENTED_EDGE('',*,*,#7666,.T.);
#7666 = EDGE_CURVE('',#7268,#7521,#7667,.T.);
#7667 = SURFACE_CURVE('',#7668,(#7672,#7679),.PCURVE_S1.);
#7668 = LINE('',#7669,#7670);
#7669 = CARTESIAN_POINT('',(-0.835,1.25,0.));
#7670 = VECTOR('',#7671,1.);
#7671 = DIRECTION('',(1.,0.,-0.));
#7672 = PCURVE('',#7283,#7673);
#7673 = DEFINITIONAL_REPRESENTATION('',(#7674),#7678);
#7674 = LINE('',#7675,#7676);
#7675 = CARTESIAN_POINT('',(0.,0.));
#7676 = VECTOR('',#7677,1.);
#7677 = DIRECTION('',(1.,0.));
#7678 = ( GEOMETRIC_REPRESENTATION_CONTEXT(2) 
PARAMETRIC_REPRESENTATION_CONTEXT() REPRESENTATION_CONTEXT('2D SPACE',''
  ) );
#7679 = PCURVE('',#7311,#7680);
#7680 = DEFINITIONAL_REPRESENTATION('',(#7681),#7685);
#7681 = LINE('',#7682,#7683);
#7682 = CARTESIAN_POINT('',(0.375,-0.2));
#7683 = VECTOR('',#7684,1.);
#7684 = DIRECTION('',(0.,1.));
#7685 = ( GEOMETRIC_REPRESENTATION_CONTEXT(2) 
PARAMETRIC_REPRESENTATION_CONTEXT() REPRESENTATION_CONTEXT('2D SPACE',''
  ) );
#7686 = ORIENTED_EDGE('',*,*,#7520,.T.);
#7687 = ORIENTED_EDGE('',*,*,#7688,.F.);
#7688 = EDGE_CURVE('',#7689,#7523,#7691,.T.);
#7689 = VERTEX_POINT('',#7690);
#7690 = CARTESIAN_POINT('',(-0.515,2.5,0.));
#7691 = SURFACE_CURVE('',#7692,(#7697,#7708),.PCURVE_S1.);
#7692 = CIRCLE('',#7693,8.E-02);
#7693 = AXIS2_PLACEMENT_3D('',#7694,#7695,#7696);
#7694 = CARTESIAN_POINT('',(-0.515,2.42,0.));
#7695 = DIRECTION('',(-0.,-0.,-1.));
#7696 = DIRECTION('',(0.,-1.,0.));
#7697 = PCURVE('',#7283,#7698);
#7698 = DEFINITIONAL_REPRESENTATION('',(#7699),#7707);
#7699 = ( BOUNDED_CURVE() B_SPLINE_CURVE(2,(#7700,#7701,#7702,#7703,
#7704,#7705,#7706),.UNSPECIFIED.,.T.,.F.) B_SPLINE_CURVE_WITH_KNOTS((1,2
    ,2,2,2,1),(-2.094395102393,0.,2.094395102393,4.188790204786,
6.28318530718,8.377580409573),.UNSPECIFIED.) CURVE() 
GEOMETRIC_REPRESENTATION_ITEM() RATIONAL_B_SPLINE_CURVE((1.,0.5,1.,0.5,
1.,0.5,1.)) REPRESENTATION_ITEM('') );
#7700 = CARTESIAN_POINT('',(0.32,1.09));
#7701 = CARTESIAN_POINT('',(0.181435935394,1.09));
#7702 = CARTESIAN_POINT('',(0.250717967697,1.21));
#7703 = CARTESIAN_POINT('',(0.32,1.33));
#7704 = CARTESIAN_POINT('',(0.389282032303,1.21));
#7705 = CARTESIAN_POINT('',(0.458564064606,1.09));
#7706 = CARTESIAN_POINT('',(0.32,1.09));
#7707 = ( GEOMETRIC_REPRESENTATION_CONTEXT(2) 
PARAMETRIC_REPRESENTATION_CONTEXT() REPRESENTATION_CONTEXT('2D SPACE',''
  ) );
#7708 = PCURVE('',#7451,#7709);
#7709 = DEFINITIONAL_REPRESENTATION('',(#7710),#7714);
#7710 = LINE('',#7711,#7712);
#7711 = CARTESIAN_POINT('',(3.14159265359,-0.));
#7712 = VECTOR('',#7713,1.);
#7713 = DIRECTION('',(-1.,0.));
#7714 = ( GEOMETRIC_REPRESENTATION_CONTEXT(2) 
PARAMETRIC_REPRESENTATION_CONTEXT() REPRESENTATION_CONTEXT('2D SPACE',''
  ) );
#7715 = ORIENTED_EDGE('',*,*,#7716,.F.);
#7716 = EDGE_CURVE('',#7616,#7689,#7717,.T.);
#7717 = SURFACE_CURVE('',#7718,(#7722,#7729),.PCURVE_S1.);
#7718 = LINE('',#7719,#7720);
#7719 = CARTESIAN_POINT('',(-0.835,2.5,0.));
#7720 = VECTOR('',#7721,1.);
#7721 = DIRECTION('',(1.,0.,-0.));
#7722 = PCURVE('',#7283,#7723);
#7723 = DEFINITIONAL_REPRESENTATION('',(#7724),#7728);
#7724 = LINE('',#7725,#7726);
#7725 = CARTESIAN_POINT('',(0.,1.25));
#7726 = VECTOR('',#7727,1.);
#7727 = DIRECTION('',(1.,0.));
#7728 = ( GEOMETRIC_REPRESENTATION_CONTEXT(2) 
PARAMETRIC_REPRESENTATION_CONTEXT() REPRESENTATION_CONTEXT('2D SPACE',''
  ) );
#7729 = PCURVE('',#7421,#7730);
#7730 = DEFINITIONAL_REPRESENTATION('',(#7731),#7735);
#7731 = LINE('',#7732,#7733);
#7732 = CARTESIAN_POINT('',(0.,0.));
#7733 = VECTOR('',#7734,1.);
#7734 = DIRECTION('',(0.,1.));
#7735 = ( GEOMETRIC_REPRESENTATION_CONTEXT(2) 
PARAMETRIC_REPRESENTATION_CONTEXT() REPRESENTATION_CONTEXT('2D SPACE',''
  ) );
#7736 = ORIENTED_EDGE('',*,*,#7615,.T.);
#7737 = ADVANCED_FACE('',(#7738),#7339,.T.);
#7738 = FACE_BOUND('',#7739,.T.);
#7739 = EDGE_LOOP('',(#7740,#7741,#7762,#7763));
#7740 = ORIENTED_EDGE('',*,*,#7323,.F.);
#7741 = ORIENTED_EDGE('',*,*,#7742,.T.);
#7742 = EDGE_CURVE('',#7296,#7569,#7743,.T.);
#7743 = SURFACE_CURVE('',#7744,(#7748,#7755),.PCURVE_S1.);
#7744 = LINE('',#7745,#7746);
#7745 = CARTESIAN_POINT('',(-0.835,1.25,0.75));
#7746 = VECTOR('',#7747,1.);
#7747 = DIRECTION('',(1.,0.,-0.));
#7748 = PCURVE('',#7339,#7749);
#7749 = DEFINITIONAL_REPRESENTATION('',(#7750),#7754);
#7750 = LINE('',#7751,#7752);
#7751 = CARTESIAN_POINT('',(0.,0.));
#7752 = VECTOR('',#7753,1.);
#7753 = DIRECTION('',(1.,0.));
#7754 = ( GEOMETRIC_REPRESENTATION_CONTEXT(2) 
PARAMETRIC_REPRESENTATION_CONTEXT() REPRESENTATION_CONTEXT('2D SPACE',''
  ) );
#7755 = PCURVE('',#7311,#7756);
#7756 = DEFINITIONAL_REPRESENTATION('',(#7757),#7761);
#7757 = LINE('',#7758,#7759);
#7758 = CARTESIAN_POINT('',(-0.375,-0.2));
#7759 = VECTOR('',#7760,1.);
#7760 = DIRECTION('',(0.,1.));
#7761 = ( GEOMETRIC_REPRESENTATION_CONTEXT(2) 
PARAMETRIC_REPRESENTATION_CONTEXT() REPRESENTATION_CONTEXT('2D SPACE',''
  ) );
#7762 = ORIENTED_EDGE('',*,*,#7568,.T.);
#7763 = ORIENTED_EDGE('',*,*,#7473,.F.);
#7764 = ADVANCED_FACE('',(#7765),#7311,.T.);
#7765 = FACE_BOUND('',#7766,.T.);
#7766 = EDGE_LOOP('',(#7767,#7768,#7769,#7770));
#7767 = ORIENTED_EDGE('',*,*,#7666,.T.);
#7768 = ORIENTED_EDGE('',*,*,#7591,.T.);
#7769 = ORIENTED_EDGE('',*,*,#7742,.F.);
#7770 = ORIENTED_EDGE('',*,*,#7295,.F.);
#7771 = ADVANCED_FACE('',(#7772),#7421,.T.);
#7772 = FACE_BOUND('',#7773,.T.);
#7773 = EDGE_LOOP('',(#7774,#7775,#7776,#7777));
#7774 = ORIENTED_EDGE('',*,*,#7716,.F.);
#7775 = ORIENTED_EDGE('',*,*,#7641,.T.);
#7776 = ORIENTED_EDGE('',*,*,#7405,.T.);
#7777 = ORIENTED_EDGE('',*,*,#7778,.F.);
#7778 = EDGE_CURVE('',#7689,#7406,#7779,.T.);
#7779 = SURFACE_CURVE('',#7780,(#7784,#7791),.PCURVE_S1.);
#7780 = LINE('',#7781,#7782);
#7781 = CARTESIAN_POINT('',(-0.515,2.5,0.));
#7782 = VECTOR('',#7783,1.);
#7783 = DIRECTION('',(0.,0.,1.));
#7784 = PCURVE('',#7421,#7785);
#7785 = DEFINITIONAL_REPRESENTATION('',(#7786),#7790);
#7786 = LINE('',#7787,#7788);
#7787 = CARTESIAN_POINT('',(0.,0.32));
#7788 = VECTOR('',#7789,1.);
#7789 = DIRECTION('',(1.,0.));
#7790 = ( GEOMETRIC_REPRESENTATION_CONTEXT(2) 
PARAMETRIC_REPRESENTATION_CONTEXT() REPRESENTATION_CONTEXT('2D SPACE',''
  ) );
#7791 = PCURVE('',#7451,#7792);
#7792 = DEFINITIONAL_REPRESENTATION('',(#7793),#7797);
#7793 = LINE('',#7794,#7795);
#7794 = CARTESIAN_POINT('',(-0.,0.));
#7795 = VECTOR('',#7796,1.);
#7796 = DIRECTION('',(-0.,1.));
#7797 = ( GEOMETRIC_REPRESENTATION_CONTEXT(2) 
PARAMETRIC_REPRESENTATION_CONTEXT() REPRESENTATION_CONTEXT('2D SPACE',''
  ) );
#7798 = ADVANCED_FACE('',(#7799),#7451,.T.);
#7799 = FACE_BOUND('',#7800,.F.);
#7800 = EDGE_LOOP('',(#7801,#7802,#7803,#7804));
#7801 = ORIENTED_EDGE('',*,*,#7688,.T.);
#7802 = ORIENTED_EDGE('',*,*,#7545,.T.);
#7803 = ORIENTED_EDGE('',*,*,#7433,.T.);
#7804 = ORIENTED_EDGE('',*,*,#7778,.F.);
#7805 = MANIFOLD_SOLID_BREP('',#7806);
#7806 = CLOSED_SHELL('',(#7807,#7925,#8062,#8158,#8207,#8302,#8356,#8428
    ,#8455,#8462,#8489));
#7807 = ADVANCED_FACE('',(#7808),#7822,.T.);
#7808 = FACE_BOUND('',#7809,.T.);
#7809 = EDGE_LOOP('',(#7810,#7845,#7873,#7901));
#7810 = ORIENTED_EDGE('',*,*,#7811,.F.);
#7811 = EDGE_CURVE('',#7812,#7814,#7816,.T.);
#7812 = VERTEX_POINT('',#7813);
#7813 = CARTESIAN_POINT('',(0.435,-2.42,0.2));
#7814 = VERTEX_POINT('',#7815);
#7815 = CARTESIAN_POINT('',(0.435,-1.45,0.2));
#7816 = SURFACE_CURVE('',#7817,(#7821,#7833),.PCURVE_S1.);
#7817 = LINE('',#7818,#7819);
#7818 = CARTESIAN_POINT('',(0.435,-2.5,0.2));
#7819 = VECTOR('',#7820,1.);
#7820 = DIRECTION('',(-0.,1.,0.));
#7821 = PCURVE('',#7822,#7827);
#7822 = PLANE('',#7823);
#7823 = AXIS2_PLACEMENT_3D('',#7824,#7825,#7826);
#7824 = CARTESIAN_POINT('',(0.435,-2.5,0.2));
#7825 = DIRECTION('',(0.,0.,1.));
#7826 = DIRECTION('',(1.,0.,-0.));
#7827 = DEFINITIONAL_REPRESENTATION('',(#7828),#7832);
#7828 = LINE('',#7829,#7830);
#7829 = CARTESIAN_POINT('',(0.,0.));
#7830 = VECTOR('',#7831,1.);
#7831 = DIRECTION('',(0.,1.));
#7832 = ( GEOMETRIC_REPRESENTATION_CONTEXT(2) 
PARAMETRIC_REPRESENTATION_CONTEXT() REPRESENTATION_CONTEXT('2D SPACE',''
  ) );
#7833 = PCURVE('',#7834,#7839);
#7834 = PLANE('',#7835);
#7835 = AXIS2_PLACEMENT_3D('',#7836,#7837,#7838);
#7836 = CARTESIAN_POINT('',(0.435,-1.730625,0.230625));
#7837 = DIRECTION('',(-1.,-0.,-0.));
#7838 = DIRECTION('',(0.,0.,-1.));
#7839 = DEFINITIONAL_REPRESENTATION('',(#7840),#7844);
#7840 = LINE('',#7841,#7842);
#7841 = CARTESIAN_POINT('',(3.0625E-02,0.769375));
#7842 = VECTOR('',#7843,1.);
#7843 = DIRECTION('',(0.,-1.));
#7844 = ( GEOMETRIC_REPRESENTATION_CONTEXT(2) 
PARAMETRIC_REPRESENTATION_CONTEXT() REPRESENTATION_CONTEXT('2D SPACE',''
  ) );
#7845 = ORIENTED_EDGE('',*,*,#7846,.T.);
#7846 = EDGE_CURVE('',#7812,#7847,#7849,.T.);
#7847 = VERTEX_POINT('',#7848);
#7848 = CARTESIAN_POINT('',(0.835,-2.42,0.2));
#7849 = SURFACE_CURVE('',#7850,(#7854,#7861),.PCURVE_S1.);
#7850 = LINE('',#7851,#7852);
#7851 = CARTESIAN_POINT('',(0.435,-2.42,0.2));
#7852 = VECTOR('',#7853,1.);
#7853 = DIRECTION('',(1.,0.,-0.));
#7854 = PCURVE('',#7822,#7855);
#7855 = DEFINITIONAL_REPRESENTATION('',(#7856),#7860);
#7856 = LINE('',#7857,#7858);
#7857 = CARTESIAN_POINT('',(0.,8.E-02));
#7858 = VECTOR('',#7859,1.);
#7859 = DIRECTION('',(1.,0.));
#7860 = ( GEOMETRIC_REPRESENTATION_CONTEXT(2) 
PARAMETRIC_REPRESENTATION_CONTEXT() REPRESENTATION_CONTEXT('2D SPACE',''
  ) );
#7861 = PCURVE('',#7862,#7867);
#7862 = CYLINDRICAL_SURFACE('',#7863,8.E-02);
#7863 = AXIS2_PLACEMENT_3D('',#7864,#7865,#7866);
#7864 = CARTESIAN_POINT('',(0.435,-2.42,0.12));
#7865 = DIRECTION('',(1.,0.,-0.));
#7866 = DIRECTION('',(0.,0.,1.));
#7867 = DEFINITIONAL_REPRESENTATION('',(#7868),#7872);
#7868 = LINE('',#7869,#7870);
#7869 = CARTESIAN_POINT('',(0.,0.));
#7870 = VECTOR('',#7871,1.);
#7871 = DIRECTION('',(0.,1.));
#7872 = ( GEOMETRIC_REPRESENTATION_CONTEXT(2) 
PARAMETRIC_REPRESENTATION_CONTEXT() REPRESENTATION_CONTEXT('2D SPACE',''
  ) );
#7873 = ORIENTED_EDGE('',*,*,#7874,.T.);
#7874 = EDGE_CURVE('',#7847,#7875,#7877,.T.);
#7875 = VERTEX_POINT('',#7876);
#7876 = CARTESIAN_POINT('',(0.835,-1.45,0.2));
#7877 = SURFACE_CURVE('',#7878,(#7882,#7889),.PCURVE_S1.);
#7878 = LINE('',#7879,#7880);
#7879 = CARTESIAN_POINT('',(0.835,-2.5,0.2));
#7880 = VECTOR('',#7881,1.);
#7881 = DIRECTION('',(-0.,1.,0.));
#7882 = PCURVE('',#7822,#7883);
#7883 = DEFINITIONAL_REPRESENTATION('',(#7884),#7888);
#7884 = LINE('',#7885,#7886);
#7885 = CARTESIAN_POINT('',(0.4,0.));
#7886 = VECTOR('',#7887,1.);
#7887 = DIRECTION('',(0.,1.));
#7888 = ( GEOMETRIC_REPRESENTATION_CONTEXT(2) 
PARAMETRIC_REPRESENTATION_CONTEXT() REPRESENTATION_CONTEXT('2D SPACE',''
  ) );
#7889 = PCURVE('',#7890,#7895);
#7890 = PLANE('',#7891);
#7891 = AXIS2_PLACEMENT_3D('',#7892,#7893,#7894);
#7892 = CARTESIAN_POINT('',(0.835,-1.730625,0.230625));
#7893 = DIRECTION('',(1.,0.,0.));
#7894 = DIRECTION('',(-0.,0.,1.));
#7895 = DEFINITIONAL_REPRESENTATION('',(#7896),#7900);
#7896 = LINE('',#7897,#7898);
#7897 = CARTESIAN_POINT('',(-3.0625E-02,0.769375));
#7898 = VECTOR('',#7899,1.);
#7899 = DIRECTION('',(0.,-1.));
#7900 = ( GEOMETRIC_REPRESENTATION_CONTEXT(2) 
PARAMETRIC_REPRESENTATION_CONTEXT() REPRESENTATION_CONTEXT('2D SPACE',''
  ) );
#7901 = ORIENTED_EDGE('',*,*,#7902,.T.);
#7902 = EDGE_CURVE('',#7875,#7814,#7903,.T.);
#7903 = SURFACE_CURVE('',#7904,(#7908,#7914),.PCURVE_S1.);
#7904 = LINE('',#7905,#7906);
#7905 = CARTESIAN_POINT('',(0.435,-1.45,0.2));
#7906 = VECTOR('',#7907,1.);
#7907 = DIRECTION('',(-1.,-0.,0.));
#7908 = PCURVE('',#7822,#7909);
#7909 = DEFINITIONAL_REPRESENTATION('',(#7910),#7913);
#7910 = B_SPLINE_CURVE_WITH_KNOTS('',1,(#7911,#7912),.UNSPECIFIED.,.F.,
  .F.,(2,2),(-0.4,0.),.PIECEWISE_BEZIER_KNOTS.);
#7911 = CARTESIAN_POINT('',(0.4,1.05));
#7912 = CARTESIAN_POINT('',(0.,1.05));
#7913 = ( GEOMETRIC_REPRESENTATION_CONTEXT(2) 
PARAMETRIC_REPRESENTATION_CONTEXT() REPRESENTATION_CONTEXT('2D SPACE',''
  ) );
#7914 = PCURVE('',#7915,#7920);
#7915 = PLANE('',#7916);
#7916 = AXIS2_PLACEMENT_3D('',#7917,#7918,#7919);
#7917 = CARTESIAN_POINT('',(0.435,-1.45,0.));
#7918 = DIRECTION('',(-0.,1.,0.));
#7919 = DIRECTION('',(0.,0.,1.));
#7920 = DEFINITIONAL_REPRESENTATION('',(#7921),#7924);
#7921 = B_SPLINE_CURVE_WITH_KNOTS('',1,(#7922,#7923),.UNSPECIFIED.,.F.,
  .F.,(2,2),(-0.4,0.),.PIECEWISE_BEZIER_KNOTS.);
#7922 = CARTESIAN_POINT('',(0.2,0.4));
#7923 = CARTESIAN_POINT('',(0.2,0.));
#7924 = ( GEOMETRIC_REPRESENTATION_CONTEXT(2) 
PARAMETRIC_REPRESENTATION_CONTEXT() REPRESENTATION_CONTEXT('2D SPACE',''
  ) );
#7925 = ADVANCED_FACE('',(#7926),#7834,.T.);
#7926 = FACE_BOUND('',#7927,.T.);
#7927 = EDGE_LOOP('',(#7928,#7929,#7952,#7980,#8008,#8036));
#7928 = ORIENTED_EDGE('',*,*,#7811,.T.);
#7929 = ORIENTED_EDGE('',*,*,#7930,.T.);
#7930 = EDGE_CURVE('',#7814,#7931,#7933,.T.);
#7931 = VERTEX_POINT('',#7932);
#7932 = CARTESIAN_POINT('',(0.435,-1.45,0.75));
#7933 = SURFACE_CURVE('',#7934,(#7938,#7945),.PCURVE_S1.);
#7934 = LINE('',#7935,#7936);
#7935 = CARTESIAN_POINT('',(0.435,-1.45,0.));
#7936 = VECTOR('',#7937,1.);
#7937 = DIRECTION('',(0.,0.,1.));
#7938 = PCURVE('',#7834,#7939);
#7939 = DEFINITIONAL_REPRESENTATION('',(#7940),#7944);
#7940 = LINE('',#7941,#7942);
#7941 = CARTESIAN_POINT('',(0.230625,-0.280625));
#7942 = VECTOR('',#7943,1.);
#7943 = DIRECTION('',(-1.,0.));
#7944 = ( GEOMETRIC_REPRESENTATION_CONTEXT(2) 
PARAMETRIC_REPRESENTATION_CONTEXT() REPRESENTATION_CONTEXT('2D SPACE',''
  ) );
#7945 = PCURVE('',#7915,#7946);
#7946 = DEFINITIONAL_REPRESENTATION('',(#7947),#7951);
#7947 = LINE('',#7948,#7949);
#7948 = CARTESIAN_POINT('',(0.,0.));
#7949 = VECTOR('',#7950,1.);
#7950 = DIRECTION('',(1.,0.));
#7951 = ( GEOMETRIC_REPRESENTATION_CONTEXT(2) 
PARAMETRIC_REPRESENTATION_CONTEXT() REPRESENTATION_CONTEXT('2D SPACE',''
  ) );
#7952 = ORIENTED_EDGE('',*,*,#7953,.T.);
#7953 = EDGE_CURVE('',#7931,#7954,#7956,.T.);
#7954 = VERTEX_POINT('',#7955);
#7955 = CARTESIAN_POINT('',(0.435,-1.25,0.75));
#7956 = SURFACE_CURVE('',#7957,(#7961,#7968),.PCURVE_S1.);
#7957 = LINE('',#7958,#7959);
#7958 = CARTESIAN_POINT('',(0.435,-1.45,0.75));
#7959 = VECTOR('',#7960,1.);
#7960 = DIRECTION('',(-0.,1.,0.));
#7961 = PCURVE('',#7834,#7962);
#7962 = DEFINITIONAL_REPRESENTATION('',(#7963),#7967);
#7963 = LINE('',#7964,#7965);
#7964 = CARTESIAN_POINT('',(-0.519375,-0.280625));
#7965 = VECTOR('',#7966,1.);
#7966 = DIRECTION('',(0.,-1.));
#7967 = ( GEOMETRIC_REPRESENTATION_CONTEXT(2) 
PARAMETRIC_REPRESENTATION_CONTEXT() REPRESENTATION_CONTEXT('2D SPACE',''
  ) );
#7968 = PCURVE('',#7969,#7974);
#7969 = PLANE('',#7970);
#7970 = AXIS2_PLACEMENT_3D('',#7971,#7972,#7973);
#7971 = CARTESIAN_POINT('',(0.435,-1.45,0.75));
#7972 = DIRECTION('',(0.,0.,1.));
#7973 = DIRECTION('',(1.,0.,-0.));
#7974 = DEFINITIONAL_REPRESENTATION('',(#7975),#7979);
#7975 = LINE('',#7976,#7977);
#7976 = CARTESIAN_POINT('',(0.,0.));
#7977 = VECTOR('',#7978,1.);
#7978 = DIRECTION('',(0.,1.));
#7979 = ( GEOMETRIC_REPRESENTATION_CONTEXT(2) 
PARAMETRIC_REPRESENTATION_CONTEXT() REPRESENTATION_CONTEXT('2D SPACE',''
  ) );
#7980 = ORIENTED_EDGE('',*,*,#7981,.F.);
#7981 = EDGE_CURVE('',#7982,#7954,#7984,.T.);
#7982 = VERTEX_POINT('',#7983);
#7983 = CARTESIAN_POINT('',(0.435,-1.25,0.));
#7984 = SURFACE_CURVE('',#7985,(#7989,#7996),.PCURVE_S1.);
#7985 = LINE('',#7986,#7987);
#7986 = CARTESIAN_POINT('',(0.435,-1.25,0.));
#7987 = VECTOR('',#7988,1.);
#7988 = DIRECTION('',(0.,0.,1.));
#7989 = PCURVE('',#7834,#7990);
#7990 = DEFINITIONAL_REPRESENTATION('',(#7991),#7995);
#7991 = LINE('',#7992,#7993);
#7992 = CARTESIAN_POINT('',(0.230625,-0.480625));
#7993 = VECTOR('',#7994,1.);
#7994 = DIRECTION('',(-1.,0.));
#7995 = ( GEOMETRIC_REPRESENTATION_CONTEXT(2) 
PARAMETRIC_REPRESENTATION_CONTEXT() REPRESENTATION_CONTEXT('2D SPACE',''
  ) );
#7996 = PCURVE('',#7997,#8002);
#7997 = PLANE('',#7998);
#7998 = AXIS2_PLACEMENT_3D('',#7999,#8000,#8001);
#7999 = CARTESIAN_POINT('',(0.635,-1.25,0.375));
#8000 = DIRECTION('',(0.,1.,0.));
#8001 = DIRECTION('',(0.,-0.,1.));
#8002 = DEFINITIONAL_REPRESENTATION('',(#8003),#8007);
#8003 = LINE('',#8004,#8005);
#8004 = CARTESIAN_POINT('',(-0.375,-0.2));
#8005 = VECTOR('',#8006,1.);
#8006 = DIRECTION('',(1.,0.));
#8007 = ( GEOMETRIC_REPRESENTATION_CONTEXT(2) 
PARAMETRIC_REPRESENTATION_CONTEXT() REPRESENTATION_CONTEXT('2D SPACE',''
  ) );
#8008 = ORIENTED_EDGE('',*,*,#8009,.F.);
#8009 = EDGE_CURVE('',#8010,#7982,#8012,.T.);
#8010 = VERTEX_POINT('',#8011);
#8011 = CARTESIAN_POINT('',(0.435,-2.42,0.));
#8012 = SURFACE_CURVE('',#8013,(#8017,#8024),.PCURVE_S1.);
#8013 = LINE('',#8014,#8015);
#8014 = CARTESIAN_POINT('',(0.435,-2.5,0.));
#8015 = VECTOR('',#8016,1.);
#8016 = DIRECTION('',(-0.,1.,0.));
#8017 = PCURVE('',#7834,#8018);
#8018 = DEFINITIONAL_REPRESENTATION('',(#8019),#8023);
#8019 = LINE('',#8020,#8021);
#8020 = CARTESIAN_POINT('',(0.230625,0.769375));
#8021 = VECTOR('',#8022,1.);
#8022 = DIRECTION('',(0.,-1.));
#8023 = ( GEOMETRIC_REPRESENTATION_CONTEXT(2) 
PARAMETRIC_REPRESENTATION_CONTEXT() REPRESENTATION_CONTEXT('2D SPACE',''
  ) );
#8024 = PCURVE('',#8025,#8030);
#8025 = PLANE('',#8026);
#8026 = AXIS2_PLACEMENT_3D('',#8027,#8028,#8029);
#8027 = CARTESIAN_POINT('',(0.435,-2.5,0.));
#8028 = DIRECTION('',(0.,0.,1.));
#8029 = DIRECTION('',(1.,0.,-0.));
#8030 = DEFINITIONAL_REPRESENTATION('',(#8031),#8035);
#8031 = LINE('',#8032,#8033);
#8032 = CARTESIAN_POINT('',(0.,0.));
#8033 = VECTOR('',#8034,1.);
#8034 = DIRECTION('',(0.,1.));
#8035 = ( GEOMETRIC_REPRESENTATION_CONTEXT(2) 
PARAMETRIC_REPRESENTATION_CONTEXT() REPRESENTATION_CONTEXT('2D SPACE',''
  ) );
#8036 = ORIENTED_EDGE('',*,*,#8037,.T.);
#8037 = EDGE_CURVE('',#8010,#7812,#8038,.T.);
#8038 = SURFACE_CURVE('',#8039,(#8043,#8050),.PCURVE_S1.);
#8039 = LINE('',#8040,#8041);
#8040 = CARTESIAN_POINT('',(0.435,-2.42,0.));
#8041 = VECTOR('',#8042,1.);
#8042 = DIRECTION('',(0.,0.,1.));
#8043 = PCURVE('',#7834,#8044);
#8044 = DEFINITIONAL_REPRESENTATION('',(#8045),#8049);
#8045 = LINE('',#8046,#8047);
#8046 = CARTESIAN_POINT('',(0.230625,0.689375));
#8047 = VECTOR('',#8048,1.);
#8048 = DIRECTION('',(-1.,0.));
#8049 = ( GEOMETRIC_REPRESENTATION_CONTEXT(2) 
PARAMETRIC_REPRESENTATION_CONTEXT() REPRESENTATION_CONTEXT('2D SPACE',''
  ) );
#8050 = PCURVE('',#8051,#8056);
#8051 = CYLINDRICAL_SURFACE('',#8052,8.E-02);
#8052 = AXIS2_PLACEMENT_3D('',#8053,#8054,#8055);
#8053 = CARTESIAN_POINT('',(0.515,-2.42,0.));
#8054 = DIRECTION('',(0.,0.,1.));
#8055 = DIRECTION('',(0.,-1.,0.));
#8056 = DEFINITIONAL_REPRESENTATION('',(#8057),#8061);
#8057 = LINE('',#8058,#8059);
#8058 = CARTESIAN_POINT('',(-1.570796326795,0.));
#8059 = VECTOR('',#8060,1.);
#8060 = DIRECTION('',(-0.,1.));
#8061 = ( GEOMETRIC_REPRESENTATION_CONTEXT(2) 
PARAMETRIC_REPRESENTATION_CONTEXT() REPRESENTATION_CONTEXT('2D SPACE',''
  ) );
#8062 = ADVANCED_FACE('',(#8063),#7862,.T.);
#8063 = FACE_BOUND('',#8064,.T.);
#8064 = EDGE_LOOP('',(#8065,#8095,#8123,#8157));
#8065 = ORIENTED_EDGE('',*,*,#8066,.T.);
#8066 = EDGE_CURVE('',#7812,#8067,#8069,.T.);
#8067 = VERTEX_POINT('',#8068);
#8068 = CARTESIAN_POINT('',(0.515,-2.5,0.12));
#8069 = SURFACE_CURVE('',#8070,(#8075,#8085),.PCURVE_S1.);
#8070 = ELLIPSE('',#8071,0.11313708499,8.E-02);
#8071 = AXIS2_PLACEMENT_3D('',#8072,#8073,#8074);
#8072 = CARTESIAN_POINT('',(0.515,-2.42,0.12));
#8073 = DIRECTION('',(0.707106781187,0.,0.707106781187));
#8074 = DIRECTION('',(0.707106781187,0.,-0.707106781187));
#8075 = PCURVE('',#7862,#8076);
#8076 = DEFINITIONAL_REPRESENTATION('',(#8077),#8084);
#8077 = B_SPLINE_CURVE_WITH_KNOTS('',5,(#8078,#8079,#8080,#8081,#8082,
    #8083),.UNSPECIFIED.,.F.,.F.,(6,6),(3.14159265359,4.712388980385),
  .PIECEWISE_BEZIER_KNOTS.);
#8078 = CARTESIAN_POINT('',(3.330669073875E-16,1.040834085586E-16));
#8079 = CARTESIAN_POINT('',(0.314159265359,5.836900153986E-17));
#8080 = CARTESIAN_POINT('',(0.628307393518,9.840342737675E-03));
#8081 = CARTESIAN_POINT('',(0.94247613495,2.971305034234E-02));
#8082 = CARTESIAN_POINT('',(1.256637061436,5.486725877128E-02));
#8083 = CARTESIAN_POINT('',(1.570796326795,8.E-02));
#8084 = ( GEOMETRIC_REPRESENTATION_CONTEXT(2) 
PARAMETRIC_REPRESENTATION_CONTEXT() REPRESENTATION_CONTEXT('2D SPACE',''
  ) );
#8085 = PCURVE('',#8051,#8086);
#8086 = DEFINITIONAL_REPRESENTATION('',(#8087),#8094);
#8087 = B_SPLINE_CURVE_WITH_KNOTS('',5,(#8088,#8089,#8090,#8091,#8092,
    #8093),.UNSPECIFIED.,.F.,.F.,(6,6),(3.14159265359,4.712388980385),
  .PIECEWISE_BEZIER_KNOTS.);
#8088 = CARTESIAN_POINT('',(-1.570796326795,0.2));
#8089 = CARTESIAN_POINT('',(-1.256637061436,0.2));
#8090 = CARTESIAN_POINT('',(-0.942488933277,0.190159657262));
#8091 = CARTESIAN_POINT('',(-0.628320191845,0.170286949658));
#8092 = CARTESIAN_POINT('',(-0.314159265359,0.145132741229));
#8093 = CARTESIAN_POINT('',(0.,0.12));
#8094 = ( GEOMETRIC_REPRESENTATION_CONTEXT(2) 
PARAMETRIC_REPRESENTATION_CONTEXT() REPRESENTATION_CONTEXT('2D SPACE',''
  ) );
#8095 = ORIENTED_EDGE('',*,*,#8096,.T.);
#8096 = EDGE_CURVE('',#8067,#8097,#8099,.T.);
#8097 = VERTEX_POINT('',#8098);
#8098 = CARTESIAN_POINT('',(0.755,-2.5,0.12));
#8099 = SURFACE_CURVE('',#8100,(#8104,#8111),.PCURVE_S1.);
#8100 = LINE('',#8101,#8102);
#8101 = CARTESIAN_POINT('',(0.435,-2.5,0.12));
#8102 = VECTOR('',#8103,1.);
#8103 = DIRECTION('',(1.,0.,-0.));
#8104 = PCURVE('',#7862,#8105);
#8105 = DEFINITIONAL_REPRESENTATION('',(#8106),#8110);
#8106 = LINE('',#8107,#8108);
#8107 = CARTESIAN_POINT('',(1.570796326795,0.));
#8108 = VECTOR('',#8109,1.);
#8109 = DIRECTION('',(0.,1.));
#8110 = ( GEOMETRIC_REPRESENTATION_CONTEXT(2) 
PARAMETRIC_REPRESENTATION_CONTEXT() REPRESENTATION_CONTEXT('2D SPACE',''
  ) );
#8111 = PCURVE('',#8112,#8117);
#8112 = PLANE('',#8113);
#8113 = AXIS2_PLACEMENT_3D('',#8114,#8115,#8116);
#8114 = CARTESIAN_POINT('',(0.435,-2.5,0.));
#8115 = DIRECTION('',(-0.,1.,0.));
#8116 = DIRECTION('',(0.,0.,1.));
#8117 = DEFINITIONAL_REPRESENTATION('',(#8118),#8122);
#8118 = LINE('',#8119,#8120);
#8119 = CARTESIAN_POINT('',(0.12,0.));
#8120 = VECTOR('',#8121,1.);
#8121 = DIRECTION('',(0.,1.));
#8122 = ( GEOMETRIC_REPRESENTATION_CONTEXT(2) 
PARAMETRIC_REPRESENTATION_CONTEXT() REPRESENTATION_CONTEXT('2D SPACE',''
  ) );
#8123 = ORIENTED_EDGE('',*,*,#8124,.F.);
#8124 = EDGE_CURVE('',#7847,#8097,#8125,.T.);
#8125 = SURFACE_CURVE('',#8126,(#8131,#8141),.PCURVE_S1.);
#8126 = ELLIPSE('',#8127,0.11313708499,8.E-02);
#8127 = AXIS2_PLACEMENT_3D('',#8128,#8129,#8130);
#8128 = CARTESIAN_POINT('',(0.755,-2.42,0.12));
#8129 = DIRECTION('',(0.707106781187,0.,-0.707106781187));
#8130 = DIRECTION('',(0.707106781187,0.,0.707106781187));
#8131 = PCURVE('',#7862,#8132);
#8132 = DEFINITIONAL_REPRESENTATION('',(#8133),#8140);
#8133 = B_SPLINE_CURVE_WITH_KNOTS('',5,(#8134,#8135,#8136,#8137,#8138,
    #8139),.UNSPECIFIED.,.F.,.F.,(6,6),(0.,1.570796326795),
  .PIECEWISE_BEZIER_KNOTS.);
#8134 = CARTESIAN_POINT('',(-1.110223024625E-16,0.4));
#8135 = CARTESIAN_POINT('',(0.314159265359,0.4));
#8136 = CARTESIAN_POINT('',(0.628307393518,0.390159657262));
#8137 = CARTESIAN_POINT('',(0.94247613495,0.370286949658));
#8138 = CARTESIAN_POINT('',(1.256637061436,0.345132741229));
#8139 = CARTESIAN_POINT('',(1.570796326795,0.32));
#8140 = ( GEOMETRIC_REPRESENTATION_CONTEXT(2) 
PARAMETRIC_REPRESENTATION_CONTEXT() REPRESENTATION_CONTEXT('2D SPACE',''
  ) );
#8141 = PCURVE('',#8142,#8147);
#8142 = CYLINDRICAL_SURFACE('',#8143,8.E-02);
#8143 = AXIS2_PLACEMENT_3D('',#8144,#8145,#8146);
#8144 = CARTESIAN_POINT('',(0.755,-2.42,0.));
#8145 = DIRECTION('',(0.,0.,1.));
#8146 = DIRECTION('',(0.,-1.,0.));
#8147 = DEFINITIONAL_REPRESENTATION('',(#8148),#8156);
#8148 = B_SPLINE_CURVE_WITH_KNOTS('',6,(#8149,#8150,#8151,#8152,#8153,
    #8154,#8155),.UNSPECIFIED.,.F.,.F.,(7,7),(0.,1.570796326795),
  .PIECEWISE_BEZIER_KNOTS.);
#8149 = CARTESIAN_POINT('',(1.570796326795,0.2));
#8150 = CARTESIAN_POINT('',(1.308996938996,0.2));
#8151 = CARTESIAN_POINT('',(1.047198265554,0.193421690273));
#8152 = CARTESIAN_POINT('',(0.785398087459,0.180255154837));
#8153 = CARTESIAN_POINT('',(0.523598069222,0.161886263045));
#8154 = CARTESIAN_POINT('',(0.261799387799,0.140943951024));
#8155 = CARTESIAN_POINT('',(1.110223024625E-16,0.12));
#8156 = ( GEOMETRIC_REPRESENTATION_CONTEXT(2) 
PARAMETRIC_REPRESENTATION_CONTEXT() REPRESENTATION_CONTEXT('2D SPACE',''
  ) );
#8157 = ORIENTED_EDGE('',*,*,#7846,.F.);
#8158 = ADVANCED_FACE('',(#8159),#7915,.F.);
#8159 = FACE_BOUND('',#8160,.F.);
#8160 = EDGE_LOOP('',(#8161,#8162,#8163,#8186));
#8161 = ORIENTED_EDGE('',*,*,#7902,.T.);
#8162 = ORIENTED_EDGE('',*,*,#7930,.T.);
#8163 = ORIENTED_EDGE('',*,*,#8164,.T.);
#8164 = EDGE_CURVE('',#7931,#8165,#8167,.T.);
#8165 = VERTEX_POINT('',#8166);
#8166 = CARTESIAN_POINT('',(0.835,-1.45,0.75));
#8167 = SURFACE_CURVE('',#8168,(#8172,#8179),.PCURVE_S1.);
#8168 = LINE('',#8169,#8170);
#8169 = CARTESIAN_POINT('',(0.435,-1.45,0.75));
#8170 = VECTOR('',#8171,1.);
#8171 = DIRECTION('',(1.,0.,-0.));
#8172 = PCURVE('',#7915,#8173);
#8173 = DEFINITIONAL_REPRESENTATION('',(#8174),#8178);
#8174 = LINE('',#8175,#8176);
#8175 = CARTESIAN_POINT('',(0.75,0.));
#8176 = VECTOR('',#8177,1.);
#8177 = DIRECTION('',(0.,1.));
#8178 = ( GEOMETRIC_REPRESENTATION_CONTEXT(2) 
PARAMETRIC_REPRESENTATION_CONTEXT() REPRESENTATION_CONTEXT('2D SPACE',''
  ) );
#8179 = PCURVE('',#7969,#8180);
#8180 = DEFINITIONAL_REPRESENTATION('',(#8181),#8185);
#8181 = LINE('',#8182,#8183);
#8182 = CARTESIAN_POINT('',(0.,0.));
#8183 = VECTOR('',#8184,1.);
#8184 = DIRECTION('',(1.,0.));
#8185 = ( GEOMETRIC_REPRESENTATION_CONTEXT(2) 
PARAMETRIC_REPRESENTATION_CONTEXT() REPRESENTATION_CONTEXT('2D SPACE',''
  ) );
#8186 = ORIENTED_EDGE('',*,*,#8187,.F.);
#8187 = EDGE_CURVE('',#7875,#8165,#8188,.T.);
#8188 = SURFACE_CURVE('',#8189,(#8193,#8200),.PCURVE_S1.);
#8189 = LINE('',#8190,#8191);
#8190 = CARTESIAN_POINT('',(0.835,-1.45,0.));
#8191 = VECTOR('',#8192,1.);
#8192 = DIRECTION('',(0.,0.,1.));
#8193 = PCURVE('',#7915,#8194);
#8194 = DEFINITIONAL_REPRESENTATION('',(#8195),#8199);
#8195 = LINE('',#8196,#8197);
#8196 = CARTESIAN_POINT('',(0.,0.4));
#8197 = VECTOR('',#8198,1.);
#8198 = DIRECTION('',(1.,0.));
#8199 = ( GEOMETRIC_REPRESENTATION_CONTEXT(2) 
PARAMETRIC_REPRESENTATION_CONTEXT() REPRESENTATION_CONTEXT('2D SPACE',''
  ) );
#8200 = PCURVE('',#7890,#8201);
#8201 = DEFINITIONAL_REPRESENTATION('',(#8202),#8206);
#8202 = LINE('',#8203,#8204);
#8203 = CARTESIAN_POINT('',(-0.230625,-0.280625));
#8204 = VECTOR('',#8205,1.);
#8205 = DIRECTION('',(1.,0.));
#8206 = ( GEOMETRIC_REPRESENTATION_CONTEXT(2) 
PARAMETRIC_REPRESENTATION_CONTEXT() REPRESENTATION_CONTEXT('2D SPACE',''
  ) );
#8207 = ADVANCED_FACE('',(#8208),#7890,.T.);
#8208 = FACE_BOUND('',#8209,.T.);
#8209 = EDGE_LOOP('',(#8210,#8211,#8234,#8257,#8280,#8301));
#8210 = ORIENTED_EDGE('',*,*,#7874,.F.);
#8211 = ORIENTED_EDGE('',*,*,#8212,.F.);
#8212 = EDGE_CURVE('',#8213,#7847,#8215,.T.);
#8213 = VERTEX_POINT('',#8214);
#8214 = CARTESIAN_POINT('',(0.835,-2.42,0.));
#8215 = SURFACE_CURVE('',#8216,(#8220,#8227),.PCURVE_S1.);
#8216 = LINE('',#8217,#8218);
#8217 = CARTESIAN_POINT('',(0.835,-2.42,0.));
#8218 = VECTOR('',#8219,1.);
#8219 = DIRECTION('',(0.,0.,1.));
#8220 = PCURVE('',#7890,#8221);
#8221 = DEFINITIONAL_REPRESENTATION('',(#8222),#8226);
#8222 = LINE('',#8223,#8224);
#8223 = CARTESIAN_POINT('',(-0.230625,0.689375));
#8224 = VECTOR('',#8225,1.);
#8225 = DIRECTION('',(1.,0.));
#8226 = ( GEOMETRIC_REPRESENTATION_CONTEXT(2) 
PARAMETRIC_REPRESENTATION_CONTEXT() REPRESENTATION_CONTEXT('2D SPACE',''
  ) );
#8227 = PCURVE('',#8142,#8228);
#8228 = DEFINITIONAL_REPRESENTATION('',(#8229),#8233);
#8229 = LINE('',#8230,#8231);
#8230 = CARTESIAN_POINT('',(1.570796326795,0.));
#8231 = VECTOR('',#8232,1.);
#8232 = DIRECTION('',(0.,1.));
#8233 = ( GEOMETRIC_REPRESENTATION_CONTEXT(2) 
PARAMETRIC_REPRESENTATION_CONTEXT() REPRESENTATION_CONTEXT('2D SPACE',''
  ) );
#8234 = ORIENTED_EDGE('',*,*,#8235,.T.);
#8235 = EDGE_CURVE('',#8213,#8236,#8238,.T.);
#8236 = VERTEX_POINT('',#8237);
#8237 = CARTESIAN_POINT('',(0.835,-1.25,0.));
#8238 = SURFACE_CURVE('',#8239,(#8243,#8250),.PCURVE_S1.);
#8239 = LINE('',#8240,#8241);
#8240 = CARTESIAN_POINT('',(0.835,-2.5,0.));
#8241 = VECTOR('',#8242,1.);
#8242 = DIRECTION('',(-0.,1.,0.));
#8243 = PCURVE('',#7890,#8244);
#8244 = DEFINITIONAL_REPRESENTATION('',(#8245),#8249);
#8245 = LINE('',#8246,#8247);
#8246 = CARTESIAN_POINT('',(-0.230625,0.769375));
#8247 = VECTOR('',#8248,1.);
#8248 = DIRECTION('',(0.,-1.));
#8249 = ( GEOMETRIC_REPRESENTATION_CONTEXT(2) 
PARAMETRIC_REPRESENTATION_CONTEXT() REPRESENTATION_CONTEXT('2D SPACE',''
  ) );
#8250 = PCURVE('',#8025,#8251);
#8251 = DEFINITIONAL_REPRESENTATION('',(#8252),#8256);
#8252 = LINE('',#8253,#8254);
#8253 = CARTESIAN_POINT('',(0.4,0.));
#8254 = VECTOR('',#8255,1.);
#8255 = DIRECTION('',(0.,1.));
#8256 = ( GEOMETRIC_REPRESENTATION_CONTEXT(2) 
PARAMETRIC_REPRESENTATION_CONTEXT() REPRESENTATION_CONTEXT('2D SPACE',''
  ) );
#8257 = ORIENTED_EDGE('',*,*,#8258,.T.);
#8258 = EDGE_CURVE('',#8236,#8259,#8261,.T.);
#8259 = VERTEX_POINT('',#8260);
#8260 = CARTESIAN_POINT('',(0.835,-1.25,0.75));
#8261 = SURFACE_CURVE('',#8262,(#8266,#8273),.PCURVE_S1.);
#8262 = LINE('',#8263,#8264);
#8263 = CARTESIAN_POINT('',(0.835,-1.25,0.));
#8264 = VECTOR('',#8265,1.);
#8265 = DIRECTION('',(0.,0.,1.));
#8266 = PCURVE('',#7890,#8267);
#8267 = DEFINITIONAL_REPRESENTATION('',(#8268),#8272);
#8268 = LINE('',#8269,#8270);
#8269 = CARTESIAN_POINT('',(-0.230625,-0.480625));
#8270 = VECTOR('',#8271,1.);
#8271 = DIRECTION('',(1.,0.));
#8272 = ( GEOMETRIC_REPRESENTATION_CONTEXT(2) 
PARAMETRIC_REPRESENTATION_CONTEXT() REPRESENTATION_CONTEXT('2D SPACE',''
  ) );
#8273 = PCURVE('',#7997,#8274);
#8274 = DEFINITIONAL_REPRESENTATION('',(#8275),#8279);
#8275 = LINE('',#8276,#8277);
#8276 = CARTESIAN_POINT('',(-0.375,0.2));
#8277 = VECTOR('',#8278,1.);
#8278 = DIRECTION('',(1.,0.));
#8279 = ( GEOMETRIC_REPRESENTATION_CONTEXT(2) 
PARAMETRIC_REPRESENTATION_CONTEXT() REPRESENTATION_CONTEXT('2D SPACE',''
  ) );
#8280 = ORIENTED_EDGE('',*,*,#8281,.F.);
#8281 = EDGE_CURVE('',#8165,#8259,#8282,.T.);
#8282 = SURFACE_CURVE('',#8283,(#8287,#8294),.PCURVE_S1.);
#8283 = LINE('',#8284,#8285);
#8284 = CARTESIAN_POINT('',(0.835,-1.45,0.75));
#8285 = VECTOR('',#8286,1.);
#8286 = DIRECTION('',(-0.,1.,0.));
#8287 = PCURVE('',#7890,#8288);
#8288 = DEFINITIONAL_REPRESENTATION('',(#8289),#8293);
#8289 = LINE('',#8290,#8291);
#8290 = CARTESIAN_POINT('',(0.519375,-0.280625));
#8291 = VECTOR('',#8292,1.);
#8292 = DIRECTION('',(0.,-1.));
#8293 = ( GEOMETRIC_REPRESENTATION_CONTEXT(2) 
PARAMETRIC_REPRESENTATION_CONTEXT() REPRESENTATION_CONTEXT('2D SPACE',''
  ) );
#8294 = PCURVE('',#7969,#8295);
#8295 = DEFINITIONAL_REPRESENTATION('',(#8296),#8300);
#8296 = LINE('',#8297,#8298);
#8297 = CARTESIAN_POINT('',(0.4,0.));
#8298 = VECTOR('',#8299,1.);
#8299 = DIRECTION('',(0.,1.));
#8300 = ( GEOMETRIC_REPRESENTATION_CONTEXT(2) 
PARAMETRIC_REPRESENTATION_CONTEXT() REPRESENTATION_CONTEXT('2D SPACE',''
  ) );
#8301 = ORIENTED_EDGE('',*,*,#8187,.F.);
#8302 = ADVANCED_FACE('',(#8303),#8051,.T.);
#8303 = FACE_BOUND('',#8304,.F.);
#8304 = EDGE_LOOP('',(#8305,#8333,#8334,#8335));
#8305 = ORIENTED_EDGE('',*,*,#8306,.T.);
#8306 = EDGE_CURVE('',#8307,#8010,#8309,.T.);
#8307 = VERTEX_POINT('',#8308);
#8308 = CARTESIAN_POINT('',(0.515,-2.5,0.));
#8309 = SURFACE_CURVE('',#8310,(#8315,#8322),.PCURVE_S1.);
#8310 = CIRCLE('',#8311,8.E-02);
#8311 = AXIS2_PLACEMENT_3D('',#8312,#8313,#8314);
#8312 = CARTESIAN_POINT('',(0.515,-2.42,0.));
#8313 = DIRECTION('',(-0.,-0.,-1.));
#8314 = DIRECTION('',(0.,-1.,0.));
#8315 = PCURVE('',#8051,#8316);
#8316 = DEFINITIONAL_REPRESENTATION('',(#8317),#8321);
#8317 = LINE('',#8318,#8319);
#8318 = CARTESIAN_POINT('',(-0.,0.));
#8319 = VECTOR('',#8320,1.);
#8320 = DIRECTION('',(-1.,0.));
#8321 = ( GEOMETRIC_REPRESENTATION_CONTEXT(2) 
PARAMETRIC_REPRESENTATION_CONTEXT() REPRESENTATION_CONTEXT('2D SPACE',''
  ) );
#8322 = PCURVE('',#8025,#8323);
#8323 = DEFINITIONAL_REPRESENTATION('',(#8324),#8332);
#8324 = ( BOUNDED_CURVE() B_SPLINE_CURVE(2,(#8325,#8326,#8327,#8328,
#8329,#8330,#8331),.UNSPECIFIED.,.T.,.F.) B_SPLINE_CURVE_WITH_KNOTS((1,2
    ,2,2,2,1),(-2.094395102393,0.,2.094395102393,4.188790204786,
6.28318530718,8.377580409573),.UNSPECIFIED.) CURVE() 
GEOMETRIC_REPRESENTATION_ITEM() RATIONAL_B_SPLINE_CURVE((1.,0.5,1.,0.5,
1.,0.5,1.)) REPRESENTATION_ITEM('') );
#8325 = CARTESIAN_POINT('',(8.E-02,6.938893903907E-17));
#8326 = CARTESIAN_POINT('',(-5.856406460551E-02,6.938893903907E-17));
#8327 = CARTESIAN_POINT('',(1.071796769725E-02,0.12));
#8328 = CARTESIAN_POINT('',(8.E-02,0.24));
#8329 = CARTESIAN_POINT('',(0.149282032303,0.12));
#8330 = CARTESIAN_POINT('',(0.218564064606,1.942890293094E-16));
#8331 = CARTESIAN_POINT('',(8.E-02,6.938893903907E-17));
#8332 = ( GEOMETRIC_REPRESENTATION_CONTEXT(2) 
PARAMETRIC_REPRESENTATION_CONTEXT() REPRESENTATION_CONTEXT('2D SPACE',''
  ) );
#8333 = ORIENTED_EDGE('',*,*,#8037,.T.);
#8334 = ORIENTED_EDGE('',*,*,#8066,.T.);
#8335 = ORIENTED_EDGE('',*,*,#8336,.F.);
#8336 = EDGE_CURVE('',#8307,#8067,#8337,.T.);
#8337 = SURFACE_CURVE('',#8338,(#8342,#8349),.PCURVE_S1.);
#8338 = LINE('',#8339,#8340);
#8339 = CARTESIAN_POINT('',(0.515,-2.5,0.));
#8340 = VECTOR('',#8341,1.);
#8341 = DIRECTION('',(0.,0.,1.));
#8342 = PCURVE('',#8051,#8343);
#8343 = DEFINITIONAL_REPRESENTATION('',(#8344),#8348);
#8344 = LINE('',#8345,#8346);
#8345 = CARTESIAN_POINT('',(-0.,0.));
#8346 = VECTOR('',#8347,1.);
#8347 = DIRECTION('',(-0.,1.));
#8348 = ( GEOMETRIC_REPRESENTATION_CONTEXT(2) 
PARAMETRIC_REPRESENTATION_CONTEXT() REPRESENTATION_CONTEXT('2D SPACE',''
  ) );
#8349 = PCURVE('',#8112,#8350);
#8350 = DEFINITIONAL_REPRESENTATION('',(#8351),#8355);
#8351 = LINE('',#8352,#8353);
#8352 = CARTESIAN_POINT('',(0.,8.E-02));
#8353 = VECTOR('',#8354,1.);
#8354 = DIRECTION('',(1.,0.));
#8355 = ( GEOMETRIC_REPRESENTATION_CONTEXT(2) 
PARAMETRIC_REPRESENTATION_CONTEXT() REPRESENTATION_CONTEXT('2D SPACE',''
  ) );
#8356 = ADVANCED_FACE('',(#8357),#8025,.F.);
#8357 = FACE_BOUND('',#8358,.F.);
#8358 = EDGE_LOOP('',(#8359,#8360,#8361,#8384,#8406,#8407));
#8359 = ORIENTED_EDGE('',*,*,#8009,.F.);
#8360 = ORIENTED_EDGE('',*,*,#8306,.F.);
#8361 = ORIENTED_EDGE('',*,*,#8362,.T.);
#8362 = EDGE_CURVE('',#8307,#8363,#8365,.T.);
#8363 = VERTEX_POINT('',#8364);
#8364 = CARTESIAN_POINT('',(0.755,-2.5,0.));
#8365 = SURFACE_CURVE('',#8366,(#8370,#8377),.PCURVE_S1.);
#8366 = LINE('',#8367,#8368);
#8367 = CARTESIAN_POINT('',(0.435,-2.5,0.));
#8368 = VECTOR('',#8369,1.);
#8369 = DIRECTION('',(1.,0.,-0.));
#8370 = PCURVE('',#8025,#8371);
#8371 = DEFINITIONAL_REPRESENTATION('',(#8372),#8376);
#8372 = LINE('',#8373,#8374);
#8373 = CARTESIAN_POINT('',(0.,0.));
#8374 = VECTOR('',#8375,1.);
#8375 = DIRECTION('',(1.,0.));
#8376 = ( GEOMETRIC_REPRESENTATION_CONTEXT(2) 
PARAMETRIC_REPRESENTATION_CONTEXT() REPRESENTATION_CONTEXT('2D SPACE',''
  ) );
#8377 = PCURVE('',#8112,#8378);
#8378 = DEFINITIONAL_REPRESENTATION('',(#8379),#8383);
#8379 = LINE('',#8380,#8381);
#8380 = CARTESIAN_POINT('',(0.,0.));
#8381 = VECTOR('',#8382,1.);
#8382 = DIRECTION('',(0.,1.));
#8383 = ( GEOMETRIC_REPRESENTATION_CONTEXT(2) 
PARAMETRIC_REPRESENTATION_CONTEXT() REPRESENTATION_CONTEXT('2D SPACE',''
  ) );
#8384 = ORIENTED_EDGE('',*,*,#8385,.T.);
#8385 = EDGE_CURVE('',#8363,#8213,#8386,.T.);
#8386 = SURFACE_CURVE('',#8387,(#8392,#8399),.PCURVE_S1.);
#8387 = CIRCLE('',#8388,8.E-02);
#8388 = AXIS2_PLACEMENT_3D('',#8389,#8390,#8391);
#8389 = CARTESIAN_POINT('',(0.755,-2.42,0.));
#8390 = DIRECTION('',(0.,0.,1.));
#8391 = DIRECTION('',(0.,-1.,0.));
#8392 = PCURVE('',#8025,#8393);
#8393 = DEFINITIONAL_REPRESENTATION('',(#8394),#8398);
#8394 = CIRCLE('',#8395,8.E-02);
#8395 = AXIS2_PLACEMENT_2D('',#8396,#8397);
#8396 = CARTESIAN_POINT('',(0.32,8.E-02));
#8397 = DIRECTION('',(0.,-1.));
#8398 = ( GEOMETRIC_REPRESENTATION_CONTEXT(2) 
PARAMETRIC_REPRESENTATION_CONTEXT() REPRESENTATION_CONTEXT('2D SPACE',''
  ) );
#8399 = PCURVE('',#8142,#8400);
#8400 = DEFINITIONAL_REPRESENTATION('',(#8401),#8405);
#8401 = LINE('',#8402,#8403);
#8402 = CARTESIAN_POINT('',(0.,0.));
#8403 = VECTOR('',#8404,1.);
#8404 = DIRECTION('',(1.,0.));
#8405 = ( GEOMETRIC_REPRESENTATION_CONTEXT(2) 
PARAMETRIC_REPRESENTATION_CONTEXT() REPRESENTATION_CONTEXT('2D SPACE',''
  ) );
#8406 = ORIENTED_EDGE('',*,*,#8235,.T.);
#8407 = ORIENTED_EDGE('',*,*,#8408,.F.);
#8408 = EDGE_CURVE('',#7982,#8236,#8409,.T.);
#8409 = SURFACE_CURVE('',#8410,(#8414,#8421),.PCURVE_S1.);
#8410 = LINE('',#8411,#8412);
#8411 = CARTESIAN_POINT('',(0.435,-1.25,0.));
#8412 = VECTOR('',#8413,1.);
#8413 = DIRECTION('',(1.,0.,-0.));
#8414 = PCURVE('',#8025,#8415);
#8415 = DEFINITIONAL_REPRESENTATION('',(#8416),#8420);
#8416 = LINE('',#8417,#8418);
#8417 = CARTESIAN_POINT('',(0.,1.25));
#8418 = VECTOR('',#8419,1.);
#8419 = DIRECTION('',(1.,0.));
#8420 = ( GEOMETRIC_REPRESENTATION_CONTEXT(2) 
PARAMETRIC_REPRESENTATION_CONTEXT() REPRESENTATION_CONTEXT('2D SPACE',''
  ) );
#8421 = PCURVE('',#7997,#8422);
#8422 = DEFINITIONAL_REPRESENTATION('',(#8423),#8427);
#8423 = LINE('',#8424,#8425);
#8424 = CARTESIAN_POINT('',(-0.375,-0.2));
#8425 = VECTOR('',#8426,1.);
#8426 = DIRECTION('',(0.,1.));
#8427 = ( GEOMETRIC_REPRESENTATION_CONTEXT(2) 
PARAMETRIC_REPRESENTATION_CONTEXT() REPRESENTATION_CONTEXT('2D SPACE',''
  ) );
#8428 = ADVANCED_FACE('',(#8429),#7969,.T.);
#8429 = FACE_BOUND('',#8430,.T.);
#8430 = EDGE_LOOP('',(#8431,#8432,#8433,#8434));
#8431 = ORIENTED_EDGE('',*,*,#7953,.F.);
#8432 = ORIENTED_EDGE('',*,*,#8164,.T.);
#8433 = ORIENTED_EDGE('',*,*,#8281,.T.);
#8434 = ORIENTED_EDGE('',*,*,#8435,.F.);
#8435 = EDGE_CURVE('',#7954,#8259,#8436,.T.);
#8436 = SURFACE_CURVE('',#8437,(#8441,#8448),.PCURVE_S1.);
#8437 = LINE('',#8438,#8439);
#8438 = CARTESIAN_POINT('',(0.435,-1.25,0.75));
#8439 = VECTOR('',#8440,1.);
#8440 = DIRECTION('',(1.,0.,-0.));
#8441 = PCURVE('',#7969,#8442);
#8442 = DEFINITIONAL_REPRESENTATION('',(#8443),#8447);
#8443 = LINE('',#8444,#8445);
#8444 = CARTESIAN_POINT('',(0.,0.2));
#8445 = VECTOR('',#8446,1.);
#8446 = DIRECTION('',(1.,0.));
#8447 = ( GEOMETRIC_REPRESENTATION_CONTEXT(2) 
PARAMETRIC_REPRESENTATION_CONTEXT() REPRESENTATION_CONTEXT('2D SPACE',''
  ) );
#8448 = PCURVE('',#7997,#8449);
#8449 = DEFINITIONAL_REPRESENTATION('',(#8450),#8454);
#8450 = LINE('',#8451,#8452);
#8451 = CARTESIAN_POINT('',(0.375,-0.2));
#8452 = VECTOR('',#8453,1.);
#8453 = DIRECTION('',(0.,1.));
#8454 = ( GEOMETRIC_REPRESENTATION_CONTEXT(2) 
PARAMETRIC_REPRESENTATION_CONTEXT() REPRESENTATION_CONTEXT('2D SPACE',''
  ) );
#8455 = ADVANCED_FACE('',(#8456),#7997,.T.);
#8456 = FACE_BOUND('',#8457,.T.);
#8457 = EDGE_LOOP('',(#8458,#8459,#8460,#8461));
#8458 = ORIENTED_EDGE('',*,*,#8408,.F.);
#8459 = ORIENTED_EDGE('',*,*,#7981,.T.);
#8460 = ORIENTED_EDGE('',*,*,#8435,.T.);
#8461 = ORIENTED_EDGE('',*,*,#8258,.F.);
#8462 = ADVANCED_FACE('',(#8463),#8112,.F.);
#8463 = FACE_BOUND('',#8464,.F.);
#8464 = EDGE_LOOP('',(#8465,#8466,#8467,#8468));
#8465 = ORIENTED_EDGE('',*,*,#8362,.F.);
#8466 = ORIENTED_EDGE('',*,*,#8336,.T.);
#8467 = ORIENTED_EDGE('',*,*,#8096,.T.);
#8468 = ORIENTED_EDGE('',*,*,#8469,.F.);
#8469 = EDGE_CURVE('',#8363,#8097,#8470,.T.);
#8470 = SURFACE_CURVE('',#8471,(#8475,#8482),.PCURVE_S1.);
#8471 = LINE('',#8472,#8473);
#8472 = CARTESIAN_POINT('',(0.755,-2.5,0.));
#8473 = VECTOR('',#8474,1.);
#8474 = DIRECTION('',(0.,0.,1.));
#8475 = PCURVE('',#8112,#8476);
#8476 = DEFINITIONAL_REPRESENTATION('',(#8477),#8481);
#8477 = LINE('',#8478,#8479);
#8478 = CARTESIAN_POINT('',(0.,0.32));
#8479 = VECTOR('',#8480,1.);
#8480 = DIRECTION('',(1.,0.));
#8481 = ( GEOMETRIC_REPRESENTATION_CONTEXT(2) 
PARAMETRIC_REPRESENTATION_CONTEXT() REPRESENTATION_CONTEXT('2D SPACE',''
  ) );
#8482 = PCURVE('',#8142,#8483);
#8483 = DEFINITIONAL_REPRESENTATION('',(#8484),#8488);
#8484 = LINE('',#8485,#8486);
#8485 = CARTESIAN_POINT('',(0.,0.));
#8486 = VECTOR('',#8487,1.);
#8487 = DIRECTION('',(0.,1.));
#8488 = ( GEOMETRIC_REPRESENTATION_CONTEXT(2) 
PARAMETRIC_REPRESENTATION_CONTEXT() REPRESENTATION_CONTEXT('2D SPACE',''
  ) );
#8489 = ADVANCED_FACE('',(#8490),#8142,.T.);
#8490 = FACE_BOUND('',#8491,.T.);
#8491 = EDGE_LOOP('',(#8492,#8493,#8494,#8495));
#8492 = ORIENTED_EDGE('',*,*,#8385,.T.);
#8493 = ORIENTED_EDGE('',*,*,#8212,.T.);
#8494 = ORIENTED_EDGE('',*,*,#8124,.T.);
#8495 = ORIENTED_EDGE('',*,*,#8469,.F.);
#8496 = MANIFOLD_SOLID_BREP('',#8497);
#8497 = CLOSED_SHELL('',(#8498,#8616,#8753,#8849,#8898,#8993,#9043,#9119
    ,#9146,#9153,#9180));
#8498 = ADVANCED_FACE('',(#8499),#8513,.T.);
#8499 = FACE_BOUND('',#8500,.T.);
#8500 = EDGE_LOOP('',(#8501,#8536,#8562,#8590));
#8501 = ORIENTED_EDGE('',*,*,#8502,.F.);
#8502 = EDGE_CURVE('',#8503,#8505,#8507,.T.);
#8503 = VERTEX_POINT('',#8504);
#8504 = CARTESIAN_POINT('',(0.435,1.45,0.2));
#8505 = VERTEX_POINT('',#8506);
#8506 = CARTESIAN_POINT('',(0.435,2.42,0.2));
#8507 = SURFACE_CURVE('',#8508,(#8512,#8524),.PCURVE_S1.);
#8508 = LINE('',#8509,#8510);
#8509 = CARTESIAN_POINT('',(0.435,1.25,0.2));
#8510 = VECTOR('',#8511,1.);
#8511 = DIRECTION('',(-0.,1.,0.));
#8512 = PCURVE('',#8513,#8518);
#8513 = PLANE('',#8514);
#8514 = AXIS2_PLACEMENT_3D('',#8515,#8516,#8517);
#8515 = CARTESIAN_POINT('',(0.435,1.25,0.2));
#8516 = DIRECTION('',(0.,0.,1.));
#8517 = DIRECTION('',(1.,0.,-0.));
#8518 = DEFINITIONAL_REPRESENTATION('',(#8519),#8523);
#8519 = LINE('',#8520,#8521);
#8520 = CARTESIAN_POINT('',(0.,0.));
#8521 = VECTOR('',#8522,1.);
#8522 = DIRECTION('',(0.,1.));
#8523 = ( GEOMETRIC_REPRESENTATION_CONTEXT(2) 
PARAMETRIC_REPRESENTATION_CONTEXT() REPRESENTATION_CONTEXT('2D SPACE',''
  ) );
#8524 = PCURVE('',#8525,#8530);
#8525 = PLANE('',#8526);
#8526 = AXIS2_PLACEMENT_3D('',#8527,#8528,#8529);
#8527 = CARTESIAN_POINT('',(0.435,1.730625,0.230625));
#8528 = DIRECTION('',(-1.,-0.,-0.));
#8529 = DIRECTION('',(0.,0.,-1.));
#8530 = DEFINITIONAL_REPRESENTATION('',(#8531),#8535);
#8531 = LINE('',#8532,#8533);
#8532 = CARTESIAN_POINT('',(3.0625E-02,0.480625));
#8533 = VECTOR('',#8534,1.);
#8534 = DIRECTION('',(0.,-1.));
#8535 = ( GEOMETRIC_REPRESENTATION_CONTEXT(2) 
PARAMETRIC_REPRESENTATION_CONTEXT() REPRESENTATION_CONTEXT('2D SPACE',''
  ) );
#8536 = ORIENTED_EDGE('',*,*,#8537,.F.);
#8537 = EDGE_CURVE('',#8538,#8503,#8540,.T.);
#8538 = VERTEX_POINT('',#8539);
#8539 = CARTESIAN_POINT('',(0.835,1.45,0.2));
#8540 = SURFACE_CURVE('',#8541,(#8545,#8551),.PCURVE_S1.);
#8541 = LINE('',#8542,#8543);
#8542 = CARTESIAN_POINT('',(0.435,1.45,0.2));
#8543 = VECTOR('',#8544,1.);
#8544 = DIRECTION('',(-1.,-0.,0.));
#8545 = PCURVE('',#8513,#8546);
#8546 = DEFINITIONAL_REPRESENTATION('',(#8547),#8550);
#8547 = B_SPLINE_CURVE_WITH_KNOTS('',1,(#8548,#8549),.UNSPECIFIED.,.F.,
  .F.,(2,2),(-0.4,0.),.PIECEWISE_BEZIER_KNOTS.);
#8548 = CARTESIAN_POINT('',(0.4,0.2));
#8549 = CARTESIAN_POINT('',(0.,0.2));
#8550 = ( GEOMETRIC_REPRESENTATION_CONTEXT(2) 
PARAMETRIC_REPRESENTATION_CONTEXT() REPRESENTATION_CONTEXT('2D SPACE',''
  ) );
#8551 = PCURVE('',#8552,#8557);
#8552 = PLANE('',#8553);
#8553 = AXIS2_PLACEMENT_3D('',#8554,#8555,#8556);
#8554 = CARTESIAN_POINT('',(0.435,1.45,0.));
#8555 = DIRECTION('',(-0.,1.,0.));
#8556 = DIRECTION('',(0.,0.,1.));
#8557 = DEFINITIONAL_REPRESENTATION('',(#8558),#8561);
#8558 = B_SPLINE_CURVE_WITH_KNOTS('',1,(#8559,#8560),.UNSPECIFIED.,.F.,
  .F.,(2,2),(-0.4,0.),.PIECEWISE_BEZIER_KNOTS.);
#8559 = CARTESIAN_POINT('',(0.2,0.4));
#8560 = CARTESIAN_POINT('',(0.2,0.));
#8561 = ( GEOMETRIC_REPRESENTATION_CONTEXT(2) 
PARAMETRIC_REPRESENTATION_CONTEXT() REPRESENTATION_CONTEXT('2D SPACE',''
  ) );
#8562 = ORIENTED_EDGE('',*,*,#8563,.T.);
#8563 = EDGE_CURVE('',#8538,#8564,#8566,.T.);
#8564 = VERTEX_POINT('',#8565);
#8565 = CARTESIAN_POINT('',(0.835,2.42,0.2));
#8566 = SURFACE_CURVE('',#8567,(#8571,#8578),.PCURVE_S1.);
#8567 = LINE('',#8568,#8569);
#8568 = CARTESIAN_POINT('',(0.835,1.25,0.2));
#8569 = VECTOR('',#8570,1.);
#8570 = DIRECTION('',(-0.,1.,0.));
#8571 = PCURVE('',#8513,#8572);
#8572 = DEFINITIONAL_REPRESENTATION('',(#8573),#8577);
#8573 = LINE('',#8574,#8575);
#8574 = CARTESIAN_POINT('',(0.4,0.));
#8575 = VECTOR('',#8576,1.);
#8576 = DIRECTION('',(0.,1.));
#8577 = ( GEOMETRIC_REPRESENTATION_CONTEXT(2) 
PARAMETRIC_REPRESENTATION_CONTEXT() REPRESENTATION_CONTEXT('2D SPACE',''
  ) );
#8578 = PCURVE('',#8579,#8584);
#8579 = PLANE('',#8580);
#8580 = AXIS2_PLACEMENT_3D('',#8581,#8582,#8583);
#8581 = CARTESIAN_POINT('',(0.835,1.730625,0.230625));
#8582 = DIRECTION('',(1.,0.,0.));
#8583 = DIRECTION('',(-0.,0.,1.));
#8584 = DEFINITIONAL_REPRESENTATION('',(#8585),#8589);
#8585 = LINE('',#8586,#8587);
#8586 = CARTESIAN_POINT('',(-3.0625E-02,0.480625));
#8587 = VECTOR('',#8588,1.);
#8588 = DIRECTION('',(0.,-1.));
#8589 = ( GEOMETRIC_REPRESENTATION_CONTEXT(2) 
PARAMETRIC_REPRESENTATION_CONTEXT() REPRESENTATION_CONTEXT('2D SPACE',''
  ) );
#8590 = ORIENTED_EDGE('',*,*,#8591,.F.);
#8591 = EDGE_CURVE('',#8505,#8564,#8592,.T.);
#8592 = SURFACE_CURVE('',#8593,(#8597,#8604),.PCURVE_S1.);
#8593 = LINE('',#8594,#8595);
#8594 = CARTESIAN_POINT('',(0.435,2.42,0.2));
#8595 = VECTOR('',#8596,1.);
#8596 = DIRECTION('',(1.,0.,-0.));
#8597 = PCURVE('',#8513,#8598);
#8598 = DEFINITIONAL_REPRESENTATION('',(#8599),#8603);
#8599 = LINE('',#8600,#8601);
#8600 = CARTESIAN_POINT('',(0.,1.17));
#8601 = VECTOR('',#8602,1.);
#8602 = DIRECTION('',(1.,0.));
#8603 = ( GEOMETRIC_REPRESENTATION_CONTEXT(2) 
PARAMETRIC_REPRESENTATION_CONTEXT() REPRESENTATION_CONTEXT('2D SPACE',''
  ) );
#8604 = PCURVE('',#8605,#8610);
#8605 = CYLINDRICAL_SURFACE('',#8606,8.E-02);
#8606 = AXIS2_PLACEMENT_3D('',#8607,#8608,#8609);
#8607 = CARTESIAN_POINT('',(0.435,2.42,0.12));
#8608 = DIRECTION('',(1.,0.,-0.));
#8609 = DIRECTION('',(0.,0.,1.));
#8610 = DEFINITIONAL_REPRESENTATION('',(#8611),#8615);
#8611 = LINE('',#8612,#8613);
#8612 = CARTESIAN_POINT('',(-0.,0.));
#8613 = VECTOR('',#8614,1.);
#8614 = DIRECTION('',(-0.,1.));
#8615 = ( GEOMETRIC_REPRESENTATION_CONTEXT(2) 
PARAMETRIC_REPRESENTATION_CONTEXT() REPRESENTATION_CONTEXT('2D SPACE',''
  ) );
#8616 = ADVANCED_FACE('',(#8617),#8525,.T.);
#8617 = FACE_BOUND('',#8618,.T.);
#8618 = EDGE_LOOP('',(#8619,#8620,#8648,#8676,#8704,#8732));
#8619 = ORIENTED_EDGE('',*,*,#8502,.T.);
#8620 = ORIENTED_EDGE('',*,*,#8621,.F.);
#8621 = EDGE_CURVE('',#8622,#8505,#8624,.T.);
#8622 = VERTEX_POINT('',#8623);
#8623 = CARTESIAN_POINT('',(0.435,2.42,0.));
#8624 = SURFACE_CURVE('',#8625,(#8629,#8636),.PCURVE_S1.);
#8625 = LINE('',#8626,#8627);
#8626 = CARTESIAN_POINT('',(0.435,2.42,0.));
#8627 = VECTOR('',#8628,1.);
#8628 = DIRECTION('',(0.,0.,1.));
#8629 = PCURVE('',#8525,#8630);
#8630 = DEFINITIONAL_REPRESENTATION('',(#8631),#8635);
#8631 = LINE('',#8632,#8633);
#8632 = CARTESIAN_POINT('',(0.230625,-0.689375));
#8633 = VECTOR('',#8634,1.);
#8634 = DIRECTION('',(-1.,0.));
#8635 = ( GEOMETRIC_REPRESENTATION_CONTEXT(2) 
PARAMETRIC_REPRESENTATION_CONTEXT() REPRESENTATION_CONTEXT('2D SPACE',''
  ) );
#8636 = PCURVE('',#8637,#8642);
#8637 = CYLINDRICAL_SURFACE('',#8638,8.E-02);
#8638 = AXIS2_PLACEMENT_3D('',#8639,#8640,#8641);
#8639 = CARTESIAN_POINT('',(0.515,2.42,0.));
#8640 = DIRECTION('',(0.,0.,1.));
#8641 = DIRECTION('',(-0.,1.,0.));
#8642 = DEFINITIONAL_REPRESENTATION('',(#8643),#8647);
#8643 = LINE('',#8644,#8645);
#8644 = CARTESIAN_POINT('',(1.570796326795,0.));
#8645 = VECTOR('',#8646,1.);
#8646 = DIRECTION('',(0.,1.));
#8647 = ( GEOMETRIC_REPRESENTATION_CONTEXT(2) 
PARAMETRIC_REPRESENTATION_CONTEXT() REPRESENTATION_CONTEXT('2D SPACE',''
  ) );
#8648 = ORIENTED_EDGE('',*,*,#8649,.F.);
#8649 = EDGE_CURVE('',#8650,#8622,#8652,.T.);
#8650 = VERTEX_POINT('',#8651);
#8651 = CARTESIAN_POINT('',(0.435,1.25,0.));
#8652 = SURFACE_CURVE('',#8653,(#8657,#8664),.PCURVE_S1.);
#8653 = LINE('',#8654,#8655);
#8654 = CARTESIAN_POINT('',(0.435,1.25,0.));
#8655 = VECTOR('',#8656,1.);
#8656 = DIRECTION('',(-0.,1.,0.));
#8657 = PCURVE('',#8525,#8658);
#8658 = DEFINITIONAL_REPRESENTATION('',(#8659),#8663);
#8659 = LINE('',#8660,#8661);
#8660 = CARTESIAN_POINT('',(0.230625,0.480625));
#8661 = VECTOR('',#8662,1.);
#8662 = DIRECTION('',(0.,-1.));
#8663 = ( GEOMETRIC_REPRESENTATION_CONTEXT(2) 
PARAMETRIC_REPRESENTATION_CONTEXT() REPRESENTATION_CONTEXT('2D SPACE',''
  ) );
#8664 = PCURVE('',#8665,#8670);
#8665 = PLANE('',#8666);
#8666 = AXIS2_PLACEMENT_3D('',#8667,#8668,#8669);
#8667 = CARTESIAN_POINT('',(0.435,1.25,0.));
#8668 = DIRECTION('',(0.,0.,1.));
#8669 = DIRECTION('',(1.,0.,-0.));
#8670 = DEFINITIONAL_REPRESENTATION('',(#8671),#8675);
#8671 = LINE('',#8672,#8673);
#8672 = CARTESIAN_POINT('',(0.,0.));
#8673 = VECTOR('',#8674,1.);
#8674 = DIRECTION('',(0.,1.));
#8675 = ( GEOMETRIC_REPRESENTATION_CONTEXT(2) 
PARAMETRIC_REPRESENTATION_CONTEXT() REPRESENTATION_CONTEXT('2D SPACE',''
  ) );
#8676 = ORIENTED_EDGE('',*,*,#8677,.T.);
#8677 = EDGE_CURVE('',#8650,#8678,#8680,.T.);
#8678 = VERTEX_POINT('',#8679);
#8679 = CARTESIAN_POINT('',(0.435,1.25,0.75));
#8680 = SURFACE_CURVE('',#8681,(#8685,#8692),.PCURVE_S1.);
#8681 = LINE('',#8682,#8683);
#8682 = CARTESIAN_POINT('',(0.435,1.25,0.));
#8683 = VECTOR('',#8684,1.);
#8684 = DIRECTION('',(0.,0.,1.));
#8685 = PCURVE('',#8525,#8686);
#8686 = DEFINITIONAL_REPRESENTATION('',(#8687),#8691);
#8687 = LINE('',#8688,#8689);
#8688 = CARTESIAN_POINT('',(0.230625,0.480625));
#8689 = VECTOR('',#8690,1.);
#8690 = DIRECTION('',(-1.,0.));
#8691 = ( GEOMETRIC_REPRESENTATION_CONTEXT(2) 
PARAMETRIC_REPRESENTATION_CONTEXT() REPRESENTATION_CONTEXT('2D SPACE',''
  ) );
#8692 = PCURVE('',#8693,#8698);
#8693 = PLANE('',#8694);
#8694 = AXIS2_PLACEMENT_3D('',#8695,#8696,#8697);
#8695 = CARTESIAN_POINT('',(0.635,1.25,0.375));
#8696 = DIRECTION('',(-0.,-1.,-0.));
#8697 = DIRECTION('',(0.,0.,-1.));
#8698 = DEFINITIONAL_REPRESENTATION('',(#8699),#8703);
#8699 = LINE('',#8700,#8701);
#8700 = CARTESIAN_POINT('',(0.375,-0.2));
#8701 = VECTOR('',#8702,1.);
#8702 = DIRECTION('',(-1.,0.));
#8703 = ( GEOMETRIC_REPRESENTATION_CONTEXT(2) 
PARAMETRIC_REPRESENTATION_CONTEXT() REPRESENTATION_CONTEXT('2D SPACE',''
  ) );
#8704 = ORIENTED_EDGE('',*,*,#8705,.T.);
#8705 = EDGE_CURVE('',#8678,#8706,#8708,.T.);
#8706 = VERTEX_POINT('',#8707);
#8707 = CARTESIAN_POINT('',(0.435,1.45,0.75));
#8708 = SURFACE_CURVE('',#8709,(#8713,#8720),.PCURVE_S1.);
#8709 = LINE('',#8710,#8711);
#8710 = CARTESIAN_POINT('',(0.435,1.25,0.75));
#8711 = VECTOR('',#8712,1.);
#8712 = DIRECTION('',(-0.,1.,0.));
#8713 = PCURVE('',#8525,#8714);
#8714 = DEFINITIONAL_REPRESENTATION('',(#8715),#8719);
#8715 = LINE('',#8716,#8717);
#8716 = CARTESIAN_POINT('',(-0.519375,0.480625));
#8717 = VECTOR('',#8718,1.);
#8718 = DIRECTION('',(0.,-1.));
#8719 = ( GEOMETRIC_REPRESENTATION_CONTEXT(2) 
PARAMETRIC_REPRESENTATION_CONTEXT() REPRESENTATION_CONTEXT('2D SPACE',''
  ) );
#8720 = PCURVE('',#8721,#8726);
#8721 = PLANE('',#8722);
#8722 = AXIS2_PLACEMENT_3D('',#8723,#8724,#8725);
#8723 = CARTESIAN_POINT('',(0.435,1.25,0.75));
#8724 = DIRECTION('',(0.,0.,1.));
#8725 = DIRECTION('',(1.,0.,-0.));
#8726 = DEFINITIONAL_REPRESENTATION('',(#8727),#8731);
#8727 = LINE('',#8728,#8729);
#8728 = CARTESIAN_POINT('',(0.,0.));
#8729 = VECTOR('',#8730,1.);
#8730 = DIRECTION('',(0.,1.));
#8731 = ( GEOMETRIC_REPRESENTATION_CONTEXT(2) 
PARAMETRIC_REPRESENTATION_CONTEXT() REPRESENTATION_CONTEXT('2D SPACE',''
  ) );
#8732 = ORIENTED_EDGE('',*,*,#8733,.F.);
#8733 = EDGE_CURVE('',#8503,#8706,#8734,.T.);
#8734 = SURFACE_CURVE('',#8735,(#8739,#8746),.PCURVE_S1.);
#8735 = LINE('',#8736,#8737);
#8736 = CARTESIAN_POINT('',(0.435,1.45,0.));
#8737 = VECTOR('',#8738,1.);
#8738 = DIRECTION('',(0.,0.,1.));
#8739 = PCURVE('',#8525,#8740);
#8740 = DEFINITIONAL_REPRESENTATION('',(#8741),#8745);
#8741 = LINE('',#8742,#8743);
#8742 = CARTESIAN_POINT('',(0.230625,0.280625));
#8743 = VECTOR('',#8744,1.);
#8744 = DIRECTION('',(-1.,0.));
#8745 = ( GEOMETRIC_REPRESENTATION_CONTEXT(2) 
PARAMETRIC_REPRESENTATION_CONTEXT() REPRESENTATION_CONTEXT('2D SPACE',''
  ) );
#8746 = PCURVE('',#8552,#8747);
#8747 = DEFINITIONAL_REPRESENTATION('',(#8748),#8752);
#8748 = LINE('',#8749,#8750);
#8749 = CARTESIAN_POINT('',(0.,0.));
#8750 = VECTOR('',#8751,1.);
#8751 = DIRECTION('',(1.,0.));
#8752 = ( GEOMETRIC_REPRESENTATION_CONTEXT(2) 
PARAMETRIC_REPRESENTATION_CONTEXT() REPRESENTATION_CONTEXT('2D SPACE',''
  ) );
#8753 = ADVANCED_FACE('',(#8754),#8605,.T.);
#8754 = FACE_BOUND('',#8755,.F.);
#8755 = EDGE_LOOP('',(#8756,#8786,#8814,#8848));
#8756 = ORIENTED_EDGE('',*,*,#8757,.T.);
#8757 = EDGE_CURVE('',#8505,#8758,#8760,.T.);
#8758 = VERTEX_POINT('',#8759);
#8759 = CARTESIAN_POINT('',(0.515,2.5,0.12));
#8760 = SURFACE_CURVE('',#8761,(#8766,#8776),.PCURVE_S1.);
#8761 = ELLIPSE('',#8762,0.11313708499,8.E-02);
#8762 = AXIS2_PLACEMENT_3D('',#8763,#8764,#8765);
#8763 = CARTESIAN_POINT('',(0.515,2.42,0.12));
#8764 = DIRECTION('',(-0.707106781187,-0.,-0.707106781187));
#8765 = DIRECTION('',(0.707106781187,0.,-0.707106781187));
#8766 = PCURVE('',#8605,#8767);
#8767 = DEFINITIONAL_REPRESENTATION('',(#8768),#8775);
#8768 = B_SPLINE_CURVE_WITH_KNOTS('',5,(#8769,#8770,#8771,#8772,#8773,
    #8774),.UNSPECIFIED.,.F.,.F.,(6,6),(3.14159265359,4.712388980385),
  .PIECEWISE_BEZIER_KNOTS.);
#8769 = CARTESIAN_POINT('',(0.,-3.469446951954E-18));
#8770 = CARTESIAN_POINT('',(-0.314159265359,-5.454557252683E-17));
#8771 = CARTESIAN_POINT('',(-0.628307393518,9.840342737674E-03));
#8772 = CARTESIAN_POINT('',(-0.94247613495,2.971305034234E-02));
#8773 = CARTESIAN_POINT('',(-1.256637061436,5.486725877128E-02));
#8774 = CARTESIAN_POINT('',(-1.570796326795,8.E-02));
#8775 = ( GEOMETRIC_REPRESENTATION_CONTEXT(2) 
PARAMETRIC_REPRESENTATION_CONTEXT() REPRESENTATION_CONTEXT('2D SPACE',''
  ) );
#8776 = PCURVE('',#8637,#8777);
#8777 = DEFINITIONAL_REPRESENTATION('',(#8778),#8785);
#8778 = B_SPLINE_CURVE_WITH_KNOTS('',5,(#8779,#8780,#8781,#8782,#8783,
    #8784),.UNSPECIFIED.,.F.,.F.,(6,6),(3.14159265359,4.712388980385),
  .PIECEWISE_BEZIER_KNOTS.);
#8779 = CARTESIAN_POINT('',(1.570796326795,0.2));
#8780 = CARTESIAN_POINT('',(1.256637061436,0.2));
#8781 = CARTESIAN_POINT('',(0.942488933277,0.190159657262));
#8782 = CARTESIAN_POINT('',(0.628320191845,0.170286949658));
#8783 = CARTESIAN_POINT('',(0.314159265359,0.145132741229));
#8784 = CARTESIAN_POINT('',(0.,0.12));
#8785 = ( GEOMETRIC_REPRESENTATION_CONTEXT(2) 
PARAMETRIC_REPRESENTATION_CONTEXT() REPRESENTATION_CONTEXT('2D SPACE',''
  ) );
#8786 = ORIENTED_EDGE('',*,*,#8787,.T.);
#8787 = EDGE_CURVE('',#8758,#8788,#8790,.T.);
#8788 = VERTEX_POINT('',#8789);
#8789 = CARTESIAN_POINT('',(0.755,2.5,0.12));
#8790 = SURFACE_CURVE('',#8791,(#8795,#8802),.PCURVE_S1.);
#8791 = LINE('',#8792,#8793);
#8792 = CARTESIAN_POINT('',(0.435,2.5,0.12));
#8793 = VECTOR('',#8794,1.);
#8794 = DIRECTION('',(1.,0.,-0.));
#8795 = PCURVE('',#8605,#8796);
#8796 = DEFINITIONAL_REPRESENTATION('',(#8797),#8801);
#8797 = LINE('',#8798,#8799);
#8798 = CARTESIAN_POINT('',(-1.570796326795,0.));
#8799 = VECTOR('',#8800,1.);
#8800 = DIRECTION('',(-0.,1.));
#8801 = ( GEOMETRIC_REPRESENTATION_CONTEXT(2) 
PARAMETRIC_REPRESENTATION_CONTEXT() REPRESENTATION_CONTEXT('2D SPACE',''
  ) );
#8802 = PCURVE('',#8803,#8808);
#8803 = PLANE('',#8804);
#8804 = AXIS2_PLACEMENT_3D('',#8805,#8806,#8807);
#8805 = CARTESIAN_POINT('',(0.435,2.5,0.));
#8806 = DIRECTION('',(-0.,1.,0.));
#8807 = DIRECTION('',(0.,0.,1.));
#8808 = DEFINITIONAL_REPRESENTATION('',(#8809),#8813);
#8809 = LINE('',#8810,#8811);
#8810 = CARTESIAN_POINT('',(0.12,0.));
#8811 = VECTOR('',#8812,1.);
#8812 = DIRECTION('',(0.,1.));
#8813 = ( GEOMETRIC_REPRESENTATION_CONTEXT(2) 
PARAMETRIC_REPRESENTATION_CONTEXT() REPRESENTATION_CONTEXT('2D SPACE',''
  ) );
#8814 = ORIENTED_EDGE('',*,*,#8815,.F.);
#8815 = EDGE_CURVE('',#8564,#8788,#8816,.T.);
#8816 = SURFACE_CURVE('',#8817,(#8822,#8832),.PCURVE_S1.);
#8817 = ELLIPSE('',#8818,0.11313708499,8.E-02);
#8818 = AXIS2_PLACEMENT_3D('',#8819,#8820,#8821);
#8819 = CARTESIAN_POINT('',(0.755,2.42,0.12));
#8820 = DIRECTION('',(-0.707106781187,-0.,0.707106781187));
#8821 = DIRECTION('',(0.707106781187,0.,0.707106781187));
#8822 = PCURVE('',#8605,#8823);
#8823 = DEFINITIONAL_REPRESENTATION('',(#8824),#8831);
#8824 = B_SPLINE_CURVE_WITH_KNOTS('',5,(#8825,#8826,#8827,#8828,#8829,
    #8830),.UNSPECIFIED.,.F.,.F.,(6,6),(0.,1.570796326795),
  .PIECEWISE_BEZIER_KNOTS.);
#8825 = CARTESIAN_POINT('',(-2.22044604925E-16,0.4));
#8826 = CARTESIAN_POINT('',(-0.314159265359,0.4));
#8827 = CARTESIAN_POINT('',(-0.628307393518,0.390159657262));
#8828 = CARTESIAN_POINT('',(-0.94247613495,0.370286949658));
#8829 = CARTESIAN_POINT('',(-1.256637061436,0.345132741229));
#8830 = CARTESIAN_POINT('',(-1.570796326795,0.32));
#8831 = ( GEOMETRIC_REPRESENTATION_CONTEXT(2) 
PARAMETRIC_REPRESENTATION_CONTEXT() REPRESENTATION_CONTEXT('2D SPACE',''
  ) );
#8832 = PCURVE('',#8833,#8838);
#8833 = CYLINDRICAL_SURFACE('',#8834,8.E-02);
#8834 = AXIS2_PLACEMENT_3D('',#8835,#8836,#8837);
#8835 = CARTESIAN_POINT('',(0.755,2.42,0.));
#8836 = DIRECTION('',(0.,0.,1.));
#8837 = DIRECTION('',(-0.,1.,0.));
#8838 = DEFINITIONAL_REPRESENTATION('',(#8839),#8847);
#8839 = B_SPLINE_CURVE_WITH_KNOTS('',6,(#8840,#8841,#8842,#8843,#8844,
    #8845,#8846),.UNSPECIFIED.,.F.,.F.,(7,7),(0.,1.570796326795),
  .PIECEWISE_BEZIER_KNOTS.);
#8840 = CARTESIAN_POINT('',(-1.570796326795,0.2));
#8841 = CARTESIAN_POINT('',(-1.308996938996,0.2));
#8842 = CARTESIAN_POINT('',(-1.047198265554,0.193421690273));
#8843 = CARTESIAN_POINT('',(-0.785398087459,0.180255154837));
#8844 = CARTESIAN_POINT('',(-0.523598069222,0.161886263045));
#8845 = CARTESIAN_POINT('',(-0.261799387799,0.140943951024));
#8846 = CARTESIAN_POINT('',(2.22044604925E-16,0.12));
#8847 = ( GEOMETRIC_REPRESENTATION_CONTEXT(2) 
PARAMETRIC_REPRESENTATION_CONTEXT() REPRESENTATION_CONTEXT('2D SPACE',''
  ) );
#8848 = ORIENTED_EDGE('',*,*,#8591,.F.);
#8849 = ADVANCED_FACE('',(#8850),#8552,.T.);
#8850 = FACE_BOUND('',#8851,.T.);
#8851 = EDGE_LOOP('',(#8852,#8853,#8854,#8877));
#8852 = ORIENTED_EDGE('',*,*,#8537,.T.);
#8853 = ORIENTED_EDGE('',*,*,#8733,.T.);
#8854 = ORIENTED_EDGE('',*,*,#8855,.T.);
#8855 = EDGE_CURVE('',#8706,#8856,#8858,.T.);
#8856 = VERTEX_POINT('',#8857);
#8857 = CARTESIAN_POINT('',(0.835,1.45,0.75));
#8858 = SURFACE_CURVE('',#8859,(#8863,#8870),.PCURVE_S1.);
#8859 = LINE('',#8860,#8861);
#8860 = CARTESIAN_POINT('',(0.435,1.45,0.75));
#8861 = VECTOR('',#8862,1.);
#8862 = DIRECTION('',(1.,0.,-0.));
#8863 = PCURVE('',#8552,#8864);
#8864 = DEFINITIONAL_REPRESENTATION('',(#8865),#8869);
#8865 = LINE('',#8866,#8867);
#8866 = CARTESIAN_POINT('',(0.75,0.));
#8867 = VECTOR('',#8868,1.);
#8868 = DIRECTION('',(0.,1.));
#8869 = ( GEOMETRIC_REPRESENTATION_CONTEXT(2) 
PARAMETRIC_REPRESENTATION_CONTEXT() REPRESENTATION_CONTEXT('2D SPACE',''
  ) );
#8870 = PCURVE('',#8721,#8871);
#8871 = DEFINITIONAL_REPRESENTATION('',(#8872),#8876);
#8872 = LINE('',#8873,#8874);
#8873 = CARTESIAN_POINT('',(0.,0.2));
#8874 = VECTOR('',#8875,1.);
#8875 = DIRECTION('',(1.,0.));
#8876 = ( GEOMETRIC_REPRESENTATION_CONTEXT(2) 
PARAMETRIC_REPRESENTATION_CONTEXT() REPRESENTATION_CONTEXT('2D SPACE',''
  ) );
#8877 = ORIENTED_EDGE('',*,*,#8878,.F.);
#8878 = EDGE_CURVE('',#8538,#8856,#8879,.T.);
#8879 = SURFACE_CURVE('',#8880,(#8884,#8891),.PCURVE_S1.);
#8880 = LINE('',#8881,#8882);
#8881 = CARTESIAN_POINT('',(0.835,1.45,0.));
#8882 = VECTOR('',#8883,1.);
#8883 = DIRECTION('',(0.,0.,1.));
#8884 = PCURVE('',#8552,#8885);
#8885 = DEFINITIONAL_REPRESENTATION('',(#8886),#8890);
#8886 = LINE('',#8887,#8888);
#8887 = CARTESIAN_POINT('',(0.,0.4));
#8888 = VECTOR('',#8889,1.);
#8889 = DIRECTION('',(1.,0.));
#8890 = ( GEOMETRIC_REPRESENTATION_CONTEXT(2) 
PARAMETRIC_REPRESENTATION_CONTEXT() REPRESENTATION_CONTEXT('2D SPACE',''
  ) );
#8891 = PCURVE('',#8579,#8892);
#8892 = DEFINITIONAL_REPRESENTATION('',(#8893),#8897);
#8893 = LINE('',#8894,#8895);
#8894 = CARTESIAN_POINT('',(-0.230625,0.280625));
#8895 = VECTOR('',#8896,1.);
#8896 = DIRECTION('',(1.,0.));
#8897 = ( GEOMETRIC_REPRESENTATION_CONTEXT(2) 
PARAMETRIC_REPRESENTATION_CONTEXT() REPRESENTATION_CONTEXT('2D SPACE',''
  ) );
#8898 = ADVANCED_FACE('',(#8899),#8579,.T.);
#8899 = FACE_BOUND('',#8900,.T.);
#8900 = EDGE_LOOP('',(#8901,#8926,#8947,#8948,#8949,#8972));
#8901 = ORIENTED_EDGE('',*,*,#8902,.T.);
#8902 = EDGE_CURVE('',#8903,#8905,#8907,.T.);
#8903 = VERTEX_POINT('',#8904);
#8904 = CARTESIAN_POINT('',(0.835,1.25,0.));
#8905 = VERTEX_POINT('',#8906);
#8906 = CARTESIAN_POINT('',(0.835,2.42,0.));
#8907 = SURFACE_CURVE('',#8908,(#8912,#8919),.PCURVE_S1.);
#8908 = LINE('',#8909,#8910);
#8909 = CARTESIAN_POINT('',(0.835,1.25,0.));
#8910 = VECTOR('',#8911,1.);
#8911 = DIRECTION('',(-0.,1.,0.));
#8912 = PCURVE('',#8579,#8913);
#8913 = DEFINITIONAL_REPRESENTATION('',(#8914),#8918);
#8914 = LINE('',#8915,#8916);
#8915 = CARTESIAN_POINT('',(-0.230625,0.480625));
#8916 = VECTOR('',#8917,1.);
#8917 = DIRECTION('',(0.,-1.));
#8918 = ( GEOMETRIC_REPRESENTATION_CONTEXT(2) 
PARAMETRIC_REPRESENTATION_CONTEXT() REPRESENTATION_CONTEXT('2D SPACE',''
  ) );
#8919 = PCURVE('',#8665,#8920);
#8920 = DEFINITIONAL_REPRESENTATION('',(#8921),#8925);
#8921 = LINE('',#8922,#8923);
#8922 = CARTESIAN_POINT('',(0.4,0.));
#8923 = VECTOR('',#8924,1.);
#8924 = DIRECTION('',(0.,1.));
#8925 = ( GEOMETRIC_REPRESENTATION_CONTEXT(2) 
PARAMETRIC_REPRESENTATION_CONTEXT() REPRESENTATION_CONTEXT('2D SPACE',''
  ) );
#8926 = ORIENTED_EDGE('',*,*,#8927,.T.);
#8927 = EDGE_CURVE('',#8905,#8564,#8928,.T.);
#8928 = SURFACE_CURVE('',#8929,(#8933,#8940),.PCURVE_S1.);
#8929 = LINE('',#8930,#8931);
#8930 = CARTESIAN_POINT('',(0.835,2.42,0.));
#8931 = VECTOR('',#8932,1.);
#8932 = DIRECTION('',(0.,0.,1.));
#8933 = PCURVE('',#8579,#8934);
#8934 = DEFINITIONAL_REPRESENTATION('',(#8935),#8939);
#8935 = LINE('',#8936,#8937);
#8936 = CARTESIAN_POINT('',(-0.230625,-0.689375));
#8937 = VECTOR('',#8938,1.);
#8938 = DIRECTION('',(1.,0.));
#8939 = ( GEOMETRIC_REPRESENTATION_CONTEXT(2) 
PARAMETRIC_REPRESENTATION_CONTEXT() REPRESENTATION_CONTEXT('2D SPACE',''
  ) );
#8940 = PCURVE('',#8833,#8941);
#8941 = DEFINITIONAL_REPRESENTATION('',(#8942),#8946);
#8942 = LINE('',#8943,#8944);
#8943 = CARTESIAN_POINT('',(-1.570796326795,0.));
#8944 = VECTOR('',#8945,1.);
#8945 = DIRECTION('',(-0.,1.));
#8946 = ( GEOMETRIC_REPRESENTATION_CONTEXT(2) 
PARAMETRIC_REPRESENTATION_CONTEXT() REPRESENTATION_CONTEXT('2D SPACE',''
  ) );
#8947 = ORIENTED_EDGE('',*,*,#8563,.F.);
#8948 = ORIENTED_EDGE('',*,*,#8878,.T.);
#8949 = ORIENTED_EDGE('',*,*,#8950,.F.);
#8950 = EDGE_CURVE('',#8951,#8856,#8953,.T.);
#8951 = VERTEX_POINT('',#8952);
#8952 = CARTESIAN_POINT('',(0.835,1.25,0.75));
#8953 = SURFACE_CURVE('',#8954,(#8958,#8965),.PCURVE_S1.);
#8954 = LINE('',#8955,#8956);
#8955 = CARTESIAN_POINT('',(0.835,1.25,0.75));
#8956 = VECTOR('',#8957,1.);
#8957 = DIRECTION('',(-0.,1.,0.));
#8958 = PCURVE('',#8579,#8959);
#8959 = DEFINITIONAL_REPRESENTATION('',(#8960),#8964);
#8960 = LINE('',#8961,#8962);
#8961 = CARTESIAN_POINT('',(0.519375,0.480625));
#8962 = VECTOR('',#8963,1.);
#8963 = DIRECTION('',(0.,-1.));
#8964 = ( GEOMETRIC_REPRESENTATION_CONTEXT(2) 
PARAMETRIC_REPRESENTATION_CONTEXT() REPRESENTATION_CONTEXT('2D SPACE',''
  ) );
#8965 = PCURVE('',#8721,#8966);
#8966 = DEFINITIONAL_REPRESENTATION('',(#8967),#8971);
#8967 = LINE('',#8968,#8969);
#8968 = CARTESIAN_POINT('',(0.4,0.));
#8969 = VECTOR('',#8970,1.);
#8970 = DIRECTION('',(0.,1.));
#8971 = ( GEOMETRIC_REPRESENTATION_CONTEXT(2) 
PARAMETRIC_REPRESENTATION_CONTEXT() REPRESENTATION_CONTEXT('2D SPACE',''
  ) );
#8972 = ORIENTED_EDGE('',*,*,#8973,.F.);
#8973 = EDGE_CURVE('',#8903,#8951,#8974,.T.);
#8974 = SURFACE_CURVE('',#8975,(#8979,#8986),.PCURVE_S1.);
#8975 = LINE('',#8976,#8977);
#8976 = CARTESIAN_POINT('',(0.835,1.25,0.));
#8977 = VECTOR('',#8978,1.);
#8978 = DIRECTION('',(0.,0.,1.));
#8979 = PCURVE('',#8579,#8980);
#8980 = DEFINITIONAL_REPRESENTATION('',(#8981),#8985);
#8981 = LINE('',#8982,#8983);
#8982 = CARTESIAN_POINT('',(-0.230625,0.480625));
#8983 = VECTOR('',#8984,1.);
#8984 = DIRECTION('',(1.,0.));
#8985 = ( GEOMETRIC_REPRESENTATION_CONTEXT(2) 
PARAMETRIC_REPRESENTATION_CONTEXT() REPRESENTATION_CONTEXT('2D SPACE',''
  ) );
#8986 = PCURVE('',#8693,#8987);
#8987 = DEFINITIONAL_REPRESENTATION('',(#8988),#8992);
#8988 = LINE('',#8989,#8990);
#8989 = CARTESIAN_POINT('',(0.375,0.2));
#8990 = VECTOR('',#8991,1.);
#8991 = DIRECTION('',(-1.,0.));
#8992 = ( GEOMETRIC_REPRESENTATION_CONTEXT(2) 
PARAMETRIC_REPRESENTATION_CONTEXT() REPRESENTATION_CONTEXT('2D SPACE',''
  ) );
#8993 = ADVANCED_FACE('',(#8994),#8637,.T.);
#8994 = FACE_BOUND('',#8995,.T.);
#8995 = EDGE_LOOP('',(#8996,#9020,#9021,#9022));
#8996 = ORIENTED_EDGE('',*,*,#8997,.T.);
#8997 = EDGE_CURVE('',#8998,#8622,#9000,.T.);
#8998 = VERTEX_POINT('',#8999);
#8999 = CARTESIAN_POINT('',(0.515,2.5,0.));
#9000 = SURFACE_CURVE('',#9001,(#9006,#9013),.PCURVE_S1.);
#9001 = CIRCLE('',#9002,8.E-02);
#9002 = AXIS2_PLACEMENT_3D('',#9003,#9004,#9005);
#9003 = CARTESIAN_POINT('',(0.515,2.42,0.));
#9004 = DIRECTION('',(0.,0.,1.));
#9005 = DIRECTION('',(0.,-1.,0.));
#9006 = PCURVE('',#8637,#9007);
#9007 = DEFINITIONAL_REPRESENTATION('',(#9008),#9012);
#9008 = LINE('',#9009,#9010);
#9009 = CARTESIAN_POINT('',(-3.14159265359,0.));
#9010 = VECTOR('',#9011,1.);
#9011 = DIRECTION('',(1.,0.));
#9012 = ( GEOMETRIC_REPRESENTATION_CONTEXT(2) 
PARAMETRIC_REPRESENTATION_CONTEXT() REPRESENTATION_CONTEXT('2D SPACE',''
  ) );
#9013 = PCURVE('',#8665,#9014);
#9014 = DEFINITIONAL_REPRESENTATION('',(#9015),#9019);
#9015 = CIRCLE('',#9016,8.E-02);
#9016 = AXIS2_PLACEMENT_2D('',#9017,#9018);
#9017 = CARTESIAN_POINT('',(8.E-02,1.17));
#9018 = DIRECTION('',(0.,-1.));
#9019 = ( GEOMETRIC_REPRESENTATION_CONTEXT(2) 
PARAMETRIC_REPRESENTATION_CONTEXT() REPRESENTATION_CONTEXT('2D SPACE',''
  ) );
#9020 = ORIENTED_EDGE('',*,*,#8621,.T.);
#9021 = ORIENTED_EDGE('',*,*,#8757,.T.);
#9022 = ORIENTED_EDGE('',*,*,#9023,.F.);
#9023 = EDGE_CURVE('',#8998,#8758,#9024,.T.);
#9024 = SURFACE_CURVE('',#9025,(#9029,#9036),.PCURVE_S1.);
#9025 = LINE('',#9026,#9027);
#9026 = CARTESIAN_POINT('',(0.515,2.5,0.));
#9027 = VECTOR('',#9028,1.);
#9028 = DIRECTION('',(0.,0.,1.));
#9029 = PCURVE('',#8637,#9030);
#9030 = DEFINITIONAL_REPRESENTATION('',(#9031),#9035);
#9031 = LINE('',#9032,#9033);
#9032 = CARTESIAN_POINT('',(0.,0.));
#9033 = VECTOR('',#9034,1.);
#9034 = DIRECTION('',(0.,1.));
#9035 = ( GEOMETRIC_REPRESENTATION_CONTEXT(2) 
PARAMETRIC_REPRESENTATION_CONTEXT() REPRESENTATION_CONTEXT('2D SPACE',''
  ) );
#9036 = PCURVE('',#8803,#9037);
#9037 = DEFINITIONAL_REPRESENTATION('',(#9038),#9042);
#9038 = LINE('',#9039,#9040);
#9039 = CARTESIAN_POINT('',(0.,8.E-02));
#9040 = VECTOR('',#9041,1.);
#9041 = DIRECTION('',(1.,0.));
#9042 = ( GEOMETRIC_REPRESENTATION_CONTEXT(2) 
PARAMETRIC_REPRESENTATION_CONTEXT() REPRESENTATION_CONTEXT('2D SPACE',''
  ) );
#9043 = ADVANCED_FACE('',(#9044),#8665,.F.);
#9044 = FACE_BOUND('',#9045,.F.);
#9045 = EDGE_LOOP('',(#9046,#9047,#9068,#9069,#9097,#9118));
#9046 = ORIENTED_EDGE('',*,*,#8649,.F.);
#9047 = ORIENTED_EDGE('',*,*,#9048,.T.);
#9048 = EDGE_CURVE('',#8650,#8903,#9049,.T.);
#9049 = SURFACE_CURVE('',#9050,(#9054,#9061),.PCURVE_S1.);
#9050 = LINE('',#9051,#9052);
#9051 = CARTESIAN_POINT('',(0.435,1.25,0.));
#9052 = VECTOR('',#9053,1.);
#9053 = DIRECTION('',(1.,0.,-0.));
#9054 = PCURVE('',#8665,#9055);
#9055 = DEFINITIONAL_REPRESENTATION('',(#9056),#9060);
#9056 = LINE('',#9057,#9058);
#9057 = CARTESIAN_POINT('',(0.,0.));
#9058 = VECTOR('',#9059,1.);
#9059 = DIRECTION('',(1.,0.));
#9060 = ( GEOMETRIC_REPRESENTATION_CONTEXT(2) 
PARAMETRIC_REPRESENTATION_CONTEXT() REPRESENTATION_CONTEXT('2D SPACE',''
  ) );
#9061 = PCURVE('',#8693,#9062);
#9062 = DEFINITIONAL_REPRESENTATION('',(#9063),#9067);
#9063 = LINE('',#9064,#9065);
#9064 = CARTESIAN_POINT('',(0.375,-0.2));
#9065 = VECTOR('',#9066,1.);
#9066 = DIRECTION('',(0.,1.));
#9067 = ( GEOMETRIC_REPRESENTATION_CONTEXT(2) 
PARAMETRIC_REPRESENTATION_CONTEXT() REPRESENTATION_CONTEXT('2D SPACE',''
  ) );
#9068 = ORIENTED_EDGE('',*,*,#8902,.T.);
#9069 = ORIENTED_EDGE('',*,*,#9070,.F.);
#9070 = EDGE_CURVE('',#9071,#8905,#9073,.T.);
#9071 = VERTEX_POINT('',#9072);
#9072 = CARTESIAN_POINT('',(0.755,2.5,0.));
#9073 = SURFACE_CURVE('',#9074,(#9079,#9090),.PCURVE_S1.);
#9074 = CIRCLE('',#9075,8.E-02);
#9075 = AXIS2_PLACEMENT_3D('',#9076,#9077,#9078);
#9076 = CARTESIAN_POINT('',(0.755,2.42,0.));
#9077 = DIRECTION('',(-0.,-0.,-1.));
#9078 = DIRECTION('',(0.,-1.,0.));
#9079 = PCURVE('',#8665,#9080);
#9080 = DEFINITIONAL_REPRESENTATION('',(#9081),#9089);
#9081 = ( BOUNDED_CURVE() B_SPLINE_CURVE(2,(#9082,#9083,#9084,#9085,
#9086,#9087,#9088),.UNSPECIFIED.,.T.,.F.) B_SPLINE_CURVE_WITH_KNOTS((1,2
    ,2,2,2,1),(-2.094395102393,0.,2.094395102393,4.188790204786,
6.28318530718,8.377580409573),.UNSPECIFIED.) CURVE() 
GEOMETRIC_REPRESENTATION_ITEM() RATIONAL_B_SPLINE_CURVE((1.,0.5,1.,0.5,
1.,0.5,1.)) REPRESENTATION_ITEM('') );
#9082 = CARTESIAN_POINT('',(0.32,1.09));
#9083 = CARTESIAN_POINT('',(0.181435935394,1.09));
#9084 = CARTESIAN_POINT('',(0.250717967697,1.21));
#9085 = CARTESIAN_POINT('',(0.32,1.33));
#9086 = CARTESIAN_POINT('',(0.389282032303,1.21));
#9087 = CARTESIAN_POINT('',(0.458564064606,1.09));
#9088 = CARTESIAN_POINT('',(0.32,1.09));
#9089 = ( GEOMETRIC_REPRESENTATION_CONTEXT(2) 
PARAMETRIC_REPRESENTATION_CONTEXT() REPRESENTATION_CONTEXT('2D SPACE',''
  ) );
#9090 = PCURVE('',#8833,#9091);
#9091 = DEFINITIONAL_REPRESENTATION('',(#9092),#9096);
#9092 = LINE('',#9093,#9094);
#9093 = CARTESIAN_POINT('',(3.14159265359,-0.));
#9094 = VECTOR('',#9095,1.);
#9095 = DIRECTION('',(-1.,0.));
#9096 = ( GEOMETRIC_REPRESENTATION_CONTEXT(2) 
PARAMETRIC_REPRESENTATION_CONTEXT() REPRESENTATION_CONTEXT('2D SPACE',''
  ) );
#9097 = ORIENTED_EDGE('',*,*,#9098,.F.);
#9098 = EDGE_CURVE('',#8998,#9071,#9099,.T.);
#9099 = SURFACE_CURVE('',#9100,(#9104,#9111),.PCURVE_S1.);
#9100 = LINE('',#9101,#9102);
#9101 = CARTESIAN_POINT('',(0.435,2.5,0.));
#9102 = VECTOR('',#9103,1.);
#9103 = DIRECTION('',(1.,0.,-0.));
#9104 = PCURVE('',#8665,#9105);
#9105 = DEFINITIONAL_REPRESENTATION('',(#9106),#9110);
#9106 = LINE('',#9107,#9108);
#9107 = CARTESIAN_POINT('',(0.,1.25));
#9108 = VECTOR('',#9109,1.);
#9109 = DIRECTION('',(1.,0.));
#9110 = ( GEOMETRIC_REPRESENTATION_CONTEXT(2) 
PARAMETRIC_REPRESENTATION_CONTEXT() REPRESENTATION_CONTEXT('2D SPACE',''
  ) );
#9111 = PCURVE('',#8803,#9112);
#9112 = DEFINITIONAL_REPRESENTATION('',(#9113),#9117);
#9113 = LINE('',#9114,#9115);
#9114 = CARTESIAN_POINT('',(0.,0.));
#9115 = VECTOR('',#9116,1.);
#9116 = DIRECTION('',(0.,1.));
#9117 = ( GEOMETRIC_REPRESENTATION_CONTEXT(2) 
PARAMETRIC_REPRESENTATION_CONTEXT() REPRESENTATION_CONTEXT('2D SPACE',''
  ) );
#9118 = ORIENTED_EDGE('',*,*,#8997,.T.);
#9119 = ADVANCED_FACE('',(#9120),#8721,.T.);
#9120 = FACE_BOUND('',#9121,.T.);
#9121 = EDGE_LOOP('',(#9122,#9123,#9144,#9145));
#9122 = ORIENTED_EDGE('',*,*,#8705,.F.);
#9123 = ORIENTED_EDGE('',*,*,#9124,.T.);
#9124 = EDGE_CURVE('',#8678,#8951,#9125,.T.);
#9125 = SURFACE_CURVE('',#9126,(#9130,#9137),.PCURVE_S1.);
#9126 = LINE('',#9127,#9128);
#9127 = CARTESIAN_POINT('',(0.435,1.25,0.75));
#9128 = VECTOR('',#9129,1.);
#9129 = DIRECTION('',(1.,0.,-0.));
#9130 = PCURVE('',#8721,#9131);
#9131 = DEFINITIONAL_REPRESENTATION('',(#9132),#9136);
#9132 = LINE('',#9133,#9134);
#9133 = CARTESIAN_POINT('',(0.,0.));
#9134 = VECTOR('',#9135,1.);
#9135 = DIRECTION('',(1.,0.));
#9136 = ( GEOMETRIC_REPRESENTATION_CONTEXT(2) 
PARAMETRIC_REPRESENTATION_CONTEXT() REPRESENTATION_CONTEXT('2D SPACE',''
  ) );
#9137 = PCURVE('',#8693,#9138);
#9138 = DEFINITIONAL_REPRESENTATION('',(#9139),#9143);
#9139 = LINE('',#9140,#9141);
#9140 = CARTESIAN_POINT('',(-0.375,-0.2));
#9141 = VECTOR('',#9142,1.);
#9142 = DIRECTION('',(0.,1.));
#9143 = ( GEOMETRIC_REPRESENTATION_CONTEXT(2) 
PARAMETRIC_REPRESENTATION_CONTEXT() REPRESENTATION_CONTEXT('2D SPACE',''
  ) );
#9144 = ORIENTED_EDGE('',*,*,#8950,.T.);
#9145 = ORIENTED_EDGE('',*,*,#8855,.F.);
#9146 = ADVANCED_FACE('',(#9147),#8693,.T.);
#9147 = FACE_BOUND('',#9148,.T.);
#9148 = EDGE_LOOP('',(#9149,#9150,#9151,#9152));
#9149 = ORIENTED_EDGE('',*,*,#9048,.T.);
#9150 = ORIENTED_EDGE('',*,*,#8973,.T.);
#9151 = ORIENTED_EDGE('',*,*,#9124,.F.);
#9152 = ORIENTED_EDGE('',*,*,#8677,.F.);
#9153 = ADVANCED_FACE('',(#9154),#8803,.T.);
#9154 = FACE_BOUND('',#9155,.T.);
#9155 = EDGE_LOOP('',(#9156,#9157,#9158,#9159));
#9156 = ORIENTED_EDGE('',*,*,#9098,.F.);
#9157 = ORIENTED_EDGE('',*,*,#9023,.T.);
#9158 = ORIENTED_EDGE('',*,*,#8787,.T.);
#9159 = ORIENTED_EDGE('',*,*,#9160,.F.);
#9160 = EDGE_CURVE('',#9071,#8788,#9161,.T.);
#9161 = SURFACE_CURVE('',#9162,(#9166,#9173),.PCURVE_S1.);
#9162 = LINE('',#9163,#9164);
#9163 = CARTESIAN_POINT('',(0.755,2.5,0.));
#9164 = VECTOR('',#9165,1.);
#9165 = DIRECTION('',(0.,0.,1.));
#9166 = PCURVE('',#8803,#9167);
#9167 = DEFINITIONAL_REPRESENTATION('',(#9168),#9172);
#9168 = LINE('',#9169,#9170);
#9169 = CARTESIAN_POINT('',(0.,0.32));
#9170 = VECTOR('',#9171,1.);
#9171 = DIRECTION('',(1.,0.));
#9172 = ( GEOMETRIC_REPRESENTATION_CONTEXT(2) 
PARAMETRIC_REPRESENTATION_CONTEXT() REPRESENTATION_CONTEXT('2D SPACE',''
  ) );
#9173 = PCURVE('',#8833,#9174);
#9174 = DEFINITIONAL_REPRESENTATION('',(#9175),#9179);
#9175 = LINE('',#9176,#9177);
#9176 = CARTESIAN_POINT('',(-0.,0.));
#9177 = VECTOR('',#9178,1.);
#9178 = DIRECTION('',(-0.,1.));
#9179 = ( GEOMETRIC_REPRESENTATION_CONTEXT(2) 
PARAMETRIC_REPRESENTATION_CONTEXT() REPRESENTATION_CONTEXT('2D SPACE',''
  ) );
#9180 = ADVANCED_FACE('',(#9181),#8833,.T.);
#9181 = FACE_BOUND('',#9182,.F.);
#9182 = EDGE_LOOP('',(#9183,#9184,#9185,#9186));
#9183 = ORIENTED_EDGE('',*,*,#9070,.T.);
#9184 = ORIENTED_EDGE('',*,*,#8927,.T.);
#9185 = ORIENTED_EDGE('',*,*,#8815,.T.);
#9186 = ORIENTED_EDGE('',*,*,#9160,.F.);
#9187 = MANIFOLD_SOLID_BREP('',#9188);
#9188 = CLOSED_SHELL('',(#9189,#9307,#9444,#9540,#9589,#9684,#9738,#9810
    ,#9837,#9844,#9871));
#9189 = ADVANCED_FACE('',(#9190),#9204,.T.);
#9190 = FACE_BOUND('',#9191,.T.);
#9191 = EDGE_LOOP('',(#9192,#9227,#9255,#9283));
#9192 = ORIENTED_EDGE('',*,*,#9193,.F.);
#9193 = EDGE_CURVE('',#9194,#9196,#9198,.T.);
#9194 = VERTEX_POINT('',#9195);
#9195 = CARTESIAN_POINT('',(1.705,-2.42,0.2));
#9196 = VERTEX_POINT('',#9197);
#9197 = CARTESIAN_POINT('',(1.705,-1.45,0.2));
#9198 = SURFACE_CURVE('',#9199,(#9203,#9215),.PCURVE_S1.);
#9199 = LINE('',#9200,#9201);
#9200 = CARTESIAN_POINT('',(1.705,-2.5,0.2));
#9201 = VECTOR('',#9202,1.);
#9202 = DIRECTION('',(-0.,1.,0.));
#9203 = PCURVE('',#9204,#9209);
#9204 = PLANE('',#9205);
#9205 = AXIS2_PLACEMENT_3D('',#9206,#9207,#9208);
#9206 = CARTESIAN_POINT('',(1.705,-2.5,0.2));
#9207 = DIRECTION('',(0.,0.,1.));
#9208 = DIRECTION('',(1.,0.,-0.));
#9209 = DEFINITIONAL_REPRESENTATION('',(#9210),#9214);
#9210 = LINE('',#9211,#9212);
#9211 = CARTESIAN_POINT('',(0.,0.));
#9212 = VECTOR('',#9213,1.);
#9213 = DIRECTION('',(0.,1.));
#9214 = ( GEOMETRIC_REPRESENTATION_CONTEXT(2) 
PARAMETRIC_REPRESENTATION_CONTEXT() REPRESENTATION_CONTEXT('2D SPACE',''
  ) );
#9215 = PCURVE('',#9216,#9221);
#9216 = PLANE('',#9217);
#9217 = AXIS2_PLACEMENT_3D('',#9218,#9219,#9220);
#9218 = CARTESIAN_POINT('',(1.705,-1.730625,0.230625));
#9219 = DIRECTION('',(-1.,-0.,-0.));
#9220 = DIRECTION('',(0.,0.,-1.));
#9221 = DEFINITIONAL_REPRESENTATION('',(#9222),#9226);
#9222 = LINE('',#9223,#9224);
#9223 = CARTESIAN_POINT('',(3.0625E-02,0.769375));
#9224 = VECTOR('',#9225,1.);
#9225 = DIRECTION('',(0.,-1.));
#9226 = ( GEOMETRIC_REPRESENTATION_CONTEXT(2) 
PARAMETRIC_REPRESENTATION_CONTEXT() REPRESENTATION_CONTEXT('2D SPACE',''
  ) );
#9227 = ORIENTED_EDGE('',*,*,#9228,.T.);
#9228 = EDGE_CURVE('',#9194,#9229,#9231,.T.);
#9229 = VERTEX_POINT('',#9230);
#9230 = CARTESIAN_POINT('',(2.105,-2.42,0.2));
#9231 = SURFACE_CURVE('',#9232,(#9236,#9243),.PCURVE_S1.);
#9232 = LINE('',#9233,#9234);
#9233 = CARTESIAN_POINT('',(1.705,-2.42,0.2));
#9234 = VECTOR('',#9235,1.);
#9235 = DIRECTION('',(1.,0.,-0.));
#9236 = PCURVE('',#9204,#9237);
#9237 = DEFINITIONAL_REPRESENTATION('',(#9238),#9242);
#9238 = LINE('',#9239,#9240);
#9239 = CARTESIAN_POINT('',(0.,8.E-02));
#9240 = VECTOR('',#9241,1.);
#9241 = DIRECTION('',(1.,0.));
#9242 = ( GEOMETRIC_REPRESENTATION_CONTEXT(2) 
PARAMETRIC_REPRESENTATION_CONTEXT() REPRESENTATION_CONTEXT('2D SPACE',''
  ) );
#9243 = PCURVE('',#9244,#9249);
#9244 = CYLINDRICAL_SURFACE('',#9245,8.E-02);
#9245 = AXIS2_PLACEMENT_3D('',#9246,#9247,#9248);
#9246 = CARTESIAN_POINT('',(1.705,-2.42,0.12));
#9247 = DIRECTION('',(1.,0.,-0.));
#9248 = DIRECTION('',(0.,0.,1.));
#9249 = DEFINITIONAL_REPRESENTATION('',(#9250),#9254);
#9250 = LINE('',#9251,#9252);
#9251 = CARTESIAN_POINT('',(0.,0.));
#9252 = VECTOR('',#9253,1.);
#9253 = DIRECTION('',(0.,1.));
#9254 = ( GEOMETRIC_REPRESENTATION_CONTEXT(2) 
PARAMETRIC_REPRESENTATION_CONTEXT() REPRESENTATION_CONTEXT('2D SPACE',''
  ) );
#9255 = ORIENTED_EDGE('',*,*,#9256,.T.);
#9256 = EDGE_CURVE('',#9229,#9257,#9259,.T.);
#9257 = VERTEX_POINT('',#9258);
#9258 = CARTESIAN_POINT('',(2.105,-1.45,0.2));
#9259 = SURFACE_CURVE('',#9260,(#9264,#9271),.PCURVE_S1.);
#9260 = LINE('',#9261,#9262);
#9261 = CARTESIAN_POINT('',(2.105,-2.5,0.2));
#9262 = VECTOR('',#9263,1.);
#9263 = DIRECTION('',(-0.,1.,0.));
#9264 = PCURVE('',#9204,#9265);
#9265 = DEFINITIONAL_REPRESENTATION('',(#9266),#9270);
#9266 = LINE('',#9267,#9268);
#9267 = CARTESIAN_POINT('',(0.4,0.));
#9268 = VECTOR('',#9269,1.);
#9269 = DIRECTION('',(0.,1.));
#9270 = ( GEOMETRIC_REPRESENTATION_CONTEXT(2) 
PARAMETRIC_REPRESENTATION_CONTEXT() REPRESENTATION_CONTEXT('2D SPACE',''
  ) );
#9271 = PCURVE('',#9272,#9277);
#9272 = PLANE('',#9273);
#9273 = AXIS2_PLACEMENT_3D('',#9274,#9275,#9276);
#9274 = CARTESIAN_POINT('',(2.105,-1.730625,0.230625));
#9275 = DIRECTION('',(1.,0.,0.));
#9276 = DIRECTION('',(-0.,0.,1.));
#9277 = DEFINITIONAL_REPRESENTATION('',(#9278),#9282);
#9278 = LINE('',#9279,#9280);
#9279 = CARTESIAN_POINT('',(-3.0625E-02,0.769375));
#9280 = VECTOR('',#9281,1.);
#9281 = DIRECTION('',(0.,-1.));
#9282 = ( GEOMETRIC_REPRESENTATION_CONTEXT(2) 
PARAMETRIC_REPRESENTATION_CONTEXT() REPRESENTATION_CONTEXT('2D SPACE',''
  ) );
#9283 = ORIENTED_EDGE('',*,*,#9284,.T.);
#9284 = EDGE_CURVE('',#9257,#9196,#9285,.T.);
#9285 = SURFACE_CURVE('',#9286,(#9290,#9296),.PCURVE_S1.);
#9286 = LINE('',#9287,#9288);
#9287 = CARTESIAN_POINT('',(1.705,-1.45,0.2));
#9288 = VECTOR('',#9289,1.);
#9289 = DIRECTION('',(-1.,-0.,0.));
#9290 = PCURVE('',#9204,#9291);
#9291 = DEFINITIONAL_REPRESENTATION('',(#9292),#9295);
#9292 = B_SPLINE_CURVE_WITH_KNOTS('',1,(#9293,#9294),.UNSPECIFIED.,.F.,
  .F.,(2,2),(-0.4,0.),.PIECEWISE_BEZIER_KNOTS.);
#9293 = CARTESIAN_POINT('',(0.4,1.05));
#9294 = CARTESIAN_POINT('',(0.,1.05));
#9295 = ( GEOMETRIC_REPRESENTATION_CONTEXT(2) 
PARAMETRIC_REPRESENTATION_CONTEXT() REPRESENTATION_CONTEXT('2D SPACE',''
  ) );
#9296 = PCURVE('',#9297,#9302);
#9297 = PLANE('',#9298);
#9298 = AXIS2_PLACEMENT_3D('',#9299,#9300,#9301);
#9299 = CARTESIAN_POINT('',(1.705,-1.45,0.));
#9300 = DIRECTION('',(-0.,1.,0.));
#9301 = DIRECTION('',(0.,0.,1.));
#9302 = DEFINITIONAL_REPRESENTATION('',(#9303),#9306);
#9303 = B_SPLINE_CURVE_WITH_KNOTS('',1,(#9304,#9305),.UNSPECIFIED.,.F.,
  .F.,(2,2),(-0.4,0.),.PIECEWISE_BEZIER_KNOTS.);
#9304 = CARTESIAN_POINT('',(0.2,0.4));
#9305 = CARTESIAN_POINT('',(0.2,0.));
#9306 = ( GEOMETRIC_REPRESENTATION_CONTEXT(2) 
PARAMETRIC_REPRESENTATION_CONTEXT() REPRESENTATION_CONTEXT('2D SPACE',''
  ) );
#9307 = ADVANCED_FACE('',(#9308),#9216,.T.);
#9308 = FACE_BOUND('',#9309,.T.);
#9309 = EDGE_LOOP('',(#9310,#9311,#9334,#9362,#9390,#9418));
#9310 = ORIENTED_EDGE('',*,*,#9193,.T.);
#9311 = ORIENTED_EDGE('',*,*,#9312,.T.);
#9312 = EDGE_CURVE('',#9196,#9313,#9315,.T.);
#9313 = VERTEX_POINT('',#9314);
#9314 = CARTESIAN_POINT('',(1.705,-1.45,0.75));
#9315 = SURFACE_CURVE('',#9316,(#9320,#9327),.PCURVE_S1.);
#9316 = LINE('',#9317,#9318);
#9317 = CARTESIAN_POINT('',(1.705,-1.45,0.));
#9318 = VECTOR('',#9319,1.);
#9319 = DIRECTION('',(0.,0.,1.));
#9320 = PCURVE('',#9216,#9321);
#9321 = DEFINITIONAL_REPRESENTATION('',(#9322),#9326);
#9322 = LINE('',#9323,#9324);
#9323 = CARTESIAN_POINT('',(0.230625,-0.280625));
#9324 = VECTOR('',#9325,1.);
#9325 = DIRECTION('',(-1.,0.));
#9326 = ( GEOMETRIC_REPRESENTATION_CONTEXT(2) 
PARAMETRIC_REPRESENTATION_CONTEXT() REPRESENTATION_CONTEXT('2D SPACE',''
  ) );
#9327 = PCURVE('',#9297,#9328);
#9328 = DEFINITIONAL_REPRESENTATION('',(#9329),#9333);
#9329 = LINE('',#9330,#9331);
#9330 = CARTESIAN_POINT('',(0.,0.));
#9331 = VECTOR('',#9332,1.);
#9332 = DIRECTION('',(1.,0.));
#9333 = ( GEOMETRIC_REPRESENTATION_CONTEXT(2) 
PARAMETRIC_REPRESENTATION_CONTEXT() REPRESENTATION_CONTEXT('2D SPACE',''
  ) );
#9334 = ORIENTED_EDGE('',*,*,#9335,.T.);
#9335 = EDGE_CURVE('',#9313,#9336,#9338,.T.);
#9336 = VERTEX_POINT('',#9337);
#9337 = CARTESIAN_POINT('',(1.705,-1.25,0.75));
#9338 = SURFACE_CURVE('',#9339,(#9343,#9350),.PCURVE_S1.);
#9339 = LINE('',#9340,#9341);
#9340 = CARTESIAN_POINT('',(1.705,-1.45,0.75));
#9341 = VECTOR('',#9342,1.);
#9342 = DIRECTION('',(-0.,1.,0.));
#9343 = PCURVE('',#9216,#9344);
#9344 = DEFINITIONAL_REPRESENTATION('',(#9345),#9349);
#9345 = LINE('',#9346,#9347);
#9346 = CARTESIAN_POINT('',(-0.519375,-0.280625));
#9347 = VECTOR('',#9348,1.);
#9348 = DIRECTION('',(0.,-1.));
#9349 = ( GEOMETRIC_REPRESENTATION_CONTEXT(2) 
PARAMETRIC_REPRESENTATION_CONTEXT() REPRESENTATION_CONTEXT('2D SPACE',''
  ) );
#9350 = PCURVE('',#9351,#9356);
#9351 = PLANE('',#9352);
#9352 = AXIS2_PLACEMENT_3D('',#9353,#9354,#9355);
#9353 = CARTESIAN_POINT('',(1.705,-1.45,0.75));
#9354 = DIRECTION('',(0.,0.,1.));
#9355 = DIRECTION('',(1.,0.,-0.));
#9356 = DEFINITIONAL_REPRESENTATION('',(#9357),#9361);
#9357 = LINE('',#9358,#9359);
#9358 = CARTESIAN_POINT('',(0.,0.));
#9359 = VECTOR('',#9360,1.);
#9360 = DIRECTION('',(0.,1.));
#9361 = ( GEOMETRIC_REPRESENTATION_CONTEXT(2) 
PARAMETRIC_REPRESENTATION_CONTEXT() REPRESENTATION_CONTEXT('2D SPACE',''
  ) );
#9362 = ORIENTED_EDGE('',*,*,#9363,.F.);
#9363 = EDGE_CURVE('',#9364,#9336,#9366,.T.);
#9364 = VERTEX_POINT('',#9365);
#9365 = CARTESIAN_POINT('',(1.705,-1.25,0.));
#9366 = SURFACE_CURVE('',#9367,(#9371,#9378),.PCURVE_S1.);
#9367 = LINE('',#9368,#9369);
#9368 = CARTESIAN_POINT('',(1.705,-1.25,0.));
#9369 = VECTOR('',#9370,1.);
#9370 = DIRECTION('',(0.,0.,1.));
#9371 = PCURVE('',#9216,#9372);
#9372 = DEFINITIONAL_REPRESENTATION('',(#9373),#9377);
#9373 = LINE('',#9374,#9375);
#9374 = CARTESIAN_POINT('',(0.230625,-0.480625));
#9375 = VECTOR('',#9376,1.);
#9376 = DIRECTION('',(-1.,0.));
#9377 = ( GEOMETRIC_REPRESENTATION_CONTEXT(2) 
PARAMETRIC_REPRESENTATION_CONTEXT() REPRESENTATION_CONTEXT('2D SPACE',''
  ) );
#9378 = PCURVE('',#9379,#9384);
#9379 = PLANE('',#9380);
#9380 = AXIS2_PLACEMENT_3D('',#9381,#9382,#9383);
#9381 = CARTESIAN_POINT('',(1.905,-1.25,0.375));
#9382 = DIRECTION('',(0.,1.,0.));
#9383 = DIRECTION('',(0.,-0.,1.));
#9384 = DEFINITIONAL_REPRESENTATION('',(#9385),#9389);
#9385 = LINE('',#9386,#9387);
#9386 = CARTESIAN_POINT('',(-0.375,-0.2));
#9387 = VECTOR('',#9388,1.);
#9388 = DIRECTION('',(1.,0.));
#9389 = ( GEOMETRIC_REPRESENTATION_CONTEXT(2) 
PARAMETRIC_REPRESENTATION_CONTEXT() REPRESENTATION_CONTEXT('2D SPACE',''
  ) );
#9390 = ORIENTED_EDGE('',*,*,#9391,.F.);
#9391 = EDGE_CURVE('',#9392,#9364,#9394,.T.);
#9392 = VERTEX_POINT('',#9393);
#9393 = CARTESIAN_POINT('',(1.705,-2.42,0.));
#9394 = SURFACE_CURVE('',#9395,(#9399,#9406),.PCURVE_S1.);
#9395 = LINE('',#9396,#9397);
#9396 = CARTESIAN_POINT('',(1.705,-2.5,0.));
#9397 = VECTOR('',#9398,1.);
#9398 = DIRECTION('',(-0.,1.,0.));
#9399 = PCURVE('',#9216,#9400);
#9400 = DEFINITIONAL_REPRESENTATION('',(#9401),#9405);
#9401 = LINE('',#9402,#9403);
#9402 = CARTESIAN_POINT('',(0.230625,0.769375));
#9403 = VECTOR('',#9404,1.);
#9404 = DIRECTION('',(0.,-1.));
#9405 = ( GEOMETRIC_REPRESENTATION_CONTEXT(2) 
PARAMETRIC_REPRESENTATION_CONTEXT() REPRESENTATION_CONTEXT('2D SPACE',''
  ) );
#9406 = PCURVE('',#9407,#9412);
#9407 = PLANE('',#9408);
#9408 = AXIS2_PLACEMENT_3D('',#9409,#9410,#9411);
#9409 = CARTESIAN_POINT('',(1.705,-2.5,0.));
#9410 = DIRECTION('',(0.,0.,1.));
#9411 = DIRECTION('',(1.,0.,-0.));
#9412 = DEFINITIONAL_REPRESENTATION('',(#9413),#9417);
#9413 = LINE('',#9414,#9415);
#9414 = CARTESIAN_POINT('',(0.,0.));
#9415 = VECTOR('',#9416,1.);
#9416 = DIRECTION('',(0.,1.));
#9417 = ( GEOMETRIC_REPRESENTATION_CONTEXT(2) 
PARAMETRIC_REPRESENTATION_CONTEXT() REPRESENTATION_CONTEXT('2D SPACE',''
  ) );
#9418 = ORIENTED_EDGE('',*,*,#9419,.T.);
#9419 = EDGE_CURVE('',#9392,#9194,#9420,.T.);
#9420 = SURFACE_CURVE('',#9421,(#9425,#9432),.PCURVE_S1.);
#9421 = LINE('',#9422,#9423);
#9422 = CARTESIAN_POINT('',(1.705,-2.42,0.));
#9423 = VECTOR('',#9424,1.);
#9424 = DIRECTION('',(0.,0.,1.));
#9425 = PCURVE('',#9216,#9426);
#9426 = DEFINITIONAL_REPRESENTATION('',(#9427),#9431);
#9427 = LINE('',#9428,#9429);
#9428 = CARTESIAN_POINT('',(0.230625,0.689375));
#9429 = VECTOR('',#9430,1.);
#9430 = DIRECTION('',(-1.,0.));
#9431 = ( GEOMETRIC_REPRESENTATION_CONTEXT(2) 
PARAMETRIC_REPRESENTATION_CONTEXT() REPRESENTATION_CONTEXT('2D SPACE',''
  ) );
#9432 = PCURVE('',#9433,#9438);
#9433 = CYLINDRICAL_SURFACE('',#9434,8.E-02);
#9434 = AXIS2_PLACEMENT_3D('',#9435,#9436,#9437);
#9435 = CARTESIAN_POINT('',(1.785,-2.42,0.));
#9436 = DIRECTION('',(0.,0.,1.));
#9437 = DIRECTION('',(0.,-1.,0.));
#9438 = DEFINITIONAL_REPRESENTATION('',(#9439),#9443);
#9439 = LINE('',#9440,#9441);
#9440 = CARTESIAN_POINT('',(-1.570796326795,0.));
#9441 = VECTOR('',#9442,1.);
#9442 = DIRECTION('',(-0.,1.));
#9443 = ( GEOMETRIC_REPRESENTATION_CONTEXT(2) 
PARAMETRIC_REPRESENTATION_CONTEXT() REPRESENTATION_CONTEXT('2D SPACE',''
  ) );
#9444 = ADVANCED_FACE('',(#9445),#9244,.T.);
#9445 = FACE_BOUND('',#9446,.T.);
#9446 = EDGE_LOOP('',(#9447,#9477,#9505,#9539));
#9447 = ORIENTED_EDGE('',*,*,#9448,.T.);
#9448 = EDGE_CURVE('',#9194,#9449,#9451,.T.);
#9449 = VERTEX_POINT('',#9450);
#9450 = CARTESIAN_POINT('',(1.785,-2.5,0.12));
#9451 = SURFACE_CURVE('',#9452,(#9457,#9467),.PCURVE_S1.);
#9452 = ELLIPSE('',#9453,0.11313708499,8.E-02);
#9453 = AXIS2_PLACEMENT_3D('',#9454,#9455,#9456);
#9454 = CARTESIAN_POINT('',(1.785,-2.42,0.12));
#9455 = DIRECTION('',(0.707106781187,0.,0.707106781187));
#9456 = DIRECTION('',(0.707106781187,0.,-0.707106781187));
#9457 = PCURVE('',#9244,#9458);
#9458 = DEFINITIONAL_REPRESENTATION('',(#9459),#9466);
#9459 = B_SPLINE_CURVE_WITH_KNOTS('',5,(#9460,#9461,#9462,#9463,#9464,
    #9465),.UNSPECIFIED.,.F.,.F.,(6,6),(3.14159265359,4.712388980385),
  .PIECEWISE_BEZIER_KNOTS.);
#9460 = CARTESIAN_POINT('',(0.,-4.47558656802E-16));
#9461 = CARTESIAN_POINT('',(0.314159265359,-4.426899502766E-16));
#9462 = CARTESIAN_POINT('',(0.628307393518,9.840342737674E-03));
#9463 = CARTESIAN_POINT('',(0.94247613495,2.971305034234E-02));
#9464 = CARTESIAN_POINT('',(1.256637061436,5.486725877128E-02));
#9465 = CARTESIAN_POINT('',(1.570796326795,8.E-02));
#9466 = ( GEOMETRIC_REPRESENTATION_CONTEXT(2) 
PARAMETRIC_REPRESENTATION_CONTEXT() REPRESENTATION_CONTEXT('2D SPACE',''
  ) );
#9467 = PCURVE('',#9433,#9468);
#9468 = DEFINITIONAL_REPRESENTATION('',(#9469),#9476);
#9469 = B_SPLINE_CURVE_WITH_KNOTS('',5,(#9470,#9471,#9472,#9473,#9474,
    #9475),.UNSPECIFIED.,.F.,.F.,(6,6),(3.14159265359,4.712388980385),
  .PIECEWISE_BEZIER_KNOTS.);
#9470 = CARTESIAN_POINT('',(-1.570796326795,0.2));
#9471 = CARTESIAN_POINT('',(-1.256637061436,0.2));
#9472 = CARTESIAN_POINT('',(-0.942488933277,0.190159657262));
#9473 = CARTESIAN_POINT('',(-0.628320191845,0.170286949658));
#9474 = CARTESIAN_POINT('',(-0.314159265359,0.145132741229));
#9475 = CARTESIAN_POINT('',(0.,0.12));
#9476 = ( GEOMETRIC_REPRESENTATION_CONTEXT(2) 
PARAMETRIC_REPRESENTATION_CONTEXT() REPRESENTATION_CONTEXT('2D SPACE',''
  ) );
#9477 = ORIENTED_EDGE('',*,*,#9478,.T.);
#9478 = EDGE_CURVE('',#9449,#9479,#9481,.T.);
#9479 = VERTEX_POINT('',#9480);
#9480 = CARTESIAN_POINT('',(2.025,-2.5,0.12));
#9481 = SURFACE_CURVE('',#9482,(#9486,#9493),.PCURVE_S1.);
#9482 = LINE('',#9483,#9484);
#9483 = CARTESIAN_POINT('',(1.705,-2.5,0.12));
#9484 = VECTOR('',#9485,1.);
#9485 = DIRECTION('',(1.,0.,-0.));
#9486 = PCURVE('',#9244,#9487);
#9487 = DEFINITIONAL_REPRESENTATION('',(#9488),#9492);
#9488 = LINE('',#9489,#9490);
#9489 = CARTESIAN_POINT('',(1.570796326795,0.));
#9490 = VECTOR('',#9491,1.);
#9491 = DIRECTION('',(0.,1.));
#9492 = ( GEOMETRIC_REPRESENTATION_CONTEXT(2) 
PARAMETRIC_REPRESENTATION_CONTEXT() REPRESENTATION_CONTEXT('2D SPACE',''
  ) );
#9493 = PCURVE('',#9494,#9499);
#9494 = PLANE('',#9495);
#9495 = AXIS2_PLACEMENT_3D('',#9496,#9497,#9498);
#9496 = CARTESIAN_POINT('',(1.705,-2.5,0.));
#9497 = DIRECTION('',(-0.,1.,0.));
#9498 = DIRECTION('',(0.,0.,1.));
#9499 = DEFINITIONAL_REPRESENTATION('',(#9500),#9504);
#9500 = LINE('',#9501,#9502);
#9501 = CARTESIAN_POINT('',(0.12,0.));
#9502 = VECTOR('',#9503,1.);
#9503 = DIRECTION('',(0.,1.));
#9504 = ( GEOMETRIC_REPRESENTATION_CONTEXT(2) 
PARAMETRIC_REPRESENTATION_CONTEXT() REPRESENTATION_CONTEXT('2D SPACE',''
  ) );
#9505 = ORIENTED_EDGE('',*,*,#9506,.F.);
#9506 = EDGE_CURVE('',#9229,#9479,#9507,.T.);
#9507 = SURFACE_CURVE('',#9508,(#9513,#9523),.PCURVE_S1.);
#9508 = ELLIPSE('',#9509,0.11313708499,8.E-02);
#9509 = AXIS2_PLACEMENT_3D('',#9510,#9511,#9512);
#9510 = CARTESIAN_POINT('',(2.025,-2.42,0.12));
#9511 = DIRECTION('',(0.707106781187,0.,-0.707106781187));
#9512 = DIRECTION('',(0.707106781187,0.,0.707106781187));
#9513 = PCURVE('',#9244,#9514);
#9514 = DEFINITIONAL_REPRESENTATION('',(#9515),#9522);
#9515 = B_SPLINE_CURVE_WITH_KNOTS('',5,(#9516,#9517,#9518,#9519,#9520,
    #9521),.UNSPECIFIED.,.F.,.F.,(6,6),(0.,1.570796326795),
  .PIECEWISE_BEZIER_KNOTS.);
#9516 = CARTESIAN_POINT('',(1.110223024625E-16,0.4));
#9517 = CARTESIAN_POINT('',(0.314159265359,0.4));
#9518 = CARTESIAN_POINT('',(0.628307393518,0.390159657262));
#9519 = CARTESIAN_POINT('',(0.94247613495,0.370286949658));
#9520 = CARTESIAN_POINT('',(1.256637061436,0.345132741229));
#9521 = CARTESIAN_POINT('',(1.570796326795,0.32));
#9522 = ( GEOMETRIC_REPRESENTATION_CONTEXT(2) 
PARAMETRIC_REPRESENTATION_CONTEXT() REPRESENTATION_CONTEXT('2D SPACE',''
  ) );
#9523 = PCURVE('',#9524,#9529);
#9524 = CYLINDRICAL_SURFACE('',#9525,8.E-02);
#9525 = AXIS2_PLACEMENT_3D('',#9526,#9527,#9528);
#9526 = CARTESIAN_POINT('',(2.025,-2.42,0.));
#9527 = DIRECTION('',(0.,0.,1.));
#9528 = DIRECTION('',(0.,-1.,0.));
#9529 = DEFINITIONAL_REPRESENTATION('',(#9530),#9538);
#9530 = B_SPLINE_CURVE_WITH_KNOTS('',6,(#9531,#9532,#9533,#9534,#9535,
    #9536,#9537),.UNSPECIFIED.,.F.,.F.,(7,7),(0.,1.570796326795),
  .PIECEWISE_BEZIER_KNOTS.);
#9531 = CARTESIAN_POINT('',(1.570796326795,0.2));
#9532 = CARTESIAN_POINT('',(1.308996938996,0.2));
#9533 = CARTESIAN_POINT('',(1.047198265554,0.193421690273));
#9534 = CARTESIAN_POINT('',(0.785398087459,0.180255154837));
#9535 = CARTESIAN_POINT('',(0.523598069222,0.161886263045));
#9536 = CARTESIAN_POINT('',(0.261799387799,0.140943951024));
#9537 = CARTESIAN_POINT('',(1.110223024625E-16,0.12));
#9538 = ( GEOMETRIC_REPRESENTATION_CONTEXT(2) 
PARAMETRIC_REPRESENTATION_CONTEXT() REPRESENTATION_CONTEXT('2D SPACE',''
  ) );
#9539 = ORIENTED_EDGE('',*,*,#9228,.F.);
#9540 = ADVANCED_FACE('',(#9541),#9297,.F.);
#9541 = FACE_BOUND('',#9542,.F.);
#9542 = EDGE_LOOP('',(#9543,#9544,#9545,#9568));
#9543 = ORIENTED_EDGE('',*,*,#9284,.T.);
#9544 = ORIENTED_EDGE('',*,*,#9312,.T.);
#9545 = ORIENTED_EDGE('',*,*,#9546,.T.);
#9546 = EDGE_CURVE('',#9313,#9547,#9549,.T.);
#9547 = VERTEX_POINT('',#9548);
#9548 = CARTESIAN_POINT('',(2.105,-1.45,0.75));
#9549 = SURFACE_CURVE('',#9550,(#9554,#9561),.PCURVE_S1.);
#9550 = LINE('',#9551,#9552);
#9551 = CARTESIAN_POINT('',(1.705,-1.45,0.75));
#9552 = VECTOR('',#9553,1.);
#9553 = DIRECTION('',(1.,0.,-0.));
#9554 = PCURVE('',#9297,#9555);
#9555 = DEFINITIONAL_REPRESENTATION('',(#9556),#9560);
#9556 = LINE('',#9557,#9558);
#9557 = CARTESIAN_POINT('',(0.75,0.));
#9558 = VECTOR('',#9559,1.);
#9559 = DIRECTION('',(0.,1.));
#9560 = ( GEOMETRIC_REPRESENTATION_CONTEXT(2) 
PARAMETRIC_REPRESENTATION_CONTEXT() REPRESENTATION_CONTEXT('2D SPACE',''
  ) );
#9561 = PCURVE('',#9351,#9562);
#9562 = DEFINITIONAL_REPRESENTATION('',(#9563),#9567);
#9563 = LINE('',#9564,#9565);
#9564 = CARTESIAN_POINT('',(0.,0.));
#9565 = VECTOR('',#9566,1.);
#9566 = DIRECTION('',(1.,0.));
#9567 = ( GEOMETRIC_REPRESENTATION_CONTEXT(2) 
PARAMETRIC_REPRESENTATION_CONTEXT() REPRESENTATION_CONTEXT('2D SPACE',''
  ) );
#9568 = ORIENTED_EDGE('',*,*,#9569,.F.);
#9569 = EDGE_CURVE('',#9257,#9547,#9570,.T.);
#9570 = SURFACE_CURVE('',#9571,(#9575,#9582),.PCURVE_S1.);
#9571 = LINE('',#9572,#9573);
#9572 = CARTESIAN_POINT('',(2.105,-1.45,0.));
#9573 = VECTOR('',#9574,1.);
#9574 = DIRECTION('',(0.,0.,1.));
#9575 = PCURVE('',#9297,#9576);
#9576 = DEFINITIONAL_REPRESENTATION('',(#9577),#9581);
#9577 = LINE('',#9578,#9579);
#9578 = CARTESIAN_POINT('',(0.,0.4));
#9579 = VECTOR('',#9580,1.);
#9580 = DIRECTION('',(1.,0.));
#9581 = ( GEOMETRIC_REPRESENTATION_CONTEXT(2) 
PARAMETRIC_REPRESENTATION_CONTEXT() REPRESENTATION_CONTEXT('2D SPACE',''
  ) );
#9582 = PCURVE('',#9272,#9583);
#9583 = DEFINITIONAL_REPRESENTATION('',(#9584),#9588);
#9584 = LINE('',#9585,#9586);
#9585 = CARTESIAN_POINT('',(-0.230625,-0.280625));
#9586 = VECTOR('',#9587,1.);
#9587 = DIRECTION('',(1.,0.));
#9588 = ( GEOMETRIC_REPRESENTATION_CONTEXT(2) 
PARAMETRIC_REPRESENTATION_CONTEXT() REPRESENTATION_CONTEXT('2D SPACE',''
  ) );
#9589 = ADVANCED_FACE('',(#9590),#9272,.T.);
#9590 = FACE_BOUND('',#9591,.T.);
#9591 = EDGE_LOOP('',(#9592,#9593,#9616,#9639,#9662,#9683));
#9592 = ORIENTED_EDGE('',*,*,#9256,.F.);
#9593 = ORIENTED_EDGE('',*,*,#9594,.F.);
#9594 = EDGE_CURVE('',#9595,#9229,#9597,.T.);
#9595 = VERTEX_POINT('',#9596);
#9596 = CARTESIAN_POINT('',(2.105,-2.42,0.));
#9597 = SURFACE_CURVE('',#9598,(#9602,#9609),.PCURVE_S1.);
#9598 = LINE('',#9599,#9600);
#9599 = CARTESIAN_POINT('',(2.105,-2.42,0.));
#9600 = VECTOR('',#9601,1.);
#9601 = DIRECTION('',(0.,0.,1.));
#9602 = PCURVE('',#9272,#9603);
#9603 = DEFINITIONAL_REPRESENTATION('',(#9604),#9608);
#9604 = LINE('',#9605,#9606);
#9605 = CARTESIAN_POINT('',(-0.230625,0.689375));
#9606 = VECTOR('',#9607,1.);
#9607 = DIRECTION('',(1.,0.));
#9608 = ( GEOMETRIC_REPRESENTATION_CONTEXT(2) 
PARAMETRIC_REPRESENTATION_CONTEXT() REPRESENTATION_CONTEXT('2D SPACE',''
  ) );
#9609 = PCURVE('',#9524,#9610);
#9610 = DEFINITIONAL_REPRESENTATION('',(#9611),#9615);
#9611 = LINE('',#9612,#9613);
#9612 = CARTESIAN_POINT('',(1.570796326795,0.));
#9613 = VECTOR('',#9614,1.);
#9614 = DIRECTION('',(0.,1.));
#9615 = ( GEOMETRIC_REPRESENTATION_CONTEXT(2) 
PARAMETRIC_REPRESENTATION_CONTEXT() REPRESENTATION_CONTEXT('2D SPACE',''
  ) );
#9616 = ORIENTED_EDGE('',*,*,#9617,.T.);
#9617 = EDGE_CURVE('',#9595,#9618,#9620,.T.);
#9618 = VERTEX_POINT('',#9619);
#9619 = CARTESIAN_POINT('',(2.105,-1.25,0.));
#9620 = SURFACE_CURVE('',#9621,(#9625,#9632),.PCURVE_S1.);
#9621 = LINE('',#9622,#9623);
#9622 = CARTESIAN_POINT('',(2.105,-2.5,0.));
#9623 = VECTOR('',#9624,1.);
#9624 = DIRECTION('',(-0.,1.,0.));
#9625 = PCURVE('',#9272,#9626);
#9626 = DEFINITIONAL_REPRESENTATION('',(#9627),#9631);
#9627 = LINE('',#9628,#9629);
#9628 = CARTESIAN_POINT('',(-0.230625,0.769375));
#9629 = VECTOR('',#9630,1.);
#9630 = DIRECTION('',(0.,-1.));
#9631 = ( GEOMETRIC_REPRESENTATION_CONTEXT(2) 
PARAMETRIC_REPRESENTATION_CONTEXT() REPRESENTATION_CONTEXT('2D SPACE',''
  ) );
#9632 = PCURVE('',#9407,#9633);
#9633 = DEFINITIONAL_REPRESENTATION('',(#9634),#9638);
#9634 = LINE('',#9635,#9636);
#9635 = CARTESIAN_POINT('',(0.4,0.));
#9636 = VECTOR('',#9637,1.);
#9637 = DIRECTION('',(0.,1.));
#9638 = ( GEOMETRIC_REPRESENTATION_CONTEXT(2) 
PARAMETRIC_REPRESENTATION_CONTEXT() REPRESENTATION_CONTEXT('2D SPACE',''
  ) );
#9639 = ORIENTED_EDGE('',*,*,#9640,.T.);
#9640 = EDGE_CURVE('',#9618,#9641,#9643,.T.);
#9641 = VERTEX_POINT('',#9642);
#9642 = CARTESIAN_POINT('',(2.105,-1.25,0.75));
#9643 = SURFACE_CURVE('',#9644,(#9648,#9655),.PCURVE_S1.);
#9644 = LINE('',#9645,#9646);
#9645 = CARTESIAN_POINT('',(2.105,-1.25,0.));
#9646 = VECTOR('',#9647,1.);
#9647 = DIRECTION('',(0.,0.,1.));
#9648 = PCURVE('',#9272,#9649);
#9649 = DEFINITIONAL_REPRESENTATION('',(#9650),#9654);
#9650 = LINE('',#9651,#9652);
#9651 = CARTESIAN_POINT('',(-0.230625,-0.480625));
#9652 = VECTOR('',#9653,1.);
#9653 = DIRECTION('',(1.,0.));
#9654 = ( GEOMETRIC_REPRESENTATION_CONTEXT(2) 
PARAMETRIC_REPRESENTATION_CONTEXT() REPRESENTATION_CONTEXT('2D SPACE',''
  ) );
#9655 = PCURVE('',#9379,#9656);
#9656 = DEFINITIONAL_REPRESENTATION('',(#9657),#9661);
#9657 = LINE('',#9658,#9659);
#9658 = CARTESIAN_POINT('',(-0.375,0.2));
#9659 = VECTOR('',#9660,1.);
#9660 = DIRECTION('',(1.,0.));
#9661 = ( GEOMETRIC_REPRESENTATION_CONTEXT(2) 
PARAMETRIC_REPRESENTATION_CONTEXT() REPRESENTATION_CONTEXT('2D SPACE',''
  ) );
#9662 = ORIENTED_EDGE('',*,*,#9663,.F.);
#9663 = EDGE_CURVE('',#9547,#9641,#9664,.T.);
#9664 = SURFACE_CURVE('',#9665,(#9669,#9676),.PCURVE_S1.);
#9665 = LINE('',#9666,#9667);
#9666 = CARTESIAN_POINT('',(2.105,-1.45,0.75));
#9667 = VECTOR('',#9668,1.);
#9668 = DIRECTION('',(-0.,1.,0.));
#9669 = PCURVE('',#9272,#9670);
#9670 = DEFINITIONAL_REPRESENTATION('',(#9671),#9675);
#9671 = LINE('',#9672,#9673);
#9672 = CARTESIAN_POINT('',(0.519375,-0.280625));
#9673 = VECTOR('',#9674,1.);
#9674 = DIRECTION('',(0.,-1.));
#9675 = ( GEOMETRIC_REPRESENTATION_CONTEXT(2) 
PARAMETRIC_REPRESENTATION_CONTEXT() REPRESENTATION_CONTEXT('2D SPACE',''
  ) );
#9676 = PCURVE('',#9351,#9677);
#9677 = DEFINITIONAL_REPRESENTATION('',(#9678),#9682);
#9678 = LINE('',#9679,#9680);
#9679 = CARTESIAN_POINT('',(0.4,0.));
#9680 = VECTOR('',#9681,1.);
#9681 = DIRECTION('',(0.,1.));
#9682 = ( GEOMETRIC_REPRESENTATION_CONTEXT(2) 
PARAMETRIC_REPRESENTATION_CONTEXT() REPRESENTATION_CONTEXT('2D SPACE',''
  ) );
#9683 = ORIENTED_EDGE('',*,*,#9569,.F.);
#9684 = ADVANCED_FACE('',(#9685),#9433,.T.);
#9685 = FACE_BOUND('',#9686,.F.);
#9686 = EDGE_LOOP('',(#9687,#9715,#9716,#9717));
#9687 = ORIENTED_EDGE('',*,*,#9688,.T.);
#9688 = EDGE_CURVE('',#9689,#9392,#9691,.T.);
#9689 = VERTEX_POINT('',#9690);
#9690 = CARTESIAN_POINT('',(1.785,-2.5,0.));
#9691 = SURFACE_CURVE('',#9692,(#9697,#9704),.PCURVE_S1.);
#9692 = CIRCLE('',#9693,8.E-02);
#9693 = AXIS2_PLACEMENT_3D('',#9694,#9695,#9696);
#9694 = CARTESIAN_POINT('',(1.785,-2.42,0.));
#9695 = DIRECTION('',(-0.,-0.,-1.));
#9696 = DIRECTION('',(0.,-1.,0.));
#9697 = PCURVE('',#9433,#9698);
#9698 = DEFINITIONAL_REPRESENTATION('',(#9699),#9703);
#9699 = LINE('',#9700,#9701);
#9700 = CARTESIAN_POINT('',(-0.,0.));
#9701 = VECTOR('',#9702,1.);
#9702 = DIRECTION('',(-1.,0.));
#9703 = ( GEOMETRIC_REPRESENTATION_CONTEXT(2) 
PARAMETRIC_REPRESENTATION_CONTEXT() REPRESENTATION_CONTEXT('2D SPACE',''
  ) );
#9704 = PCURVE('',#9407,#9705);
#9705 = DEFINITIONAL_REPRESENTATION('',(#9706),#9714);
#9706 = ( BOUNDED_CURVE() B_SPLINE_CURVE(2,(#9707,#9708,#9709,#9710,
#9711,#9712,#9713),.UNSPECIFIED.,.T.,.F.) B_SPLINE_CURVE_WITH_KNOTS((1,2
    ,2,2,2,1),(-2.094395102393,0.,2.094395102393,4.188790204786,
6.28318530718,8.377580409573),.UNSPECIFIED.) CURVE() 
GEOMETRIC_REPRESENTATION_ITEM() RATIONAL_B_SPLINE_CURVE((1.,0.5,1.,0.5,
1.,0.5,1.)) REPRESENTATION_ITEM('') );
#9707 = CARTESIAN_POINT('',(8.E-02,6.938893903907E-17));
#9708 = CARTESIAN_POINT('',(-5.856406460551E-02,6.938893903907E-17));
#9709 = CARTESIAN_POINT('',(1.071796769724E-02,0.12));
#9710 = CARTESIAN_POINT('',(8.E-02,0.24));
#9711 = CARTESIAN_POINT('',(0.149282032303,0.12));
#9712 = CARTESIAN_POINT('',(0.218564064606,1.942890293094E-16));
#9713 = CARTESIAN_POINT('',(8.E-02,6.938893903907E-17));
#9714 = ( GEOMETRIC_REPRESENTATION_CONTEXT(2) 
PARAMETRIC_REPRESENTATION_CONTEXT() REPRESENTATION_CONTEXT('2D SPACE',''
  ) );
#9715 = ORIENTED_EDGE('',*,*,#9419,.T.);
#9716 = ORIENTED_EDGE('',*,*,#9448,.T.);
#9717 = ORIENTED_EDGE('',*,*,#9718,.F.);
#9718 = EDGE_CURVE('',#9689,#9449,#9719,.T.);
#9719 = SURFACE_CURVE('',#9720,(#9724,#9731),.PCURVE_S1.);
#9720 = LINE('',#9721,#9722);
#9721 = CARTESIAN_POINT('',(1.785,-2.5,0.));
#9722 = VECTOR('',#9723,1.);
#9723 = DIRECTION('',(0.,0.,1.));
#9724 = PCURVE('',#9433,#9725);
#9725 = DEFINITIONAL_REPRESENTATION('',(#9726),#9730);
#9726 = LINE('',#9727,#9728);
#9727 = CARTESIAN_POINT('',(-0.,0.));
#9728 = VECTOR('',#9729,1.);
#9729 = DIRECTION('',(-0.,1.));
#9730 = ( GEOMETRIC_REPRESENTATION_CONTEXT(2) 
PARAMETRIC_REPRESENTATION_CONTEXT() REPRESENTATION_CONTEXT('2D SPACE',''
  ) );
#9731 = PCURVE('',#9494,#9732);
#9732 = DEFINITIONAL_REPRESENTATION('',(#9733),#9737);
#9733 = LINE('',#9734,#9735);
#9734 = CARTESIAN_POINT('',(0.,8.E-02));
#9735 = VECTOR('',#9736,1.);
#9736 = DIRECTION('',(1.,0.));
#9737 = ( GEOMETRIC_REPRESENTATION_CONTEXT(2) 
PARAMETRIC_REPRESENTATION_CONTEXT() REPRESENTATION_CONTEXT('2D SPACE',''
  ) );
#9738 = ADVANCED_FACE('',(#9739),#9407,.F.);
#9739 = FACE_BOUND('',#9740,.F.);
#9740 = EDGE_LOOP('',(#9741,#9742,#9743,#9766,#9788,#9789));
#9741 = ORIENTED_EDGE('',*,*,#9391,.F.);
#9742 = ORIENTED_EDGE('',*,*,#9688,.F.);
#9743 = ORIENTED_EDGE('',*,*,#9744,.T.);
#9744 = EDGE_CURVE('',#9689,#9745,#9747,.T.);
#9745 = VERTEX_POINT('',#9746);
#9746 = CARTESIAN_POINT('',(2.025,-2.5,0.));
#9747 = SURFACE_CURVE('',#9748,(#9752,#9759),.PCURVE_S1.);
#9748 = LINE('',#9749,#9750);
#9749 = CARTESIAN_POINT('',(1.705,-2.5,0.));
#9750 = VECTOR('',#9751,1.);
#9751 = DIRECTION('',(1.,0.,-0.));
#9752 = PCURVE('',#9407,#9753);
#9753 = DEFINITIONAL_REPRESENTATION('',(#9754),#9758);
#9754 = LINE('',#9755,#9756);
#9755 = CARTESIAN_POINT('',(0.,0.));
#9756 = VECTOR('',#9757,1.);
#9757 = DIRECTION('',(1.,0.));
#9758 = ( GEOMETRIC_REPRESENTATION_CONTEXT(2) 
PARAMETRIC_REPRESENTATION_CONTEXT() REPRESENTATION_CONTEXT('2D SPACE',''
  ) );
#9759 = PCURVE('',#9494,#9760);
#9760 = DEFINITIONAL_REPRESENTATION('',(#9761),#9765);
#9761 = LINE('',#9762,#9763);
#9762 = CARTESIAN_POINT('',(0.,0.));
#9763 = VECTOR('',#9764,1.);
#9764 = DIRECTION('',(0.,1.));
#9765 = ( GEOMETRIC_REPRESENTATION_CONTEXT(2) 
PARAMETRIC_REPRESENTATION_CONTEXT() REPRESENTATION_CONTEXT('2D SPACE',''
  ) );
#9766 = ORIENTED_EDGE('',*,*,#9767,.T.);
#9767 = EDGE_CURVE('',#9745,#9595,#9768,.T.);
#9768 = SURFACE_CURVE('',#9769,(#9774,#9781),.PCURVE_S1.);
#9769 = CIRCLE('',#9770,8.E-02);
#9770 = AXIS2_PLACEMENT_3D('',#9771,#9772,#9773);
#9771 = CARTESIAN_POINT('',(2.025,-2.42,0.));
#9772 = DIRECTION('',(0.,0.,1.));
#9773 = DIRECTION('',(0.,-1.,0.));
#9774 = PCURVE('',#9407,#9775);
#9775 = DEFINITIONAL_REPRESENTATION('',(#9776),#9780);
#9776 = CIRCLE('',#9777,8.E-02);
#9777 = AXIS2_PLACEMENT_2D('',#9778,#9779);
#9778 = CARTESIAN_POINT('',(0.32,8.E-02));
#9779 = DIRECTION('',(0.,-1.));
#9780 = ( GEOMETRIC_REPRESENTATION_CONTEXT(2) 
PARAMETRIC_REPRESENTATION_CONTEXT() REPRESENTATION_CONTEXT('2D SPACE',''
  ) );
#9781 = PCURVE('',#9524,#9782);
#9782 = DEFINITIONAL_REPRESENTATION('',(#9783),#9787);
#9783 = LINE('',#9784,#9785);
#9784 = CARTESIAN_POINT('',(0.,0.));
#9785 = VECTOR('',#9786,1.);
#9786 = DIRECTION('',(1.,0.));
#9787 = ( GEOMETRIC_REPRESENTATION_CONTEXT(2) 
PARAMETRIC_REPRESENTATION_CONTEXT() REPRESENTATION_CONTEXT('2D SPACE',''
  ) );
#9788 = ORIENTED_EDGE('',*,*,#9617,.T.);
#9789 = ORIENTED_EDGE('',*,*,#9790,.F.);
#9790 = EDGE_CURVE('',#9364,#9618,#9791,.T.);
#9791 = SURFACE_CURVE('',#9792,(#9796,#9803),.PCURVE_S1.);
#9792 = LINE('',#9793,#9794);
#9793 = CARTESIAN_POINT('',(1.705,-1.25,0.));
#9794 = VECTOR('',#9795,1.);
#9795 = DIRECTION('',(1.,0.,-0.));
#9796 = PCURVE('',#9407,#9797);
#9797 = DEFINITIONAL_REPRESENTATION('',(#9798),#9802);
#9798 = LINE('',#9799,#9800);
#9799 = CARTESIAN_POINT('',(0.,1.25));
#9800 = VECTOR('',#9801,1.);
#9801 = DIRECTION('',(1.,0.));
#9802 = ( GEOMETRIC_REPRESENTATION_CONTEXT(2) 
PARAMETRIC_REPRESENTATION_CONTEXT() REPRESENTATION_CONTEXT('2D SPACE',''
  ) );
#9803 = PCURVE('',#9379,#9804);
#9804 = DEFINITIONAL_REPRESENTATION('',(#9805),#9809);
#9805 = LINE('',#9806,#9807);
#9806 = CARTESIAN_POINT('',(-0.375,-0.2));
#9807 = VECTOR('',#9808,1.);
#9808 = DIRECTION('',(0.,1.));
#9809 = ( GEOMETRIC_REPRESENTATION_CONTEXT(2) 
PARAMETRIC_REPRESENTATION_CONTEXT() REPRESENTATION_CONTEXT('2D SPACE',''
  ) );
#9810 = ADVANCED_FACE('',(#9811),#9351,.T.);
#9811 = FACE_BOUND('',#9812,.T.);
#9812 = EDGE_LOOP('',(#9813,#9814,#9815,#9816));
#9813 = ORIENTED_EDGE('',*,*,#9335,.F.);
#9814 = ORIENTED_EDGE('',*,*,#9546,.T.);
#9815 = ORIENTED_EDGE('',*,*,#9663,.T.);
#9816 = ORIENTED_EDGE('',*,*,#9817,.F.);
#9817 = EDGE_CURVE('',#9336,#9641,#9818,.T.);
#9818 = SURFACE_CURVE('',#9819,(#9823,#9830),.PCURVE_S1.);
#9819 = LINE('',#9820,#9821);
#9820 = CARTESIAN_POINT('',(1.705,-1.25,0.75));
#9821 = VECTOR('',#9822,1.);
#9822 = DIRECTION('',(1.,0.,-0.));
#9823 = PCURVE('',#9351,#9824);
#9824 = DEFINITIONAL_REPRESENTATION('',(#9825),#9829);
#9825 = LINE('',#9826,#9827);
#9826 = CARTESIAN_POINT('',(0.,0.2));
#9827 = VECTOR('',#9828,1.);
#9828 = DIRECTION('',(1.,0.));
#9829 = ( GEOMETRIC_REPRESENTATION_CONTEXT(2) 
PARAMETRIC_REPRESENTATION_CONTEXT() REPRESENTATION_CONTEXT('2D SPACE',''
  ) );
#9830 = PCURVE('',#9379,#9831);
#9831 = DEFINITIONAL_REPRESENTATION('',(#9832),#9836);
#9832 = LINE('',#9833,#9834);
#9833 = CARTESIAN_POINT('',(0.375,-0.2));
#9834 = VECTOR('',#9835,1.);
#9835 = DIRECTION('',(0.,1.));
#9836 = ( GEOMETRIC_REPRESENTATION_CONTEXT(2) 
PARAMETRIC_REPRESENTATION_CONTEXT() REPRESENTATION_CONTEXT('2D SPACE',''
  ) );
#9837 = ADVANCED_FACE('',(#9838),#9379,.T.);
#9838 = FACE_BOUND('',#9839,.T.);
#9839 = EDGE_LOOP('',(#9840,#9841,#9842,#9843));
#9840 = ORIENTED_EDGE('',*,*,#9790,.F.);
#9841 = ORIENTED_EDGE('',*,*,#9363,.T.);
#9842 = ORIENTED_EDGE('',*,*,#9817,.T.);
#9843 = ORIENTED_EDGE('',*,*,#9640,.F.);
#9844 = ADVANCED_FACE('',(#9845),#9494,.F.);
#9845 = FACE_BOUND('',#9846,.F.);
#9846 = EDGE_LOOP('',(#9847,#9848,#9849,#9850));
#9847 = ORIENTED_EDGE('',*,*,#9744,.F.);
#9848 = ORIENTED_EDGE('',*,*,#9718,.T.);
#9849 = ORIENTED_EDGE('',*,*,#9478,.T.);
#9850 = ORIENTED_EDGE('',*,*,#9851,.F.);
#9851 = EDGE_CURVE('',#9745,#9479,#9852,.T.);
#9852 = SURFACE_CURVE('',#9853,(#9857,#9864),.PCURVE_S1.);
#9853 = LINE('',#9854,#9855);
#9854 = CARTESIAN_POINT('',(2.025,-2.5,0.));
#9855 = VECTOR('',#9856,1.);
#9856 = DIRECTION('',(0.,0.,1.));
#9857 = PCURVE('',#9494,#9858);
#9858 = DEFINITIONAL_REPRESENTATION('',(#9859),#9863);
#9859 = LINE('',#9860,#9861);
#9860 = CARTESIAN_POINT('',(0.,0.32));
#9861 = VECTOR('',#9862,1.);
#9862 = DIRECTION('',(1.,0.));
#9863 = ( GEOMETRIC_REPRESENTATION_CONTEXT(2) 
PARAMETRIC_REPRESENTATION_CONTEXT() REPRESENTATION_CONTEXT('2D SPACE',''
  ) );
#9864 = PCURVE('',#9524,#9865);
#9865 = DEFINITIONAL_REPRESENTATION('',(#9866),#9870);
#9866 = LINE('',#9867,#9868);
#9867 = CARTESIAN_POINT('',(0.,0.));
#9868 = VECTOR('',#9869,1.);
#9869 = DIRECTION('',(0.,1.));
#9870 = ( GEOMETRIC_REPRESENTATION_CONTEXT(2) 
PARAMETRIC_REPRESENTATION_CONTEXT() REPRESENTATION_CONTEXT('2D SPACE',''
  ) );
#9871 = ADVANCED_FACE('',(#9872),#9524,.T.);
#9872 = FACE_BOUND('',#9873,.T.);
#9873 = EDGE_LOOP('',(#9874,#9875,#9876,#9877));
#9874 = ORIENTED_EDGE('',*,*,#9767,.T.);
#9875 = ORIENTED_EDGE('',*,*,#9594,.T.);
#9876 = ORIENTED_EDGE('',*,*,#9506,.T.);
#9877 = ORIENTED_EDGE('',*,*,#9851,.F.);
#9878 = MANIFOLD_SOLID_BREP('',#9879);
#9879 = CLOSED_SHELL('',(#9880,#9998,#10135,#10231,#10280,#10375,#10425,
    #10501,#10528,#10535,#10562));
#9880 = ADVANCED_FACE('',(#9881),#9895,.T.);
#9881 = FACE_BOUND('',#9882,.T.);
#9882 = EDGE_LOOP('',(#9883,#9918,#9944,#9972));
#9883 = ORIENTED_EDGE('',*,*,#9884,.F.);
#9884 = EDGE_CURVE('',#9885,#9887,#9889,.T.);
#9885 = VERTEX_POINT('',#9886);
#9886 = CARTESIAN_POINT('',(1.705,1.45,0.2));
#9887 = VERTEX_POINT('',#9888);
#9888 = CARTESIAN_POINT('',(1.705,2.42,0.2));
#9889 = SURFACE_CURVE('',#9890,(#9894,#9906),.PCURVE_S1.);
#9890 = LINE('',#9891,#9892);
#9891 = CARTESIAN_POINT('',(1.705,1.25,0.2));
#9892 = VECTOR('',#9893,1.);
#9893 = DIRECTION('',(-0.,1.,0.));
#9894 = PCURVE('',#9895,#9900);
#9895 = PLANE('',#9896);
#9896 = AXIS2_PLACEMENT_3D('',#9897,#9898,#9899);
#9897 = CARTESIAN_POINT('',(1.705,1.25,0.2));
#9898 = DIRECTION('',(0.,0.,1.));
#9899 = DIRECTION('',(1.,0.,-0.));
#9900 = DEFINITIONAL_REPRESENTATION('',(#9901),#9905);
#9901 = LINE('',#9902,#9903);
#9902 = CARTESIAN_POINT('',(0.,0.));
#9903 = VECTOR('',#9904,1.);
#9904 = DIRECTION('',(0.,1.));
#9905 = ( GEOMETRIC_REPRESENTATION_CONTEXT(2) 
PARAMETRIC_REPRESENTATION_CONTEXT() REPRESENTATION_CONTEXT('2D SPACE',''
  ) );
#9906 = PCURVE('',#9907,#9912);
#9907 = PLANE('',#9908);
#9908 = AXIS2_PLACEMENT_3D('',#9909,#9910,#9911);
#9909 = CARTESIAN_POINT('',(1.705,1.730625,0.230625));
#9910 = DIRECTION('',(-1.,-0.,-0.));
#9911 = DIRECTION('',(0.,0.,-1.));
#9912 = DEFINITIONAL_REPRESENTATION('',(#9913),#9917);
#9913 = LINE('',#9914,#9915);
#9914 = CARTESIAN_POINT('',(3.0625E-02,0.480625));
#9915 = VECTOR('',#9916,1.);
#9916 = DIRECTION('',(0.,-1.));
#9917 = ( GEOMETRIC_REPRESENTATION_CONTEXT(2) 
PARAMETRIC_REPRESENTATION_CONTEXT() REPRESENTATION_CONTEXT('2D SPACE',''
  ) );
#9918 = ORIENTED_EDGE('',*,*,#9919,.F.);
#9919 = EDGE_CURVE('',#9920,#9885,#9922,.T.);
#9920 = VERTEX_POINT('',#9921);
#9921 = CARTESIAN_POINT('',(2.105,1.45,0.2));
#9922 = SURFACE_CURVE('',#9923,(#9927,#9933),.PCURVE_S1.);
#9923 = LINE('',#9924,#9925);
#9924 = CARTESIAN_POINT('',(1.705,1.45,0.2));
#9925 = VECTOR('',#9926,1.);
#9926 = DIRECTION('',(-1.,-0.,0.));
#9927 = PCURVE('',#9895,#9928);
#9928 = DEFINITIONAL_REPRESENTATION('',(#9929),#9932);
#9929 = B_SPLINE_CURVE_WITH_KNOTS('',1,(#9930,#9931),.UNSPECIFIED.,.F.,
  .F.,(2,2),(-0.4,0.),.PIECEWISE_BEZIER_KNOTS.);
#9930 = CARTESIAN_POINT('',(0.4,0.2));
#9931 = CARTESIAN_POINT('',(0.,0.2));
#9932 = ( GEOMETRIC_REPRESENTATION_CONTEXT(2) 
PARAMETRIC_REPRESENTATION_CONTEXT() REPRESENTATION_CONTEXT('2D SPACE',''
  ) );
#9933 = PCURVE('',#9934,#9939);
#9934 = PLANE('',#9935);
#9935 = AXIS2_PLACEMENT_3D('',#9936,#9937,#9938);
#9936 = CARTESIAN_POINT('',(1.705,1.45,0.));
#9937 = DIRECTION('',(-0.,1.,0.));
#9938 = DIRECTION('',(0.,0.,1.));
#9939 = DEFINITIONAL_REPRESENTATION('',(#9940),#9943);
#9940 = B_SPLINE_CURVE_WITH_KNOTS('',1,(#9941,#9942),.UNSPECIFIED.,.F.,
  .F.,(2,2),(-0.4,0.),.PIECEWISE_BEZIER_KNOTS.);
#9941 = CARTESIAN_POINT('',(0.2,0.4));
#9942 = CARTESIAN_POINT('',(0.2,0.));
#9943 = ( GEOMETRIC_REPRESENTATION_CONTEXT(2) 
PARAMETRIC_REPRESENTATION_CONTEXT() REPRESENTATION_CONTEXT('2D SPACE',''
  ) );
#9944 = ORIENTED_EDGE('',*,*,#9945,.T.);
#9945 = EDGE_CURVE('',#9920,#9946,#9948,.T.);
#9946 = VERTEX_POINT('',#9947);
#9947 = CARTESIAN_POINT('',(2.105,2.42,0.2));
#9948 = SURFACE_CURVE('',#9949,(#9953,#9960),.PCURVE_S1.);
#9949 = LINE('',#9950,#9951);
#9950 = CARTESIAN_POINT('',(2.105,1.25,0.2));
#9951 = VECTOR('',#9952,1.);
#9952 = DIRECTION('',(-0.,1.,0.));
#9953 = PCURVE('',#9895,#9954);
#9954 = DEFINITIONAL_REPRESENTATION('',(#9955),#9959);
#9955 = LINE('',#9956,#9957);
#9956 = CARTESIAN_POINT('',(0.4,0.));
#9957 = VECTOR('',#9958,1.);
#9958 = DIRECTION('',(0.,1.));
#9959 = ( GEOMETRIC_REPRESENTATION_CONTEXT(2) 
PARAMETRIC_REPRESENTATION_CONTEXT() REPRESENTATION_CONTEXT('2D SPACE',''
  ) );
#9960 = PCURVE('',#9961,#9966);
#9961 = PLANE('',#9962);
#9962 = AXIS2_PLACEMENT_3D('',#9963,#9964,#9965);
#9963 = CARTESIAN_POINT('',(2.105,1.730625,0.230625));
#9964 = DIRECTION('',(1.,0.,0.));
#9965 = DIRECTION('',(-0.,0.,1.));
#9966 = DEFINITIONAL_REPRESENTATION('',(#9967),#9971);
#9967 = LINE('',#9968,#9969);
#9968 = CARTESIAN_POINT('',(-3.0625E-02,0.480625));
#9969 = VECTOR('',#9970,1.);
#9970 = DIRECTION('',(0.,-1.));
#9971 = ( GEOMETRIC_REPRESENTATION_CONTEXT(2) 
PARAMETRIC_REPRESENTATION_CONTEXT() REPRESENTATION_CONTEXT('2D SPACE',''
  ) );
#9972 = ORIENTED_EDGE('',*,*,#9973,.F.);
#9973 = EDGE_CURVE('',#9887,#9946,#9974,.T.);
#9974 = SURFACE_CURVE('',#9975,(#9979,#9986),.PCURVE_S1.);
#9975 = LINE('',#9976,#9977);
#9976 = CARTESIAN_POINT('',(1.705,2.42,0.2));
#9977 = VECTOR('',#9978,1.);
#9978 = DIRECTION('',(1.,0.,-0.));
#9979 = PCURVE('',#9895,#9980);
#9980 = DEFINITIONAL_REPRESENTATION('',(#9981),#9985);
#9981 = LINE('',#9982,#9983);
#9982 = CARTESIAN_POINT('',(0.,1.17));
#9983 = VECTOR('',#9984,1.);
#9984 = DIRECTION('',(1.,0.));
#9985 = ( GEOMETRIC_REPRESENTATION_CONTEXT(2) 
PARAMETRIC_REPRESENTATION_CONTEXT() REPRESENTATION_CONTEXT('2D SPACE',''
  ) );
#9986 = PCURVE('',#9987,#9992);
#9987 = CYLINDRICAL_SURFACE('',#9988,8.E-02);
#9988 = AXIS2_PLACEMENT_3D('',#9989,#9990,#9991);
#9989 = CARTESIAN_POINT('',(1.705,2.42,0.12));
#9990 = DIRECTION('',(1.,0.,-0.));
#9991 = DIRECTION('',(0.,0.,1.));
#9992 = DEFINITIONAL_REPRESENTATION('',(#9993),#9997);
#9993 = LINE('',#9994,#9995);
#9994 = CARTESIAN_POINT('',(-0.,0.));
#9995 = VECTOR('',#9996,1.);
#9996 = DIRECTION('',(-0.,1.));
#9997 = ( GEOMETRIC_REPRESENTATION_CONTEXT(2) 
PARAMETRIC_REPRESENTATION_CONTEXT() REPRESENTATION_CONTEXT('2D SPACE',''
  ) );
#9998 = ADVANCED_FACE('',(#9999),#9907,.T.);
#9999 = FACE_BOUND('',#10000,.T.);
#10000 = EDGE_LOOP('',(#10001,#10002,#10030,#10058,#10086,#10114));
#10001 = ORIENTED_EDGE('',*,*,#9884,.T.);
#10002 = ORIENTED_EDGE('',*,*,#10003,.F.);
#10003 = EDGE_CURVE('',#10004,#9887,#10006,.T.);
#10004 = VERTEX_POINT('',#10005);
#10005 = CARTESIAN_POINT('',(1.705,2.42,0.));
#10006 = SURFACE_CURVE('',#10007,(#10011,#10018),.PCURVE_S1.);
#10007 = LINE('',#10008,#10009);
#10008 = CARTESIAN_POINT('',(1.705,2.42,0.));
#10009 = VECTOR('',#10010,1.);
#10010 = DIRECTION('',(0.,0.,1.));
#10011 = PCURVE('',#9907,#10012);
#10012 = DEFINITIONAL_REPRESENTATION('',(#10013),#10017);
#10013 = LINE('',#10014,#10015);
#10014 = CARTESIAN_POINT('',(0.230625,-0.689375));
#10015 = VECTOR('',#10016,1.);
#10016 = DIRECTION('',(-1.,0.));
#10017 = ( GEOMETRIC_REPRESENTATION_CONTEXT(2) 
PARAMETRIC_REPRESENTATION_CONTEXT() REPRESENTATION_CONTEXT('2D SPACE',''
  ) );
#10018 = PCURVE('',#10019,#10024);
#10019 = CYLINDRICAL_SURFACE('',#10020,8.E-02);
#10020 = AXIS2_PLACEMENT_3D('',#10021,#10022,#10023);
#10021 = CARTESIAN_POINT('',(1.785,2.42,0.));
#10022 = DIRECTION('',(0.,0.,1.));
#10023 = DIRECTION('',(-0.,1.,0.));
#10024 = DEFINITIONAL_REPRESENTATION('',(#10025),#10029);
#10025 = LINE('',#10026,#10027);
#10026 = CARTESIAN_POINT('',(1.570796326795,0.));
#10027 = VECTOR('',#10028,1.);
#10028 = DIRECTION('',(0.,1.));
#10029 = ( GEOMETRIC_REPRESENTATION_CONTEXT(2) 
PARAMETRIC_REPRESENTATION_CONTEXT() REPRESENTATION_CONTEXT('2D SPACE',''
  ) );
#10030 = ORIENTED_EDGE('',*,*,#10031,.F.);
#10031 = EDGE_CURVE('',#10032,#10004,#10034,.T.);
#10032 = VERTEX_POINT('',#10033);
#10033 = CARTESIAN_POINT('',(1.705,1.25,0.));
#10034 = SURFACE_CURVE('',#10035,(#10039,#10046),.PCURVE_S1.);
#10035 = LINE('',#10036,#10037);
#10036 = CARTESIAN_POINT('',(1.705,1.25,0.));
#10037 = VECTOR('',#10038,1.);
#10038 = DIRECTION('',(-0.,1.,0.));
#10039 = PCURVE('',#9907,#10040);
#10040 = DEFINITIONAL_REPRESENTATION('',(#10041),#10045);
#10041 = LINE('',#10042,#10043);
#10042 = CARTESIAN_POINT('',(0.230625,0.480625));
#10043 = VECTOR('',#10044,1.);
#10044 = DIRECTION('',(0.,-1.));
#10045 = ( GEOMETRIC_REPRESENTATION_CONTEXT(2) 
PARAMETRIC_REPRESENTATION_CONTEXT() REPRESENTATION_CONTEXT('2D SPACE',''
  ) );
#10046 = PCURVE('',#10047,#10052);
#10047 = PLANE('',#10048);
#10048 = AXIS2_PLACEMENT_3D('',#10049,#10050,#10051);
#10049 = CARTESIAN_POINT('',(1.705,1.25,0.));
#10050 = DIRECTION('',(0.,0.,1.));
#10051 = DIRECTION('',(1.,0.,-0.));
#10052 = DEFINITIONAL_REPRESENTATION('',(#10053),#10057);
#10053 = LINE('',#10054,#10055);
#10054 = CARTESIAN_POINT('',(0.,0.));
#10055 = VECTOR('',#10056,1.);
#10056 = DIRECTION('',(0.,1.));
#10057 = ( GEOMETRIC_REPRESENTATION_CONTEXT(2) 
PARAMETRIC_REPRESENTATION_CONTEXT() REPRESENTATION_CONTEXT('2D SPACE',''
  ) );
#10058 = ORIENTED_EDGE('',*,*,#10059,.T.);
#10059 = EDGE_CURVE('',#10032,#10060,#10062,.T.);
#10060 = VERTEX_POINT('',#10061);
#10061 = CARTESIAN_POINT('',(1.705,1.25,0.75));
#10062 = SURFACE_CURVE('',#10063,(#10067,#10074),.PCURVE_S1.);
#10063 = LINE('',#10064,#10065);
#10064 = CARTESIAN_POINT('',(1.705,1.25,0.));
#10065 = VECTOR('',#10066,1.);
#10066 = DIRECTION('',(0.,0.,1.));
#10067 = PCURVE('',#9907,#10068);
#10068 = DEFINITIONAL_REPRESENTATION('',(#10069),#10073);
#10069 = LINE('',#10070,#10071);
#10070 = CARTESIAN_POINT('',(0.230625,0.480625));
#10071 = VECTOR('',#10072,1.);
#10072 = DIRECTION('',(-1.,0.));
#10073 = ( GEOMETRIC_REPRESENTATION_CONTEXT(2) 
PARAMETRIC_REPRESENTATION_CONTEXT() REPRESENTATION_CONTEXT('2D SPACE',''
  ) );
#10074 = PCURVE('',#10075,#10080);
#10075 = PLANE('',#10076);
#10076 = AXIS2_PLACEMENT_3D('',#10077,#10078,#10079);
#10077 = CARTESIAN_POINT('',(1.905,1.25,0.375));
#10078 = DIRECTION('',(-0.,-1.,-0.));
#10079 = DIRECTION('',(0.,0.,-1.));
#10080 = DEFINITIONAL_REPRESENTATION('',(#10081),#10085);
#10081 = LINE('',#10082,#10083);
#10082 = CARTESIAN_POINT('',(0.375,-0.2));
#10083 = VECTOR('',#10084,1.);
#10084 = DIRECTION('',(-1.,0.));
#10085 = ( GEOMETRIC_REPRESENTATION_CONTEXT(2) 
PARAMETRIC_REPRESENTATION_CONTEXT() REPRESENTATION_CONTEXT('2D SPACE',''
  ) );
#10086 = ORIENTED_EDGE('',*,*,#10087,.T.);
#10087 = EDGE_CURVE('',#10060,#10088,#10090,.T.);
#10088 = VERTEX_POINT('',#10089);
#10089 = CARTESIAN_POINT('',(1.705,1.45,0.75));
#10090 = SURFACE_CURVE('',#10091,(#10095,#10102),.PCURVE_S1.);
#10091 = LINE('',#10092,#10093);
#10092 = CARTESIAN_POINT('',(1.705,1.25,0.75));
#10093 = VECTOR('',#10094,1.);
#10094 = DIRECTION('',(-0.,1.,0.));
#10095 = PCURVE('',#9907,#10096);
#10096 = DEFINITIONAL_REPRESENTATION('',(#10097),#10101);
#10097 = LINE('',#10098,#10099);
#10098 = CARTESIAN_POINT('',(-0.519375,0.480625));
#10099 = VECTOR('',#10100,1.);
#10100 = DIRECTION('',(0.,-1.));
#10101 = ( GEOMETRIC_REPRESENTATION_CONTEXT(2) 
PARAMETRIC_REPRESENTATION_CONTEXT() REPRESENTATION_CONTEXT('2D SPACE',''
  ) );
#10102 = PCURVE('',#10103,#10108);
#10103 = PLANE('',#10104);
#10104 = AXIS2_PLACEMENT_3D('',#10105,#10106,#10107);
#10105 = CARTESIAN_POINT('',(1.705,1.25,0.75));
#10106 = DIRECTION('',(0.,0.,1.));
#10107 = DIRECTION('',(1.,0.,-0.));
#10108 = DEFINITIONAL_REPRESENTATION('',(#10109),#10113);
#10109 = LINE('',#10110,#10111);
#10110 = CARTESIAN_POINT('',(0.,0.));
#10111 = VECTOR('',#10112,1.);
#10112 = DIRECTION('',(0.,1.));
#10113 = ( GEOMETRIC_REPRESENTATION_CONTEXT(2) 
PARAMETRIC_REPRESENTATION_CONTEXT() REPRESENTATION_CONTEXT('2D SPACE',''
  ) );
#10114 = ORIENTED_EDGE('',*,*,#10115,.F.);
#10115 = EDGE_CURVE('',#9885,#10088,#10116,.T.);
#10116 = SURFACE_CURVE('',#10117,(#10121,#10128),.PCURVE_S1.);
#10117 = LINE('',#10118,#10119);
#10118 = CARTESIAN_POINT('',(1.705,1.45,0.));
#10119 = VECTOR('',#10120,1.);
#10120 = DIRECTION('',(0.,0.,1.));
#10121 = PCURVE('',#9907,#10122);
#10122 = DEFINITIONAL_REPRESENTATION('',(#10123),#10127);
#10123 = LINE('',#10124,#10125);
#10124 = CARTESIAN_POINT('',(0.230625,0.280625));
#10125 = VECTOR('',#10126,1.);
#10126 = DIRECTION('',(-1.,0.));
#10127 = ( GEOMETRIC_REPRESENTATION_CONTEXT(2) 
PARAMETRIC_REPRESENTATION_CONTEXT() REPRESENTATION_CONTEXT('2D SPACE',''
  ) );
#10128 = PCURVE('',#9934,#10129);
#10129 = DEFINITIONAL_REPRESENTATION('',(#10130),#10134);
#10130 = LINE('',#10131,#10132);
#10131 = CARTESIAN_POINT('',(0.,0.));
#10132 = VECTOR('',#10133,1.);
#10133 = DIRECTION('',(1.,0.));
#10134 = ( GEOMETRIC_REPRESENTATION_CONTEXT(2) 
PARAMETRIC_REPRESENTATION_CONTEXT() REPRESENTATION_CONTEXT('2D SPACE',''
  ) );
#10135 = ADVANCED_FACE('',(#10136),#9987,.T.);
#10136 = FACE_BOUND('',#10137,.F.);
#10137 = EDGE_LOOP('',(#10138,#10168,#10196,#10230));
#10138 = ORIENTED_EDGE('',*,*,#10139,.T.);
#10139 = EDGE_CURVE('',#9887,#10140,#10142,.T.);
#10140 = VERTEX_POINT('',#10141);
#10141 = CARTESIAN_POINT('',(1.785,2.5,0.12));
#10142 = SURFACE_CURVE('',#10143,(#10148,#10158),.PCURVE_S1.);
#10143 = ELLIPSE('',#10144,0.11313708499,8.E-02);
#10144 = AXIS2_PLACEMENT_3D('',#10145,#10146,#10147);
#10145 = CARTESIAN_POINT('',(1.785,2.42,0.12));
#10146 = DIRECTION('',(-0.707106781187,-0.,-0.707106781187));
#10147 = DIRECTION('',(0.707106781187,0.,-0.707106781187));
#10148 = PCURVE('',#9987,#10149);
#10149 = DEFINITIONAL_REPRESENTATION('',(#10150),#10157);
#10150 = B_SPLINE_CURVE_WITH_KNOTS('',5,(#10151,#10152,#10153,#10154,
    #10155,#10156),.UNSPECIFIED.,.F.,.F.,(6,6),(3.14159265359,
    4.712388980385),.PIECEWISE_BEZIER_KNOTS.);
#10151 = CARTESIAN_POINT('',(0.,-2.25514051877E-16));
#10152 = CARTESIAN_POINT('',(-0.314159265359,-2.859007636081E-16));
#10153 = CARTESIAN_POINT('',(-0.628307393518,9.840342737674E-03));
#10154 = CARTESIAN_POINT('',(-0.94247613495,2.971305034234E-02));
#10155 = CARTESIAN_POINT('',(-1.256637061436,5.486725877128E-02));
#10156 = CARTESIAN_POINT('',(-1.570796326795,8.E-02));
#10157 = ( GEOMETRIC_REPRESENTATION_CONTEXT(2) 
PARAMETRIC_REPRESENTATION_CONTEXT() REPRESENTATION_CONTEXT('2D SPACE',''
  ) );
#10158 = PCURVE('',#10019,#10159);
#10159 = DEFINITIONAL_REPRESENTATION('',(#10160),#10167);
#10160 = B_SPLINE_CURVE_WITH_KNOTS('',5,(#10161,#10162,#10163,#10164,
    #10165,#10166),.UNSPECIFIED.,.F.,.F.,(6,6),(3.14159265359,
    4.712388980385),.PIECEWISE_BEZIER_KNOTS.);
#10161 = CARTESIAN_POINT('',(1.570796326795,0.2));
#10162 = CARTESIAN_POINT('',(1.256637061436,0.2));
#10163 = CARTESIAN_POINT('',(0.942488933277,0.190159657262));
#10164 = CARTESIAN_POINT('',(0.628320191845,0.170286949658));
#10165 = CARTESIAN_POINT('',(0.314159265359,0.145132741229));
#10166 = CARTESIAN_POINT('',(1.110223024625E-16,0.12));
#10167 = ( GEOMETRIC_REPRESENTATION_CONTEXT(2) 
PARAMETRIC_REPRESENTATION_CONTEXT() REPRESENTATION_CONTEXT('2D SPACE',''
  ) );
#10168 = ORIENTED_EDGE('',*,*,#10169,.T.);
#10169 = EDGE_CURVE('',#10140,#10170,#10172,.T.);
#10170 = VERTEX_POINT('',#10171);
#10171 = CARTESIAN_POINT('',(2.025,2.5,0.12));
#10172 = SURFACE_CURVE('',#10173,(#10177,#10184),.PCURVE_S1.);
#10173 = LINE('',#10174,#10175);
#10174 = CARTESIAN_POINT('',(1.705,2.5,0.12));
#10175 = VECTOR('',#10176,1.);
#10176 = DIRECTION('',(1.,0.,-0.));
#10177 = PCURVE('',#9987,#10178);
#10178 = DEFINITIONAL_REPRESENTATION('',(#10179),#10183);
#10179 = LINE('',#10180,#10181);
#10180 = CARTESIAN_POINT('',(-1.570796326795,0.));
#10181 = VECTOR('',#10182,1.);
#10182 = DIRECTION('',(-0.,1.));
#10183 = ( GEOMETRIC_REPRESENTATION_CONTEXT(2) 
PARAMETRIC_REPRESENTATION_CONTEXT() REPRESENTATION_CONTEXT('2D SPACE',''
  ) );
#10184 = PCURVE('',#10185,#10190);
#10185 = PLANE('',#10186);
#10186 = AXIS2_PLACEMENT_3D('',#10187,#10188,#10189);
#10187 = CARTESIAN_POINT('',(1.705,2.5,0.));
#10188 = DIRECTION('',(-0.,1.,0.));
#10189 = DIRECTION('',(0.,0.,1.));
#10190 = DEFINITIONAL_REPRESENTATION('',(#10191),#10195);
#10191 = LINE('',#10192,#10193);
#10192 = CARTESIAN_POINT('',(0.12,0.));
#10193 = VECTOR('',#10194,1.);
#10194 = DIRECTION('',(0.,1.));
#10195 = ( GEOMETRIC_REPRESENTATION_CONTEXT(2) 
PARAMETRIC_REPRESENTATION_CONTEXT() REPRESENTATION_CONTEXT('2D SPACE',''
  ) );
#10196 = ORIENTED_EDGE('',*,*,#10197,.F.);
#10197 = EDGE_CURVE('',#9946,#10170,#10198,.T.);
#10198 = SURFACE_CURVE('',#10199,(#10204,#10214),.PCURVE_S1.);
#10199 = ELLIPSE('',#10200,0.11313708499,8.E-02);
#10200 = AXIS2_PLACEMENT_3D('',#10201,#10202,#10203);
#10201 = CARTESIAN_POINT('',(2.025,2.42,0.12));
#10202 = DIRECTION('',(-0.707106781187,-0.,0.707106781187));
#10203 = DIRECTION('',(0.707106781187,0.,0.707106781187));
#10204 = PCURVE('',#9987,#10205);
#10205 = DEFINITIONAL_REPRESENTATION('',(#10206),#10213);
#10206 = B_SPLINE_CURVE_WITH_KNOTS('',5,(#10207,#10208,#10209,#10210,
    #10211,#10212),.UNSPECIFIED.,.F.,.F.,(6,6),(0.,1.570796326795),
  .PIECEWISE_BEZIER_KNOTS.);
#10207 = CARTESIAN_POINT('',(0.,0.4));
#10208 = CARTESIAN_POINT('',(-0.314159265359,0.4));
#10209 = CARTESIAN_POINT('',(-0.628307393518,0.390159657262));
#10210 = CARTESIAN_POINT('',(-0.94247613495,0.370286949658));
#10211 = CARTESIAN_POINT('',(-1.256637061436,0.345132741229));
#10212 = CARTESIAN_POINT('',(-1.570796326795,0.32));
#10213 = ( GEOMETRIC_REPRESENTATION_CONTEXT(2) 
PARAMETRIC_REPRESENTATION_CONTEXT() REPRESENTATION_CONTEXT('2D SPACE',''
  ) );
#10214 = PCURVE('',#10215,#10220);
#10215 = CYLINDRICAL_SURFACE('',#10216,8.E-02);
#10216 = AXIS2_PLACEMENT_3D('',#10217,#10218,#10219);
#10217 = CARTESIAN_POINT('',(2.025,2.42,0.));
#10218 = DIRECTION('',(0.,0.,1.));
#10219 = DIRECTION('',(-0.,1.,0.));
#10220 = DEFINITIONAL_REPRESENTATION('',(#10221),#10229);
#10221 = B_SPLINE_CURVE_WITH_KNOTS('',6,(#10222,#10223,#10224,#10225,
    #10226,#10227,#10228),.UNSPECIFIED.,.F.,.F.,(7,7),(0.,1.570796326795
    ),.PIECEWISE_BEZIER_KNOTS.);
#10222 = CARTESIAN_POINT('',(-1.570796326795,0.2));
#10223 = CARTESIAN_POINT('',(-1.308996938996,0.2));
#10224 = CARTESIAN_POINT('',(-1.047198265554,0.193421690273));
#10225 = CARTESIAN_POINT('',(-0.785398087459,0.180255154837));
#10226 = CARTESIAN_POINT('',(-0.523598069222,0.161886263045));
#10227 = CARTESIAN_POINT('',(-0.261799387799,0.140943951024));
#10228 = CARTESIAN_POINT('',(0.,0.12));
#10229 = ( GEOMETRIC_REPRESENTATION_CONTEXT(2) 
PARAMETRIC_REPRESENTATION_CONTEXT() REPRESENTATION_CONTEXT('2D SPACE',''
  ) );
#10230 = ORIENTED_EDGE('',*,*,#9973,.F.);
#10231 = ADVANCED_FACE('',(#10232),#9934,.T.);
#10232 = FACE_BOUND('',#10233,.T.);
#10233 = EDGE_LOOP('',(#10234,#10235,#10236,#10259));
#10234 = ORIENTED_EDGE('',*,*,#9919,.T.);
#10235 = ORIENTED_EDGE('',*,*,#10115,.T.);
#10236 = ORIENTED_EDGE('',*,*,#10237,.T.);
#10237 = EDGE_CURVE('',#10088,#10238,#10240,.T.);
#10238 = VERTEX_POINT('',#10239);
#10239 = CARTESIAN_POINT('',(2.105,1.45,0.75));
#10240 = SURFACE_CURVE('',#10241,(#10245,#10252),.PCURVE_S1.);
#10241 = LINE('',#10242,#10243);
#10242 = CARTESIAN_POINT('',(1.705,1.45,0.75));
#10243 = VECTOR('',#10244,1.);
#10244 = DIRECTION('',(1.,0.,-0.));
#10245 = PCURVE('',#9934,#10246);
#10246 = DEFINITIONAL_REPRESENTATION('',(#10247),#10251);
#10247 = LINE('',#10248,#10249);
#10248 = CARTESIAN_POINT('',(0.75,0.));
#10249 = VECTOR('',#10250,1.);
#10250 = DIRECTION('',(0.,1.));
#10251 = ( GEOMETRIC_REPRESENTATION_CONTEXT(2) 
PARAMETRIC_REPRESENTATION_CONTEXT() REPRESENTATION_CONTEXT('2D SPACE',''
  ) );
#10252 = PCURVE('',#10103,#10253);
#10253 = DEFINITIONAL_REPRESENTATION('',(#10254),#10258);
#10254 = LINE('',#10255,#10256);
#10255 = CARTESIAN_POINT('',(0.,0.2));
#10256 = VECTOR('',#10257,1.);
#10257 = DIRECTION('',(1.,0.));
#10258 = ( GEOMETRIC_REPRESENTATION_CONTEXT(2) 
PARAMETRIC_REPRESENTATION_CONTEXT() REPRESENTATION_CONTEXT('2D SPACE',''
  ) );
#10259 = ORIENTED_EDGE('',*,*,#10260,.F.);
#10260 = EDGE_CURVE('',#9920,#10238,#10261,.T.);
#10261 = SURFACE_CURVE('',#10262,(#10266,#10273),.PCURVE_S1.);
#10262 = LINE('',#10263,#10264);
#10263 = CARTESIAN_POINT('',(2.105,1.45,0.));
#10264 = VECTOR('',#10265,1.);
#10265 = DIRECTION('',(0.,0.,1.));
#10266 = PCURVE('',#9934,#10267);
#10267 = DEFINITIONAL_REPRESENTATION('',(#10268),#10272);
#10268 = LINE('',#10269,#10270);
#10269 = CARTESIAN_POINT('',(0.,0.4));
#10270 = VECTOR('',#10271,1.);
#10271 = DIRECTION('',(1.,0.));
#10272 = ( GEOMETRIC_REPRESENTATION_CONTEXT(2) 
PARAMETRIC_REPRESENTATION_CONTEXT() REPRESENTATION_CONTEXT('2D SPACE',''
  ) );
#10273 = PCURVE('',#9961,#10274);
#10274 = DEFINITIONAL_REPRESENTATION('',(#10275),#10279);
#10275 = LINE('',#10276,#10277);
#10276 = CARTESIAN_POINT('',(-0.230625,0.280625));
#10277 = VECTOR('',#10278,1.);
#10278 = DIRECTION('',(1.,0.));
#10279 = ( GEOMETRIC_REPRESENTATION_CONTEXT(2) 
PARAMETRIC_REPRESENTATION_CONTEXT() REPRESENTATION_CONTEXT('2D SPACE',''
  ) );
#10280 = ADVANCED_FACE('',(#10281),#9961,.T.);
#10281 = FACE_BOUND('',#10282,.T.);
#10282 = EDGE_LOOP('',(#10283,#10308,#10329,#10330,#10331,#10354));
#10283 = ORIENTED_EDGE('',*,*,#10284,.T.);
#10284 = EDGE_CURVE('',#10285,#10287,#10289,.T.);
#10285 = VERTEX_POINT('',#10286);
#10286 = CARTESIAN_POINT('',(2.105,1.25,0.));
#10287 = VERTEX_POINT('',#10288);
#10288 = CARTESIAN_POINT('',(2.105,2.42,0.));
#10289 = SURFACE_CURVE('',#10290,(#10294,#10301),.PCURVE_S1.);
#10290 = LINE('',#10291,#10292);
#10291 = CARTESIAN_POINT('',(2.105,1.25,0.));
#10292 = VECTOR('',#10293,1.);
#10293 = DIRECTION('',(-0.,1.,0.));
#10294 = PCURVE('',#9961,#10295);
#10295 = DEFINITIONAL_REPRESENTATION('',(#10296),#10300);
#10296 = LINE('',#10297,#10298);
#10297 = CARTESIAN_POINT('',(-0.230625,0.480625));
#10298 = VECTOR('',#10299,1.);
#10299 = DIRECTION('',(0.,-1.));
#10300 = ( GEOMETRIC_REPRESENTATION_CONTEXT(2) 
PARAMETRIC_REPRESENTATION_CONTEXT() REPRESENTATION_CONTEXT('2D SPACE',''
  ) );
#10301 = PCURVE('',#10047,#10302);
#10302 = DEFINITIONAL_REPRESENTATION('',(#10303),#10307);
#10303 = LINE('',#10304,#10305);
#10304 = CARTESIAN_POINT('',(0.4,0.));
#10305 = VECTOR('',#10306,1.);
#10306 = DIRECTION('',(0.,1.));
#10307 = ( GEOMETRIC_REPRESENTATION_CONTEXT(2) 
PARAMETRIC_REPRESENTATION_CONTEXT() REPRESENTATION_CONTEXT('2D SPACE',''
  ) );
#10308 = ORIENTED_EDGE('',*,*,#10309,.T.);
#10309 = EDGE_CURVE('',#10287,#9946,#10310,.T.);
#10310 = SURFACE_CURVE('',#10311,(#10315,#10322),.PCURVE_S1.);
#10311 = LINE('',#10312,#10313);
#10312 = CARTESIAN_POINT('',(2.105,2.42,0.));
#10313 = VECTOR('',#10314,1.);
#10314 = DIRECTION('',(0.,0.,1.));
#10315 = PCURVE('',#9961,#10316);
#10316 = DEFINITIONAL_REPRESENTATION('',(#10317),#10321);
#10317 = LINE('',#10318,#10319);
#10318 = CARTESIAN_POINT('',(-0.230625,-0.689375));
#10319 = VECTOR('',#10320,1.);
#10320 = DIRECTION('',(1.,0.));
#10321 = ( GEOMETRIC_REPRESENTATION_CONTEXT(2) 
PARAMETRIC_REPRESENTATION_CONTEXT() REPRESENTATION_CONTEXT('2D SPACE',''
  ) );
#10322 = PCURVE('',#10215,#10323);
#10323 = DEFINITIONAL_REPRESENTATION('',(#10324),#10328);
#10324 = LINE('',#10325,#10326);
#10325 = CARTESIAN_POINT('',(-1.570796326795,0.));
#10326 = VECTOR('',#10327,1.);
#10327 = DIRECTION('',(-0.,1.));
#10328 = ( GEOMETRIC_REPRESENTATION_CONTEXT(2) 
PARAMETRIC_REPRESENTATION_CONTEXT() REPRESENTATION_CONTEXT('2D SPACE',''
  ) );
#10329 = ORIENTED_EDGE('',*,*,#9945,.F.);
#10330 = ORIENTED_EDGE('',*,*,#10260,.T.);
#10331 = ORIENTED_EDGE('',*,*,#10332,.F.);
#10332 = EDGE_CURVE('',#10333,#10238,#10335,.T.);
#10333 = VERTEX_POINT('',#10334);
#10334 = CARTESIAN_POINT('',(2.105,1.25,0.75));
#10335 = SURFACE_CURVE('',#10336,(#10340,#10347),.PCURVE_S1.);
#10336 = LINE('',#10337,#10338);
#10337 = CARTESIAN_POINT('',(2.105,1.25,0.75));
#10338 = VECTOR('',#10339,1.);
#10339 = DIRECTION('',(-0.,1.,0.));
#10340 = PCURVE('',#9961,#10341);
#10341 = DEFINITIONAL_REPRESENTATION('',(#10342),#10346);
#10342 = LINE('',#10343,#10344);
#10343 = CARTESIAN_POINT('',(0.519375,0.480625));
#10344 = VECTOR('',#10345,1.);
#10345 = DIRECTION('',(0.,-1.));
#10346 = ( GEOMETRIC_REPRESENTATION_CONTEXT(2) 
PARAMETRIC_REPRESENTATION_CONTEXT() REPRESENTATION_CONTEXT('2D SPACE',''
  ) );
#10347 = PCURVE('',#10103,#10348);
#10348 = DEFINITIONAL_REPRESENTATION('',(#10349),#10353);
#10349 = LINE('',#10350,#10351);
#10350 = CARTESIAN_POINT('',(0.4,0.));
#10351 = VECTOR('',#10352,1.);
#10352 = DIRECTION('',(0.,1.));
#10353 = ( GEOMETRIC_REPRESENTATION_CONTEXT(2) 
PARAMETRIC_REPRESENTATION_CONTEXT() REPRESENTATION_CONTEXT('2D SPACE',''
  ) );
#10354 = ORIENTED_EDGE('',*,*,#10355,.F.);
#10355 = EDGE_CURVE('',#10285,#10333,#10356,.T.);
#10356 = SURFACE_CURVE('',#10357,(#10361,#10368),.PCURVE_S1.);
#10357 = LINE('',#10358,#10359);
#10358 = CARTESIAN_POINT('',(2.105,1.25,0.));
#10359 = VECTOR('',#10360,1.);
#10360 = DIRECTION('',(0.,0.,1.));
#10361 = PCURVE('',#9961,#10362);
#10362 = DEFINITIONAL_REPRESENTATION('',(#10363),#10367);
#10363 = LINE('',#10364,#10365);
#10364 = CARTESIAN_POINT('',(-0.230625,0.480625));
#10365 = VECTOR('',#10366,1.);
#10366 = DIRECTION('',(1.,0.));
#10367 = ( GEOMETRIC_REPRESENTATION_CONTEXT(2) 
PARAMETRIC_REPRESENTATION_CONTEXT() REPRESENTATION_CONTEXT('2D SPACE',''
  ) );
#10368 = PCURVE('',#10075,#10369);
#10369 = DEFINITIONAL_REPRESENTATION('',(#10370),#10374);
#10370 = LINE('',#10371,#10372);
#10371 = CARTESIAN_POINT('',(0.375,0.2));
#10372 = VECTOR('',#10373,1.);
#10373 = DIRECTION('',(-1.,0.));
#10374 = ( GEOMETRIC_REPRESENTATION_CONTEXT(2) 
PARAMETRIC_REPRESENTATION_CONTEXT() REPRESENTATION_CONTEXT('2D SPACE',''
  ) );
#10375 = ADVANCED_FACE('',(#10376),#10019,.T.);
#10376 = FACE_BOUND('',#10377,.T.);
#10377 = EDGE_LOOP('',(#10378,#10402,#10403,#10404));
#10378 = ORIENTED_EDGE('',*,*,#10379,.T.);
#10379 = EDGE_CURVE('',#10380,#10004,#10382,.T.);
#10380 = VERTEX_POINT('',#10381);
#10381 = CARTESIAN_POINT('',(1.785,2.5,0.));
#10382 = SURFACE_CURVE('',#10383,(#10388,#10395),.PCURVE_S1.);
#10383 = CIRCLE('',#10384,8.E-02);
#10384 = AXIS2_PLACEMENT_3D('',#10385,#10386,#10387);
#10385 = CARTESIAN_POINT('',(1.785,2.42,0.));
#10386 = DIRECTION('',(0.,0.,1.));
#10387 = DIRECTION('',(0.,-1.,0.));
#10388 = PCURVE('',#10019,#10389);
#10389 = DEFINITIONAL_REPRESENTATION('',(#10390),#10394);
#10390 = LINE('',#10391,#10392);
#10391 = CARTESIAN_POINT('',(-3.14159265359,0.));
#10392 = VECTOR('',#10393,1.);
#10393 = DIRECTION('',(1.,0.));
#10394 = ( GEOMETRIC_REPRESENTATION_CONTEXT(2) 
PARAMETRIC_REPRESENTATION_CONTEXT() REPRESENTATION_CONTEXT('2D SPACE',''
  ) );
#10395 = PCURVE('',#10047,#10396);
#10396 = DEFINITIONAL_REPRESENTATION('',(#10397),#10401);
#10397 = CIRCLE('',#10398,8.E-02);
#10398 = AXIS2_PLACEMENT_2D('',#10399,#10400);
#10399 = CARTESIAN_POINT('',(8.E-02,1.17));
#10400 = DIRECTION('',(0.,-1.));
#10401 = ( GEOMETRIC_REPRESENTATION_CONTEXT(2) 
PARAMETRIC_REPRESENTATION_CONTEXT() REPRESENTATION_CONTEXT('2D SPACE',''
  ) );
#10402 = ORIENTED_EDGE('',*,*,#10003,.T.);
#10403 = ORIENTED_EDGE('',*,*,#10139,.T.);
#10404 = ORIENTED_EDGE('',*,*,#10405,.F.);
#10405 = EDGE_CURVE('',#10380,#10140,#10406,.T.);
#10406 = SURFACE_CURVE('',#10407,(#10411,#10418),.PCURVE_S1.);
#10407 = LINE('',#10408,#10409);
#10408 = CARTESIAN_POINT('',(1.785,2.5,0.));
#10409 = VECTOR('',#10410,1.);
#10410 = DIRECTION('',(0.,0.,1.));
#10411 = PCURVE('',#10019,#10412);
#10412 = DEFINITIONAL_REPRESENTATION('',(#10413),#10417);
#10413 = LINE('',#10414,#10415);
#10414 = CARTESIAN_POINT('',(0.,0.));
#10415 = VECTOR('',#10416,1.);
#10416 = DIRECTION('',(0.,1.));
#10417 = ( GEOMETRIC_REPRESENTATION_CONTEXT(2) 
PARAMETRIC_REPRESENTATION_CONTEXT() REPRESENTATION_CONTEXT('2D SPACE',''
  ) );
#10418 = PCURVE('',#10185,#10419);
#10419 = DEFINITIONAL_REPRESENTATION('',(#10420),#10424);
#10420 = LINE('',#10421,#10422);
#10421 = CARTESIAN_POINT('',(0.,8.E-02));
#10422 = VECTOR('',#10423,1.);
#10423 = DIRECTION('',(1.,0.));
#10424 = ( GEOMETRIC_REPRESENTATION_CONTEXT(2) 
PARAMETRIC_REPRESENTATION_CONTEXT() REPRESENTATION_CONTEXT('2D SPACE',''
  ) );
#10425 = ADVANCED_FACE('',(#10426),#10047,.F.);
#10426 = FACE_BOUND('',#10427,.F.);
#10427 = EDGE_LOOP('',(#10428,#10429,#10450,#10451,#10479,#10500));
#10428 = ORIENTED_EDGE('',*,*,#10031,.F.);
#10429 = ORIENTED_EDGE('',*,*,#10430,.T.);
#10430 = EDGE_CURVE('',#10032,#10285,#10431,.T.);
#10431 = SURFACE_CURVE('',#10432,(#10436,#10443),.PCURVE_S1.);
#10432 = LINE('',#10433,#10434);
#10433 = CARTESIAN_POINT('',(1.705,1.25,0.));
#10434 = VECTOR('',#10435,1.);
#10435 = DIRECTION('',(1.,0.,-0.));
#10436 = PCURVE('',#10047,#10437);
#10437 = DEFINITIONAL_REPRESENTATION('',(#10438),#10442);
#10438 = LINE('',#10439,#10440);
#10439 = CARTESIAN_POINT('',(0.,0.));
#10440 = VECTOR('',#10441,1.);
#10441 = DIRECTION('',(1.,0.));
#10442 = ( GEOMETRIC_REPRESENTATION_CONTEXT(2) 
PARAMETRIC_REPRESENTATION_CONTEXT() REPRESENTATION_CONTEXT('2D SPACE',''
  ) );
#10443 = PCURVE('',#10075,#10444);
#10444 = DEFINITIONAL_REPRESENTATION('',(#10445),#10449);
#10445 = LINE('',#10446,#10447);
#10446 = CARTESIAN_POINT('',(0.375,-0.2));
#10447 = VECTOR('',#10448,1.);
#10448 = DIRECTION('',(0.,1.));
#10449 = ( GEOMETRIC_REPRESENTATION_CONTEXT(2) 
PARAMETRIC_REPRESENTATION_CONTEXT() REPRESENTATION_CONTEXT('2D SPACE',''
  ) );
#10450 = ORIENTED_EDGE('',*,*,#10284,.T.);
#10451 = ORIENTED_EDGE('',*,*,#10452,.F.);
#10452 = EDGE_CURVE('',#10453,#10287,#10455,.T.);
#10453 = VERTEX_POINT('',#10454);
#10454 = CARTESIAN_POINT('',(2.025,2.5,0.));
#10455 = SURFACE_CURVE('',#10456,(#10461,#10472),.PCURVE_S1.);
#10456 = CIRCLE('',#10457,8.E-02);
#10457 = AXIS2_PLACEMENT_3D('',#10458,#10459,#10460);
#10458 = CARTESIAN_POINT('',(2.025,2.42,0.));
#10459 = DIRECTION('',(-0.,-0.,-1.));
#10460 = DIRECTION('',(0.,-1.,0.));
#10461 = PCURVE('',#10047,#10462);
#10462 = DEFINITIONAL_REPRESENTATION('',(#10463),#10471);
#10463 = ( BOUNDED_CURVE() B_SPLINE_CURVE(2,(#10464,#10465,#10466,#10467
    ,#10468,#10469,#10470),.UNSPECIFIED.,.T.,.F.) 
B_SPLINE_CURVE_WITH_KNOTS((1,2,2,2,2,1),(-2.094395102393,0.,
    2.094395102393,4.188790204786,6.28318530718,8.377580409573),
.UNSPECIFIED.) CURVE() GEOMETRIC_REPRESENTATION_ITEM() 
RATIONAL_B_SPLINE_CURVE((1.,0.5,1.,0.5,1.,0.5,1.)) REPRESENTATION_ITEM(
  '') );
#10464 = CARTESIAN_POINT('',(0.32,1.09));
#10465 = CARTESIAN_POINT('',(0.181435935394,1.09));
#10466 = CARTESIAN_POINT('',(0.250717967697,1.21));
#10467 = CARTESIAN_POINT('',(0.32,1.33));
#10468 = CARTESIAN_POINT('',(0.389282032303,1.21));
#10469 = CARTESIAN_POINT('',(0.458564064606,1.09));
#10470 = CARTESIAN_POINT('',(0.32,1.09));
#10471 = ( GEOMETRIC_REPRESENTATION_CONTEXT(2) 
PARAMETRIC_REPRESENTATION_CONTEXT() REPRESENTATION_CONTEXT('2D SPACE',''
  ) );
#10472 = PCURVE('',#10215,#10473);
#10473 = DEFINITIONAL_REPRESENTATION('',(#10474),#10478);
#10474 = LINE('',#10475,#10476);
#10475 = CARTESIAN_POINT('',(3.14159265359,-0.));
#10476 = VECTOR('',#10477,1.);
#10477 = DIRECTION('',(-1.,0.));
#10478 = ( GEOMETRIC_REPRESENTATION_CONTEXT(2) 
PARAMETRIC_REPRESENTATION_CONTEXT() REPRESENTATION_CONTEXT('2D SPACE',''
  ) );
#10479 = ORIENTED_EDGE('',*,*,#10480,.F.);
#10480 = EDGE_CURVE('',#10380,#10453,#10481,.T.);
#10481 = SURFACE_CURVE('',#10482,(#10486,#10493),.PCURVE_S1.);
#10482 = LINE('',#10483,#10484);
#10483 = CARTESIAN_POINT('',(1.705,2.5,0.));
#10484 = VECTOR('',#10485,1.);
#10485 = DIRECTION('',(1.,0.,-0.));
#10486 = PCURVE('',#10047,#10487);
#10487 = DEFINITIONAL_REPRESENTATION('',(#10488),#10492);
#10488 = LINE('',#10489,#10490);
#10489 = CARTESIAN_POINT('',(0.,1.25));
#10490 = VECTOR('',#10491,1.);
#10491 = DIRECTION('',(1.,0.));
#10492 = ( GEOMETRIC_REPRESENTATION_CONTEXT(2) 
PARAMETRIC_REPRESENTATION_CONTEXT() REPRESENTATION_CONTEXT('2D SPACE',''
  ) );
#10493 = PCURVE('',#10185,#10494);
#10494 = DEFINITIONAL_REPRESENTATION('',(#10495),#10499);
#10495 = LINE('',#10496,#10497);
#10496 = CARTESIAN_POINT('',(0.,0.));
#10497 = VECTOR('',#10498,1.);
#10498 = DIRECTION('',(0.,1.));
#10499 = ( GEOMETRIC_REPRESENTATION_CONTEXT(2) 
PARAMETRIC_REPRESENTATION_CONTEXT() REPRESENTATION_CONTEXT('2D SPACE',''
  ) );
#10500 = ORIENTED_EDGE('',*,*,#10379,.T.);
#10501 = ADVANCED_FACE('',(#10502),#10103,.T.);
#10502 = FACE_BOUND('',#10503,.T.);
#10503 = EDGE_LOOP('',(#10504,#10505,#10526,#10527));
#10504 = ORIENTED_EDGE('',*,*,#10087,.F.);
#10505 = ORIENTED_EDGE('',*,*,#10506,.T.);
#10506 = EDGE_CURVE('',#10060,#10333,#10507,.T.);
#10507 = SURFACE_CURVE('',#10508,(#10512,#10519),.PCURVE_S1.);
#10508 = LINE('',#10509,#10510);
#10509 = CARTESIAN_POINT('',(1.705,1.25,0.75));
#10510 = VECTOR('',#10511,1.);
#10511 = DIRECTION('',(1.,0.,-0.));
#10512 = PCURVE('',#10103,#10513);
#10513 = DEFINITIONAL_REPRESENTATION('',(#10514),#10518);
#10514 = LINE('',#10515,#10516);
#10515 = CARTESIAN_POINT('',(0.,0.));
#10516 = VECTOR('',#10517,1.);
#10517 = DIRECTION('',(1.,0.));
#10518 = ( GEOMETRIC_REPRESENTATION_CONTEXT(2) 
PARAMETRIC_REPRESENTATION_CONTEXT() REPRESENTATION_CONTEXT('2D SPACE',''
  ) );
#10519 = PCURVE('',#10075,#10520);
#10520 = DEFINITIONAL_REPRESENTATION('',(#10521),#10525);
#10521 = LINE('',#10522,#10523);
#10522 = CARTESIAN_POINT('',(-0.375,-0.2));
#10523 = VECTOR('',#10524,1.);
#10524 = DIRECTION('',(0.,1.));
#10525 = ( GEOMETRIC_REPRESENTATION_CONTEXT(2) 
PARAMETRIC_REPRESENTATION_CONTEXT() REPRESENTATION_CONTEXT('2D SPACE',''
  ) );
#10526 = ORIENTED_EDGE('',*,*,#10332,.T.);
#10527 = ORIENTED_EDGE('',*,*,#10237,.F.);
#10528 = ADVANCED_FACE('',(#10529),#10075,.T.);
#10529 = FACE_BOUND('',#10530,.T.);
#10530 = EDGE_LOOP('',(#10531,#10532,#10533,#10534));
#10531 = ORIENTED_EDGE('',*,*,#10430,.T.);
#10532 = ORIENTED_EDGE('',*,*,#10355,.T.);
#10533 = ORIENTED_EDGE('',*,*,#10506,.F.);
#10534 = ORIENTED_EDGE('',*,*,#10059,.F.);
#10535 = ADVANCED_FACE('',(#10536),#10185,.T.);
#10536 = FACE_BOUND('',#10537,.T.);
#10537 = EDGE_LOOP('',(#10538,#10539,#10540,#10541));
#10538 = ORIENTED_EDGE('',*,*,#10480,.F.);
#10539 = ORIENTED_EDGE('',*,*,#10405,.T.);
#10540 = ORIENTED_EDGE('',*,*,#10169,.T.);
#10541 = ORIENTED_EDGE('',*,*,#10542,.F.);
#10542 = EDGE_CURVE('',#10453,#10170,#10543,.T.);
#10543 = SURFACE_CURVE('',#10544,(#10548,#10555),.PCURVE_S1.);
#10544 = LINE('',#10545,#10546);
#10545 = CARTESIAN_POINT('',(2.025,2.5,0.));
#10546 = VECTOR('',#10547,1.);
#10547 = DIRECTION('',(0.,0.,1.));
#10548 = PCURVE('',#10185,#10549);
#10549 = DEFINITIONAL_REPRESENTATION('',(#10550),#10554);
#10550 = LINE('',#10551,#10552);
#10551 = CARTESIAN_POINT('',(0.,0.32));
#10552 = VECTOR('',#10553,1.);
#10553 = DIRECTION('',(1.,0.));
#10554 = ( GEOMETRIC_REPRESENTATION_CONTEXT(2) 
PARAMETRIC_REPRESENTATION_CONTEXT() REPRESENTATION_CONTEXT('2D SPACE',''
  ) );
#10555 = PCURVE('',#10215,#10556);
#10556 = DEFINITIONAL_REPRESENTATION('',(#10557),#10561);
#10557 = LINE('',#10558,#10559);
#10558 = CARTESIAN_POINT('',(-0.,0.));
#10559 = VECTOR('',#10560,1.);
#10560 = DIRECTION('',(-0.,1.));
#10561 = ( GEOMETRIC_REPRESENTATION_CONTEXT(2) 
PARAMETRIC_REPRESENTATION_CONTEXT() REPRESENTATION_CONTEXT('2D SPACE',''
  ) );
#10562 = ADVANCED_FACE('',(#10563),#10215,.T.);
#10563 = FACE_BOUND('',#10564,.F.);
#10564 = EDGE_LOOP('',(#10565,#10566,#10567,#10568));
#10565 = ORIENTED_EDGE('',*,*,#10452,.T.);
#10566 = ORIENTED_EDGE('',*,*,#10309,.T.);
#10567 = ORIENTED_EDGE('',*,*,#10197,.T.);
#10568 = ORIENTED_EDGE('',*,*,#10542,.F.);
#10569 = MANIFOLD_SOLID_BREP('',#10570);
#10570 = CLOSED_SHELL('',(#10571,#10691,#10791,#10838,#10885,#10892));
#10571 = ADVANCED_FACE('',(#10572),#10586,.F.);
#10572 = FACE_BOUND('',#10573,.F.);
#10573 = EDGE_LOOP('',(#10574,#10609,#10637,#10665));
#10574 = ORIENTED_EDGE('',*,*,#10575,.F.);
#10575 = EDGE_CURVE('',#10576,#10578,#10580,.T.);
#10576 = VERTEX_POINT('',#10577);
#10577 = CARTESIAN_POINT('',(-2.085,-0.905,2.5));
#10578 = VERTEX_POINT('',#10579);
#10579 = CARTESIAN_POINT('',(-2.085,-0.905,3.85));
#10580 = SURFACE_CURVE('',#10581,(#10585,#10597),.PCURVE_S1.);
#10581 = LINE('',#10582,#10583);
#10582 = CARTESIAN_POINT('',(-2.085,-0.905,2.5));
#10583 = VECTOR('',#10584,1.);
#10584 = DIRECTION('',(0.,0.,1.));
#10585 = PCURVE('',#10586,#10591);
#10586 = PLANE('',#10587);
#10587 = AXIS2_PLACEMENT_3D('',#10588,#10589,#10590);
#10588 = CARTESIAN_POINT('',(-2.085,-0.905,2.5));
#10589 = DIRECTION('',(1.,0.,-0.));
#10590 = DIRECTION('',(0.,0.,1.));
#10591 = DEFINITIONAL_REPRESENTATION('',(#10592),#10596);
#10592 = LINE('',#10593,#10594);
#10593 = CARTESIAN_POINT('',(0.,0.));
#10594 = VECTOR('',#10595,1.);
#10595 = DIRECTION('',(1.,0.));
#10596 = ( GEOMETRIC_REPRESENTATION_CONTEXT(2) 
PARAMETRIC_REPRESENTATION_CONTEXT() REPRESENTATION_CONTEXT('2D SPACE',''
  ) );
#10597 = PCURVE('',#10598,#10603);
#10598 = PLANE('',#10599);
#10599 = AXIS2_PLACEMENT_3D('',#10600,#10601,#10602);
#10600 = CARTESIAN_POINT('',(-2.085,-0.905,2.5));
#10601 = DIRECTION('',(-0.,1.,0.));
#10602 = DIRECTION('',(0.,0.,1.));
#10603 = DEFINITIONAL_REPRESENTATION('',(#10604),#10608);
#10604 = LINE('',#10605,#10606);
#10605 = CARTESIAN_POINT('',(0.,0.));
#10606 = VECTOR('',#10607,1.);
#10607 = DIRECTION('',(1.,0.));
#10608 = ( GEOMETRIC_REPRESENTATION_CONTEXT(2) 
PARAMETRIC_REPRESENTATION_CONTEXT() REPRESENTATION_CONTEXT('2D SPACE',''
  ) );
#10609 = ORIENTED_EDGE('',*,*,#10610,.T.);
#10610 = EDGE_CURVE('',#10576,#10611,#10613,.T.);
#10611 = VERTEX_POINT('',#10612);
#10612 = CARTESIAN_POINT('',(-2.085,-0.825,2.5));
#10613 = SURFACE_CURVE('',#10614,(#10618,#10625),.PCURVE_S1.);
#10614 = LINE('',#10615,#10616);
#10615 = CARTESIAN_POINT('',(-2.085,-0.905,2.5));
#10616 = VECTOR('',#10617,1.);
#10617 = DIRECTION('',(-0.,1.,0.));
#10618 = PCURVE('',#10586,#10619);
#10619 = DEFINITIONAL_REPRESENTATION('',(#10620),#10624);
#10620 = LINE('',#10621,#10622);
#10621 = CARTESIAN_POINT('',(0.,0.));
#10622 = VECTOR('',#10623,1.);
#10623 = DIRECTION('',(0.,-1.));
#10624 = ( GEOMETRIC_REPRESENTATION_CONTEXT(2) 
PARAMETRIC_REPRESENTATION_CONTEXT() REPRESENTATION_CONTEXT('2D SPACE',''
  ) );
#10625 = PCURVE('',#10626,#10631);
#10626 = PLANE('',#10627);
#10627 = AXIS2_PLACEMENT_3D('',#10628,#10629,#10630);
#10628 = CARTESIAN_POINT('',(-2.085,-0.905,2.5));
#10629 = DIRECTION('',(0.,0.,1.));
#10630 = DIRECTION('',(1.,0.,-0.));
#10631 = DEFINITIONAL_REPRESENTATION('',(#10632),#10636);
#10632 = LINE('',#10633,#10634);
#10633 = CARTESIAN_POINT('',(0.,0.));
#10634 = VECTOR('',#10635,1.);
#10635 = DIRECTION('',(0.,1.));
#10636 = ( GEOMETRIC_REPRESENTATION_CONTEXT(2) 
PARAMETRIC_REPRESENTATION_CONTEXT() REPRESENTATION_CONTEXT('2D SPACE',''
  ) );
#10637 = ORIENTED_EDGE('',*,*,#10638,.T.);
#10638 = EDGE_CURVE('',#10611,#10639,#10641,.T.);
#10639 = VERTEX_POINT('',#10640);
#10640 = CARTESIAN_POINT('',(-2.085,-0.825,3.85));
#10641 = SURFACE_CURVE('',#10642,(#10646,#10653),.PCURVE_S1.);
#10642 = LINE('',#10643,#10644);
#10643 = CARTESIAN_POINT('',(-2.085,-0.825,2.5));
#10644 = VECTOR('',#10645,1.);
#10645 = DIRECTION('',(0.,0.,1.));
#10646 = PCURVE('',#10586,#10647);
#10647 = DEFINITIONAL_REPRESENTATION('',(#10648),#10652);
#10648 = LINE('',#10649,#10650);
#10649 = CARTESIAN_POINT('',(0.,-8.E-02));
#10650 = VECTOR('',#10651,1.);
#10651 = DIRECTION('',(1.,0.));
#10652 = ( GEOMETRIC_REPRESENTATION_CONTEXT(2) 
PARAMETRIC_REPRESENTATION_CONTEXT() REPRESENTATION_CONTEXT('2D SPACE',''
  ) );
#10653 = PCURVE('',#10654,#10659);
#10654 = PLANE('',#10655);
#10655 = AXIS2_PLACEMENT_3D('',#10656,#10657,#10658);
#10656 = CARTESIAN_POINT('',(-2.085,-0.825,2.5));
#10657 = DIRECTION('',(-0.,1.,0.));
#10658 = DIRECTION('',(0.,0.,1.));
#10659 = DEFINITIONAL_REPRESENTATION('',(#10660),#10664);
#10660 = LINE('',#10661,#10662);
#10661 = CARTESIAN_POINT('',(0.,0.));
#10662 = VECTOR('',#10663,1.);
#10663 = DIRECTION('',(1.,0.));
#10664 = ( GEOMETRIC_REPRESENTATION_CONTEXT(2) 
PARAMETRIC_REPRESENTATION_CONTEXT() REPRESENTATION_CONTEXT('2D SPACE',''
  ) );
#10665 = ORIENTED_EDGE('',*,*,#10666,.F.);
#10666 = EDGE_CURVE('',#10578,#10639,#10667,.T.);
#10667 = SURFACE_CURVE('',#10668,(#10672,#10679),.PCURVE_S1.);
#10668 = LINE('',#10669,#10670);
#10669 = CARTESIAN_POINT('',(-2.085,-0.905,3.85));
#10670 = VECTOR('',#10671,1.);
#10671 = DIRECTION('',(-0.,1.,0.));
#10672 = PCURVE('',#10586,#10673);
#10673 = DEFINITIONAL_REPRESENTATION('',(#10674),#10678);
#10674 = LINE('',#10675,#10676);
#10675 = CARTESIAN_POINT('',(1.35,0.));
#10676 = VECTOR('',#10677,1.);
#10677 = DIRECTION('',(0.,-1.));
#10678 = ( GEOMETRIC_REPRESENTATION_CONTEXT(2) 
PARAMETRIC_REPRESENTATION_CONTEXT() REPRESENTATION_CONTEXT('2D SPACE',''
  ) );
#10679 = PCURVE('',#10680,#10685);
#10680 = PLANE('',#10681);
#10681 = AXIS2_PLACEMENT_3D('',#10682,#10683,#10684);
#10682 = CARTESIAN_POINT('',(-2.085,-0.905,3.85));
#10683 = DIRECTION('',(0.,0.,1.));
#10684 = DIRECTION('',(1.,0.,-0.));
#10685 = DEFINITIONAL_REPRESENTATION('',(#10686),#10690);
#10686 = LINE('',#10687,#10688);
#10687 = CARTESIAN_POINT('',(0.,0.));
#10688 = VECTOR('',#10689,1.);
#10689 = DIRECTION('',(0.,1.));
#10690 = ( GEOMETRIC_REPRESENTATION_CONTEXT(2) 
PARAMETRIC_REPRESENTATION_CONTEXT() REPRESENTATION_CONTEXT('2D SPACE',''
  ) );
#10691 = ADVANCED_FACE('',(#10692),#10706,.T.);
#10692 = FACE_BOUND('',#10693,.T.);
#10693 = EDGE_LOOP('',(#10694,#10724,#10747,#10770));
#10694 = ORIENTED_EDGE('',*,*,#10695,.F.);
#10695 = EDGE_CURVE('',#10696,#10698,#10700,.T.);
#10696 = VERTEX_POINT('',#10697);
#10697 = CARTESIAN_POINT('',(-1.725,-0.905,2.5));
#10698 = VERTEX_POINT('',#10699);
#10699 = CARTESIAN_POINT('',(-1.725,-0.905,3.85));
#10700 = SURFACE_CURVE('',#10701,(#10705,#10717),.PCURVE_S1.);
#10701 = LINE('',#10702,#10703);
#10702 = CARTESIAN_POINT('',(-1.725,-0.905,2.5));
#10703 = VECTOR('',#10704,1.);
#10704 = DIRECTION('',(0.,0.,1.));
#10705 = PCURVE('',#10706,#10711);
#10706 = PLANE('',#10707);
#10707 = AXIS2_PLACEMENT_3D('',#10708,#10709,#10710);
#10708 = CARTESIAN_POINT('',(-1.725,-0.905,2.5));
#10709 = DIRECTION('',(1.,0.,-0.));
#10710 = DIRECTION('',(0.,0.,1.));
#10711 = DEFINITIONAL_REPRESENTATION('',(#10712),#10716);
#10712 = LINE('',#10713,#10714);
#10713 = CARTESIAN_POINT('',(0.,0.));
#10714 = VECTOR('',#10715,1.);
#10715 = DIRECTION('',(1.,0.));
#10716 = ( GEOMETRIC_REPRESENTATION_CONTEXT(2) 
PARAMETRIC_REPRESENTATION_CONTEXT() REPRESENTATION_CONTEXT('2D SPACE',''
  ) );
#10717 = PCURVE('',#10598,#10718);
#10718 = DEFINITIONAL_REPRESENTATION('',(#10719),#10723);
#10719 = LINE('',#10720,#10721);
#10720 = CARTESIAN_POINT('',(0.,0.36));
#10721 = VECTOR('',#10722,1.);
#10722 = DIRECTION('',(1.,0.));
#10723 = ( GEOMETRIC_REPRESENTATION_CONTEXT(2) 
PARAMETRIC_REPRESENTATION_CONTEXT() REPRESENTATION_CONTEXT('2D SPACE',''
  ) );
#10724 = ORIENTED_EDGE('',*,*,#10725,.T.);
#10725 = EDGE_CURVE('',#10696,#10726,#10728,.T.);
#10726 = VERTEX_POINT('',#10727);
#10727 = CARTESIAN_POINT('',(-1.725,-0.825,2.5));
#10728 = SURFACE_CURVE('',#10729,(#10733,#10740),.PCURVE_S1.);
#10729 = LINE('',#10730,#10731);
#10730 = CARTESIAN_POINT('',(-1.725,-0.905,2.5));
#10731 = VECTOR('',#10732,1.);
#10732 = DIRECTION('',(-0.,1.,0.));
#10733 = PCURVE('',#10706,#10734);
#10734 = DEFINITIONAL_REPRESENTATION('',(#10735),#10739);
#10735 = LINE('',#10736,#10737);
#10736 = CARTESIAN_POINT('',(0.,0.));
#10737 = VECTOR('',#10738,1.);
#10738 = DIRECTION('',(0.,-1.));
#10739 = ( GEOMETRIC_REPRESENTATION_CONTEXT(2) 
PARAMETRIC_REPRESENTATION_CONTEXT() REPRESENTATION_CONTEXT('2D SPACE',''
  ) );
#10740 = PCURVE('',#10626,#10741);
#10741 = DEFINITIONAL_REPRESENTATION('',(#10742),#10746);
#10742 = LINE('',#10743,#10744);
#10743 = CARTESIAN_POINT('',(0.36,0.));
#10744 = VECTOR('',#10745,1.);
#10745 = DIRECTION('',(0.,1.));
#10746 = ( GEOMETRIC_REPRESENTATION_CONTEXT(2) 
PARAMETRIC_REPRESENTATION_CONTEXT() REPRESENTATION_CONTEXT('2D SPACE',''
  ) );
#10747 = ORIENTED_EDGE('',*,*,#10748,.T.);
#10748 = EDGE_CURVE('',#10726,#10749,#10751,.T.);
#10749 = VERTEX_POINT('',#10750);
#10750 = CARTESIAN_POINT('',(-1.725,-0.825,3.85));
#10751 = SURFACE_CURVE('',#10752,(#10756,#10763),.PCURVE_S1.);
#10752 = LINE('',#10753,#10754);
#10753 = CARTESIAN_POINT('',(-1.725,-0.825,2.5));
#10754 = VECTOR('',#10755,1.);
#10755 = DIRECTION('',(0.,0.,1.));
#10756 = PCURVE('',#10706,#10757);
#10757 = DEFINITIONAL_REPRESENTATION('',(#10758),#10762);
#10758 = LINE('',#10759,#10760);
#10759 = CARTESIAN_POINT('',(0.,-8.E-02));
#10760 = VECTOR('',#10761,1.);
#10761 = DIRECTION('',(1.,0.));
#10762 = ( GEOMETRIC_REPRESENTATION_CONTEXT(2) 
PARAMETRIC_REPRESENTATION_CONTEXT() REPRESENTATION_CONTEXT('2D SPACE',''
  ) );
#10763 = PCURVE('',#10654,#10764);
#10764 = DEFINITIONAL_REPRESENTATION('',(#10765),#10769);
#10765 = LINE('',#10766,#10767);
#10766 = CARTESIAN_POINT('',(0.,0.36));
#10767 = VECTOR('',#10768,1.);
#10768 = DIRECTION('',(1.,0.));
#10769 = ( GEOMETRIC_REPRESENTATION_CONTEXT(2) 
PARAMETRIC_REPRESENTATION_CONTEXT() REPRESENTATION_CONTEXT('2D SPACE',''
  ) );
#10770 = ORIENTED_EDGE('',*,*,#10771,.F.);
#10771 = EDGE_CURVE('',#10698,#10749,#10772,.T.);
#10772 = SURFACE_CURVE('',#10773,(#10777,#10784),.PCURVE_S1.);
#10773 = LINE('',#10774,#10775);
#10774 = CARTESIAN_POINT('',(-1.725,-0.905,3.85));
#10775 = VECTOR('',#10776,1.);
#10776 = DIRECTION('',(-0.,1.,0.));
#10777 = PCURVE('',#10706,#10778);
#10778 = DEFINITIONAL_REPRESENTATION('',(#10779),#10783);
#10779 = LINE('',#10780,#10781);
#10780 = CARTESIAN_POINT('',(1.35,0.));
#10781 = VECTOR('',#10782,1.);
#10782 = DIRECTION('',(0.,-1.));
#10783 = ( GEOMETRIC_REPRESENTATION_CONTEXT(2) 
PARAMETRIC_REPRESENTATION_CONTEXT() REPRESENTATION_CONTEXT('2D SPACE',''
  ) );
#10784 = PCURVE('',#10680,#10785);
#10785 = DEFINITIONAL_REPRESENTATION('',(#10786),#10790);
#10786 = LINE('',#10787,#10788);
#10787 = CARTESIAN_POINT('',(0.36,0.));
#10788 = VECTOR('',#10789,1.);
#10789 = DIRECTION('',(0.,1.));
#10790 = ( GEOMETRIC_REPRESENTATION_CONTEXT(2) 
PARAMETRIC_REPRESENTATION_CONTEXT() REPRESENTATION_CONTEXT('2D SPACE',''
  ) );
#10791 = ADVANCED_FACE('',(#10792),#10598,.F.);
#10792 = FACE_BOUND('',#10793,.F.);
#10793 = EDGE_LOOP('',(#10794,#10815,#10816,#10837));
#10794 = ORIENTED_EDGE('',*,*,#10795,.F.);
#10795 = EDGE_CURVE('',#10576,#10696,#10796,.T.);
#10796 = SURFACE_CURVE('',#10797,(#10801,#10808),.PCURVE_S1.);
#10797 = LINE('',#10798,#10799);
#10798 = CARTESIAN_POINT('',(-2.085,-0.905,2.5));
#10799 = VECTOR('',#10800,1.);
#10800 = DIRECTION('',(1.,0.,-0.));
#10801 = PCURVE('',#10598,#10802);
#10802 = DEFINITIONAL_REPRESENTATION('',(#10803),#10807);
#10803 = LINE('',#10804,#10805);
#10804 = CARTESIAN_POINT('',(0.,0.));
#10805 = VECTOR('',#10806,1.);
#10806 = DIRECTION('',(0.,1.));
#10807 = ( GEOMETRIC_REPRESENTATION_CONTEXT(2) 
PARAMETRIC_REPRESENTATION_CONTEXT() REPRESENTATION_CONTEXT('2D SPACE',''
  ) );
#10808 = PCURVE('',#10626,#10809);
#10809 = DEFINITIONAL_REPRESENTATION('',(#10810),#10814);
#10810 = LINE('',#10811,#10812);
#10811 = CARTESIAN_POINT('',(0.,0.));
#10812 = VECTOR('',#10813,1.);
#10813 = DIRECTION('',(1.,0.));
#10814 = ( GEOMETRIC_REPRESENTATION_CONTEXT(2) 
PARAMETRIC_REPRESENTATION_CONTEXT() REPRESENTATION_CONTEXT('2D SPACE',''
  ) );
#10815 = ORIENTED_EDGE('',*,*,#10575,.T.);
#10816 = ORIENTED_EDGE('',*,*,#10817,.T.);
#10817 = EDGE_CURVE('',#10578,#10698,#10818,.T.);
#10818 = SURFACE_CURVE('',#10819,(#10823,#10830),.PCURVE_S1.);
#10819 = LINE('',#10820,#10821);
#10820 = CARTESIAN_POINT('',(-2.085,-0.905,3.85));
#10821 = VECTOR('',#10822,1.);
#10822 = DIRECTION('',(1.,0.,-0.));
#10823 = PCURVE('',#10598,#10824);
#10824 = DEFINITIONAL_REPRESENTATION('',(#10825),#10829);
#10825 = LINE('',#10826,#10827);
#10826 = CARTESIAN_POINT('',(1.35,0.));
#10827 = VECTOR('',#10828,1.);
#10828 = DIRECTION('',(0.,1.));
#10829 = ( GEOMETRIC_REPRESENTATION_CONTEXT(2) 
PARAMETRIC_REPRESENTATION_CONTEXT() REPRESENTATION_CONTEXT('2D SPACE',''
  ) );
#10830 = PCURVE('',#10680,#10831);
#10831 = DEFINITIONAL_REPRESENTATION('',(#10832),#10836);
#10832 = LINE('',#10833,#10834);
#10833 = CARTESIAN_POINT('',(0.,0.));
#10834 = VECTOR('',#10835,1.);
#10835 = DIRECTION('',(1.,0.));
#10836 = ( GEOMETRIC_REPRESENTATION_CONTEXT(2) 
PARAMETRIC_REPRESENTATION_CONTEXT() REPRESENTATION_CONTEXT('2D SPACE',''
  ) );
#10837 = ORIENTED_EDGE('',*,*,#10695,.F.);
#10838 = ADVANCED_FACE('',(#10839),#10654,.T.);
#10839 = FACE_BOUND('',#10840,.T.);
#10840 = EDGE_LOOP('',(#10841,#10862,#10863,#10884));
#10841 = ORIENTED_EDGE('',*,*,#10842,.F.);
#10842 = EDGE_CURVE('',#10611,#10726,#10843,.T.);
#10843 = SURFACE_CURVE('',#10844,(#10848,#10855),.PCURVE_S1.);
#10844 = LINE('',#10845,#10846);
#10845 = CARTESIAN_POINT('',(-2.085,-0.825,2.5));
#10846 = VECTOR('',#10847,1.);
#10847 = DIRECTION('',(1.,0.,-0.));
#10848 = PCURVE('',#10654,#10849);
#10849 = DEFINITIONAL_REPRESENTATION('',(#10850),#10854);
#10850 = LINE('',#10851,#10852);
#10851 = CARTESIAN_POINT('',(0.,0.));
#10852 = VECTOR('',#10853,1.);
#10853 = DIRECTION('',(0.,1.));
#10854 = ( GEOMETRIC_REPRESENTATION_CONTEXT(2) 
PARAMETRIC_REPRESENTATION_CONTEXT() REPRESENTATION_CONTEXT('2D SPACE',''
  ) );
#10855 = PCURVE('',#10626,#10856);
#10856 = DEFINITIONAL_REPRESENTATION('',(#10857),#10861);
#10857 = LINE('',#10858,#10859);
#10858 = CARTESIAN_POINT('',(0.,8.E-02));
#10859 = VECTOR('',#10860,1.);
#10860 = DIRECTION('',(1.,0.));
#10861 = ( GEOMETRIC_REPRESENTATION_CONTEXT(2) 
PARAMETRIC_REPRESENTATION_CONTEXT() REPRESENTATION_CONTEXT('2D SPACE',''
  ) );
#10862 = ORIENTED_EDGE('',*,*,#10638,.T.);
#10863 = ORIENTED_EDGE('',*,*,#10864,.T.);
#10864 = EDGE_CURVE('',#10639,#10749,#10865,.T.);
#10865 = SURFACE_CURVE('',#10866,(#10870,#10877),.PCURVE_S1.);
#10866 = LINE('',#10867,#10868);
#10867 = CARTESIAN_POINT('',(-2.085,-0.825,3.85));
#10868 = VECTOR('',#10869,1.);
#10869 = DIRECTION('',(1.,0.,-0.));
#10870 = PCURVE('',#10654,#10871);
#10871 = DEFINITIONAL_REPRESENTATION('',(#10872),#10876);
#10872 = LINE('',#10873,#10874);
#10873 = CARTESIAN_POINT('',(1.35,0.));
#10874 = VECTOR('',#10875,1.);
#10875 = DIRECTION('',(0.,1.));
#10876 = ( GEOMETRIC_REPRESENTATION_CONTEXT(2) 
PARAMETRIC_REPRESENTATION_CONTEXT() REPRESENTATION_CONTEXT('2D SPACE',''
  ) );
#10877 = PCURVE('',#10680,#10878);
#10878 = DEFINITIONAL_REPRESENTATION('',(#10879),#10883);
#10879 = LINE('',#10880,#10881);
#10880 = CARTESIAN_POINT('',(0.,8.E-02));
#10881 = VECTOR('',#10882,1.);
#10882 = DIRECTION('',(1.,0.));
#10883 = ( GEOMETRIC_REPRESENTATION_CONTEXT(2) 
PARAMETRIC_REPRESENTATION_CONTEXT() REPRESENTATION_CONTEXT('2D SPACE',''
  ) );
#10884 = ORIENTED_EDGE('',*,*,#10748,.F.);
#10885 = ADVANCED_FACE('',(#10886),#10626,.F.);
#10886 = FACE_BOUND('',#10887,.F.);
#10887 = EDGE_LOOP('',(#10888,#10889,#10890,#10891));
#10888 = ORIENTED_EDGE('',*,*,#10610,.F.);
#10889 = ORIENTED_EDGE('',*,*,#10795,.T.);
#10890 = ORIENTED_EDGE('',*,*,#10725,.T.);
#10891 = ORIENTED_EDGE('',*,*,#10842,.F.);
#10892 = ADVANCED_FACE('',(#10893),#10680,.T.);
#10893 = FACE_BOUND('',#10894,.T.);
#10894 = EDGE_LOOP('',(#10895,#10896,#10897,#10898));
#10895 = ORIENTED_EDGE('',*,*,#10666,.F.);
#10896 = ORIENTED_EDGE('',*,*,#10817,.T.);
#10897 = ORIENTED_EDGE('',*,*,#10771,.T.);
#10898 = ORIENTED_EDGE('',*,*,#10864,.F.);
#10899 = MANIFOLD_SOLID_BREP('',#10900);
#10900 = CLOSED_SHELL('',(#10901,#11021,#11121,#11168,#11215,#11222));
#10901 = ADVANCED_FACE('',(#10902),#10916,.F.);
#10902 = FACE_BOUND('',#10903,.F.);
#10903 = EDGE_LOOP('',(#10904,#10939,#10967,#10995));
#10904 = ORIENTED_EDGE('',*,*,#10905,.F.);
#10905 = EDGE_CURVE('',#10906,#10908,#10910,.T.);
#10906 = VERTEX_POINT('',#10907);
#10907 = CARTESIAN_POINT('',(-2.085,-0.445,2.5));
#10908 = VERTEX_POINT('',#10909);
#10909 = CARTESIAN_POINT('',(-2.085,-0.445,3.85));
#10910 = SURFACE_CURVE('',#10911,(#10915,#10927),.PCURVE_S1.);
#10911 = LINE('',#10912,#10913);
#10912 = CARTESIAN_POINT('',(-2.085,-0.445,2.5));
#10913 = VECTOR('',#10914,1.);
#10914 = DIRECTION('',(0.,0.,1.));
#10915 = PCURVE('',#10916,#10921);
#10916 = PLANE('',#10917);
#10917 = AXIS2_PLACEMENT_3D('',#10918,#10919,#10920);
#10918 = CARTESIAN_POINT('',(-2.085,-0.445,2.5));
#10919 = DIRECTION('',(1.,0.,-0.));
#10920 = DIRECTION('',(0.,0.,1.));
#10921 = DEFINITIONAL_REPRESENTATION('',(#10922),#10926);
#10922 = LINE('',#10923,#10924);
#10923 = CARTESIAN_POINT('',(0.,0.));
#10924 = VECTOR('',#10925,1.);
#10925 = DIRECTION('',(1.,0.));
#10926 = ( GEOMETRIC_REPRESENTATION_CONTEXT(2) 
PARAMETRIC_REPRESENTATION_CONTEXT() REPRESENTATION_CONTEXT('2D SPACE',''
  ) );
#10927 = PCURVE('',#10928,#10933);
#10928 = PLANE('',#10929);
#10929 = AXIS2_PLACEMENT_3D('',#10930,#10931,#10932);
#10930 = CARTESIAN_POINT('',(-2.085,-0.445,2.5));
#10931 = DIRECTION('',(-0.,1.,0.));
#10932 = DIRECTION('',(0.,0.,1.));
#10933 = DEFINITIONAL_REPRESENTATION('',(#10934),#10938);
#10934 = LINE('',#10935,#10936);
#10935 = CARTESIAN_POINT('',(0.,0.));
#10936 = VECTOR('',#10937,1.);
#10937 = DIRECTION('',(1.,0.));
#10938 = ( GEOMETRIC_REPRESENTATION_CONTEXT(2) 
PARAMETRIC_REPRESENTATION_CONTEXT() REPRESENTATION_CONTEXT('2D SPACE',''
  ) );
#10939 = ORIENTED_EDGE('',*,*,#10940,.T.);
#10940 = EDGE_CURVE('',#10906,#10941,#10943,.T.);
#10941 = VERTEX_POINT('',#10942);
#10942 = CARTESIAN_POINT('',(-2.085,-0.365,2.5));
#10943 = SURFACE_CURVE('',#10944,(#10948,#10955),.PCURVE_S1.);
#10944 = LINE('',#10945,#10946);
#10945 = CARTESIAN_POINT('',(-2.085,-0.445,2.5));
#10946 = VECTOR('',#10947,1.);
#10947 = DIRECTION('',(-0.,1.,0.));
#10948 = PCURVE('',#10916,#10949);
#10949 = DEFINITIONAL_REPRESENTATION('',(#10950),#10954);
#10950 = LINE('',#10951,#10952);
#10951 = CARTESIAN_POINT('',(0.,0.));
#10952 = VECTOR('',#10953,1.);
#10953 = DIRECTION('',(0.,-1.));
#10954 = ( GEOMETRIC_REPRESENTATION_CONTEXT(2) 
PARAMETRIC_REPRESENTATION_CONTEXT() REPRESENTATION_CONTEXT('2D SPACE',''
  ) );
#10955 = PCURVE('',#10956,#10961);
#10956 = PLANE('',#10957);
#10957 = AXIS2_PLACEMENT_3D('',#10958,#10959,#10960);
#10958 = CARTESIAN_POINT('',(-2.085,-0.445,2.5));
#10959 = DIRECTION('',(0.,0.,1.));
#10960 = DIRECTION('',(1.,0.,-0.));
#10961 = DEFINITIONAL_REPRESENTATION('',(#10962),#10966);
#10962 = LINE('',#10963,#10964);
#10963 = CARTESIAN_POINT('',(0.,0.));
#10964 = VECTOR('',#10965,1.);
#10965 = DIRECTION('',(0.,1.));
#10966 = ( GEOMETRIC_REPRESENTATION_CONTEXT(2) 
PARAMETRIC_REPRESENTATION_CONTEXT() REPRESENTATION_CONTEXT('2D SPACE',''
  ) );
#10967 = ORIENTED_EDGE('',*,*,#10968,.T.);
#10968 = EDGE_CURVE('',#10941,#10969,#10971,.T.);
#10969 = VERTEX_POINT('',#10970);
#10970 = CARTESIAN_POINT('',(-2.085,-0.365,3.85));
#10971 = SURFACE_CURVE('',#10972,(#10976,#10983),.PCURVE_S1.);
#10972 = LINE('',#10973,#10974);
#10973 = CARTESIAN_POINT('',(-2.085,-0.365,2.5));
#10974 = VECTOR('',#10975,1.);
#10975 = DIRECTION('',(0.,0.,1.));
#10976 = PCURVE('',#10916,#10977);
#10977 = DEFINITIONAL_REPRESENTATION('',(#10978),#10982);
#10978 = LINE('',#10979,#10980);
#10979 = CARTESIAN_POINT('',(0.,-8.E-02));
#10980 = VECTOR('',#10981,1.);
#10981 = DIRECTION('',(1.,0.));
#10982 = ( GEOMETRIC_REPRESENTATION_CONTEXT(2) 
PARAMETRIC_REPRESENTATION_CONTEXT() REPRESENTATION_CONTEXT('2D SPACE',''
  ) );
#10983 = PCURVE('',#10984,#10989);
#10984 = PLANE('',#10985);
#10985 = AXIS2_PLACEMENT_3D('',#10986,#10987,#10988);
#10986 = CARTESIAN_POINT('',(-2.085,-0.365,2.5));
#10987 = DIRECTION('',(-0.,1.,0.));
#10988 = DIRECTION('',(0.,0.,1.));
#10989 = DEFINITIONAL_REPRESENTATION('',(#10990),#10994);
#10990 = LINE('',#10991,#10992);
#10991 = CARTESIAN_POINT('',(0.,0.));
#10992 = VECTOR('',#10993,1.);
#10993 = DIRECTION('',(1.,0.));
#10994 = ( GEOMETRIC_REPRESENTATION_CONTEXT(2) 
PARAMETRIC_REPRESENTATION_CONTEXT() REPRESENTATION_CONTEXT('2D SPACE',''
  ) );
#10995 = ORIENTED_EDGE('',*,*,#10996,.F.);
#10996 = EDGE_CURVE('',#10908,#10969,#10997,.T.);
#10997 = SURFACE_CURVE('',#10998,(#11002,#11009),.PCURVE_S1.);
#10998 = LINE('',#10999,#11000);
#10999 = CARTESIAN_POINT('',(-2.085,-0.445,3.85));
#11000 = VECTOR('',#11001,1.);
#11001 = DIRECTION('',(-0.,1.,0.));
#11002 = PCURVE('',#10916,#11003);
#11003 = DEFINITIONAL_REPRESENTATION('',(#11004),#11008);
#11004 = LINE('',#11005,#11006);
#11005 = CARTESIAN_POINT('',(1.35,0.));
#11006 = VECTOR('',#11007,1.);
#11007 = DIRECTION('',(0.,-1.));
#11008 = ( GEOMETRIC_REPRESENTATION_CONTEXT(2) 
PARAMETRIC_REPRESENTATION_CONTEXT() REPRESENTATION_CONTEXT('2D SPACE',''
  ) );
#11009 = PCURVE('',#11010,#11015);
#11010 = PLANE('',#11011);
#11011 = AXIS2_PLACEMENT_3D('',#11012,#11013,#11014);
#11012 = CARTESIAN_POINT('',(-2.085,-0.445,3.85));
#11013 = DIRECTION('',(0.,0.,1.));
#11014 = DIRECTION('',(1.,0.,-0.));
#11015 = DEFINITIONAL_REPRESENTATION('',(#11016),#11020);
#11016 = LINE('',#11017,#11018);
#11017 = CARTESIAN_POINT('',(0.,0.));
#11018 = VECTOR('',#11019,1.);
#11019 = DIRECTION('',(0.,1.));
#11020 = ( GEOMETRIC_REPRESENTATION_CONTEXT(2) 
PARAMETRIC_REPRESENTATION_CONTEXT() REPRESENTATION_CONTEXT('2D SPACE',''
  ) );
#11021 = ADVANCED_FACE('',(#11022),#11036,.T.);
#11022 = FACE_BOUND('',#11023,.T.);
#11023 = EDGE_LOOP('',(#11024,#11054,#11077,#11100));
#11024 = ORIENTED_EDGE('',*,*,#11025,.F.);
#11025 = EDGE_CURVE('',#11026,#11028,#11030,.T.);
#11026 = VERTEX_POINT('',#11027);
#11027 = CARTESIAN_POINT('',(-1.725,-0.445,2.5));
#11028 = VERTEX_POINT('',#11029);
#11029 = CARTESIAN_POINT('',(-1.725,-0.445,3.85));
#11030 = SURFACE_CURVE('',#11031,(#11035,#11047),.PCURVE_S1.);
#11031 = LINE('',#11032,#11033);
#11032 = CARTESIAN_POINT('',(-1.725,-0.445,2.5));
#11033 = VECTOR('',#11034,1.);
#11034 = DIRECTION('',(0.,0.,1.));
#11035 = PCURVE('',#11036,#11041);
#11036 = PLANE('',#11037);
#11037 = AXIS2_PLACEMENT_3D('',#11038,#11039,#11040);
#11038 = CARTESIAN_POINT('',(-1.725,-0.445,2.5));
#11039 = DIRECTION('',(1.,0.,-0.));
#11040 = DIRECTION('',(0.,0.,1.));
#11041 = DEFINITIONAL_REPRESENTATION('',(#11042),#11046);
#11042 = LINE('',#11043,#11044);
#11043 = CARTESIAN_POINT('',(0.,0.));
#11044 = VECTOR('',#11045,1.);
#11045 = DIRECTION('',(1.,0.));
#11046 = ( GEOMETRIC_REPRESENTATION_CONTEXT(2) 
PARAMETRIC_REPRESENTATION_CONTEXT() REPRESENTATION_CONTEXT('2D SPACE',''
  ) );
#11047 = PCURVE('',#10928,#11048);
#11048 = DEFINITIONAL_REPRESENTATION('',(#11049),#11053);
#11049 = LINE('',#11050,#11051);
#11050 = CARTESIAN_POINT('',(0.,0.36));
#11051 = VECTOR('',#11052,1.);
#11052 = DIRECTION('',(1.,0.));
#11053 = ( GEOMETRIC_REPRESENTATION_CONTEXT(2) 
PARAMETRIC_REPRESENTATION_CONTEXT() REPRESENTATION_CONTEXT('2D SPACE',''
  ) );
#11054 = ORIENTED_EDGE('',*,*,#11055,.T.);
#11055 = EDGE_CURVE('',#11026,#11056,#11058,.T.);
#11056 = VERTEX_POINT('',#11057);
#11057 = CARTESIAN_POINT('',(-1.725,-0.365,2.5));
#11058 = SURFACE_CURVE('',#11059,(#11063,#11070),.PCURVE_S1.);
#11059 = LINE('',#11060,#11061);
#11060 = CARTESIAN_POINT('',(-1.725,-0.445,2.5));
#11061 = VECTOR('',#11062,1.);
#11062 = DIRECTION('',(-0.,1.,0.));
#11063 = PCURVE('',#11036,#11064);
#11064 = DEFINITIONAL_REPRESENTATION('',(#11065),#11069);
#11065 = LINE('',#11066,#11067);
#11066 = CARTESIAN_POINT('',(0.,0.));
#11067 = VECTOR('',#11068,1.);
#11068 = DIRECTION('',(0.,-1.));
#11069 = ( GEOMETRIC_REPRESENTATION_CONTEXT(2) 
PARAMETRIC_REPRESENTATION_CONTEXT() REPRESENTATION_CONTEXT('2D SPACE',''
  ) );
#11070 = PCURVE('',#10956,#11071);
#11071 = DEFINITIONAL_REPRESENTATION('',(#11072),#11076);
#11072 = LINE('',#11073,#11074);
#11073 = CARTESIAN_POINT('',(0.36,0.));
#11074 = VECTOR('',#11075,1.);
#11075 = DIRECTION('',(0.,1.));
#11076 = ( GEOMETRIC_REPRESENTATION_CONTEXT(2) 
PARAMETRIC_REPRESENTATION_CONTEXT() REPRESENTATION_CONTEXT('2D SPACE',''
  ) );
#11077 = ORIENTED_EDGE('',*,*,#11078,.T.);
#11078 = EDGE_CURVE('',#11056,#11079,#11081,.T.);
#11079 = VERTEX_POINT('',#11080);
#11080 = CARTESIAN_POINT('',(-1.725,-0.365,3.85));
#11081 = SURFACE_CURVE('',#11082,(#11086,#11093),.PCURVE_S1.);
#11082 = LINE('',#11083,#11084);
#11083 = CARTESIAN_POINT('',(-1.725,-0.365,2.5));
#11084 = VECTOR('',#11085,1.);
#11085 = DIRECTION('',(0.,0.,1.));
#11086 = PCURVE('',#11036,#11087);
#11087 = DEFINITIONAL_REPRESENTATION('',(#11088),#11092);
#11088 = LINE('',#11089,#11090);
#11089 = CARTESIAN_POINT('',(0.,-8.E-02));
#11090 = VECTOR('',#11091,1.);
#11091 = DIRECTION('',(1.,0.));
#11092 = ( GEOMETRIC_REPRESENTATION_CONTEXT(2) 
PARAMETRIC_REPRESENTATION_CONTEXT() REPRESENTATION_CONTEXT('2D SPACE',''
  ) );
#11093 = PCURVE('',#10984,#11094);
#11094 = DEFINITIONAL_REPRESENTATION('',(#11095),#11099);
#11095 = LINE('',#11096,#11097);
#11096 = CARTESIAN_POINT('',(0.,0.36));
#11097 = VECTOR('',#11098,1.);
#11098 = DIRECTION('',(1.,0.));
#11099 = ( GEOMETRIC_REPRESENTATION_CONTEXT(2) 
PARAMETRIC_REPRESENTATION_CONTEXT() REPRESENTATION_CONTEXT('2D SPACE',''
  ) );
#11100 = ORIENTED_EDGE('',*,*,#11101,.F.);
#11101 = EDGE_CURVE('',#11028,#11079,#11102,.T.);
#11102 = SURFACE_CURVE('',#11103,(#11107,#11114),.PCURVE_S1.);
#11103 = LINE('',#11104,#11105);
#11104 = CARTESIAN_POINT('',(-1.725,-0.445,3.85));
#11105 = VECTOR('',#11106,1.);
#11106 = DIRECTION('',(-0.,1.,0.));
#11107 = PCURVE('',#11036,#11108);
#11108 = DEFINITIONAL_REPRESENTATION('',(#11109),#11113);
#11109 = LINE('',#11110,#11111);
#11110 = CARTESIAN_POINT('',(1.35,0.));
#11111 = VECTOR('',#11112,1.);
#11112 = DIRECTION('',(0.,-1.));
#11113 = ( GEOMETRIC_REPRESENTATION_CONTEXT(2) 
PARAMETRIC_REPRESENTATION_CONTEXT() REPRESENTATION_CONTEXT('2D SPACE',''
  ) );
#11114 = PCURVE('',#11010,#11115);
#11115 = DEFINITIONAL_REPRESENTATION('',(#11116),#11120);
#11116 = LINE('',#11117,#11118);
#11117 = CARTESIAN_POINT('',(0.36,0.));
#11118 = VECTOR('',#11119,1.);
#11119 = DIRECTION('',(0.,1.));
#11120 = ( GEOMETRIC_REPRESENTATION_CONTEXT(2) 
PARAMETRIC_REPRESENTATION_CONTEXT() REPRESENTATION_CONTEXT('2D SPACE',''
  ) );
#11121 = ADVANCED_FACE('',(#11122),#10928,.F.);
#11122 = FACE_BOUND('',#11123,.F.);
#11123 = EDGE_LOOP('',(#11124,#11145,#11146,#11167));
#11124 = ORIENTED_EDGE('',*,*,#11125,.F.);
#11125 = EDGE_CURVE('',#10906,#11026,#11126,.T.);
#11126 = SURFACE_CURVE('',#11127,(#11131,#11138),.PCURVE_S1.);
#11127 = LINE('',#11128,#11129);
#11128 = CARTESIAN_POINT('',(-2.085,-0.445,2.5));
#11129 = VECTOR('',#11130,1.);
#11130 = DIRECTION('',(1.,0.,-0.));
#11131 = PCURVE('',#10928,#11132);
#11132 = DEFINITIONAL_REPRESENTATION('',(#11133),#11137);
#11133 = LINE('',#11134,#11135);
#11134 = CARTESIAN_POINT('',(0.,0.));
#11135 = VECTOR('',#11136,1.);
#11136 = DIRECTION('',(0.,1.));
#11137 = ( GEOMETRIC_REPRESENTATION_CONTEXT(2) 
PARAMETRIC_REPRESENTATION_CONTEXT() REPRESENTATION_CONTEXT('2D SPACE',''
  ) );
#11138 = PCURVE('',#10956,#11139);
#11139 = DEFINITIONAL_REPRESENTATION('',(#11140),#11144);
#11140 = LINE('',#11141,#11142);
#11141 = CARTESIAN_POINT('',(0.,0.));
#11142 = VECTOR('',#11143,1.);
#11143 = DIRECTION('',(1.,0.));
#11144 = ( GEOMETRIC_REPRESENTATION_CONTEXT(2) 
PARAMETRIC_REPRESENTATION_CONTEXT() REPRESENTATION_CONTEXT('2D SPACE',''
  ) );
#11145 = ORIENTED_EDGE('',*,*,#10905,.T.);
#11146 = ORIENTED_EDGE('',*,*,#11147,.T.);
#11147 = EDGE_CURVE('',#10908,#11028,#11148,.T.);
#11148 = SURFACE_CURVE('',#11149,(#11153,#11160),.PCURVE_S1.);
#11149 = LINE('',#11150,#11151);
#11150 = CARTESIAN_POINT('',(-2.085,-0.445,3.85));
#11151 = VECTOR('',#11152,1.);
#11152 = DIRECTION('',(1.,0.,-0.));
#11153 = PCURVE('',#10928,#11154);
#11154 = DEFINITIONAL_REPRESENTATION('',(#11155),#11159);
#11155 = LINE('',#11156,#11157);
#11156 = CARTESIAN_POINT('',(1.35,0.));
#11157 = VECTOR('',#11158,1.);
#11158 = DIRECTION('',(0.,1.));
#11159 = ( GEOMETRIC_REPRESENTATION_CONTEXT(2) 
PARAMETRIC_REPRESENTATION_CONTEXT() REPRESENTATION_CONTEXT('2D SPACE',''
  ) );
#11160 = PCURVE('',#11010,#11161);
#11161 = DEFINITIONAL_REPRESENTATION('',(#11162),#11166);
#11162 = LINE('',#11163,#11164);
#11163 = CARTESIAN_POINT('',(0.,0.));
#11164 = VECTOR('',#11165,1.);
#11165 = DIRECTION('',(1.,0.));
#11166 = ( GEOMETRIC_REPRESENTATION_CONTEXT(2) 
PARAMETRIC_REPRESENTATION_CONTEXT() REPRESENTATION_CONTEXT('2D SPACE',''
  ) );
#11167 = ORIENTED_EDGE('',*,*,#11025,.F.);
#11168 = ADVANCED_FACE('',(#11169),#10984,.T.);
#11169 = FACE_BOUND('',#11170,.T.);
#11170 = EDGE_LOOP('',(#11171,#11192,#11193,#11214));
#11171 = ORIENTED_EDGE('',*,*,#11172,.F.);
#11172 = EDGE_CURVE('',#10941,#11056,#11173,.T.);
#11173 = SURFACE_CURVE('',#11174,(#11178,#11185),.PCURVE_S1.);
#11174 = LINE('',#11175,#11176);
#11175 = CARTESIAN_POINT('',(-2.085,-0.365,2.5));
#11176 = VECTOR('',#11177,1.);
#11177 = DIRECTION('',(1.,0.,-0.));
#11178 = PCURVE('',#10984,#11179);
#11179 = DEFINITIONAL_REPRESENTATION('',(#11180),#11184);
#11180 = LINE('',#11181,#11182);
#11181 = CARTESIAN_POINT('',(0.,0.));
#11182 = VECTOR('',#11183,1.);
#11183 = DIRECTION('',(0.,1.));
#11184 = ( GEOMETRIC_REPRESENTATION_CONTEXT(2) 
PARAMETRIC_REPRESENTATION_CONTEXT() REPRESENTATION_CONTEXT('2D SPACE',''
  ) );
#11185 = PCURVE('',#10956,#11186);
#11186 = DEFINITIONAL_REPRESENTATION('',(#11187),#11191);
#11187 = LINE('',#11188,#11189);
#11188 = CARTESIAN_POINT('',(0.,8.E-02));
#11189 = VECTOR('',#11190,1.);
#11190 = DIRECTION('',(1.,0.));
#11191 = ( GEOMETRIC_REPRESENTATION_CONTEXT(2) 
PARAMETRIC_REPRESENTATION_CONTEXT() REPRESENTATION_CONTEXT('2D SPACE',''
  ) );
#11192 = ORIENTED_EDGE('',*,*,#10968,.T.);
#11193 = ORIENTED_EDGE('',*,*,#11194,.T.);
#11194 = EDGE_CURVE('',#10969,#11079,#11195,.T.);
#11195 = SURFACE_CURVE('',#11196,(#11200,#11207),.PCURVE_S1.);
#11196 = LINE('',#11197,#11198);
#11197 = CARTESIAN_POINT('',(-2.085,-0.365,3.85));
#11198 = VECTOR('',#11199,1.);
#11199 = DIRECTION('',(1.,0.,-0.));
#11200 = PCURVE('',#10984,#11201);
#11201 = DEFINITIONAL_REPRESENTATION('',(#11202),#11206);
#11202 = LINE('',#11203,#11204);
#11203 = CARTESIAN_POINT('',(1.35,0.));
#11204 = VECTOR('',#11205,1.);
#11205 = DIRECTION('',(0.,1.));
#11206 = ( GEOMETRIC_REPRESENTATION_CONTEXT(2) 
PARAMETRIC_REPRESENTATION_CONTEXT() REPRESENTATION_CONTEXT('2D SPACE',''
  ) );
#11207 = PCURVE('',#11010,#11208);
#11208 = DEFINITIONAL_REPRESENTATION('',(#11209),#11213);
#11209 = LINE('',#11210,#11211);
#11210 = CARTESIAN_POINT('',(0.,8.E-02));
#11211 = VECTOR('',#11212,1.);
#11212 = DIRECTION('',(1.,0.));
#11213 = ( GEOMETRIC_REPRESENTATION_CONTEXT(2) 
PARAMETRIC_REPRESENTATION_CONTEXT() REPRESENTATION_CONTEXT('2D SPACE',''
  ) );
#11214 = ORIENTED_EDGE('',*,*,#11078,.F.);
#11215 = ADVANCED_FACE('',(#11216),#10956,.F.);
#11216 = FACE_BOUND('',#11217,.F.);
#11217 = EDGE_LOOP('',(#11218,#11219,#11220,#11221));
#11218 = ORIENTED_EDGE('',*,*,#10940,.F.);
#11219 = ORIENTED_EDGE('',*,*,#11125,.T.);
#11220 = ORIENTED_EDGE('',*,*,#11055,.T.);
#11221 = ORIENTED_EDGE('',*,*,#11172,.F.);
#11222 = ADVANCED_FACE('',(#11223),#11010,.T.);
#11223 = FACE_BOUND('',#11224,.T.);
#11224 = EDGE_LOOP('',(#11225,#11226,#11227,#11228));
#11225 = ORIENTED_EDGE('',*,*,#10996,.F.);
#11226 = ORIENTED_EDGE('',*,*,#11147,.T.);
#11227 = ORIENTED_EDGE('',*,*,#11101,.T.);
#11228 = ORIENTED_EDGE('',*,*,#11194,.F.);
#11229 = MANIFOLD_SOLID_BREP('',#11230);
#11230 = CLOSED_SHELL('',(#11231,#11351,#11451,#11498,#11545,#11552));
#11231 = ADVANCED_FACE('',(#11232),#11246,.F.);
#11232 = FACE_BOUND('',#11233,.F.);
#11233 = EDGE_LOOP('',(#11234,#11269,#11297,#11325));
#11234 = ORIENTED_EDGE('',*,*,#11235,.F.);
#11235 = EDGE_CURVE('',#11236,#11238,#11240,.T.);
#11236 = VERTEX_POINT('',#11237);
#11237 = CARTESIAN_POINT('',(-2.085,0.365,2.5));
#11238 = VERTEX_POINT('',#11239);
#11239 = CARTESIAN_POINT('',(-2.085,0.365,3.85));
#11240 = SURFACE_CURVE('',#11241,(#11245,#11257),.PCURVE_S1.);
#11241 = LINE('',#11242,#11243);
#11242 = CARTESIAN_POINT('',(-2.085,0.365,2.5));
#11243 = VECTOR('',#11244,1.);
#11244 = DIRECTION('',(0.,0.,1.));
#11245 = PCURVE('',#11246,#11251);
#11246 = PLANE('',#11247);
#11247 = AXIS2_PLACEMENT_3D('',#11248,#11249,#11250);
#11248 = CARTESIAN_POINT('',(-2.085,0.365,2.5));
#11249 = DIRECTION('',(1.,0.,-0.));
#11250 = DIRECTION('',(0.,0.,1.));
#11251 = DEFINITIONAL_REPRESENTATION('',(#11252),#11256);
#11252 = LINE('',#11253,#11254);
#11253 = CARTESIAN_POINT('',(0.,0.));
#11254 = VECTOR('',#11255,1.);
#11255 = DIRECTION('',(1.,0.));
#11256 = ( GEOMETRIC_REPRESENTATION_CONTEXT(2) 
PARAMETRIC_REPRESENTATION_CONTEXT() REPRESENTATION_CONTEXT('2D SPACE',''
  ) );
#11257 = PCURVE('',#11258,#11263);
#11258 = PLANE('',#11259);
#11259 = AXIS2_PLACEMENT_3D('',#11260,#11261,#11262);
#11260 = CARTESIAN_POINT('',(-2.085,0.365,2.5));
#11261 = DIRECTION('',(-0.,1.,0.));
#11262 = DIRECTION('',(0.,0.,1.));
#11263 = DEFINITIONAL_REPRESENTATION('',(#11264),#11268);
#11264 = LINE('',#11265,#11266);
#11265 = CARTESIAN_POINT('',(0.,0.));
#11266 = VECTOR('',#11267,1.);
#11267 = DIRECTION('',(1.,0.));
#11268 = ( GEOMETRIC_REPRESENTATION_CONTEXT(2) 
PARAMETRIC_REPRESENTATION_CONTEXT() REPRESENTATION_CONTEXT('2D SPACE',''
  ) );
#11269 = ORIENTED_EDGE('',*,*,#11270,.T.);
#11270 = EDGE_CURVE('',#11236,#11271,#11273,.T.);
#11271 = VERTEX_POINT('',#11272);
#11272 = CARTESIAN_POINT('',(-2.085,0.445,2.5));
#11273 = SURFACE_CURVE('',#11274,(#11278,#11285),.PCURVE_S1.);
#11274 = LINE('',#11275,#11276);
#11275 = CARTESIAN_POINT('',(-2.085,0.365,2.5));
#11276 = VECTOR('',#11277,1.);
#11277 = DIRECTION('',(-0.,1.,0.));
#11278 = PCURVE('',#11246,#11279);
#11279 = DEFINITIONAL_REPRESENTATION('',(#11280),#11284);
#11280 = LINE('',#11281,#11282);
#11281 = CARTESIAN_POINT('',(0.,0.));
#11282 = VECTOR('',#11283,1.);
#11283 = DIRECTION('',(0.,-1.));
#11284 = ( GEOMETRIC_REPRESENTATION_CONTEXT(2) 
PARAMETRIC_REPRESENTATION_CONTEXT() REPRESENTATION_CONTEXT('2D SPACE',''
  ) );
#11285 = PCURVE('',#11286,#11291);
#11286 = PLANE('',#11287);
#11287 = AXIS2_PLACEMENT_3D('',#11288,#11289,#11290);
#11288 = CARTESIAN_POINT('',(-2.085,0.365,2.5));
#11289 = DIRECTION('',(0.,0.,1.));
#11290 = DIRECTION('',(1.,0.,-0.));
#11291 = DEFINITIONAL_REPRESENTATION('',(#11292),#11296);
#11292 = LINE('',#11293,#11294);
#11293 = CARTESIAN_POINT('',(0.,0.));
#11294 = VECTOR('',#11295,1.);
#11295 = DIRECTION('',(0.,1.));
#11296 = ( GEOMETRIC_REPRESENTATION_CONTEXT(2) 
PARAMETRIC_REPRESENTATION_CONTEXT() REPRESENTATION_CONTEXT('2D SPACE',''
  ) );
#11297 = ORIENTED_EDGE('',*,*,#11298,.T.);
#11298 = EDGE_CURVE('',#11271,#11299,#11301,.T.);
#11299 = VERTEX_POINT('',#11300);
#11300 = CARTESIAN_POINT('',(-2.085,0.445,3.85));
#11301 = SURFACE_CURVE('',#11302,(#11306,#11313),.PCURVE_S1.);
#11302 = LINE('',#11303,#11304);
#11303 = CARTESIAN_POINT('',(-2.085,0.445,2.5));
#11304 = VECTOR('',#11305,1.);
#11305 = DIRECTION('',(0.,0.,1.));
#11306 = PCURVE('',#11246,#11307);
#11307 = DEFINITIONAL_REPRESENTATION('',(#11308),#11312);
#11308 = LINE('',#11309,#11310);
#11309 = CARTESIAN_POINT('',(0.,-8.E-02));
#11310 = VECTOR('',#11311,1.);
#11311 = DIRECTION('',(1.,0.));
#11312 = ( GEOMETRIC_REPRESENTATION_CONTEXT(2) 
PARAMETRIC_REPRESENTATION_CONTEXT() REPRESENTATION_CONTEXT('2D SPACE',''
  ) );
#11313 = PCURVE('',#11314,#11319);
#11314 = PLANE('',#11315);
#11315 = AXIS2_PLACEMENT_3D('',#11316,#11317,#11318);
#11316 = CARTESIAN_POINT('',(-2.085,0.445,2.5));
#11317 = DIRECTION('',(-0.,1.,0.));
#11318 = DIRECTION('',(0.,0.,1.));
#11319 = DEFINITIONAL_REPRESENTATION('',(#11320),#11324);
#11320 = LINE('',#11321,#11322);
#11321 = CARTESIAN_POINT('',(0.,0.));
#11322 = VECTOR('',#11323,1.);
#11323 = DIRECTION('',(1.,0.));
#11324 = ( GEOMETRIC_REPRESENTATION_CONTEXT(2) 
PARAMETRIC_REPRESENTATION_CONTEXT() REPRESENTATION_CONTEXT('2D SPACE',''
  ) );
#11325 = ORIENTED_EDGE('',*,*,#11326,.F.);
#11326 = EDGE_CURVE('',#11238,#11299,#11327,.T.);
#11327 = SURFACE_CURVE('',#11328,(#11332,#11339),.PCURVE_S1.);
#11328 = LINE('',#11329,#11330);
#11329 = CARTESIAN_POINT('',(-2.085,0.365,3.85));
#11330 = VECTOR('',#11331,1.);
#11331 = DIRECTION('',(-0.,1.,0.));
#11332 = PCURVE('',#11246,#11333);
#11333 = DEFINITIONAL_REPRESENTATION('',(#11334),#11338);
#11334 = LINE('',#11335,#11336);
#11335 = CARTESIAN_POINT('',(1.35,0.));
#11336 = VECTOR('',#11337,1.);
#11337 = DIRECTION('',(0.,-1.));
#11338 = ( GEOMETRIC_REPRESENTATION_CONTEXT(2) 
PARAMETRIC_REPRESENTATION_CONTEXT() REPRESENTATION_CONTEXT('2D SPACE',''
  ) );
#11339 = PCURVE('',#11340,#11345);
#11340 = PLANE('',#11341);
#11341 = AXIS2_PLACEMENT_3D('',#11342,#11343,#11344);
#11342 = CARTESIAN_POINT('',(-2.085,0.365,3.85));
#11343 = DIRECTION('',(0.,0.,1.));
#11344 = DIRECTION('',(1.,0.,-0.));
#11345 = DEFINITIONAL_REPRESENTATION('',(#11346),#11350);
#11346 = LINE('',#11347,#11348);
#11347 = CARTESIAN_POINT('',(0.,0.));
#11348 = VECTOR('',#11349,1.);
#11349 = DIRECTION('',(0.,1.));
#11350 = ( GEOMETRIC_REPRESENTATION_CONTEXT(2) 
PARAMETRIC_REPRESENTATION_CONTEXT() REPRESENTATION_CONTEXT('2D SPACE',''
  ) );
#11351 = ADVANCED_FACE('',(#11352),#11366,.T.);
#11352 = FACE_BOUND('',#11353,.T.);
#11353 = EDGE_LOOP('',(#11354,#11384,#11407,#11430));
#11354 = ORIENTED_EDGE('',*,*,#11355,.F.);
#11355 = EDGE_CURVE('',#11356,#11358,#11360,.T.);
#11356 = VERTEX_POINT('',#11357);
#11357 = CARTESIAN_POINT('',(-1.725,0.365,2.5));
#11358 = VERTEX_POINT('',#11359);
#11359 = CARTESIAN_POINT('',(-1.725,0.365,3.85));
#11360 = SURFACE_CURVE('',#11361,(#11365,#11377),.PCURVE_S1.);
#11361 = LINE('',#11362,#11363);
#11362 = CARTESIAN_POINT('',(-1.725,0.365,2.5));
#11363 = VECTOR('',#11364,1.);
#11364 = DIRECTION('',(0.,0.,1.));
#11365 = PCURVE('',#11366,#11371);
#11366 = PLANE('',#11367);
#11367 = AXIS2_PLACEMENT_3D('',#11368,#11369,#11370);
#11368 = CARTESIAN_POINT('',(-1.725,0.365,2.5));
#11369 = DIRECTION('',(1.,0.,-0.));
#11370 = DIRECTION('',(0.,0.,1.));
#11371 = DEFINITIONAL_REPRESENTATION('',(#11372),#11376);
#11372 = LINE('',#11373,#11374);
#11373 = CARTESIAN_POINT('',(0.,0.));
#11374 = VECTOR('',#11375,1.);
#11375 = DIRECTION('',(1.,0.));
#11376 = ( GEOMETRIC_REPRESENTATION_CONTEXT(2) 
PARAMETRIC_REPRESENTATION_CONTEXT() REPRESENTATION_CONTEXT('2D SPACE',''
  ) );
#11377 = PCURVE('',#11258,#11378);
#11378 = DEFINITIONAL_REPRESENTATION('',(#11379),#11383);
#11379 = LINE('',#11380,#11381);
#11380 = CARTESIAN_POINT('',(0.,0.36));
#11381 = VECTOR('',#11382,1.);
#11382 = DIRECTION('',(1.,0.));
#11383 = ( GEOMETRIC_REPRESENTATION_CONTEXT(2) 
PARAMETRIC_REPRESENTATION_CONTEXT() REPRESENTATION_CONTEXT('2D SPACE',''
  ) );
#11384 = ORIENTED_EDGE('',*,*,#11385,.T.);
#11385 = EDGE_CURVE('',#11356,#11386,#11388,.T.);
#11386 = VERTEX_POINT('',#11387);
#11387 = CARTESIAN_POINT('',(-1.725,0.445,2.5));
#11388 = SURFACE_CURVE('',#11389,(#11393,#11400),.PCURVE_S1.);
#11389 = LINE('',#11390,#11391);
#11390 = CARTESIAN_POINT('',(-1.725,0.365,2.5));
#11391 = VECTOR('',#11392,1.);
#11392 = DIRECTION('',(-0.,1.,0.));
#11393 = PCURVE('',#11366,#11394);
#11394 = DEFINITIONAL_REPRESENTATION('',(#11395),#11399);
#11395 = LINE('',#11396,#11397);
#11396 = CARTESIAN_POINT('',(0.,0.));
#11397 = VECTOR('',#11398,1.);
#11398 = DIRECTION('',(0.,-1.));
#11399 = ( GEOMETRIC_REPRESENTATION_CONTEXT(2) 
PARAMETRIC_REPRESENTATION_CONTEXT() REPRESENTATION_CONTEXT('2D SPACE',''
  ) );
#11400 = PCURVE('',#11286,#11401);
#11401 = DEFINITIONAL_REPRESENTATION('',(#11402),#11406);
#11402 = LINE('',#11403,#11404);
#11403 = CARTESIAN_POINT('',(0.36,0.));
#11404 = VECTOR('',#11405,1.);
#11405 = DIRECTION('',(0.,1.));
#11406 = ( GEOMETRIC_REPRESENTATION_CONTEXT(2) 
PARAMETRIC_REPRESENTATION_CONTEXT() REPRESENTATION_CONTEXT('2D SPACE',''
  ) );
#11407 = ORIENTED_EDGE('',*,*,#11408,.T.);
#11408 = EDGE_CURVE('',#11386,#11409,#11411,.T.);
#11409 = VERTEX_POINT('',#11410);
#11410 = CARTESIAN_POINT('',(-1.725,0.445,3.85));
#11411 = SURFACE_CURVE('',#11412,(#11416,#11423),.PCURVE_S1.);
#11412 = LINE('',#11413,#11414);
#11413 = CARTESIAN_POINT('',(-1.725,0.445,2.5));
#11414 = VECTOR('',#11415,1.);
#11415 = DIRECTION('',(0.,0.,1.));
#11416 = PCURVE('',#11366,#11417);
#11417 = DEFINITIONAL_REPRESENTATION('',(#11418),#11422);
#11418 = LINE('',#11419,#11420);
#11419 = CARTESIAN_POINT('',(0.,-8.E-02));
#11420 = VECTOR('',#11421,1.);
#11421 = DIRECTION('',(1.,0.));
#11422 = ( GEOMETRIC_REPRESENTATION_CONTEXT(2) 
PARAMETRIC_REPRESENTATION_CONTEXT() REPRESENTATION_CONTEXT('2D SPACE',''
  ) );
#11423 = PCURVE('',#11314,#11424);
#11424 = DEFINITIONAL_REPRESENTATION('',(#11425),#11429);
#11425 = LINE('',#11426,#11427);
#11426 = CARTESIAN_POINT('',(0.,0.36));
#11427 = VECTOR('',#11428,1.);
#11428 = DIRECTION('',(1.,0.));
#11429 = ( GEOMETRIC_REPRESENTATION_CONTEXT(2) 
PARAMETRIC_REPRESENTATION_CONTEXT() REPRESENTATION_CONTEXT('2D SPACE',''
  ) );
#11430 = ORIENTED_EDGE('',*,*,#11431,.F.);
#11431 = EDGE_CURVE('',#11358,#11409,#11432,.T.);
#11432 = SURFACE_CURVE('',#11433,(#11437,#11444),.PCURVE_S1.);
#11433 = LINE('',#11434,#11435);
#11434 = CARTESIAN_POINT('',(-1.725,0.365,3.85));
#11435 = VECTOR('',#11436,1.);
#11436 = DIRECTION('',(-0.,1.,0.));
#11437 = PCURVE('',#11366,#11438);
#11438 = DEFINITIONAL_REPRESENTATION('',(#11439),#11443);
#11439 = LINE('',#11440,#11441);
#11440 = CARTESIAN_POINT('',(1.35,0.));
#11441 = VECTOR('',#11442,1.);
#11442 = DIRECTION('',(0.,-1.));
#11443 = ( GEOMETRIC_REPRESENTATION_CONTEXT(2) 
PARAMETRIC_REPRESENTATION_CONTEXT() REPRESENTATION_CONTEXT('2D SPACE',''
  ) );
#11444 = PCURVE('',#11340,#11445);
#11445 = DEFINITIONAL_REPRESENTATION('',(#11446),#11450);
#11446 = LINE('',#11447,#11448);
#11447 = CARTESIAN_POINT('',(0.36,0.));
#11448 = VECTOR('',#11449,1.);
#11449 = DIRECTION('',(0.,1.));
#11450 = ( GEOMETRIC_REPRESENTATION_CONTEXT(2) 
PARAMETRIC_REPRESENTATION_CONTEXT() REPRESENTATION_CONTEXT('2D SPACE',''
  ) );
#11451 = ADVANCED_FACE('',(#11452),#11258,.F.);
#11452 = FACE_BOUND('',#11453,.F.);
#11453 = EDGE_LOOP('',(#11454,#11475,#11476,#11497));
#11454 = ORIENTED_EDGE('',*,*,#11455,.F.);
#11455 = EDGE_CURVE('',#11236,#11356,#11456,.T.);
#11456 = SURFACE_CURVE('',#11457,(#11461,#11468),.PCURVE_S1.);
#11457 = LINE('',#11458,#11459);
#11458 = CARTESIAN_POINT('',(-2.085,0.365,2.5));
#11459 = VECTOR('',#11460,1.);
#11460 = DIRECTION('',(1.,0.,-0.));
#11461 = PCURVE('',#11258,#11462);
#11462 = DEFINITIONAL_REPRESENTATION('',(#11463),#11467);
#11463 = LINE('',#11464,#11465);
#11464 = CARTESIAN_POINT('',(0.,0.));
#11465 = VECTOR('',#11466,1.);
#11466 = DIRECTION('',(0.,1.));
#11467 = ( GEOMETRIC_REPRESENTATION_CONTEXT(2) 
PARAMETRIC_REPRESENTATION_CONTEXT() REPRESENTATION_CONTEXT('2D SPACE',''
  ) );
#11468 = PCURVE('',#11286,#11469);
#11469 = DEFINITIONAL_REPRESENTATION('',(#11470),#11474);
#11470 = LINE('',#11471,#11472);
#11471 = CARTESIAN_POINT('',(0.,0.));
#11472 = VECTOR('',#11473,1.);
#11473 = DIRECTION('',(1.,0.));
#11474 = ( GEOMETRIC_REPRESENTATION_CONTEXT(2) 
PARAMETRIC_REPRESENTATION_CONTEXT() REPRESENTATION_CONTEXT('2D SPACE',''
  ) );
#11475 = ORIENTED_EDGE('',*,*,#11235,.T.);
#11476 = ORIENTED_EDGE('',*,*,#11477,.T.);
#11477 = EDGE_CURVE('',#11238,#11358,#11478,.T.);
#11478 = SURFACE_CURVE('',#11479,(#11483,#11490),.PCURVE_S1.);
#11479 = LINE('',#11480,#11481);
#11480 = CARTESIAN_POINT('',(-2.085,0.365,3.85));
#11481 = VECTOR('',#11482,1.);
#11482 = DIRECTION('',(1.,0.,-0.));
#11483 = PCURVE('',#11258,#11484);
#11484 = DEFINITIONAL_REPRESENTATION('',(#11485),#11489);
#11485 = LINE('',#11486,#11487);
#11486 = CARTESIAN_POINT('',(1.35,0.));
#11487 = VECTOR('',#11488,1.);
#11488 = DIRECTION('',(0.,1.));
#11489 = ( GEOMETRIC_REPRESENTATION_CONTEXT(2) 
PARAMETRIC_REPRESENTATION_CONTEXT() REPRESENTATION_CONTEXT('2D SPACE',''
  ) );
#11490 = PCURVE('',#11340,#11491);
#11491 = DEFINITIONAL_REPRESENTATION('',(#11492),#11496);
#11492 = LINE('',#11493,#11494);
#11493 = CARTESIAN_POINT('',(0.,0.));
#11494 = VECTOR('',#11495,1.);
#11495 = DIRECTION('',(1.,0.));
#11496 = ( GEOMETRIC_REPRESENTATION_CONTEXT(2) 
PARAMETRIC_REPRESENTATION_CONTEXT() REPRESENTATION_CONTEXT('2D SPACE',''
  ) );
#11497 = ORIENTED_EDGE('',*,*,#11355,.F.);
#11498 = ADVANCED_FACE('',(#11499),#11314,.T.);
#11499 = FACE_BOUND('',#11500,.T.);
#11500 = EDGE_LOOP('',(#11501,#11522,#11523,#11544));
#11501 = ORIENTED_EDGE('',*,*,#11502,.F.);
#11502 = EDGE_CURVE('',#11271,#11386,#11503,.T.);
#11503 = SURFACE_CURVE('',#11504,(#11508,#11515),.PCURVE_S1.);
#11504 = LINE('',#11505,#11506);
#11505 = CARTESIAN_POINT('',(-2.085,0.445,2.5));
#11506 = VECTOR('',#11507,1.);
#11507 = DIRECTION('',(1.,0.,-0.));
#11508 = PCURVE('',#11314,#11509);
#11509 = DEFINITIONAL_REPRESENTATION('',(#11510),#11514);
#11510 = LINE('',#11511,#11512);
#11511 = CARTESIAN_POINT('',(0.,0.));
#11512 = VECTOR('',#11513,1.);
#11513 = DIRECTION('',(0.,1.));
#11514 = ( GEOMETRIC_REPRESENTATION_CONTEXT(2) 
PARAMETRIC_REPRESENTATION_CONTEXT() REPRESENTATION_CONTEXT('2D SPACE',''
  ) );
#11515 = PCURVE('',#11286,#11516);
#11516 = DEFINITIONAL_REPRESENTATION('',(#11517),#11521);
#11517 = LINE('',#11518,#11519);
#11518 = CARTESIAN_POINT('',(0.,8.E-02));
#11519 = VECTOR('',#11520,1.);
#11520 = DIRECTION('',(1.,0.));
#11521 = ( GEOMETRIC_REPRESENTATION_CONTEXT(2) 
PARAMETRIC_REPRESENTATION_CONTEXT() REPRESENTATION_CONTEXT('2D SPACE',''
  ) );
#11522 = ORIENTED_EDGE('',*,*,#11298,.T.);
#11523 = ORIENTED_EDGE('',*,*,#11524,.T.);
#11524 = EDGE_CURVE('',#11299,#11409,#11525,.T.);
#11525 = SURFACE_CURVE('',#11526,(#11530,#11537),.PCURVE_S1.);
#11526 = LINE('',#11527,#11528);
#11527 = CARTESIAN_POINT('',(-2.085,0.445,3.85));
#11528 = VECTOR('',#11529,1.);
#11529 = DIRECTION('',(1.,0.,-0.));
#11530 = PCURVE('',#11314,#11531);
#11531 = DEFINITIONAL_REPRESENTATION('',(#11532),#11536);
#11532 = LINE('',#11533,#11534);
#11533 = CARTESIAN_POINT('',(1.35,0.));
#11534 = VECTOR('',#11535,1.);
#11535 = DIRECTION('',(0.,1.));
#11536 = ( GEOMETRIC_REPRESENTATION_CONTEXT(2) 
PARAMETRIC_REPRESENTATION_CONTEXT() REPRESENTATION_CONTEXT('2D SPACE',''
  ) );
#11537 = PCURVE('',#11340,#11538);
#11538 = DEFINITIONAL_REPRESENTATION('',(#11539),#11543);
#11539 = LINE('',#11540,#11541);
#11540 = CARTESIAN_POINT('',(0.,8.E-02));
#11541 = VECTOR('',#11542,1.);
#11542 = DIRECTION('',(1.,0.));
#11543 = ( GEOMETRIC_REPRESENTATION_CONTEXT(2) 
PARAMETRIC_REPRESENTATION_CONTEXT() REPRESENTATION_CONTEXT('2D SPACE',''
  ) );
#11544 = ORIENTED_EDGE('',*,*,#11408,.F.);
#11545 = ADVANCED_FACE('',(#11546),#11286,.F.);
#11546 = FACE_BOUND('',#11547,.F.);
#11547 = EDGE_LOOP('',(#11548,#11549,#11550,#11551));
#11548 = ORIENTED_EDGE('',*,*,#11270,.F.);
#11549 = ORIENTED_EDGE('',*,*,#11455,.T.);
#11550 = ORIENTED_EDGE('',*,*,#11385,.T.);
#11551 = ORIENTED_EDGE('',*,*,#11502,.F.);
#11552 = ADVANCED_FACE('',(#11553),#11340,.T.);
#11553 = FACE_BOUND('',#11554,.T.);
#11554 = EDGE_LOOP('',(#11555,#11556,#11557,#11558));
#11555 = ORIENTED_EDGE('',*,*,#11326,.F.);
#11556 = ORIENTED_EDGE('',*,*,#11477,.T.);
#11557 = ORIENTED_EDGE('',*,*,#11431,.T.);
#11558 = ORIENTED_EDGE('',*,*,#11524,.F.);
#11559 = MANIFOLD_SOLID_BREP('',#11560);
#11560 = CLOSED_SHELL('',(#11561,#11681,#11781,#11828,#11875,#11882));
#11561 = ADVANCED_FACE('',(#11562),#11576,.F.);
#11562 = FACE_BOUND('',#11563,.F.);
#11563 = EDGE_LOOP('',(#11564,#11599,#11627,#11655));
#11564 = ORIENTED_EDGE('',*,*,#11565,.F.);
#11565 = EDGE_CURVE('',#11566,#11568,#11570,.T.);
#11566 = VERTEX_POINT('',#11567);
#11567 = CARTESIAN_POINT('',(-2.085,0.825,2.5));
#11568 = VERTEX_POINT('',#11569);
#11569 = CARTESIAN_POINT('',(-2.085,0.825,3.85));
#11570 = SURFACE_CURVE('',#11571,(#11575,#11587),.PCURVE_S1.);
#11571 = LINE('',#11572,#11573);
#11572 = CARTESIAN_POINT('',(-2.085,0.825,2.5));
#11573 = VECTOR('',#11574,1.);
#11574 = DIRECTION('',(0.,0.,1.));
#11575 = PCURVE('',#11576,#11581);
#11576 = PLANE('',#11577);
#11577 = AXIS2_PLACEMENT_3D('',#11578,#11579,#11580);
#11578 = CARTESIAN_POINT('',(-2.085,0.825,2.5));
#11579 = DIRECTION('',(1.,0.,-0.));
#11580 = DIRECTION('',(0.,0.,1.));
#11581 = DEFINITIONAL_REPRESENTATION('',(#11582),#11586);
#11582 = LINE('',#11583,#11584);
#11583 = CARTESIAN_POINT('',(0.,0.));
#11584 = VECTOR('',#11585,1.);
#11585 = DIRECTION('',(1.,0.));
#11586 = ( GEOMETRIC_REPRESENTATION_CONTEXT(2) 
PARAMETRIC_REPRESENTATION_CONTEXT() REPRESENTATION_CONTEXT('2D SPACE',''
  ) );
#11587 = PCURVE('',#11588,#11593);
#11588 = PLANE('',#11589);
#11589 = AXIS2_PLACEMENT_3D('',#11590,#11591,#11592);
#11590 = CARTESIAN_POINT('',(-2.085,0.825,2.5));
#11591 = DIRECTION('',(-0.,1.,0.));
#11592 = DIRECTION('',(0.,0.,1.));
#11593 = DEFINITIONAL_REPRESENTATION('',(#11594),#11598);
#11594 = LINE('',#11595,#11596);
#11595 = CARTESIAN_POINT('',(0.,0.));
#11596 = VECTOR('',#11597,1.);
#11597 = DIRECTION('',(1.,0.));
#11598 = ( GEOMETRIC_REPRESENTATION_CONTEXT(2) 
PARAMETRIC_REPRESENTATION_CONTEXT() REPRESENTATION_CONTEXT('2D SPACE',''
  ) );
#11599 = ORIENTED_EDGE('',*,*,#11600,.T.);
#11600 = EDGE_CURVE('',#11566,#11601,#11603,.T.);
#11601 = VERTEX_POINT('',#11602);
#11602 = CARTESIAN_POINT('',(-2.085,0.905,2.5));
#11603 = SURFACE_CURVE('',#11604,(#11608,#11615),.PCURVE_S1.);
#11604 = LINE('',#11605,#11606);
#11605 = CARTESIAN_POINT('',(-2.085,0.825,2.5));
#11606 = VECTOR('',#11607,1.);
#11607 = DIRECTION('',(-0.,1.,0.));
#11608 = PCURVE('',#11576,#11609);
#11609 = DEFINITIONAL_REPRESENTATION('',(#11610),#11614);
#11610 = LINE('',#11611,#11612);
#11611 = CARTESIAN_POINT('',(0.,0.));
#11612 = VECTOR('',#11613,1.);
#11613 = DIRECTION('',(0.,-1.));
#11614 = ( GEOMETRIC_REPRESENTATION_CONTEXT(2) 
PARAMETRIC_REPRESENTATION_CONTEXT() REPRESENTATION_CONTEXT('2D SPACE',''
  ) );
#11615 = PCURVE('',#11616,#11621);
#11616 = PLANE('',#11617);
#11617 = AXIS2_PLACEMENT_3D('',#11618,#11619,#11620);
#11618 = CARTESIAN_POINT('',(-2.085,0.825,2.5));
#11619 = DIRECTION('',(0.,0.,1.));
#11620 = DIRECTION('',(1.,0.,-0.));
#11621 = DEFINITIONAL_REPRESENTATION('',(#11622),#11626);
#11622 = LINE('',#11623,#11624);
#11623 = CARTESIAN_POINT('',(0.,0.));
#11624 = VECTOR('',#11625,1.);
#11625 = DIRECTION('',(0.,1.));
#11626 = ( GEOMETRIC_REPRESENTATION_CONTEXT(2) 
PARAMETRIC_REPRESENTATION_CONTEXT() REPRESENTATION_CONTEXT('2D SPACE',''
  ) );
#11627 = ORIENTED_EDGE('',*,*,#11628,.T.);
#11628 = EDGE_CURVE('',#11601,#11629,#11631,.T.);
#11629 = VERTEX_POINT('',#11630);
#11630 = CARTESIAN_POINT('',(-2.085,0.905,3.85));
#11631 = SURFACE_CURVE('',#11632,(#11636,#11643),.PCURVE_S1.);
#11632 = LINE('',#11633,#11634);
#11633 = CARTESIAN_POINT('',(-2.085,0.905,2.5));
#11634 = VECTOR('',#11635,1.);
#11635 = DIRECTION('',(0.,0.,1.));
#11636 = PCURVE('',#11576,#11637);
#11637 = DEFINITIONAL_REPRESENTATION('',(#11638),#11642);
#11638 = LINE('',#11639,#11640);
#11639 = CARTESIAN_POINT('',(0.,-8.E-02));
#11640 = VECTOR('',#11641,1.);
#11641 = DIRECTION('',(1.,0.));
#11642 = ( GEOMETRIC_REPRESENTATION_CONTEXT(2) 
PARAMETRIC_REPRESENTATION_CONTEXT() REPRESENTATION_CONTEXT('2D SPACE',''
  ) );
#11643 = PCURVE('',#11644,#11649);
#11644 = PLANE('',#11645);
#11645 = AXIS2_PLACEMENT_3D('',#11646,#11647,#11648);
#11646 = CARTESIAN_POINT('',(-2.085,0.905,2.5));
#11647 = DIRECTION('',(-0.,1.,0.));
#11648 = DIRECTION('',(0.,0.,1.));
#11649 = DEFINITIONAL_REPRESENTATION('',(#11650),#11654);
#11650 = LINE('',#11651,#11652);
#11651 = CARTESIAN_POINT('',(0.,0.));
#11652 = VECTOR('',#11653,1.);
#11653 = DIRECTION('',(1.,0.));
#11654 = ( GEOMETRIC_REPRESENTATION_CONTEXT(2) 
PARAMETRIC_REPRESENTATION_CONTEXT() REPRESENTATION_CONTEXT('2D SPACE',''
  ) );
#11655 = ORIENTED_EDGE('',*,*,#11656,.F.);
#11656 = EDGE_CURVE('',#11568,#11629,#11657,.T.);
#11657 = SURFACE_CURVE('',#11658,(#11662,#11669),.PCURVE_S1.);
#11658 = LINE('',#11659,#11660);
#11659 = CARTESIAN_POINT('',(-2.085,0.825,3.85));
#11660 = VECTOR('',#11661,1.);
#11661 = DIRECTION('',(-0.,1.,0.));
#11662 = PCURVE('',#11576,#11663);
#11663 = DEFINITIONAL_REPRESENTATION('',(#11664),#11668);
#11664 = LINE('',#11665,#11666);
#11665 = CARTESIAN_POINT('',(1.35,0.));
#11666 = VECTOR('',#11667,1.);
#11667 = DIRECTION('',(0.,-1.));
#11668 = ( GEOMETRIC_REPRESENTATION_CONTEXT(2) 
PARAMETRIC_REPRESENTATION_CONTEXT() REPRESENTATION_CONTEXT('2D SPACE',''
  ) );
#11669 = PCURVE('',#11670,#11675);
#11670 = PLANE('',#11671);
#11671 = AXIS2_PLACEMENT_3D('',#11672,#11673,#11674);
#11672 = CARTESIAN_POINT('',(-2.085,0.825,3.85));
#11673 = DIRECTION('',(0.,0.,1.));
#11674 = DIRECTION('',(1.,0.,-0.));
#11675 = DEFINITIONAL_REPRESENTATION('',(#11676),#11680);
#11676 = LINE('',#11677,#11678);
#11677 = CARTESIAN_POINT('',(0.,0.));
#11678 = VECTOR('',#11679,1.);
#11679 = DIRECTION('',(0.,1.));
#11680 = ( GEOMETRIC_REPRESENTATION_CONTEXT(2) 
PARAMETRIC_REPRESENTATION_CONTEXT() REPRESENTATION_CONTEXT('2D SPACE',''
  ) );
#11681 = ADVANCED_FACE('',(#11682),#11696,.T.);
#11682 = FACE_BOUND('',#11683,.T.);
#11683 = EDGE_LOOP('',(#11684,#11714,#11737,#11760));
#11684 = ORIENTED_EDGE('',*,*,#11685,.F.);
#11685 = EDGE_CURVE('',#11686,#11688,#11690,.T.);
#11686 = VERTEX_POINT('',#11687);
#11687 = CARTESIAN_POINT('',(-1.725,0.825,2.5));
#11688 = VERTEX_POINT('',#11689);
#11689 = CARTESIAN_POINT('',(-1.725,0.825,3.85));
#11690 = SURFACE_CURVE('',#11691,(#11695,#11707),.PCURVE_S1.);
#11691 = LINE('',#11692,#11693);
#11692 = CARTESIAN_POINT('',(-1.725,0.825,2.5));
#11693 = VECTOR('',#11694,1.);
#11694 = DIRECTION('',(0.,0.,1.));
#11695 = PCURVE('',#11696,#11701);
#11696 = PLANE('',#11697);
#11697 = AXIS2_PLACEMENT_3D('',#11698,#11699,#11700);
#11698 = CARTESIAN_POINT('',(-1.725,0.825,2.5));
#11699 = DIRECTION('',(1.,0.,-0.));
#11700 = DIRECTION('',(0.,0.,1.));
#11701 = DEFINITIONAL_REPRESENTATION('',(#11702),#11706);
#11702 = LINE('',#11703,#11704);
#11703 = CARTESIAN_POINT('',(0.,0.));
#11704 = VECTOR('',#11705,1.);
#11705 = DIRECTION('',(1.,0.));
#11706 = ( GEOMETRIC_REPRESENTATION_CONTEXT(2) 
PARAMETRIC_REPRESENTATION_CONTEXT() REPRESENTATION_CONTEXT('2D SPACE',''
  ) );
#11707 = PCURVE('',#11588,#11708);
#11708 = DEFINITIONAL_REPRESENTATION('',(#11709),#11713);
#11709 = LINE('',#11710,#11711);
#11710 = CARTESIAN_POINT('',(0.,0.36));
#11711 = VECTOR('',#11712,1.);
#11712 = DIRECTION('',(1.,0.));
#11713 = ( GEOMETRIC_REPRESENTATION_CONTEXT(2) 
PARAMETRIC_REPRESENTATION_CONTEXT() REPRESENTATION_CONTEXT('2D SPACE',''
  ) );
#11714 = ORIENTED_EDGE('',*,*,#11715,.T.);
#11715 = EDGE_CURVE('',#11686,#11716,#11718,.T.);
#11716 = VERTEX_POINT('',#11717);
#11717 = CARTESIAN_POINT('',(-1.725,0.905,2.5));
#11718 = SURFACE_CURVE('',#11719,(#11723,#11730),.PCURVE_S1.);
#11719 = LINE('',#11720,#11721);
#11720 = CARTESIAN_POINT('',(-1.725,0.825,2.5));
#11721 = VECTOR('',#11722,1.);
#11722 = DIRECTION('',(-0.,1.,0.));
#11723 = PCURVE('',#11696,#11724);
#11724 = DEFINITIONAL_REPRESENTATION('',(#11725),#11729);
#11725 = LINE('',#11726,#11727);
#11726 = CARTESIAN_POINT('',(0.,0.));
#11727 = VECTOR('',#11728,1.);
#11728 = DIRECTION('',(0.,-1.));
#11729 = ( GEOMETRIC_REPRESENTATION_CONTEXT(2) 
PARAMETRIC_REPRESENTATION_CONTEXT() REPRESENTATION_CONTEXT('2D SPACE',''
  ) );
#11730 = PCURVE('',#11616,#11731);
#11731 = DEFINITIONAL_REPRESENTATION('',(#11732),#11736);
#11732 = LINE('',#11733,#11734);
#11733 = CARTESIAN_POINT('',(0.36,0.));
#11734 = VECTOR('',#11735,1.);
#11735 = DIRECTION('',(0.,1.));
#11736 = ( GEOMETRIC_REPRESENTATION_CONTEXT(2) 
PARAMETRIC_REPRESENTATION_CONTEXT() REPRESENTATION_CONTEXT('2D SPACE',''
  ) );
#11737 = ORIENTED_EDGE('',*,*,#11738,.T.);
#11738 = EDGE_CURVE('',#11716,#11739,#11741,.T.);
#11739 = VERTEX_POINT('',#11740);
#11740 = CARTESIAN_POINT('',(-1.725,0.905,3.85));
#11741 = SURFACE_CURVE('',#11742,(#11746,#11753),.PCURVE_S1.);
#11742 = LINE('',#11743,#11744);
#11743 = CARTESIAN_POINT('',(-1.725,0.905,2.5));
#11744 = VECTOR('',#11745,1.);
#11745 = DIRECTION('',(0.,0.,1.));
#11746 = PCURVE('',#11696,#11747);
#11747 = DEFINITIONAL_REPRESENTATION('',(#11748),#11752);
#11748 = LINE('',#11749,#11750);
#11749 = CARTESIAN_POINT('',(0.,-8.E-02));
#11750 = VECTOR('',#11751,1.);
#11751 = DIRECTION('',(1.,0.));
#11752 = ( GEOMETRIC_REPRESENTATION_CONTEXT(2) 
PARAMETRIC_REPRESENTATION_CONTEXT() REPRESENTATION_CONTEXT('2D SPACE',''
  ) );
#11753 = PCURVE('',#11644,#11754);
#11754 = DEFINITIONAL_REPRESENTATION('',(#11755),#11759);
#11755 = LINE('',#11756,#11757);
#11756 = CARTESIAN_POINT('',(0.,0.36));
#11757 = VECTOR('',#11758,1.);
#11758 = DIRECTION('',(1.,0.));
#11759 = ( GEOMETRIC_REPRESENTATION_CONTEXT(2) 
PARAMETRIC_REPRESENTATION_CONTEXT() REPRESENTATION_CONTEXT('2D SPACE',''
  ) );
#11760 = ORIENTED_EDGE('',*,*,#11761,.F.);
#11761 = EDGE_CURVE('',#11688,#11739,#11762,.T.);
#11762 = SURFACE_CURVE('',#11763,(#11767,#11774),.PCURVE_S1.);
#11763 = LINE('',#11764,#11765);
#11764 = CARTESIAN_POINT('',(-1.725,0.825,3.85));
#11765 = VECTOR('',#11766,1.);
#11766 = DIRECTION('',(-0.,1.,0.));
#11767 = PCURVE('',#11696,#11768);
#11768 = DEFINITIONAL_REPRESENTATION('',(#11769),#11773);
#11769 = LINE('',#11770,#11771);
#11770 = CARTESIAN_POINT('',(1.35,0.));
#11771 = VECTOR('',#11772,1.);
#11772 = DIRECTION('',(0.,-1.));
#11773 = ( GEOMETRIC_REPRESENTATION_CONTEXT(2) 
PARAMETRIC_REPRESENTATION_CONTEXT() REPRESENTATION_CONTEXT('2D SPACE',''
  ) );
#11774 = PCURVE('',#11670,#11775);
#11775 = DEFINITIONAL_REPRESENTATION('',(#11776),#11780);
#11776 = LINE('',#11777,#11778);
#11777 = CARTESIAN_POINT('',(0.36,0.));
#11778 = VECTOR('',#11779,1.);
#11779 = DIRECTION('',(0.,1.));
#11780 = ( GEOMETRIC_REPRESENTATION_CONTEXT(2) 
PARAMETRIC_REPRESENTATION_CONTEXT() REPRESENTATION_CONTEXT('2D SPACE',''
  ) );
#11781 = ADVANCED_FACE('',(#11782),#11588,.F.);
#11782 = FACE_BOUND('',#11783,.F.);
#11783 = EDGE_LOOP('',(#11784,#11805,#11806,#11827));
#11784 = ORIENTED_EDGE('',*,*,#11785,.F.);
#11785 = EDGE_CURVE('',#11566,#11686,#11786,.T.);
#11786 = SURFACE_CURVE('',#11787,(#11791,#11798),.PCURVE_S1.);
#11787 = LINE('',#11788,#11789);
#11788 = CARTESIAN_POINT('',(-2.085,0.825,2.5));
#11789 = VECTOR('',#11790,1.);
#11790 = DIRECTION('',(1.,0.,-0.));
#11791 = PCURVE('',#11588,#11792);
#11792 = DEFINITIONAL_REPRESENTATION('',(#11793),#11797);
#11793 = LINE('',#11794,#11795);
#11794 = CARTESIAN_POINT('',(0.,0.));
#11795 = VECTOR('',#11796,1.);
#11796 = DIRECTION('',(0.,1.));
#11797 = ( GEOMETRIC_REPRESENTATION_CONTEXT(2) 
PARAMETRIC_REPRESENTATION_CONTEXT() REPRESENTATION_CONTEXT('2D SPACE',''
  ) );
#11798 = PCURVE('',#11616,#11799);
#11799 = DEFINITIONAL_REPRESENTATION('',(#11800),#11804);
#11800 = LINE('',#11801,#11802);
#11801 = CARTESIAN_POINT('',(0.,0.));
#11802 = VECTOR('',#11803,1.);
#11803 = DIRECTION('',(1.,0.));
#11804 = ( GEOMETRIC_REPRESENTATION_CONTEXT(2) 
PARAMETRIC_REPRESENTATION_CONTEXT() REPRESENTATION_CONTEXT('2D SPACE',''
  ) );
#11805 = ORIENTED_EDGE('',*,*,#11565,.T.);
#11806 = ORIENTED_EDGE('',*,*,#11807,.T.);
#11807 = EDGE_CURVE('',#11568,#11688,#11808,.T.);
#11808 = SURFACE_CURVE('',#11809,(#11813,#11820),.PCURVE_S1.);
#11809 = LINE('',#11810,#11811);
#11810 = CARTESIAN_POINT('',(-2.085,0.825,3.85));
#11811 = VECTOR('',#11812,1.);
#11812 = DIRECTION('',(1.,0.,-0.));
#11813 = PCURVE('',#11588,#11814);
#11814 = DEFINITIONAL_REPRESENTATION('',(#11815),#11819);
#11815 = LINE('',#11816,#11817);
#11816 = CARTESIAN_POINT('',(1.35,0.));
#11817 = VECTOR('',#11818,1.);
#11818 = DIRECTION('',(0.,1.));
#11819 = ( GEOMETRIC_REPRESENTATION_CONTEXT(2) 
PARAMETRIC_REPRESENTATION_CONTEXT() REPRESENTATION_CONTEXT('2D SPACE',''
  ) );
#11820 = PCURVE('',#11670,#11821);
#11821 = DEFINITIONAL_REPRESENTATION('',(#11822),#11826);
#11822 = LINE('',#11823,#11824);
#11823 = CARTESIAN_POINT('',(0.,0.));
#11824 = VECTOR('',#11825,1.);
#11825 = DIRECTION('',(1.,0.));
#11826 = ( GEOMETRIC_REPRESENTATION_CONTEXT(2) 
PARAMETRIC_REPRESENTATION_CONTEXT() REPRESENTATION_CONTEXT('2D SPACE',''
  ) );
#11827 = ORIENTED_EDGE('',*,*,#11685,.F.);
#11828 = ADVANCED_FACE('',(#11829),#11644,.T.);
#11829 = FACE_BOUND('',#11830,.T.);
#11830 = EDGE_LOOP('',(#11831,#11852,#11853,#11874));
#11831 = ORIENTED_EDGE('',*,*,#11832,.F.);
#11832 = EDGE_CURVE('',#11601,#11716,#11833,.T.);
#11833 = SURFACE_CURVE('',#11834,(#11838,#11845),.PCURVE_S1.);
#11834 = LINE('',#11835,#11836);
#11835 = CARTESIAN_POINT('',(-2.085,0.905,2.5));
#11836 = VECTOR('',#11837,1.);
#11837 = DIRECTION('',(1.,0.,-0.));
#11838 = PCURVE('',#11644,#11839);
#11839 = DEFINITIONAL_REPRESENTATION('',(#11840),#11844);
#11840 = LINE('',#11841,#11842);
#11841 = CARTESIAN_POINT('',(0.,0.));
#11842 = VECTOR('',#11843,1.);
#11843 = DIRECTION('',(0.,1.));
#11844 = ( GEOMETRIC_REPRESENTATION_CONTEXT(2) 
PARAMETRIC_REPRESENTATION_CONTEXT() REPRESENTATION_CONTEXT('2D SPACE',''
  ) );
#11845 = PCURVE('',#11616,#11846);
#11846 = DEFINITIONAL_REPRESENTATION('',(#11847),#11851);
#11847 = LINE('',#11848,#11849);
#11848 = CARTESIAN_POINT('',(0.,8.E-02));
#11849 = VECTOR('',#11850,1.);
#11850 = DIRECTION('',(1.,0.));
#11851 = ( GEOMETRIC_REPRESENTATION_CONTEXT(2) 
PARAMETRIC_REPRESENTATION_CONTEXT() REPRESENTATION_CONTEXT('2D SPACE',''
  ) );
#11852 = ORIENTED_EDGE('',*,*,#11628,.T.);
#11853 = ORIENTED_EDGE('',*,*,#11854,.T.);
#11854 = EDGE_CURVE('',#11629,#11739,#11855,.T.);
#11855 = SURFACE_CURVE('',#11856,(#11860,#11867),.PCURVE_S1.);
#11856 = LINE('',#11857,#11858);
#11857 = CARTESIAN_POINT('',(-2.085,0.905,3.85));
#11858 = VECTOR('',#11859,1.);
#11859 = DIRECTION('',(1.,0.,-0.));
#11860 = PCURVE('',#11644,#11861);
#11861 = DEFINITIONAL_REPRESENTATION('',(#11862),#11866);
#11862 = LINE('',#11863,#11864);
#11863 = CARTESIAN_POINT('',(1.35,0.));
#11864 = VECTOR('',#11865,1.);
#11865 = DIRECTION('',(0.,1.));
#11866 = ( GEOMETRIC_REPRESENTATION_CONTEXT(2) 
PARAMETRIC_REPRESENTATION_CONTEXT() REPRESENTATION_CONTEXT('2D SPACE',''
  ) );
#11867 = PCURVE('',#11670,#11868);
#11868 = DEFINITIONAL_REPRESENTATION('',(#11869),#11873);
#11869 = LINE('',#11870,#11871);
#11870 = CARTESIAN_POINT('',(0.,8.E-02));
#11871 = VECTOR('',#11872,1.);
#11872 = DIRECTION('',(1.,0.));
#11873 = ( GEOMETRIC_REPRESENTATION_CONTEXT(2) 
PARAMETRIC_REPRESENTATION_CONTEXT() REPRESENTATION_CONTEXT('2D SPACE',''
  ) );
#11874 = ORIENTED_EDGE('',*,*,#11738,.F.);
#11875 = ADVANCED_FACE('',(#11876),#11616,.F.);
#11876 = FACE_BOUND('',#11877,.F.);
#11877 = EDGE_LOOP('',(#11878,#11879,#11880,#11881));
#11878 = ORIENTED_EDGE('',*,*,#11600,.F.);
#11879 = ORIENTED_EDGE('',*,*,#11785,.T.);
#11880 = ORIENTED_EDGE('',*,*,#11715,.T.);
#11881 = ORIENTED_EDGE('',*,*,#11832,.F.);
#11882 = ADVANCED_FACE('',(#11883),#11670,.T.);
#11883 = FACE_BOUND('',#11884,.T.);
#11884 = EDGE_LOOP('',(#11885,#11886,#11887,#11888));
#11885 = ORIENTED_EDGE('',*,*,#11656,.F.);
#11886 = ORIENTED_EDGE('',*,*,#11807,.T.);
#11887 = ORIENTED_EDGE('',*,*,#11761,.T.);
#11888 = ORIENTED_EDGE('',*,*,#11854,.F.);
#11889 = MANIFOLD_SOLID_BREP('',#11890);
#11890 = CLOSED_SHELL('',(#11891,#12011,#12111,#12158,#12205,#12212));
#11891 = ADVANCED_FACE('',(#11892),#11906,.F.);
#11892 = FACE_BOUND('',#11893,.F.);
#11893 = EDGE_LOOP('',(#11894,#11929,#11957,#11985));
#11894 = ORIENTED_EDGE('',*,*,#11895,.F.);
#11895 = EDGE_CURVE('',#11896,#11898,#11900,.T.);
#11896 = VERTEX_POINT('',#11897);
#11897 = CARTESIAN_POINT('',(-0.815,-0.905,2.5));
#11898 = VERTEX_POINT('',#11899);
#11899 = CARTESIAN_POINT('',(-0.815,-0.905,3.85));
#11900 = SURFACE_CURVE('',#11901,(#11905,#11917),.PCURVE_S1.);
#11901 = LINE('',#11902,#11903);
#11902 = CARTESIAN_POINT('',(-0.815,-0.905,2.5));
#11903 = VECTOR('',#11904,1.);
#11904 = DIRECTION('',(0.,0.,1.));
#11905 = PCURVE('',#11906,#11911);
#11906 = PLANE('',#11907);
#11907 = AXIS2_PLACEMENT_3D('',#11908,#11909,#11910);
#11908 = CARTESIAN_POINT('',(-0.815,-0.905,2.5));
#11909 = DIRECTION('',(1.,0.,-0.));
#11910 = DIRECTION('',(0.,0.,1.));
#11911 = DEFINITIONAL_REPRESENTATION('',(#11912),#11916);
#11912 = LINE('',#11913,#11914);
#11913 = CARTESIAN_POINT('',(0.,0.));
#11914 = VECTOR('',#11915,1.);
#11915 = DIRECTION('',(1.,0.));
#11916 = ( GEOMETRIC_REPRESENTATION_CONTEXT(2) 
PARAMETRIC_REPRESENTATION_CONTEXT() REPRESENTATION_CONTEXT('2D SPACE',''
  ) );
#11917 = PCURVE('',#11918,#11923);
#11918 = PLANE('',#11919);
#11919 = AXIS2_PLACEMENT_3D('',#11920,#11921,#11922);
#11920 = CARTESIAN_POINT('',(-0.815,-0.905,2.5));
#11921 = DIRECTION('',(-0.,1.,0.));
#11922 = DIRECTION('',(0.,0.,1.));
#11923 = DEFINITIONAL_REPRESENTATION('',(#11924),#11928);
#11924 = LINE('',#11925,#11926);
#11925 = CARTESIAN_POINT('',(0.,0.));
#11926 = VECTOR('',#11927,1.);
#11927 = DIRECTION('',(1.,0.));
#11928 = ( GEOMETRIC_REPRESENTATION_CONTEXT(2) 
PARAMETRIC_REPRESENTATION_CONTEXT() REPRESENTATION_CONTEXT('2D SPACE',''
  ) );
#11929 = ORIENTED_EDGE('',*,*,#11930,.T.);
#11930 = EDGE_CURVE('',#11896,#11931,#11933,.T.);
#11931 = VERTEX_POINT('',#11932);
#11932 = CARTESIAN_POINT('',(-0.815,-0.825,2.5));
#11933 = SURFACE_CURVE('',#11934,(#11938,#11945),.PCURVE_S1.);
#11934 = LINE('',#11935,#11936);
#11935 = CARTESIAN_POINT('',(-0.815,-0.905,2.5));
#11936 = VECTOR('',#11937,1.);
#11937 = DIRECTION('',(-0.,1.,0.));
#11938 = PCURVE('',#11906,#11939);
#11939 = DEFINITIONAL_REPRESENTATION('',(#11940),#11944);
#11940 = LINE('',#11941,#11942);
#11941 = CARTESIAN_POINT('',(0.,0.));
#11942 = VECTOR('',#11943,1.);
#11943 = DIRECTION('',(0.,-1.));
#11944 = ( GEOMETRIC_REPRESENTATION_CONTEXT(2) 
PARAMETRIC_REPRESENTATION_CONTEXT() REPRESENTATION_CONTEXT('2D SPACE',''
  ) );
#11945 = PCURVE('',#11946,#11951);
#11946 = PLANE('',#11947);
#11947 = AXIS2_PLACEMENT_3D('',#11948,#11949,#11950);
#11948 = CARTESIAN_POINT('',(-0.815,-0.905,2.5));
#11949 = DIRECTION('',(0.,0.,1.));
#11950 = DIRECTION('',(1.,0.,-0.));
#11951 = DEFINITIONAL_REPRESENTATION('',(#11952),#11956);
#11952 = LINE('',#11953,#11954);
#11953 = CARTESIAN_POINT('',(0.,0.));
#11954 = VECTOR('',#11955,1.);
#11955 = DIRECTION('',(0.,1.));
#11956 = ( GEOMETRIC_REPRESENTATION_CONTEXT(2) 
PARAMETRIC_REPRESENTATION_CONTEXT() REPRESENTATION_CONTEXT('2D SPACE',''
  ) );
#11957 = ORIENTED_EDGE('',*,*,#11958,.T.);
#11958 = EDGE_CURVE('',#11931,#11959,#11961,.T.);
#11959 = VERTEX_POINT('',#11960);
#11960 = CARTESIAN_POINT('',(-0.815,-0.825,3.85));
#11961 = SURFACE_CURVE('',#11962,(#11966,#11973),.PCURVE_S1.);
#11962 = LINE('',#11963,#11964);
#11963 = CARTESIAN_POINT('',(-0.815,-0.825,2.5));
#11964 = VECTOR('',#11965,1.);
#11965 = DIRECTION('',(0.,0.,1.));
#11966 = PCURVE('',#11906,#11967);
#11967 = DEFINITIONAL_REPRESENTATION('',(#11968),#11972);
#11968 = LINE('',#11969,#11970);
#11969 = CARTESIAN_POINT('',(0.,-8.E-02));
#11970 = VECTOR('',#11971,1.);
#11971 = DIRECTION('',(1.,0.));
#11972 = ( GEOMETRIC_REPRESENTATION_CONTEXT(2) 
PARAMETRIC_REPRESENTATION_CONTEXT() REPRESENTATION_CONTEXT('2D SPACE',''
  ) );
#11973 = PCURVE('',#11974,#11979);
#11974 = PLANE('',#11975);
#11975 = AXIS2_PLACEMENT_3D('',#11976,#11977,#11978);
#11976 = CARTESIAN_POINT('',(-0.815,-0.825,2.5));
#11977 = DIRECTION('',(-0.,1.,0.));
#11978 = DIRECTION('',(0.,0.,1.));
#11979 = DEFINITIONAL_REPRESENTATION('',(#11980),#11984);
#11980 = LINE('',#11981,#11982);
#11981 = CARTESIAN_POINT('',(0.,0.));
#11982 = VECTOR('',#11983,1.);
#11983 = DIRECTION('',(1.,0.));
#11984 = ( GEOMETRIC_REPRESENTATION_CONTEXT(2) 
PARAMETRIC_REPRESENTATION_CONTEXT() REPRESENTATION_CONTEXT('2D SPACE',''
  ) );
#11985 = ORIENTED_EDGE('',*,*,#11986,.F.);
#11986 = EDGE_CURVE('',#11898,#11959,#11987,.T.);
#11987 = SURFACE_CURVE('',#11988,(#11992,#11999),.PCURVE_S1.);
#11988 = LINE('',#11989,#11990);
#11989 = CARTESIAN_POINT('',(-0.815,-0.905,3.85));
#11990 = VECTOR('',#11991,1.);
#11991 = DIRECTION('',(-0.,1.,0.));
#11992 = PCURVE('',#11906,#11993);
#11993 = DEFINITIONAL_REPRESENTATION('',(#11994),#11998);
#11994 = LINE('',#11995,#11996);
#11995 = CARTESIAN_POINT('',(1.35,0.));
#11996 = VECTOR('',#11997,1.);
#11997 = DIRECTION('',(0.,-1.));
#11998 = ( GEOMETRIC_REPRESENTATION_CONTEXT(2) 
PARAMETRIC_REPRESENTATION_CONTEXT() REPRESENTATION_CONTEXT('2D SPACE',''
  ) );
#11999 = PCURVE('',#12000,#12005);
#12000 = PLANE('',#12001);
#12001 = AXIS2_PLACEMENT_3D('',#12002,#12003,#12004);
#12002 = CARTESIAN_POINT('',(-0.815,-0.905,3.85));
#12003 = DIRECTION('',(0.,0.,1.));
#12004 = DIRECTION('',(1.,0.,-0.));
#12005 = DEFINITIONAL_REPRESENTATION('',(#12006),#12010);
#12006 = LINE('',#12007,#12008);
#12007 = CARTESIAN_POINT('',(0.,0.));
#12008 = VECTOR('',#12009,1.);
#12009 = DIRECTION('',(0.,1.));
#12010 = ( GEOMETRIC_REPRESENTATION_CONTEXT(2) 
PARAMETRIC_REPRESENTATION_CONTEXT() REPRESENTATION_CONTEXT('2D SPACE',''
  ) );
#12011 = ADVANCED_FACE('',(#12012),#12026,.T.);
#12012 = FACE_BOUND('',#12013,.T.);
#12013 = EDGE_LOOP('',(#12014,#12044,#12067,#12090));
#12014 = ORIENTED_EDGE('',*,*,#12015,.F.);
#12015 = EDGE_CURVE('',#12016,#12018,#12020,.T.);
#12016 = VERTEX_POINT('',#12017);
#12017 = CARTESIAN_POINT('',(-0.455,-0.905,2.5));
#12018 = VERTEX_POINT('',#12019);
#12019 = CARTESIAN_POINT('',(-0.455,-0.905,3.85));
#12020 = SURFACE_CURVE('',#12021,(#12025,#12037),.PCURVE_S1.);
#12021 = LINE('',#12022,#12023);
#12022 = CARTESIAN_POINT('',(-0.455,-0.905,2.5));
#12023 = VECTOR('',#12024,1.);
#12024 = DIRECTION('',(0.,0.,1.));
#12025 = PCURVE('',#12026,#12031);
#12026 = PLANE('',#12027);
#12027 = AXIS2_PLACEMENT_3D('',#12028,#12029,#12030);
#12028 = CARTESIAN_POINT('',(-0.455,-0.905,2.5));
#12029 = DIRECTION('',(1.,0.,-0.));
#12030 = DIRECTION('',(0.,0.,1.));
#12031 = DEFINITIONAL_REPRESENTATION('',(#12032),#12036);
#12032 = LINE('',#12033,#12034);
#12033 = CARTESIAN_POINT('',(0.,0.));
#12034 = VECTOR('',#12035,1.);
#12035 = DIRECTION('',(1.,0.));
#12036 = ( GEOMETRIC_REPRESENTATION_CONTEXT(2) 
PARAMETRIC_REPRESENTATION_CONTEXT() REPRESENTATION_CONTEXT('2D SPACE',''
  ) );
#12037 = PCURVE('',#11918,#12038);
#12038 = DEFINITIONAL_REPRESENTATION('',(#12039),#12043);
#12039 = LINE('',#12040,#12041);
#12040 = CARTESIAN_POINT('',(0.,0.36));
#12041 = VECTOR('',#12042,1.);
#12042 = DIRECTION('',(1.,0.));
#12043 = ( GEOMETRIC_REPRESENTATION_CONTEXT(2) 
PARAMETRIC_REPRESENTATION_CONTEXT() REPRESENTATION_CONTEXT('2D SPACE',''
  ) );
#12044 = ORIENTED_EDGE('',*,*,#12045,.T.);
#12045 = EDGE_CURVE('',#12016,#12046,#12048,.T.);
#12046 = VERTEX_POINT('',#12047);
#12047 = CARTESIAN_POINT('',(-0.455,-0.825,2.5));
#12048 = SURFACE_CURVE('',#12049,(#12053,#12060),.PCURVE_S1.);
#12049 = LINE('',#12050,#12051);
#12050 = CARTESIAN_POINT('',(-0.455,-0.905,2.5));
#12051 = VECTOR('',#12052,1.);
#12052 = DIRECTION('',(-0.,1.,0.));
#12053 = PCURVE('',#12026,#12054);
#12054 = DEFINITIONAL_REPRESENTATION('',(#12055),#12059);
#12055 = LINE('',#12056,#12057);
#12056 = CARTESIAN_POINT('',(0.,0.));
#12057 = VECTOR('',#12058,1.);
#12058 = DIRECTION('',(0.,-1.));
#12059 = ( GEOMETRIC_REPRESENTATION_CONTEXT(2) 
PARAMETRIC_REPRESENTATION_CONTEXT() REPRESENTATION_CONTEXT('2D SPACE',''
  ) );
#12060 = PCURVE('',#11946,#12061);
#12061 = DEFINITIONAL_REPRESENTATION('',(#12062),#12066);
#12062 = LINE('',#12063,#12064);
#12063 = CARTESIAN_POINT('',(0.36,0.));
#12064 = VECTOR('',#12065,1.);
#12065 = DIRECTION('',(0.,1.));
#12066 = ( GEOMETRIC_REPRESENTATION_CONTEXT(2) 
PARAMETRIC_REPRESENTATION_CONTEXT() REPRESENTATION_CONTEXT('2D SPACE',''
  ) );
#12067 = ORIENTED_EDGE('',*,*,#12068,.T.);
#12068 = EDGE_CURVE('',#12046,#12069,#12071,.T.);
#12069 = VERTEX_POINT('',#12070);
#12070 = CARTESIAN_POINT('',(-0.455,-0.825,3.85));
#12071 = SURFACE_CURVE('',#12072,(#12076,#12083),.PCURVE_S1.);
#12072 = LINE('',#12073,#12074);
#12073 = CARTESIAN_POINT('',(-0.455,-0.825,2.5));
#12074 = VECTOR('',#12075,1.);
#12075 = DIRECTION('',(0.,0.,1.));
#12076 = PCURVE('',#12026,#12077);
#12077 = DEFINITIONAL_REPRESENTATION('',(#12078),#12082);
#12078 = LINE('',#12079,#12080);
#12079 = CARTESIAN_POINT('',(0.,-8.E-02));
#12080 = VECTOR('',#12081,1.);
#12081 = DIRECTION('',(1.,0.));
#12082 = ( GEOMETRIC_REPRESENTATION_CONTEXT(2) 
PARAMETRIC_REPRESENTATION_CONTEXT() REPRESENTATION_CONTEXT('2D SPACE',''
  ) );
#12083 = PCURVE('',#11974,#12084);
#12084 = DEFINITIONAL_REPRESENTATION('',(#12085),#12089);
#12085 = LINE('',#12086,#12087);
#12086 = CARTESIAN_POINT('',(0.,0.36));
#12087 = VECTOR('',#12088,1.);
#12088 = DIRECTION('',(1.,0.));
#12089 = ( GEOMETRIC_REPRESENTATION_CONTEXT(2) 
PARAMETRIC_REPRESENTATION_CONTEXT() REPRESENTATION_CONTEXT('2D SPACE',''
  ) );
#12090 = ORIENTED_EDGE('',*,*,#12091,.F.);
#12091 = EDGE_CURVE('',#12018,#12069,#12092,.T.);
#12092 = SURFACE_CURVE('',#12093,(#12097,#12104),.PCURVE_S1.);
#12093 = LINE('',#12094,#12095);
#12094 = CARTESIAN_POINT('',(-0.455,-0.905,3.85));
#12095 = VECTOR('',#12096,1.);
#12096 = DIRECTION('',(-0.,1.,0.));
#12097 = PCURVE('',#12026,#12098);
#12098 = DEFINITIONAL_REPRESENTATION('',(#12099),#12103);
#12099 = LINE('',#12100,#12101);
#12100 = CARTESIAN_POINT('',(1.35,0.));
#12101 = VECTOR('',#12102,1.);
#12102 = DIRECTION('',(0.,-1.));
#12103 = ( GEOMETRIC_REPRESENTATION_CONTEXT(2) 
PARAMETRIC_REPRESENTATION_CONTEXT() REPRESENTATION_CONTEXT('2D SPACE',''
  ) );
#12104 = PCURVE('',#12000,#12105);
#12105 = DEFINITIONAL_REPRESENTATION('',(#12106),#12110);
#12106 = LINE('',#12107,#12108);
#12107 = CARTESIAN_POINT('',(0.36,0.));
#12108 = VECTOR('',#12109,1.);
#12109 = DIRECTION('',(0.,1.));
#12110 = ( GEOMETRIC_REPRESENTATION_CONTEXT(2) 
PARAMETRIC_REPRESENTATION_CONTEXT() REPRESENTATION_CONTEXT('2D SPACE',''
  ) );
#12111 = ADVANCED_FACE('',(#12112),#11918,.F.);
#12112 = FACE_BOUND('',#12113,.F.);
#12113 = EDGE_LOOP('',(#12114,#12135,#12136,#12157));
#12114 = ORIENTED_EDGE('',*,*,#12115,.F.);
#12115 = EDGE_CURVE('',#11896,#12016,#12116,.T.);
#12116 = SURFACE_CURVE('',#12117,(#12121,#12128),.PCURVE_S1.);
#12117 = LINE('',#12118,#12119);
#12118 = CARTESIAN_POINT('',(-0.815,-0.905,2.5));
#12119 = VECTOR('',#12120,1.);
#12120 = DIRECTION('',(1.,0.,-0.));
#12121 = PCURVE('',#11918,#12122);
#12122 = DEFINITIONAL_REPRESENTATION('',(#12123),#12127);
#12123 = LINE('',#12124,#12125);
#12124 = CARTESIAN_POINT('',(0.,0.));
#12125 = VECTOR('',#12126,1.);
#12126 = DIRECTION('',(0.,1.));
#12127 = ( GEOMETRIC_REPRESENTATION_CONTEXT(2) 
PARAMETRIC_REPRESENTATION_CONTEXT() REPRESENTATION_CONTEXT('2D SPACE',''
  ) );
#12128 = PCURVE('',#11946,#12129);
#12129 = DEFINITIONAL_REPRESENTATION('',(#12130),#12134);
#12130 = LINE('',#12131,#12132);
#12131 = CARTESIAN_POINT('',(0.,0.));
#12132 = VECTOR('',#12133,1.);
#12133 = DIRECTION('',(1.,0.));
#12134 = ( GEOMETRIC_REPRESENTATION_CONTEXT(2) 
PARAMETRIC_REPRESENTATION_CONTEXT() REPRESENTATION_CONTEXT('2D SPACE',''
  ) );
#12135 = ORIENTED_EDGE('',*,*,#11895,.T.);
#12136 = ORIENTED_EDGE('',*,*,#12137,.T.);
#12137 = EDGE_CURVE('',#11898,#12018,#12138,.T.);
#12138 = SURFACE_CURVE('',#12139,(#12143,#12150),.PCURVE_S1.);
#12139 = LINE('',#12140,#12141);
#12140 = CARTESIAN_POINT('',(-0.815,-0.905,3.85));
#12141 = VECTOR('',#12142,1.);
#12142 = DIRECTION('',(1.,0.,-0.));
#12143 = PCURVE('',#11918,#12144);
#12144 = DEFINITIONAL_REPRESENTATION('',(#12145),#12149);
#12145 = LINE('',#12146,#12147);
#12146 = CARTESIAN_POINT('',(1.35,0.));
#12147 = VECTOR('',#12148,1.);
#12148 = DIRECTION('',(0.,1.));
#12149 = ( GEOMETRIC_REPRESENTATION_CONTEXT(2) 
PARAMETRIC_REPRESENTATION_CONTEXT() REPRESENTATION_CONTEXT('2D SPACE',''
  ) );
#12150 = PCURVE('',#12000,#12151);
#12151 = DEFINITIONAL_REPRESENTATION('',(#12152),#12156);
#12152 = LINE('',#12153,#12154);
#12153 = CARTESIAN_POINT('',(0.,0.));
#12154 = VECTOR('',#12155,1.);
#12155 = DIRECTION('',(1.,0.));
#12156 = ( GEOMETRIC_REPRESENTATION_CONTEXT(2) 
PARAMETRIC_REPRESENTATION_CONTEXT() REPRESENTATION_CONTEXT('2D SPACE',''
  ) );
#12157 = ORIENTED_EDGE('',*,*,#12015,.F.);
#12158 = ADVANCED_FACE('',(#12159),#11974,.T.);
#12159 = FACE_BOUND('',#12160,.T.);
#12160 = EDGE_LOOP('',(#12161,#12182,#12183,#12204));
#12161 = ORIENTED_EDGE('',*,*,#12162,.F.);
#12162 = EDGE_CURVE('',#11931,#12046,#12163,.T.);
#12163 = SURFACE_CURVE('',#12164,(#12168,#12175),.PCURVE_S1.);
#12164 = LINE('',#12165,#12166);
#12165 = CARTESIAN_POINT('',(-0.815,-0.825,2.5));
#12166 = VECTOR('',#12167,1.);
#12167 = DIRECTION('',(1.,0.,-0.));
#12168 = PCURVE('',#11974,#12169);
#12169 = DEFINITIONAL_REPRESENTATION('',(#12170),#12174);
#12170 = LINE('',#12171,#12172);
#12171 = CARTESIAN_POINT('',(0.,0.));
#12172 = VECTOR('',#12173,1.);
#12173 = DIRECTION('',(0.,1.));
#12174 = ( GEOMETRIC_REPRESENTATION_CONTEXT(2) 
PARAMETRIC_REPRESENTATION_CONTEXT() REPRESENTATION_CONTEXT('2D SPACE',''
  ) );
#12175 = PCURVE('',#11946,#12176);
#12176 = DEFINITIONAL_REPRESENTATION('',(#12177),#12181);
#12177 = LINE('',#12178,#12179);
#12178 = CARTESIAN_POINT('',(0.,8.E-02));
#12179 = VECTOR('',#12180,1.);
#12180 = DIRECTION('',(1.,0.));
#12181 = ( GEOMETRIC_REPRESENTATION_CONTEXT(2) 
PARAMETRIC_REPRESENTATION_CONTEXT() REPRESENTATION_CONTEXT('2D SPACE',''
  ) );
#12182 = ORIENTED_EDGE('',*,*,#11958,.T.);
#12183 = ORIENTED_EDGE('',*,*,#12184,.T.);
#12184 = EDGE_CURVE('',#11959,#12069,#12185,.T.);
#12185 = SURFACE_CURVE('',#12186,(#12190,#12197),.PCURVE_S1.);
#12186 = LINE('',#12187,#12188);
#12187 = CARTESIAN_POINT('',(-0.815,-0.825,3.85));
#12188 = VECTOR('',#12189,1.);
#12189 = DIRECTION('',(1.,0.,-0.));
#12190 = PCURVE('',#11974,#12191);
#12191 = DEFINITIONAL_REPRESENTATION('',(#12192),#12196);
#12192 = LINE('',#12193,#12194);
#12193 = CARTESIAN_POINT('',(1.35,0.));
#12194 = VECTOR('',#12195,1.);
#12195 = DIRECTION('',(0.,1.));
#12196 = ( GEOMETRIC_REPRESENTATION_CONTEXT(2) 
PARAMETRIC_REPRESENTATION_CONTEXT() REPRESENTATION_CONTEXT('2D SPACE',''
  ) );
#12197 = PCURVE('',#12000,#12198);
#12198 = DEFINITIONAL_REPRESENTATION('',(#12199),#12203);
#12199 = LINE('',#12200,#12201);
#12200 = CARTESIAN_POINT('',(0.,8.E-02));
#12201 = VECTOR('',#12202,1.);
#12202 = DIRECTION('',(1.,0.));
#12203 = ( GEOMETRIC_REPRESENTATION_CONTEXT(2) 
PARAMETRIC_REPRESENTATION_CONTEXT() REPRESENTATION_CONTEXT('2D SPACE',''
  ) );
#12204 = ORIENTED_EDGE('',*,*,#12068,.F.);
#12205 = ADVANCED_FACE('',(#12206),#11946,.F.);
#12206 = FACE_BOUND('',#12207,.F.);
#12207 = EDGE_LOOP('',(#12208,#12209,#12210,#12211));
#12208 = ORIENTED_EDGE('',*,*,#11930,.F.);
#12209 = ORIENTED_EDGE('',*,*,#12115,.T.);
#12210 = ORIENTED_EDGE('',*,*,#12045,.T.);
#12211 = ORIENTED_EDGE('',*,*,#12162,.F.);
#12212 = ADVANCED_FACE('',(#12213),#12000,.T.);
#12213 = FACE_BOUND('',#12214,.T.);
#12214 = EDGE_LOOP('',(#12215,#12216,#12217,#12218));
#12215 = ORIENTED_EDGE('',*,*,#11986,.F.);
#12216 = ORIENTED_EDGE('',*,*,#12137,.T.);
#12217 = ORIENTED_EDGE('',*,*,#12091,.T.);
#12218 = ORIENTED_EDGE('',*,*,#12184,.F.);
#12219 = MANIFOLD_SOLID_BREP('',#12220);
#12220 = CLOSED_SHELL('',(#12221,#12341,#12441,#12488,#12535,#12542));
#12221 = ADVANCED_FACE('',(#12222),#12236,.F.);
#12222 = FACE_BOUND('',#12223,.F.);
#12223 = EDGE_LOOP('',(#12224,#12259,#12287,#12315));
#12224 = ORIENTED_EDGE('',*,*,#12225,.F.);
#12225 = EDGE_CURVE('',#12226,#12228,#12230,.T.);
#12226 = VERTEX_POINT('',#12227);
#12227 = CARTESIAN_POINT('',(-0.815,-0.445,2.5));
#12228 = VERTEX_POINT('',#12229);
#12229 = CARTESIAN_POINT('',(-0.815,-0.445,3.85));
#12230 = SURFACE_CURVE('',#12231,(#12235,#12247),.PCURVE_S1.);
#12231 = LINE('',#12232,#12233);
#12232 = CARTESIAN_POINT('',(-0.815,-0.445,2.5));
#12233 = VECTOR('',#12234,1.);
#12234 = DIRECTION('',(0.,0.,1.));
#12235 = PCURVE('',#12236,#12241);
#12236 = PLANE('',#12237);
#12237 = AXIS2_PLACEMENT_3D('',#12238,#12239,#12240);
#12238 = CARTESIAN_POINT('',(-0.815,-0.445,2.5));
#12239 = DIRECTION('',(1.,0.,-0.));
#12240 = DIRECTION('',(0.,0.,1.));
#12241 = DEFINITIONAL_REPRESENTATION('',(#12242),#12246);
#12242 = LINE('',#12243,#12244);
#12243 = CARTESIAN_POINT('',(0.,0.));
#12244 = VECTOR('',#12245,1.);
#12245 = DIRECTION('',(1.,0.));
#12246 = ( GEOMETRIC_REPRESENTATION_CONTEXT(2) 
PARAMETRIC_REPRESENTATION_CONTEXT() REPRESENTATION_CONTEXT('2D SPACE',''
  ) );
#12247 = PCURVE('',#12248,#12253);
#12248 = PLANE('',#12249);
#12249 = AXIS2_PLACEMENT_3D('',#12250,#12251,#12252);
#12250 = CARTESIAN_POINT('',(-0.815,-0.445,2.5));
#12251 = DIRECTION('',(-0.,1.,0.));
#12252 = DIRECTION('',(0.,0.,1.));
#12253 = DEFINITIONAL_REPRESENTATION('',(#12254),#12258);
#12254 = LINE('',#12255,#12256);
#12255 = CARTESIAN_POINT('',(0.,0.));
#12256 = VECTOR('',#12257,1.);
#12257 = DIRECTION('',(1.,0.));
#12258 = ( GEOMETRIC_REPRESENTATION_CONTEXT(2) 
PARAMETRIC_REPRESENTATION_CONTEXT() REPRESENTATION_CONTEXT('2D SPACE',''
  ) );
#12259 = ORIENTED_EDGE('',*,*,#12260,.T.);
#12260 = EDGE_CURVE('',#12226,#12261,#12263,.T.);
#12261 = VERTEX_POINT('',#12262);
#12262 = CARTESIAN_POINT('',(-0.815,-0.365,2.5));
#12263 = SURFACE_CURVE('',#12264,(#12268,#12275),.PCURVE_S1.);
#12264 = LINE('',#12265,#12266);
#12265 = CARTESIAN_POINT('',(-0.815,-0.445,2.5));
#12266 = VECTOR('',#12267,1.);
#12267 = DIRECTION('',(-0.,1.,0.));
#12268 = PCURVE('',#12236,#12269);
#12269 = DEFINITIONAL_REPRESENTATION('',(#12270),#12274);
#12270 = LINE('',#12271,#12272);
#12271 = CARTESIAN_POINT('',(0.,0.));
#12272 = VECTOR('',#12273,1.);
#12273 = DIRECTION('',(0.,-1.));
#12274 = ( GEOMETRIC_REPRESENTATION_CONTEXT(2) 
PARAMETRIC_REPRESENTATION_CONTEXT() REPRESENTATION_CONTEXT('2D SPACE',''
  ) );
#12275 = PCURVE('',#12276,#12281);
#12276 = PLANE('',#12277);
#12277 = AXIS2_PLACEMENT_3D('',#12278,#12279,#12280);
#12278 = CARTESIAN_POINT('',(-0.815,-0.445,2.5));
#12279 = DIRECTION('',(0.,0.,1.));
#12280 = DIRECTION('',(1.,0.,-0.));
#12281 = DEFINITIONAL_REPRESENTATION('',(#12282),#12286);
#12282 = LINE('',#12283,#12284);
#12283 = CARTESIAN_POINT('',(0.,0.));
#12284 = VECTOR('',#12285,1.);
#12285 = DIRECTION('',(0.,1.));
#12286 = ( GEOMETRIC_REPRESENTATION_CONTEXT(2) 
PARAMETRIC_REPRESENTATION_CONTEXT() REPRESENTATION_CONTEXT('2D SPACE',''
  ) );
#12287 = ORIENTED_EDGE('',*,*,#12288,.T.);
#12288 = EDGE_CURVE('',#12261,#12289,#12291,.T.);
#12289 = VERTEX_POINT('',#12290);
#12290 = CARTESIAN_POINT('',(-0.815,-0.365,3.85));
#12291 = SURFACE_CURVE('',#12292,(#12296,#12303),.PCURVE_S1.);
#12292 = LINE('',#12293,#12294);
#12293 = CARTESIAN_POINT('',(-0.815,-0.365,2.5));
#12294 = VECTOR('',#12295,1.);
#12295 = DIRECTION('',(0.,0.,1.));
#12296 = PCURVE('',#12236,#12297);
#12297 = DEFINITIONAL_REPRESENTATION('',(#12298),#12302);
#12298 = LINE('',#12299,#12300);
#12299 = CARTESIAN_POINT('',(0.,-8.E-02));
#12300 = VECTOR('',#12301,1.);
#12301 = DIRECTION('',(1.,0.));
#12302 = ( GEOMETRIC_REPRESENTATION_CONTEXT(2) 
PARAMETRIC_REPRESENTATION_CONTEXT() REPRESENTATION_CONTEXT('2D SPACE',''
  ) );
#12303 = PCURVE('',#12304,#12309);
#12304 = PLANE('',#12305);
#12305 = AXIS2_PLACEMENT_3D('',#12306,#12307,#12308);
#12306 = CARTESIAN_POINT('',(-0.815,-0.365,2.5));
#12307 = DIRECTION('',(-0.,1.,0.));
#12308 = DIRECTION('',(0.,0.,1.));
#12309 = DEFINITIONAL_REPRESENTATION('',(#12310),#12314);
#12310 = LINE('',#12311,#12312);
#12311 = CARTESIAN_POINT('',(0.,0.));
#12312 = VECTOR('',#12313,1.);
#12313 = DIRECTION('',(1.,0.));
#12314 = ( GEOMETRIC_REPRESENTATION_CONTEXT(2) 
PARAMETRIC_REPRESENTATION_CONTEXT() REPRESENTATION_CONTEXT('2D SPACE',''
  ) );
#12315 = ORIENTED_EDGE('',*,*,#12316,.F.);
#12316 = EDGE_CURVE('',#12228,#12289,#12317,.T.);
#12317 = SURFACE_CURVE('',#12318,(#12322,#12329),.PCURVE_S1.);
#12318 = LINE('',#12319,#12320);
#12319 = CARTESIAN_POINT('',(-0.815,-0.445,3.85));
#12320 = VECTOR('',#12321,1.);
#12321 = DIRECTION('',(-0.,1.,0.));
#12322 = PCURVE('',#12236,#12323);
#12323 = DEFINITIONAL_REPRESENTATION('',(#12324),#12328);
#12324 = LINE('',#12325,#12326);
#12325 = CARTESIAN_POINT('',(1.35,0.));
#12326 = VECTOR('',#12327,1.);
#12327 = DIRECTION('',(0.,-1.));
#12328 = ( GEOMETRIC_REPRESENTATION_CONTEXT(2) 
PARAMETRIC_REPRESENTATION_CONTEXT() REPRESENTATION_CONTEXT('2D SPACE',''
  ) );
#12329 = PCURVE('',#12330,#12335);
#12330 = PLANE('',#12331);
#12331 = AXIS2_PLACEMENT_3D('',#12332,#12333,#12334);
#12332 = CARTESIAN_POINT('',(-0.815,-0.445,3.85));
#12333 = DIRECTION('',(0.,0.,1.));
#12334 = DIRECTION('',(1.,0.,-0.));
#12335 = DEFINITIONAL_REPRESENTATION('',(#12336),#12340);
#12336 = LINE('',#12337,#12338);
#12337 = CARTESIAN_POINT('',(0.,0.));
#12338 = VECTOR('',#12339,1.);
#12339 = DIRECTION('',(0.,1.));
#12340 = ( GEOMETRIC_REPRESENTATION_CONTEXT(2) 
PARAMETRIC_REPRESENTATION_CONTEXT() REPRESENTATION_CONTEXT('2D SPACE',''
  ) );
#12341 = ADVANCED_FACE('',(#12342),#12356,.T.);
#12342 = FACE_BOUND('',#12343,.T.);
#12343 = EDGE_LOOP('',(#12344,#12374,#12397,#12420));
#12344 = ORIENTED_EDGE('',*,*,#12345,.F.);
#12345 = EDGE_CURVE('',#12346,#12348,#12350,.T.);
#12346 = VERTEX_POINT('',#12347);
#12347 = CARTESIAN_POINT('',(-0.455,-0.445,2.5));
#12348 = VERTEX_POINT('',#12349);
#12349 = CARTESIAN_POINT('',(-0.455,-0.445,3.85));
#12350 = SURFACE_CURVE('',#12351,(#12355,#12367),.PCURVE_S1.);
#12351 = LINE('',#12352,#12353);
#12352 = CARTESIAN_POINT('',(-0.455,-0.445,2.5));
#12353 = VECTOR('',#12354,1.);
#12354 = DIRECTION('',(0.,0.,1.));
#12355 = PCURVE('',#12356,#12361);
#12356 = PLANE('',#12357);
#12357 = AXIS2_PLACEMENT_3D('',#12358,#12359,#12360);
#12358 = CARTESIAN_POINT('',(-0.455,-0.445,2.5));
#12359 = DIRECTION('',(1.,0.,-0.));
#12360 = DIRECTION('',(0.,0.,1.));
#12361 = DEFINITIONAL_REPRESENTATION('',(#12362),#12366);
#12362 = LINE('',#12363,#12364);
#12363 = CARTESIAN_POINT('',(0.,0.));
#12364 = VECTOR('',#12365,1.);
#12365 = DIRECTION('',(1.,0.));
#12366 = ( GEOMETRIC_REPRESENTATION_CONTEXT(2) 
PARAMETRIC_REPRESENTATION_CONTEXT() REPRESENTATION_CONTEXT('2D SPACE',''
  ) );
#12367 = PCURVE('',#12248,#12368);
#12368 = DEFINITIONAL_REPRESENTATION('',(#12369),#12373);
#12369 = LINE('',#12370,#12371);
#12370 = CARTESIAN_POINT('',(0.,0.36));
#12371 = VECTOR('',#12372,1.);
#12372 = DIRECTION('',(1.,0.));
#12373 = ( GEOMETRIC_REPRESENTATION_CONTEXT(2) 
PARAMETRIC_REPRESENTATION_CONTEXT() REPRESENTATION_CONTEXT('2D SPACE',''
  ) );
#12374 = ORIENTED_EDGE('',*,*,#12375,.T.);
#12375 = EDGE_CURVE('',#12346,#12376,#12378,.T.);
#12376 = VERTEX_POINT('',#12377);
#12377 = CARTESIAN_POINT('',(-0.455,-0.365,2.5));
#12378 = SURFACE_CURVE('',#12379,(#12383,#12390),.PCURVE_S1.);
#12379 = LINE('',#12380,#12381);
#12380 = CARTESIAN_POINT('',(-0.455,-0.445,2.5));
#12381 = VECTOR('',#12382,1.);
#12382 = DIRECTION('',(-0.,1.,0.));
#12383 = PCURVE('',#12356,#12384);
#12384 = DEFINITIONAL_REPRESENTATION('',(#12385),#12389);
#12385 = LINE('',#12386,#12387);
#12386 = CARTESIAN_POINT('',(0.,0.));
#12387 = VECTOR('',#12388,1.);
#12388 = DIRECTION('',(0.,-1.));
#12389 = ( GEOMETRIC_REPRESENTATION_CONTEXT(2) 
PARAMETRIC_REPRESENTATION_CONTEXT() REPRESENTATION_CONTEXT('2D SPACE',''
  ) );
#12390 = PCURVE('',#12276,#12391);
#12391 = DEFINITIONAL_REPRESENTATION('',(#12392),#12396);
#12392 = LINE('',#12393,#12394);
#12393 = CARTESIAN_POINT('',(0.36,0.));
#12394 = VECTOR('',#12395,1.);
#12395 = DIRECTION('',(0.,1.));
#12396 = ( GEOMETRIC_REPRESENTATION_CONTEXT(2) 
PARAMETRIC_REPRESENTATION_CONTEXT() REPRESENTATION_CONTEXT('2D SPACE',''
  ) );
#12397 = ORIENTED_EDGE('',*,*,#12398,.T.);
#12398 = EDGE_CURVE('',#12376,#12399,#12401,.T.);
#12399 = VERTEX_POINT('',#12400);
#12400 = CARTESIAN_POINT('',(-0.455,-0.365,3.85));
#12401 = SURFACE_CURVE('',#12402,(#12406,#12413),.PCURVE_S1.);
#12402 = LINE('',#12403,#12404);
#12403 = CARTESIAN_POINT('',(-0.455,-0.365,2.5));
#12404 = VECTOR('',#12405,1.);
#12405 = DIRECTION('',(0.,0.,1.));
#12406 = PCURVE('',#12356,#12407);
#12407 = DEFINITIONAL_REPRESENTATION('',(#12408),#12412);
#12408 = LINE('',#12409,#12410);
#12409 = CARTESIAN_POINT('',(0.,-8.E-02));
#12410 = VECTOR('',#12411,1.);
#12411 = DIRECTION('',(1.,0.));
#12412 = ( GEOMETRIC_REPRESENTATION_CONTEXT(2) 
PARAMETRIC_REPRESENTATION_CONTEXT() REPRESENTATION_CONTEXT('2D SPACE',''
  ) );
#12413 = PCURVE('',#12304,#12414);
#12414 = DEFINITIONAL_REPRESENTATION('',(#12415),#12419);
#12415 = LINE('',#12416,#12417);
#12416 = CARTESIAN_POINT('',(0.,0.36));
#12417 = VECTOR('',#12418,1.);
#12418 = DIRECTION('',(1.,0.));
#12419 = ( GEOMETRIC_REPRESENTATION_CONTEXT(2) 
PARAMETRIC_REPRESENTATION_CONTEXT() REPRESENTATION_CONTEXT('2D SPACE',''
  ) );
#12420 = ORIENTED_EDGE('',*,*,#12421,.F.);
#12421 = EDGE_CURVE('',#12348,#12399,#12422,.T.);
#12422 = SURFACE_CURVE('',#12423,(#12427,#12434),.PCURVE_S1.);
#12423 = LINE('',#12424,#12425);
#12424 = CARTESIAN_POINT('',(-0.455,-0.445,3.85));
#12425 = VECTOR('',#12426,1.);
#12426 = DIRECTION('',(-0.,1.,0.));
#12427 = PCURVE('',#12356,#12428);
#12428 = DEFINITIONAL_REPRESENTATION('',(#12429),#12433);
#12429 = LINE('',#12430,#12431);
#12430 = CARTESIAN_POINT('',(1.35,0.));
#12431 = VECTOR('',#12432,1.);
#12432 = DIRECTION('',(0.,-1.));
#12433 = ( GEOMETRIC_REPRESENTATION_CONTEXT(2) 
PARAMETRIC_REPRESENTATION_CONTEXT() REPRESENTATION_CONTEXT('2D SPACE',''
  ) );
#12434 = PCURVE('',#12330,#12435);
#12435 = DEFINITIONAL_REPRESENTATION('',(#12436),#12440);
#12436 = LINE('',#12437,#12438);
#12437 = CARTESIAN_POINT('',(0.36,0.));
#12438 = VECTOR('',#12439,1.);
#12439 = DIRECTION('',(0.,1.));
#12440 = ( GEOMETRIC_REPRESENTATION_CONTEXT(2) 
PARAMETRIC_REPRESENTATION_CONTEXT() REPRESENTATION_CONTEXT('2D SPACE',''
  ) );
#12441 = ADVANCED_FACE('',(#12442),#12248,.F.);
#12442 = FACE_BOUND('',#12443,.F.);
#12443 = EDGE_LOOP('',(#12444,#12465,#12466,#12487));
#12444 = ORIENTED_EDGE('',*,*,#12445,.F.);
#12445 = EDGE_CURVE('',#12226,#12346,#12446,.T.);
#12446 = SURFACE_CURVE('',#12447,(#12451,#12458),.PCURVE_S1.);
#12447 = LINE('',#12448,#12449);
#12448 = CARTESIAN_POINT('',(-0.815,-0.445,2.5));
#12449 = VECTOR('',#12450,1.);
#12450 = DIRECTION('',(1.,0.,-0.));
#12451 = PCURVE('',#12248,#12452);
#12452 = DEFINITIONAL_REPRESENTATION('',(#12453),#12457);
#12453 = LINE('',#12454,#12455);
#12454 = CARTESIAN_POINT('',(0.,0.));
#12455 = VECTOR('',#12456,1.);
#12456 = DIRECTION('',(0.,1.));
#12457 = ( GEOMETRIC_REPRESENTATION_CONTEXT(2) 
PARAMETRIC_REPRESENTATION_CONTEXT() REPRESENTATION_CONTEXT('2D SPACE',''
  ) );
#12458 = PCURVE('',#12276,#12459);
#12459 = DEFINITIONAL_REPRESENTATION('',(#12460),#12464);
#12460 = LINE('',#12461,#12462);
#12461 = CARTESIAN_POINT('',(0.,0.));
#12462 = VECTOR('',#12463,1.);
#12463 = DIRECTION('',(1.,0.));
#12464 = ( GEOMETRIC_REPRESENTATION_CONTEXT(2) 
PARAMETRIC_REPRESENTATION_CONTEXT() REPRESENTATION_CONTEXT('2D SPACE',''
  ) );
#12465 = ORIENTED_EDGE('',*,*,#12225,.T.);
#12466 = ORIENTED_EDGE('',*,*,#12467,.T.);
#12467 = EDGE_CURVE('',#12228,#12348,#12468,.T.);
#12468 = SURFACE_CURVE('',#12469,(#12473,#12480),.PCURVE_S1.);
#12469 = LINE('',#12470,#12471);
#12470 = CARTESIAN_POINT('',(-0.815,-0.445,3.85));
#12471 = VECTOR('',#12472,1.);
#12472 = DIRECTION('',(1.,0.,-0.));
#12473 = PCURVE('',#12248,#12474);
#12474 = DEFINITIONAL_REPRESENTATION('',(#12475),#12479);
#12475 = LINE('',#12476,#12477);
#12476 = CARTESIAN_POINT('',(1.35,0.));
#12477 = VECTOR('',#12478,1.);
#12478 = DIRECTION('',(0.,1.));
#12479 = ( GEOMETRIC_REPRESENTATION_CONTEXT(2) 
PARAMETRIC_REPRESENTATION_CONTEXT() REPRESENTATION_CONTEXT('2D SPACE',''
  ) );
#12480 = PCURVE('',#12330,#12481);
#12481 = DEFINITIONAL_REPRESENTATION('',(#12482),#12486);
#12482 = LINE('',#12483,#12484);
#12483 = CARTESIAN_POINT('',(0.,0.));
#12484 = VECTOR('',#12485,1.);
#12485 = DIRECTION('',(1.,0.));
#12486 = ( GEOMETRIC_REPRESENTATION_CONTEXT(2) 
PARAMETRIC_REPRESENTATION_CONTEXT() REPRESENTATION_CONTEXT('2D SPACE',''
  ) );
#12487 = ORIENTED_EDGE('',*,*,#12345,.F.);
#12488 = ADVANCED_FACE('',(#12489),#12304,.T.);
#12489 = FACE_BOUND('',#12490,.T.);
#12490 = EDGE_LOOP('',(#12491,#12512,#12513,#12534));
#12491 = ORIENTED_EDGE('',*,*,#12492,.F.);
#12492 = EDGE_CURVE('',#12261,#12376,#12493,.T.);
#12493 = SURFACE_CURVE('',#12494,(#12498,#12505),.PCURVE_S1.);
#12494 = LINE('',#12495,#12496);
#12495 = CARTESIAN_POINT('',(-0.815,-0.365,2.5));
#12496 = VECTOR('',#12497,1.);
#12497 = DIRECTION('',(1.,0.,-0.));
#12498 = PCURVE('',#12304,#12499);
#12499 = DEFINITIONAL_REPRESENTATION('',(#12500),#12504);
#12500 = LINE('',#12501,#12502);
#12501 = CARTESIAN_POINT('',(0.,0.));
#12502 = VECTOR('',#12503,1.);
#12503 = DIRECTION('',(0.,1.));
#12504 = ( GEOMETRIC_REPRESENTATION_CONTEXT(2) 
PARAMETRIC_REPRESENTATION_CONTEXT() REPRESENTATION_CONTEXT('2D SPACE',''
  ) );
#12505 = PCURVE('',#12276,#12506);
#12506 = DEFINITIONAL_REPRESENTATION('',(#12507),#12511);
#12507 = LINE('',#12508,#12509);
#12508 = CARTESIAN_POINT('',(0.,8.E-02));
#12509 = VECTOR('',#12510,1.);
#12510 = DIRECTION('',(1.,0.));
#12511 = ( GEOMETRIC_REPRESENTATION_CONTEXT(2) 
PARAMETRIC_REPRESENTATION_CONTEXT() REPRESENTATION_CONTEXT('2D SPACE',''
  ) );
#12512 = ORIENTED_EDGE('',*,*,#12288,.T.);
#12513 = ORIENTED_EDGE('',*,*,#12514,.T.);
#12514 = EDGE_CURVE('',#12289,#12399,#12515,.T.);
#12515 = SURFACE_CURVE('',#12516,(#12520,#12527),.PCURVE_S1.);
#12516 = LINE('',#12517,#12518);
#12517 = CARTESIAN_POINT('',(-0.815,-0.365,3.85));
#12518 = VECTOR('',#12519,1.);
#12519 = DIRECTION('',(1.,0.,-0.));
#12520 = PCURVE('',#12304,#12521);
#12521 = DEFINITIONAL_REPRESENTATION('',(#12522),#12526);
#12522 = LINE('',#12523,#12524);
#12523 = CARTESIAN_POINT('',(1.35,0.));
#12524 = VECTOR('',#12525,1.);
#12525 = DIRECTION('',(0.,1.));
#12526 = ( GEOMETRIC_REPRESENTATION_CONTEXT(2) 
PARAMETRIC_REPRESENTATION_CONTEXT() REPRESENTATION_CONTEXT('2D SPACE',''
  ) );
#12527 = PCURVE('',#12330,#12528);
#12528 = DEFINITIONAL_REPRESENTATION('',(#12529),#12533);
#12529 = LINE('',#12530,#12531);
#12530 = CARTESIAN_POINT('',(0.,8.E-02));
#12531 = VECTOR('',#12532,1.);
#12532 = DIRECTION('',(1.,0.));
#12533 = ( GEOMETRIC_REPRESENTATION_CONTEXT(2) 
PARAMETRIC_REPRESENTATION_CONTEXT() REPRESENTATION_CONTEXT('2D SPACE',''
  ) );
#12534 = ORIENTED_EDGE('',*,*,#12398,.F.);
#12535 = ADVANCED_FACE('',(#12536),#12276,.F.);
#12536 = FACE_BOUND('',#12537,.F.);
#12537 = EDGE_LOOP('',(#12538,#12539,#12540,#12541));
#12538 = ORIENTED_EDGE('',*,*,#12260,.F.);
#12539 = ORIENTED_EDGE('',*,*,#12445,.T.);
#12540 = ORIENTED_EDGE('',*,*,#12375,.T.);
#12541 = ORIENTED_EDGE('',*,*,#12492,.F.);
#12542 = ADVANCED_FACE('',(#12543),#12330,.T.);
#12543 = FACE_BOUND('',#12544,.T.);
#12544 = EDGE_LOOP('',(#12545,#12546,#12547,#12548));
#12545 = ORIENTED_EDGE('',*,*,#12316,.F.);
#12546 = ORIENTED_EDGE('',*,*,#12467,.T.);
#12547 = ORIENTED_EDGE('',*,*,#12421,.T.);
#12548 = ORIENTED_EDGE('',*,*,#12514,.F.);
#12549 = MANIFOLD_SOLID_BREP('',#12550);
#12550 = CLOSED_SHELL('',(#12551,#12671,#12771,#12818,#12865,#12872));
#12551 = ADVANCED_FACE('',(#12552),#12566,.F.);
#12552 = FACE_BOUND('',#12553,.F.);
#12553 = EDGE_LOOP('',(#12554,#12589,#12617,#12645));
#12554 = ORIENTED_EDGE('',*,*,#12555,.F.);
#12555 = EDGE_CURVE('',#12556,#12558,#12560,.T.);
#12556 = VERTEX_POINT('',#12557);
#12557 = CARTESIAN_POINT('',(-0.815,0.365,2.5));
#12558 = VERTEX_POINT('',#12559);
#12559 = CARTESIAN_POINT('',(-0.815,0.365,3.85));
#12560 = SURFACE_CURVE('',#12561,(#12565,#12577),.PCURVE_S1.);
#12561 = LINE('',#12562,#12563);
#12562 = CARTESIAN_POINT('',(-0.815,0.365,2.5));
#12563 = VECTOR('',#12564,1.);
#12564 = DIRECTION('',(0.,0.,1.));
#12565 = PCURVE('',#12566,#12571);
#12566 = PLANE('',#12567);
#12567 = AXIS2_PLACEMENT_3D('',#12568,#12569,#12570);
#12568 = CARTESIAN_POINT('',(-0.815,0.365,2.5));
#12569 = DIRECTION('',(1.,0.,-0.));
#12570 = DIRECTION('',(0.,0.,1.));
#12571 = DEFINITIONAL_REPRESENTATION('',(#12572),#12576);
#12572 = LINE('',#12573,#12574);
#12573 = CARTESIAN_POINT('',(0.,0.));
#12574 = VECTOR('',#12575,1.);
#12575 = DIRECTION('',(1.,0.));
#12576 = ( GEOMETRIC_REPRESENTATION_CONTEXT(2) 
PARAMETRIC_REPRESENTATION_CONTEXT() REPRESENTATION_CONTEXT('2D SPACE',''
  ) );
#12577 = PCURVE('',#12578,#12583);
#12578 = PLANE('',#12579);
#12579 = AXIS2_PLACEMENT_3D('',#12580,#12581,#12582);
#12580 = CARTESIAN_POINT('',(-0.815,0.365,2.5));
#12581 = DIRECTION('',(-0.,1.,0.));
#12582 = DIRECTION('',(0.,0.,1.));
#12583 = DEFINITIONAL_REPRESENTATION('',(#12584),#12588);
#12584 = LINE('',#12585,#12586);
#12585 = CARTESIAN_POINT('',(0.,0.));
#12586 = VECTOR('',#12587,1.);
#12587 = DIRECTION('',(1.,0.));
#12588 = ( GEOMETRIC_REPRESENTATION_CONTEXT(2) 
PARAMETRIC_REPRESENTATION_CONTEXT() REPRESENTATION_CONTEXT('2D SPACE',''
  ) );
#12589 = ORIENTED_EDGE('',*,*,#12590,.T.);
#12590 = EDGE_CURVE('',#12556,#12591,#12593,.T.);
#12591 = VERTEX_POINT('',#12592);
#12592 = CARTESIAN_POINT('',(-0.815,0.445,2.5));
#12593 = SURFACE_CURVE('',#12594,(#12598,#12605),.PCURVE_S1.);
#12594 = LINE('',#12595,#12596);
#12595 = CARTESIAN_POINT('',(-0.815,0.365,2.5));
#12596 = VECTOR('',#12597,1.);
#12597 = DIRECTION('',(-0.,1.,0.));
#12598 = PCURVE('',#12566,#12599);
#12599 = DEFINITIONAL_REPRESENTATION('',(#12600),#12604);
#12600 = LINE('',#12601,#12602);
#12601 = CARTESIAN_POINT('',(0.,0.));
#12602 = VECTOR('',#12603,1.);
#12603 = DIRECTION('',(0.,-1.));
#12604 = ( GEOMETRIC_REPRESENTATION_CONTEXT(2) 
PARAMETRIC_REPRESENTATION_CONTEXT() REPRESENTATION_CONTEXT('2D SPACE',''
  ) );
#12605 = PCURVE('',#12606,#12611);
#12606 = PLANE('',#12607);
#12607 = AXIS2_PLACEMENT_3D('',#12608,#12609,#12610);
#12608 = CARTESIAN_POINT('',(-0.815,0.365,2.5));
#12609 = DIRECTION('',(0.,0.,1.));
#12610 = DIRECTION('',(1.,0.,-0.));
#12611 = DEFINITIONAL_REPRESENTATION('',(#12612),#12616);
#12612 = LINE('',#12613,#12614);
#12613 = CARTESIAN_POINT('',(0.,0.));
#12614 = VECTOR('',#12615,1.);
#12615 = DIRECTION('',(0.,1.));
#12616 = ( GEOMETRIC_REPRESENTATION_CONTEXT(2) 
PARAMETRIC_REPRESENTATION_CONTEXT() REPRESENTATION_CONTEXT('2D SPACE',''
  ) );
#12617 = ORIENTED_EDGE('',*,*,#12618,.T.);
#12618 = EDGE_CURVE('',#12591,#12619,#12621,.T.);
#12619 = VERTEX_POINT('',#12620);
#12620 = CARTESIAN_POINT('',(-0.815,0.445,3.85));
#12621 = SURFACE_CURVE('',#12622,(#12626,#12633),.PCURVE_S1.);
#12622 = LINE('',#12623,#12624);
#12623 = CARTESIAN_POINT('',(-0.815,0.445,2.5));
#12624 = VECTOR('',#12625,1.);
#12625 = DIRECTION('',(0.,0.,1.));
#12626 = PCURVE('',#12566,#12627);
#12627 = DEFINITIONAL_REPRESENTATION('',(#12628),#12632);
#12628 = LINE('',#12629,#12630);
#12629 = CARTESIAN_POINT('',(0.,-8.E-02));
#12630 = VECTOR('',#12631,1.);
#12631 = DIRECTION('',(1.,0.));
#12632 = ( GEOMETRIC_REPRESENTATION_CONTEXT(2) 
PARAMETRIC_REPRESENTATION_CONTEXT() REPRESENTATION_CONTEXT('2D SPACE',''
  ) );
#12633 = PCURVE('',#12634,#12639);
#12634 = PLANE('',#12635);
#12635 = AXIS2_PLACEMENT_3D('',#12636,#12637,#12638);
#12636 = CARTESIAN_POINT('',(-0.815,0.445,2.5));
#12637 = DIRECTION('',(-0.,1.,0.));
#12638 = DIRECTION('',(0.,0.,1.));
#12639 = DEFINITIONAL_REPRESENTATION('',(#12640),#12644);
#12640 = LINE('',#12641,#12642);
#12641 = CARTESIAN_POINT('',(0.,0.));
#12642 = VECTOR('',#12643,1.);
#12643 = DIRECTION('',(1.,0.));
#12644 = ( GEOMETRIC_REPRESENTATION_CONTEXT(2) 
PARAMETRIC_REPRESENTATION_CONTEXT() REPRESENTATION_CONTEXT('2D SPACE',''
  ) );
#12645 = ORIENTED_EDGE('',*,*,#12646,.F.);
#12646 = EDGE_CURVE('',#12558,#12619,#12647,.T.);
#12647 = SURFACE_CURVE('',#12648,(#12652,#12659),.PCURVE_S1.);
#12648 = LINE('',#12649,#12650);
#12649 = CARTESIAN_POINT('',(-0.815,0.365,3.85));
#12650 = VECTOR('',#12651,1.);
#12651 = DIRECTION('',(-0.,1.,0.));
#12652 = PCURVE('',#12566,#12653);
#12653 = DEFINITIONAL_REPRESENTATION('',(#12654),#12658);
#12654 = LINE('',#12655,#12656);
#12655 = CARTESIAN_POINT('',(1.35,0.));
#12656 = VECTOR('',#12657,1.);
#12657 = DIRECTION('',(0.,-1.));
#12658 = ( GEOMETRIC_REPRESENTATION_CONTEXT(2) 
PARAMETRIC_REPRESENTATION_CONTEXT() REPRESENTATION_CONTEXT('2D SPACE',''
  ) );
#12659 = PCURVE('',#12660,#12665);
#12660 = PLANE('',#12661);
#12661 = AXIS2_PLACEMENT_3D('',#12662,#12663,#12664);
#12662 = CARTESIAN_POINT('',(-0.815,0.365,3.85));
#12663 = DIRECTION('',(0.,0.,1.));
#12664 = DIRECTION('',(1.,0.,-0.));
#12665 = DEFINITIONAL_REPRESENTATION('',(#12666),#12670);
#12666 = LINE('',#12667,#12668);
#12667 = CARTESIAN_POINT('',(0.,0.));
#12668 = VECTOR('',#12669,1.);
#12669 = DIRECTION('',(0.,1.));
#12670 = ( GEOMETRIC_REPRESENTATION_CONTEXT(2) 
PARAMETRIC_REPRESENTATION_CONTEXT() REPRESENTATION_CONTEXT('2D SPACE',''
  ) );
#12671 = ADVANCED_FACE('',(#12672),#12686,.T.);
#12672 = FACE_BOUND('',#12673,.T.);
#12673 = EDGE_LOOP('',(#12674,#12704,#12727,#12750));
#12674 = ORIENTED_EDGE('',*,*,#12675,.F.);
#12675 = EDGE_CURVE('',#12676,#12678,#12680,.T.);
#12676 = VERTEX_POINT('',#12677);
#12677 = CARTESIAN_POINT('',(-0.455,0.365,2.5));
#12678 = VERTEX_POINT('',#12679);
#12679 = CARTESIAN_POINT('',(-0.455,0.365,3.85));
#12680 = SURFACE_CURVE('',#12681,(#12685,#12697),.PCURVE_S1.);
#12681 = LINE('',#12682,#12683);
#12682 = CARTESIAN_POINT('',(-0.455,0.365,2.5));
#12683 = VECTOR('',#12684,1.);
#12684 = DIRECTION('',(0.,0.,1.));
#12685 = PCURVE('',#12686,#12691);
#12686 = PLANE('',#12687);
#12687 = AXIS2_PLACEMENT_3D('',#12688,#12689,#12690);
#12688 = CARTESIAN_POINT('',(-0.455,0.365,2.5));
#12689 = DIRECTION('',(1.,0.,-0.));
#12690 = DIRECTION('',(0.,0.,1.));
#12691 = DEFINITIONAL_REPRESENTATION('',(#12692),#12696);
#12692 = LINE('',#12693,#12694);
#12693 = CARTESIAN_POINT('',(0.,0.));
#12694 = VECTOR('',#12695,1.);
#12695 = DIRECTION('',(1.,0.));
#12696 = ( GEOMETRIC_REPRESENTATION_CONTEXT(2) 
PARAMETRIC_REPRESENTATION_CONTEXT() REPRESENTATION_CONTEXT('2D SPACE',''
  ) );
#12697 = PCURVE('',#12578,#12698);
#12698 = DEFINITIONAL_REPRESENTATION('',(#12699),#12703);
#12699 = LINE('',#12700,#12701);
#12700 = CARTESIAN_POINT('',(0.,0.36));
#12701 = VECTOR('',#12702,1.);
#12702 = DIRECTION('',(1.,0.));
#12703 = ( GEOMETRIC_REPRESENTATION_CONTEXT(2) 
PARAMETRIC_REPRESENTATION_CONTEXT() REPRESENTATION_CONTEXT('2D SPACE',''
  ) );
#12704 = ORIENTED_EDGE('',*,*,#12705,.T.);
#12705 = EDGE_CURVE('',#12676,#12706,#12708,.T.);
#12706 = VERTEX_POINT('',#12707);
#12707 = CARTESIAN_POINT('',(-0.455,0.445,2.5));
#12708 = SURFACE_CURVE('',#12709,(#12713,#12720),.PCURVE_S1.);
#12709 = LINE('',#12710,#12711);
#12710 = CARTESIAN_POINT('',(-0.455,0.365,2.5));
#12711 = VECTOR('',#12712,1.);
#12712 = DIRECTION('',(-0.,1.,0.));
#12713 = PCURVE('',#12686,#12714);
#12714 = DEFINITIONAL_REPRESENTATION('',(#12715),#12719);
#12715 = LINE('',#12716,#12717);
#12716 = CARTESIAN_POINT('',(0.,0.));
#12717 = VECTOR('',#12718,1.);
#12718 = DIRECTION('',(0.,-1.));
#12719 = ( GEOMETRIC_REPRESENTATION_CONTEXT(2) 
PARAMETRIC_REPRESENTATION_CONTEXT() REPRESENTATION_CONTEXT('2D SPACE',''
  ) );
#12720 = PCURVE('',#12606,#12721);
#12721 = DEFINITIONAL_REPRESENTATION('',(#12722),#12726);
#12722 = LINE('',#12723,#12724);
#12723 = CARTESIAN_POINT('',(0.36,0.));
#12724 = VECTOR('',#12725,1.);
#12725 = DIRECTION('',(0.,1.));
#12726 = ( GEOMETRIC_REPRESENTATION_CONTEXT(2) 
PARAMETRIC_REPRESENTATION_CONTEXT() REPRESENTATION_CONTEXT('2D SPACE',''
  ) );
#12727 = ORIENTED_EDGE('',*,*,#12728,.T.);
#12728 = EDGE_CURVE('',#12706,#12729,#12731,.T.);
#12729 = VERTEX_POINT('',#12730);
#12730 = CARTESIAN_POINT('',(-0.455,0.445,3.85));
#12731 = SURFACE_CURVE('',#12732,(#12736,#12743),.PCURVE_S1.);
#12732 = LINE('',#12733,#12734);
#12733 = CARTESIAN_POINT('',(-0.455,0.445,2.5));
#12734 = VECTOR('',#12735,1.);
#12735 = DIRECTION('',(0.,0.,1.));
#12736 = PCURVE('',#12686,#12737);
#12737 = DEFINITIONAL_REPRESENTATION('',(#12738),#12742);
#12738 = LINE('',#12739,#12740);
#12739 = CARTESIAN_POINT('',(0.,-8.E-02));
#12740 = VECTOR('',#12741,1.);
#12741 = DIRECTION('',(1.,0.));
#12742 = ( GEOMETRIC_REPRESENTATION_CONTEXT(2) 
PARAMETRIC_REPRESENTATION_CONTEXT() REPRESENTATION_CONTEXT('2D SPACE',''
  ) );
#12743 = PCURVE('',#12634,#12744);
#12744 = DEFINITIONAL_REPRESENTATION('',(#12745),#12749);
#12745 = LINE('',#12746,#12747);
#12746 = CARTESIAN_POINT('',(0.,0.36));
#12747 = VECTOR('',#12748,1.);
#12748 = DIRECTION('',(1.,0.));
#12749 = ( GEOMETRIC_REPRESENTATION_CONTEXT(2) 
PARAMETRIC_REPRESENTATION_CONTEXT() REPRESENTATION_CONTEXT('2D SPACE',''
  ) );
#12750 = ORIENTED_EDGE('',*,*,#12751,.F.);
#12751 = EDGE_CURVE('',#12678,#12729,#12752,.T.);
#12752 = SURFACE_CURVE('',#12753,(#12757,#12764),.PCURVE_S1.);
#12753 = LINE('',#12754,#12755);
#12754 = CARTESIAN_POINT('',(-0.455,0.365,3.85));
#12755 = VECTOR('',#12756,1.);
#12756 = DIRECTION('',(-0.,1.,0.));
#12757 = PCURVE('',#12686,#12758);
#12758 = DEFINITIONAL_REPRESENTATION('',(#12759),#12763);
#12759 = LINE('',#12760,#12761);
#12760 = CARTESIAN_POINT('',(1.35,0.));
#12761 = VECTOR('',#12762,1.);
#12762 = DIRECTION('',(0.,-1.));
#12763 = ( GEOMETRIC_REPRESENTATION_CONTEXT(2) 
PARAMETRIC_REPRESENTATION_CONTEXT() REPRESENTATION_CONTEXT('2D SPACE',''
  ) );
#12764 = PCURVE('',#12660,#12765);
#12765 = DEFINITIONAL_REPRESENTATION('',(#12766),#12770);
#12766 = LINE('',#12767,#12768);
#12767 = CARTESIAN_POINT('',(0.36,0.));
#12768 = VECTOR('',#12769,1.);
#12769 = DIRECTION('',(0.,1.));
#12770 = ( GEOMETRIC_REPRESENTATION_CONTEXT(2) 
PARAMETRIC_REPRESENTATION_CONTEXT() REPRESENTATION_CONTEXT('2D SPACE',''
  ) );
#12771 = ADVANCED_FACE('',(#12772),#12578,.F.);
#12772 = FACE_BOUND('',#12773,.F.);
#12773 = EDGE_LOOP('',(#12774,#12795,#12796,#12817));
#12774 = ORIENTED_EDGE('',*,*,#12775,.F.);
#12775 = EDGE_CURVE('',#12556,#12676,#12776,.T.);
#12776 = SURFACE_CURVE('',#12777,(#12781,#12788),.PCURVE_S1.);
#12777 = LINE('',#12778,#12779);
#12778 = CARTESIAN_POINT('',(-0.815,0.365,2.5));
#12779 = VECTOR('',#12780,1.);
#12780 = DIRECTION('',(1.,0.,-0.));
#12781 = PCURVE('',#12578,#12782);
#12782 = DEFINITIONAL_REPRESENTATION('',(#12783),#12787);
#12783 = LINE('',#12784,#12785);
#12784 = CARTESIAN_POINT('',(0.,0.));
#12785 = VECTOR('',#12786,1.);
#12786 = DIRECTION('',(0.,1.));
#12787 = ( GEOMETRIC_REPRESENTATION_CONTEXT(2) 
PARAMETRIC_REPRESENTATION_CONTEXT() REPRESENTATION_CONTEXT('2D SPACE',''
  ) );
#12788 = PCURVE('',#12606,#12789);
#12789 = DEFINITIONAL_REPRESENTATION('',(#12790),#12794);
#12790 = LINE('',#12791,#12792);
#12791 = CARTESIAN_POINT('',(0.,0.));
#12792 = VECTOR('',#12793,1.);
#12793 = DIRECTION('',(1.,0.));
#12794 = ( GEOMETRIC_REPRESENTATION_CONTEXT(2) 
PARAMETRIC_REPRESENTATION_CONTEXT() REPRESENTATION_CONTEXT('2D SPACE',''
  ) );
#12795 = ORIENTED_EDGE('',*,*,#12555,.T.);
#12796 = ORIENTED_EDGE('',*,*,#12797,.T.);
#12797 = EDGE_CURVE('',#12558,#12678,#12798,.T.);
#12798 = SURFACE_CURVE('',#12799,(#12803,#12810),.PCURVE_S1.);
#12799 = LINE('',#12800,#12801);
#12800 = CARTESIAN_POINT('',(-0.815,0.365,3.85));
#12801 = VECTOR('',#12802,1.);
#12802 = DIRECTION('',(1.,0.,-0.));
#12803 = PCURVE('',#12578,#12804);
#12804 = DEFINITIONAL_REPRESENTATION('',(#12805),#12809);
#12805 = LINE('',#12806,#12807);
#12806 = CARTESIAN_POINT('',(1.35,0.));
#12807 = VECTOR('',#12808,1.);
#12808 = DIRECTION('',(0.,1.));
#12809 = ( GEOMETRIC_REPRESENTATION_CONTEXT(2) 
PARAMETRIC_REPRESENTATION_CONTEXT() REPRESENTATION_CONTEXT('2D SPACE',''
  ) );
#12810 = PCURVE('',#12660,#12811);
#12811 = DEFINITIONAL_REPRESENTATION('',(#12812),#12816);
#12812 = LINE('',#12813,#12814);
#12813 = CARTESIAN_POINT('',(0.,0.));
#12814 = VECTOR('',#12815,1.);
#12815 = DIRECTION('',(1.,0.));
#12816 = ( GEOMETRIC_REPRESENTATION_CONTEXT(2) 
PARAMETRIC_REPRESENTATION_CONTEXT() REPRESENTATION_CONTEXT('2D SPACE',''
  ) );
#12817 = ORIENTED_EDGE('',*,*,#12675,.F.);
#12818 = ADVANCED_FACE('',(#12819),#12634,.T.);
#12819 = FACE_BOUND('',#12820,.T.);
#12820 = EDGE_LOOP('',(#12821,#12842,#12843,#12864));
#12821 = ORIENTED_EDGE('',*,*,#12822,.F.);
#12822 = EDGE_CURVE('',#12591,#12706,#12823,.T.);
#12823 = SURFACE_CURVE('',#12824,(#12828,#12835),.PCURVE_S1.);
#12824 = LINE('',#12825,#12826);
#12825 = CARTESIAN_POINT('',(-0.815,0.445,2.5));
#12826 = VECTOR('',#12827,1.);
#12827 = DIRECTION('',(1.,0.,-0.));
#12828 = PCURVE('',#12634,#12829);
#12829 = DEFINITIONAL_REPRESENTATION('',(#12830),#12834);
#12830 = LINE('',#12831,#12832);
#12831 = CARTESIAN_POINT('',(0.,0.));
#12832 = VECTOR('',#12833,1.);
#12833 = DIRECTION('',(0.,1.));
#12834 = ( GEOMETRIC_REPRESENTATION_CONTEXT(2) 
PARAMETRIC_REPRESENTATION_CONTEXT() REPRESENTATION_CONTEXT('2D SPACE',''
  ) );
#12835 = PCURVE('',#12606,#12836);
#12836 = DEFINITIONAL_REPRESENTATION('',(#12837),#12841);
#12837 = LINE('',#12838,#12839);
#12838 = CARTESIAN_POINT('',(0.,8.E-02));
#12839 = VECTOR('',#12840,1.);
#12840 = DIRECTION('',(1.,0.));
#12841 = ( GEOMETRIC_REPRESENTATION_CONTEXT(2) 
PARAMETRIC_REPRESENTATION_CONTEXT() REPRESENTATION_CONTEXT('2D SPACE',''
  ) );
#12842 = ORIENTED_EDGE('',*,*,#12618,.T.);
#12843 = ORIENTED_EDGE('',*,*,#12844,.T.);
#12844 = EDGE_CURVE('',#12619,#12729,#12845,.T.);
#12845 = SURFACE_CURVE('',#12846,(#12850,#12857),.PCURVE_S1.);
#12846 = LINE('',#12847,#12848);
#12847 = CARTESIAN_POINT('',(-0.815,0.445,3.85));
#12848 = VECTOR('',#12849,1.);
#12849 = DIRECTION('',(1.,0.,-0.));
#12850 = PCURVE('',#12634,#12851);
#12851 = DEFINITIONAL_REPRESENTATION('',(#12852),#12856);
#12852 = LINE('',#12853,#12854);
#12853 = CARTESIAN_POINT('',(1.35,0.));
#12854 = VECTOR('',#12855,1.);
#12855 = DIRECTION('',(0.,1.));
#12856 = ( GEOMETRIC_REPRESENTATION_CONTEXT(2) 
PARAMETRIC_REPRESENTATION_CONTEXT() REPRESENTATION_CONTEXT('2D SPACE',''
  ) );
#12857 = PCURVE('',#12660,#12858);
#12858 = DEFINITIONAL_REPRESENTATION('',(#12859),#12863);
#12859 = LINE('',#12860,#12861);
#12860 = CARTESIAN_POINT('',(0.,8.E-02));
#12861 = VECTOR('',#12862,1.);
#12862 = DIRECTION('',(1.,0.));
#12863 = ( GEOMETRIC_REPRESENTATION_CONTEXT(2) 
PARAMETRIC_REPRESENTATION_CONTEXT() REPRESENTATION_CONTEXT('2D SPACE',''
  ) );
#12864 = ORIENTED_EDGE('',*,*,#12728,.F.);
#12865 = ADVANCED_FACE('',(#12866),#12606,.F.);
#12866 = FACE_BOUND('',#12867,.F.);
#12867 = EDGE_LOOP('',(#12868,#12869,#12870,#12871));
#12868 = ORIENTED_EDGE('',*,*,#12590,.F.);
#12869 = ORIENTED_EDGE('',*,*,#12775,.T.);
#12870 = ORIENTED_EDGE('',*,*,#12705,.T.);
#12871 = ORIENTED_EDGE('',*,*,#12822,.F.);
#12872 = ADVANCED_FACE('',(#12873),#12660,.T.);
#12873 = FACE_BOUND('',#12874,.T.);
#12874 = EDGE_LOOP('',(#12875,#12876,#12877,#12878));
#12875 = ORIENTED_EDGE('',*,*,#12646,.F.);
#12876 = ORIENTED_EDGE('',*,*,#12797,.T.);
#12877 = ORIENTED_EDGE('',*,*,#12751,.T.);
#12878 = ORIENTED_EDGE('',*,*,#12844,.F.);
#12879 = MANIFOLD_SOLID_BREP('',#12880);
#12880 = CLOSED_SHELL('',(#12881,#13001,#13101,#13148,#13195,#13202));
#12881 = ADVANCED_FACE('',(#12882),#12896,.F.);
#12882 = FACE_BOUND('',#12883,.F.);
#12883 = EDGE_LOOP('',(#12884,#12919,#12947,#12975));
#12884 = ORIENTED_EDGE('',*,*,#12885,.F.);
#12885 = EDGE_CURVE('',#12886,#12888,#12890,.T.);
#12886 = VERTEX_POINT('',#12887);
#12887 = CARTESIAN_POINT('',(-0.815,0.825,2.5));
#12888 = VERTEX_POINT('',#12889);
#12889 = CARTESIAN_POINT('',(-0.815,0.825,3.85));
#12890 = SURFACE_CURVE('',#12891,(#12895,#12907),.PCURVE_S1.);
#12891 = LINE('',#12892,#12893);
#12892 = CARTESIAN_POINT('',(-0.815,0.825,2.5));
#12893 = VECTOR('',#12894,1.);
#12894 = DIRECTION('',(0.,0.,1.));
#12895 = PCURVE('',#12896,#12901);
#12896 = PLANE('',#12897);
#12897 = AXIS2_PLACEMENT_3D('',#12898,#12899,#12900);
#12898 = CARTESIAN_POINT('',(-0.815,0.825,2.5));
#12899 = DIRECTION('',(1.,0.,-0.));
#12900 = DIRECTION('',(0.,0.,1.));
#12901 = DEFINITIONAL_REPRESENTATION('',(#12902),#12906);
#12902 = LINE('',#12903,#12904);
#12903 = CARTESIAN_POINT('',(0.,0.));
#12904 = VECTOR('',#12905,1.);
#12905 = DIRECTION('',(1.,0.));
#12906 = ( GEOMETRIC_REPRESENTATION_CONTEXT(2) 
PARAMETRIC_REPRESENTATION_CONTEXT() REPRESENTATION_CONTEXT('2D SPACE',''
  ) );
#12907 = PCURVE('',#12908,#12913);
#12908 = PLANE('',#12909);
#12909 = AXIS2_PLACEMENT_3D('',#12910,#12911,#12912);
#12910 = CARTESIAN_POINT('',(-0.815,0.825,2.5));
#12911 = DIRECTION('',(-0.,1.,0.));
#12912 = DIRECTION('',(0.,0.,1.));
#12913 = DEFINITIONAL_REPRESENTATION('',(#12914),#12918);
#12914 = LINE('',#12915,#12916);
#12915 = CARTESIAN_POINT('',(0.,0.));
#12916 = VECTOR('',#12917,1.);
#12917 = DIRECTION('',(1.,0.));
#12918 = ( GEOMETRIC_REPRESENTATION_CONTEXT(2) 
PARAMETRIC_REPRESENTATION_CONTEXT() REPRESENTATION_CONTEXT('2D SPACE',''
  ) );
#12919 = ORIENTED_EDGE('',*,*,#12920,.T.);
#12920 = EDGE_CURVE('',#12886,#12921,#12923,.T.);
#12921 = VERTEX_POINT('',#12922);
#12922 = CARTESIAN_POINT('',(-0.815,0.905,2.5));
#12923 = SURFACE_CURVE('',#12924,(#12928,#12935),.PCURVE_S1.);
#12924 = LINE('',#12925,#12926);
#12925 = CARTESIAN_POINT('',(-0.815,0.825,2.5));
#12926 = VECTOR('',#12927,1.);
#12927 = DIRECTION('',(-0.,1.,0.));
#12928 = PCURVE('',#12896,#12929);
#12929 = DEFINITIONAL_REPRESENTATION('',(#12930),#12934);
#12930 = LINE('',#12931,#12932);
#12931 = CARTESIAN_POINT('',(0.,0.));
#12932 = VECTOR('',#12933,1.);
#12933 = DIRECTION('',(0.,-1.));
#12934 = ( GEOMETRIC_REPRESENTATION_CONTEXT(2) 
PARAMETRIC_REPRESENTATION_CONTEXT() REPRESENTATION_CONTEXT('2D SPACE',''
  ) );
#12935 = PCURVE('',#12936,#12941);
#12936 = PLANE('',#12937);
#12937 = AXIS2_PLACEMENT_3D('',#12938,#12939,#12940);
#12938 = CARTESIAN_POINT('',(-0.815,0.825,2.5));
#12939 = DIRECTION('',(0.,0.,1.));
#12940 = DIRECTION('',(1.,0.,-0.));
#12941 = DEFINITIONAL_REPRESENTATION('',(#12942),#12946);
#12942 = LINE('',#12943,#12944);
#12943 = CARTESIAN_POINT('',(0.,0.));
#12944 = VECTOR('',#12945,1.);
#12945 = DIRECTION('',(0.,1.));
#12946 = ( GEOMETRIC_REPRESENTATION_CONTEXT(2) 
PARAMETRIC_REPRESENTATION_CONTEXT() REPRESENTATION_CONTEXT('2D SPACE',''
  ) );
#12947 = ORIENTED_EDGE('',*,*,#12948,.T.);
#12948 = EDGE_CURVE('',#12921,#12949,#12951,.T.);
#12949 = VERTEX_POINT('',#12950);
#12950 = CARTESIAN_POINT('',(-0.815,0.905,3.85));
#12951 = SURFACE_CURVE('',#12952,(#12956,#12963),.PCURVE_S1.);
#12952 = LINE('',#12953,#12954);
#12953 = CARTESIAN_POINT('',(-0.815,0.905,2.5));
#12954 = VECTOR('',#12955,1.);
#12955 = DIRECTION('',(0.,0.,1.));
#12956 = PCURVE('',#12896,#12957);
#12957 = DEFINITIONAL_REPRESENTATION('',(#12958),#12962);
#12958 = LINE('',#12959,#12960);
#12959 = CARTESIAN_POINT('',(0.,-8.E-02));
#12960 = VECTOR('',#12961,1.);
#12961 = DIRECTION('',(1.,0.));
#12962 = ( GEOMETRIC_REPRESENTATION_CONTEXT(2) 
PARAMETRIC_REPRESENTATION_CONTEXT() REPRESENTATION_CONTEXT('2D SPACE',''
  ) );
#12963 = PCURVE('',#12964,#12969);
#12964 = PLANE('',#12965);
#12965 = AXIS2_PLACEMENT_3D('',#12966,#12967,#12968);
#12966 = CARTESIAN_POINT('',(-0.815,0.905,2.5));
#12967 = DIRECTION('',(-0.,1.,0.));
#12968 = DIRECTION('',(0.,0.,1.));
#12969 = DEFINITIONAL_REPRESENTATION('',(#12970),#12974);
#12970 = LINE('',#12971,#12972);
#12971 = CARTESIAN_POINT('',(0.,0.));
#12972 = VECTOR('',#12973,1.);
#12973 = DIRECTION('',(1.,0.));
#12974 = ( GEOMETRIC_REPRESENTATION_CONTEXT(2) 
PARAMETRIC_REPRESENTATION_CONTEXT() REPRESENTATION_CONTEXT('2D SPACE',''
  ) );
#12975 = ORIENTED_EDGE('',*,*,#12976,.F.);
#12976 = EDGE_CURVE('',#12888,#12949,#12977,.T.);
#12977 = SURFACE_CURVE('',#12978,(#12982,#12989),.PCURVE_S1.);
#12978 = LINE('',#12979,#12980);
#12979 = CARTESIAN_POINT('',(-0.815,0.825,3.85));
#12980 = VECTOR('',#12981,1.);
#12981 = DIRECTION('',(-0.,1.,0.));
#12982 = PCURVE('',#12896,#12983);
#12983 = DEFINITIONAL_REPRESENTATION('',(#12984),#12988);
#12984 = LINE('',#12985,#12986);
#12985 = CARTESIAN_POINT('',(1.35,0.));
#12986 = VECTOR('',#12987,1.);
#12987 = DIRECTION('',(0.,-1.));
#12988 = ( GEOMETRIC_REPRESENTATION_CONTEXT(2) 
PARAMETRIC_REPRESENTATION_CONTEXT() REPRESENTATION_CONTEXT('2D SPACE',''
  ) );
#12989 = PCURVE('',#12990,#12995);
#12990 = PLANE('',#12991);
#12991 = AXIS2_PLACEMENT_3D('',#12992,#12993,#12994);
#12992 = CARTESIAN_POINT('',(-0.815,0.825,3.85));
#12993 = DIRECTION('',(0.,0.,1.));
#12994 = DIRECTION('',(1.,0.,-0.));
#12995 = DEFINITIONAL_REPRESENTATION('',(#12996),#13000);
#12996 = LINE('',#12997,#12998);
#12997 = CARTESIAN_POINT('',(0.,0.));
#12998 = VECTOR('',#12999,1.);
#12999 = DIRECTION('',(0.,1.));
#13000 = ( GEOMETRIC_REPRESENTATION_CONTEXT(2) 
PARAMETRIC_REPRESENTATION_CONTEXT() REPRESENTATION_CONTEXT('2D SPACE',''
  ) );
#13001 = ADVANCED_FACE('',(#13002),#13016,.T.);
#13002 = FACE_BOUND('',#13003,.T.);
#13003 = EDGE_LOOP('',(#13004,#13034,#13057,#13080));
#13004 = ORIENTED_EDGE('',*,*,#13005,.F.);
#13005 = EDGE_CURVE('',#13006,#13008,#13010,.T.);
#13006 = VERTEX_POINT('',#13007);
#13007 = CARTESIAN_POINT('',(-0.455,0.825,2.5));
#13008 = VERTEX_POINT('',#13009);
#13009 = CARTESIAN_POINT('',(-0.455,0.825,3.85));
#13010 = SURFACE_CURVE('',#13011,(#13015,#13027),.PCURVE_S1.);
#13011 = LINE('',#13012,#13013);
#13012 = CARTESIAN_POINT('',(-0.455,0.825,2.5));
#13013 = VECTOR('',#13014,1.);
#13014 = DIRECTION('',(0.,0.,1.));
#13015 = PCURVE('',#13016,#13021);
#13016 = PLANE('',#13017);
#13017 = AXIS2_PLACEMENT_3D('',#13018,#13019,#13020);
#13018 = CARTESIAN_POINT('',(-0.455,0.825,2.5));
#13019 = DIRECTION('',(1.,0.,-0.));
#13020 = DIRECTION('',(0.,0.,1.));
#13021 = DEFINITIONAL_REPRESENTATION('',(#13022),#13026);
#13022 = LINE('',#13023,#13024);
#13023 = CARTESIAN_POINT('',(0.,0.));
#13024 = VECTOR('',#13025,1.);
#13025 = DIRECTION('',(1.,0.));
#13026 = ( GEOMETRIC_REPRESENTATION_CONTEXT(2) 
PARAMETRIC_REPRESENTATION_CONTEXT() REPRESENTATION_CONTEXT('2D SPACE',''
  ) );
#13027 = PCURVE('',#12908,#13028);
#13028 = DEFINITIONAL_REPRESENTATION('',(#13029),#13033);
#13029 = LINE('',#13030,#13031);
#13030 = CARTESIAN_POINT('',(0.,0.36));
#13031 = VECTOR('',#13032,1.);
#13032 = DIRECTION('',(1.,0.));
#13033 = ( GEOMETRIC_REPRESENTATION_CONTEXT(2) 
PARAMETRIC_REPRESENTATION_CONTEXT() REPRESENTATION_CONTEXT('2D SPACE',''
  ) );
#13034 = ORIENTED_EDGE('',*,*,#13035,.T.);
#13035 = EDGE_CURVE('',#13006,#13036,#13038,.T.);
#13036 = VERTEX_POINT('',#13037);
#13037 = CARTESIAN_POINT('',(-0.455,0.905,2.5));
#13038 = SURFACE_CURVE('',#13039,(#13043,#13050),.PCURVE_S1.);
#13039 = LINE('',#13040,#13041);
#13040 = CARTESIAN_POINT('',(-0.455,0.825,2.5));
#13041 = VECTOR('',#13042,1.);
#13042 = DIRECTION('',(-0.,1.,0.));
#13043 = PCURVE('',#13016,#13044);
#13044 = DEFINITIONAL_REPRESENTATION('',(#13045),#13049);
#13045 = LINE('',#13046,#13047);
#13046 = CARTESIAN_POINT('',(0.,0.));
#13047 = VECTOR('',#13048,1.);
#13048 = DIRECTION('',(0.,-1.));
#13049 = ( GEOMETRIC_REPRESENTATION_CONTEXT(2) 
PARAMETRIC_REPRESENTATION_CONTEXT() REPRESENTATION_CONTEXT('2D SPACE',''
  ) );
#13050 = PCURVE('',#12936,#13051);
#13051 = DEFINITIONAL_REPRESENTATION('',(#13052),#13056);
#13052 = LINE('',#13053,#13054);
#13053 = CARTESIAN_POINT('',(0.36,0.));
#13054 = VECTOR('',#13055,1.);
#13055 = DIRECTION('',(0.,1.));
#13056 = ( GEOMETRIC_REPRESENTATION_CONTEXT(2) 
PARAMETRIC_REPRESENTATION_CONTEXT() REPRESENTATION_CONTEXT('2D SPACE',''
  ) );
#13057 = ORIENTED_EDGE('',*,*,#13058,.T.);
#13058 = EDGE_CURVE('',#13036,#13059,#13061,.T.);
#13059 = VERTEX_POINT('',#13060);
#13060 = CARTESIAN_POINT('',(-0.455,0.905,3.85));
#13061 = SURFACE_CURVE('',#13062,(#13066,#13073),.PCURVE_S1.);
#13062 = LINE('',#13063,#13064);
#13063 = CARTESIAN_POINT('',(-0.455,0.905,2.5));
#13064 = VECTOR('',#13065,1.);
#13065 = DIRECTION('',(0.,0.,1.));
#13066 = PCURVE('',#13016,#13067);
#13067 = DEFINITIONAL_REPRESENTATION('',(#13068),#13072);
#13068 = LINE('',#13069,#13070);
#13069 = CARTESIAN_POINT('',(0.,-8.E-02));
#13070 = VECTOR('',#13071,1.);
#13071 = DIRECTION('',(1.,0.));
#13072 = ( GEOMETRIC_REPRESENTATION_CONTEXT(2) 
PARAMETRIC_REPRESENTATION_CONTEXT() REPRESENTATION_CONTEXT('2D SPACE',''
  ) );
#13073 = PCURVE('',#12964,#13074);
#13074 = DEFINITIONAL_REPRESENTATION('',(#13075),#13079);
#13075 = LINE('',#13076,#13077);
#13076 = CARTESIAN_POINT('',(0.,0.36));
#13077 = VECTOR('',#13078,1.);
#13078 = DIRECTION('',(1.,0.));
#13079 = ( GEOMETRIC_REPRESENTATION_CONTEXT(2) 
PARAMETRIC_REPRESENTATION_CONTEXT() REPRESENTATION_CONTEXT('2D SPACE',''
  ) );
#13080 = ORIENTED_EDGE('',*,*,#13081,.F.);
#13081 = EDGE_CURVE('',#13008,#13059,#13082,.T.);
#13082 = SURFACE_CURVE('',#13083,(#13087,#13094),.PCURVE_S1.);
#13083 = LINE('',#13084,#13085);
#13084 = CARTESIAN_POINT('',(-0.455,0.825,3.85));
#13085 = VECTOR('',#13086,1.);
#13086 = DIRECTION('',(-0.,1.,0.));
#13087 = PCURVE('',#13016,#13088);
#13088 = DEFINITIONAL_REPRESENTATION('',(#13089),#13093);
#13089 = LINE('',#13090,#13091);
#13090 = CARTESIAN_POINT('',(1.35,0.));
#13091 = VECTOR('',#13092,1.);
#13092 = DIRECTION('',(0.,-1.));
#13093 = ( GEOMETRIC_REPRESENTATION_CONTEXT(2) 
PARAMETRIC_REPRESENTATION_CONTEXT() REPRESENTATION_CONTEXT('2D SPACE',''
  ) );
#13094 = PCURVE('',#12990,#13095);
#13095 = DEFINITIONAL_REPRESENTATION('',(#13096),#13100);
#13096 = LINE('',#13097,#13098);
#13097 = CARTESIAN_POINT('',(0.36,0.));
#13098 = VECTOR('',#13099,1.);
#13099 = DIRECTION('',(0.,1.));
#13100 = ( GEOMETRIC_REPRESENTATION_CONTEXT(2) 
PARAMETRIC_REPRESENTATION_CONTEXT() REPRESENTATION_CONTEXT('2D SPACE',''
  ) );
#13101 = ADVANCED_FACE('',(#13102),#12908,.F.);
#13102 = FACE_BOUND('',#13103,.F.);
#13103 = EDGE_LOOP('',(#13104,#13125,#13126,#13147));
#13104 = ORIENTED_EDGE('',*,*,#13105,.F.);
#13105 = EDGE_CURVE('',#12886,#13006,#13106,.T.);
#13106 = SURFACE_CURVE('',#13107,(#13111,#13118),.PCURVE_S1.);
#13107 = LINE('',#13108,#13109);
#13108 = CARTESIAN_POINT('',(-0.815,0.825,2.5));
#13109 = VECTOR('',#13110,1.);
#13110 = DIRECTION('',(1.,0.,-0.));
#13111 = PCURVE('',#12908,#13112);
#13112 = DEFINITIONAL_REPRESENTATION('',(#13113),#13117);
#13113 = LINE('',#13114,#13115);
#13114 = CARTESIAN_POINT('',(0.,0.));
#13115 = VECTOR('',#13116,1.);
#13116 = DIRECTION('',(0.,1.));
#13117 = ( GEOMETRIC_REPRESENTATION_CONTEXT(2) 
PARAMETRIC_REPRESENTATION_CONTEXT() REPRESENTATION_CONTEXT('2D SPACE',''
  ) );
#13118 = PCURVE('',#12936,#13119);
#13119 = DEFINITIONAL_REPRESENTATION('',(#13120),#13124);
#13120 = LINE('',#13121,#13122);
#13121 = CARTESIAN_POINT('',(0.,0.));
#13122 = VECTOR('',#13123,1.);
#13123 = DIRECTION('',(1.,0.));
#13124 = ( GEOMETRIC_REPRESENTATION_CONTEXT(2) 
PARAMETRIC_REPRESENTATION_CONTEXT() REPRESENTATION_CONTEXT('2D SPACE',''
  ) );
#13125 = ORIENTED_EDGE('',*,*,#12885,.T.);
#13126 = ORIENTED_EDGE('',*,*,#13127,.T.);
#13127 = EDGE_CURVE('',#12888,#13008,#13128,.T.);
#13128 = SURFACE_CURVE('',#13129,(#13133,#13140),.PCURVE_S1.);
#13129 = LINE('',#13130,#13131);
#13130 = CARTESIAN_POINT('',(-0.815,0.825,3.85));
#13131 = VECTOR('',#13132,1.);
#13132 = DIRECTION('',(1.,0.,-0.));
#13133 = PCURVE('',#12908,#13134);
#13134 = DEFINITIONAL_REPRESENTATION('',(#13135),#13139);
#13135 = LINE('',#13136,#13137);
#13136 = CARTESIAN_POINT('',(1.35,0.));
#13137 = VECTOR('',#13138,1.);
#13138 = DIRECTION('',(0.,1.));
#13139 = ( GEOMETRIC_REPRESENTATION_CONTEXT(2) 
PARAMETRIC_REPRESENTATION_CONTEXT() REPRESENTATION_CONTEXT('2D SPACE',''
  ) );
#13140 = PCURVE('',#12990,#13141);
#13141 = DEFINITIONAL_REPRESENTATION('',(#13142),#13146);
#13142 = LINE('',#13143,#13144);
#13143 = CARTESIAN_POINT('',(0.,0.));
#13144 = VECTOR('',#13145,1.);
#13145 = DIRECTION('',(1.,0.));
#13146 = ( GEOMETRIC_REPRESENTATION_CONTEXT(2) 
PARAMETRIC_REPRESENTATION_CONTEXT() REPRESENTATION_CONTEXT('2D SPACE',''
  ) );
#13147 = ORIENTED_EDGE('',*,*,#13005,.F.);
#13148 = ADVANCED_FACE('',(#13149),#12964,.T.);
#13149 = FACE_BOUND('',#13150,.T.);
#13150 = EDGE_LOOP('',(#13151,#13172,#13173,#13194));
#13151 = ORIENTED_EDGE('',*,*,#13152,.F.);
#13152 = EDGE_CURVE('',#12921,#13036,#13153,.T.);
#13153 = SURFACE_CURVE('',#13154,(#13158,#13165),.PCURVE_S1.);
#13154 = LINE('',#13155,#13156);
#13155 = CARTESIAN_POINT('',(-0.815,0.905,2.5));
#13156 = VECTOR('',#13157,1.);
#13157 = DIRECTION('',(1.,0.,-0.));
#13158 = PCURVE('',#12964,#13159);
#13159 = DEFINITIONAL_REPRESENTATION('',(#13160),#13164);
#13160 = LINE('',#13161,#13162);
#13161 = CARTESIAN_POINT('',(0.,0.));
#13162 = VECTOR('',#13163,1.);
#13163 = DIRECTION('',(0.,1.));
#13164 = ( GEOMETRIC_REPRESENTATION_CONTEXT(2) 
PARAMETRIC_REPRESENTATION_CONTEXT() REPRESENTATION_CONTEXT('2D SPACE',''
  ) );
#13165 = PCURVE('',#12936,#13166);
#13166 = DEFINITIONAL_REPRESENTATION('',(#13167),#13171);
#13167 = LINE('',#13168,#13169);
#13168 = CARTESIAN_POINT('',(0.,8.E-02));
#13169 = VECTOR('',#13170,1.);
#13170 = DIRECTION('',(1.,0.));
#13171 = ( GEOMETRIC_REPRESENTATION_CONTEXT(2) 
PARAMETRIC_REPRESENTATION_CONTEXT() REPRESENTATION_CONTEXT('2D SPACE',''
  ) );
#13172 = ORIENTED_EDGE('',*,*,#12948,.T.);
#13173 = ORIENTED_EDGE('',*,*,#13174,.T.);
#13174 = EDGE_CURVE('',#12949,#13059,#13175,.T.);
#13175 = SURFACE_CURVE('',#13176,(#13180,#13187),.PCURVE_S1.);
#13176 = LINE('',#13177,#13178);
#13177 = CARTESIAN_POINT('',(-0.815,0.905,3.85));
#13178 = VECTOR('',#13179,1.);
#13179 = DIRECTION('',(1.,0.,-0.));
#13180 = PCURVE('',#12964,#13181);
#13181 = DEFINITIONAL_REPRESENTATION('',(#13182),#13186);
#13182 = LINE('',#13183,#13184);
#13183 = CARTESIAN_POINT('',(1.35,0.));
#13184 = VECTOR('',#13185,1.);
#13185 = DIRECTION('',(0.,1.));
#13186 = ( GEOMETRIC_REPRESENTATION_CONTEXT(2) 
PARAMETRIC_REPRESENTATION_CONTEXT() REPRESENTATION_CONTEXT('2D SPACE',''
  ) );
#13187 = PCURVE('',#12990,#13188);
#13188 = DEFINITIONAL_REPRESENTATION('',(#13189),#13193);
#13189 = LINE('',#13190,#13191);
#13190 = CARTESIAN_POINT('',(0.,8.E-02));
#13191 = VECTOR('',#13192,1.);
#13192 = DIRECTION('',(1.,0.));
#13193 = ( GEOMETRIC_REPRESENTATION_CONTEXT(2) 
PARAMETRIC_REPRESENTATION_CONTEXT() REPRESENTATION_CONTEXT('2D SPACE',''
  ) );
#13194 = ORIENTED_EDGE('',*,*,#13058,.F.);
#13195 = ADVANCED_FACE('',(#13196),#12936,.F.);
#13196 = FACE_BOUND('',#13197,.F.);
#13197 = EDGE_LOOP('',(#13198,#13199,#13200,#13201));
#13198 = ORIENTED_EDGE('',*,*,#12920,.F.);
#13199 = ORIENTED_EDGE('',*,*,#13105,.T.);
#13200 = ORIENTED_EDGE('',*,*,#13035,.T.);
#13201 = ORIENTED_EDGE('',*,*,#13152,.F.);
#13202 = ADVANCED_FACE('',(#13203),#12990,.T.);
#13203 = FACE_BOUND('',#13204,.T.);
#13204 = EDGE_LOOP('',(#13205,#13206,#13207,#13208));
#13205 = ORIENTED_EDGE('',*,*,#12976,.F.);
#13206 = ORIENTED_EDGE('',*,*,#13127,.T.);
#13207 = ORIENTED_EDGE('',*,*,#13081,.T.);
#13208 = ORIENTED_EDGE('',*,*,#13174,.F.);
#13209 = MANIFOLD_SOLID_BREP('',#13210);
#13210 = CLOSED_SHELL('',(#13211,#13331,#13431,#13478,#13525,#13532));
#13211 = ADVANCED_FACE('',(#13212),#13226,.F.);
#13212 = FACE_BOUND('',#13213,.F.);
#13213 = EDGE_LOOP('',(#13214,#13249,#13277,#13305));
#13214 = ORIENTED_EDGE('',*,*,#13215,.F.);
#13215 = EDGE_CURVE('',#13216,#13218,#13220,.T.);
#13216 = VERTEX_POINT('',#13217);
#13217 = CARTESIAN_POINT('',(0.455,-0.905,2.5));
#13218 = VERTEX_POINT('',#13219);
#13219 = CARTESIAN_POINT('',(0.455,-0.905,3.85));
#13220 = SURFACE_CURVE('',#13221,(#13225,#13237),.PCURVE_S1.);
#13221 = LINE('',#13222,#13223);
#13222 = CARTESIAN_POINT('',(0.455,-0.905,2.5));
#13223 = VECTOR('',#13224,1.);
#13224 = DIRECTION('',(0.,0.,1.));
#13225 = PCURVE('',#13226,#13231);
#13226 = PLANE('',#13227);
#13227 = AXIS2_PLACEMENT_3D('',#13228,#13229,#13230);
#13228 = CARTESIAN_POINT('',(0.455,-0.905,2.5));
#13229 = DIRECTION('',(1.,0.,-0.));
#13230 = DIRECTION('',(0.,0.,1.));
#13231 = DEFINITIONAL_REPRESENTATION('',(#13232),#13236);
#13232 = LINE('',#13233,#13234);
#13233 = CARTESIAN_POINT('',(0.,0.));
#13234 = VECTOR('',#13235,1.);
#13235 = DIRECTION('',(1.,0.));
#13236 = ( GEOMETRIC_REPRESENTATION_CONTEXT(2) 
PARAMETRIC_REPRESENTATION_CONTEXT() REPRESENTATION_CONTEXT('2D SPACE',''
  ) );
#13237 = PCURVE('',#13238,#13243);
#13238 = PLANE('',#13239);
#13239 = AXIS2_PLACEMENT_3D('',#13240,#13241,#13242);
#13240 = CARTESIAN_POINT('',(0.455,-0.905,2.5));
#13241 = DIRECTION('',(-0.,1.,0.));
#13242 = DIRECTION('',(0.,0.,1.));
#13243 = DEFINITIONAL_REPRESENTATION('',(#13244),#13248);
#13244 = LINE('',#13245,#13246);
#13245 = CARTESIAN_POINT('',(0.,0.));
#13246 = VECTOR('',#13247,1.);
#13247 = DIRECTION('',(1.,0.));
#13248 = ( GEOMETRIC_REPRESENTATION_CONTEXT(2) 
PARAMETRIC_REPRESENTATION_CONTEXT() REPRESENTATION_CONTEXT('2D SPACE',''
  ) );
#13249 = ORIENTED_EDGE('',*,*,#13250,.T.);
#13250 = EDGE_CURVE('',#13216,#13251,#13253,.T.);
#13251 = VERTEX_POINT('',#13252);
#13252 = CARTESIAN_POINT('',(0.455,-0.825,2.5));
#13253 = SURFACE_CURVE('',#13254,(#13258,#13265),.PCURVE_S1.);
#13254 = LINE('',#13255,#13256);
#13255 = CARTESIAN_POINT('',(0.455,-0.905,2.5));
#13256 = VECTOR('',#13257,1.);
#13257 = DIRECTION('',(-0.,1.,0.));
#13258 = PCURVE('',#13226,#13259);
#13259 = DEFINITIONAL_REPRESENTATION('',(#13260),#13264);
#13260 = LINE('',#13261,#13262);
#13261 = CARTESIAN_POINT('',(0.,0.));
#13262 = VECTOR('',#13263,1.);
#13263 = DIRECTION('',(0.,-1.));
#13264 = ( GEOMETRIC_REPRESENTATION_CONTEXT(2) 
PARAMETRIC_REPRESENTATION_CONTEXT() REPRESENTATION_CONTEXT('2D SPACE',''
  ) );
#13265 = PCURVE('',#13266,#13271);
#13266 = PLANE('',#13267);
#13267 = AXIS2_PLACEMENT_3D('',#13268,#13269,#13270);
#13268 = CARTESIAN_POINT('',(0.455,-0.905,2.5));
#13269 = DIRECTION('',(0.,0.,1.));
#13270 = DIRECTION('',(1.,0.,-0.));
#13271 = DEFINITIONAL_REPRESENTATION('',(#13272),#13276);
#13272 = LINE('',#13273,#13274);
#13273 = CARTESIAN_POINT('',(0.,0.));
#13274 = VECTOR('',#13275,1.);
#13275 = DIRECTION('',(0.,1.));
#13276 = ( GEOMETRIC_REPRESENTATION_CONTEXT(2) 
PARAMETRIC_REPRESENTATION_CONTEXT() REPRESENTATION_CONTEXT('2D SPACE',''
  ) );
#13277 = ORIENTED_EDGE('',*,*,#13278,.T.);
#13278 = EDGE_CURVE('',#13251,#13279,#13281,.T.);
#13279 = VERTEX_POINT('',#13280);
#13280 = CARTESIAN_POINT('',(0.455,-0.825,3.85));
#13281 = SURFACE_CURVE('',#13282,(#13286,#13293),.PCURVE_S1.);
#13282 = LINE('',#13283,#13284);
#13283 = CARTESIAN_POINT('',(0.455,-0.825,2.5));
#13284 = VECTOR('',#13285,1.);
#13285 = DIRECTION('',(0.,0.,1.));
#13286 = PCURVE('',#13226,#13287);
#13287 = DEFINITIONAL_REPRESENTATION('',(#13288),#13292);
#13288 = LINE('',#13289,#13290);
#13289 = CARTESIAN_POINT('',(0.,-8.E-02));
#13290 = VECTOR('',#13291,1.);
#13291 = DIRECTION('',(1.,0.));
#13292 = ( GEOMETRIC_REPRESENTATION_CONTEXT(2) 
PARAMETRIC_REPRESENTATION_CONTEXT() REPRESENTATION_CONTEXT('2D SPACE',''
  ) );
#13293 = PCURVE('',#13294,#13299);
#13294 = PLANE('',#13295);
#13295 = AXIS2_PLACEMENT_3D('',#13296,#13297,#13298);
#13296 = CARTESIAN_POINT('',(0.455,-0.825,2.5));
#13297 = DIRECTION('',(-0.,1.,0.));
#13298 = DIRECTION('',(0.,0.,1.));
#13299 = DEFINITIONAL_REPRESENTATION('',(#13300),#13304);
#13300 = LINE('',#13301,#13302);
#13301 = CARTESIAN_POINT('',(0.,0.));
#13302 = VECTOR('',#13303,1.);
#13303 = DIRECTION('',(1.,0.));
#13304 = ( GEOMETRIC_REPRESENTATION_CONTEXT(2) 
PARAMETRIC_REPRESENTATION_CONTEXT() REPRESENTATION_CONTEXT('2D SPACE',''
  ) );
#13305 = ORIENTED_EDGE('',*,*,#13306,.F.);
#13306 = EDGE_CURVE('',#13218,#13279,#13307,.T.);
#13307 = SURFACE_CURVE('',#13308,(#13312,#13319),.PCURVE_S1.);
#13308 = LINE('',#13309,#13310);
#13309 = CARTESIAN_POINT('',(0.455,-0.905,3.85));
#13310 = VECTOR('',#13311,1.);
#13311 = DIRECTION('',(-0.,1.,0.));
#13312 = PCURVE('',#13226,#13313);
#13313 = DEFINITIONAL_REPRESENTATION('',(#13314),#13318);
#13314 = LINE('',#13315,#13316);
#13315 = CARTESIAN_POINT('',(1.35,0.));
#13316 = VECTOR('',#13317,1.);
#13317 = DIRECTION('',(0.,-1.));
#13318 = ( GEOMETRIC_REPRESENTATION_CONTEXT(2) 
PARAMETRIC_REPRESENTATION_CONTEXT() REPRESENTATION_CONTEXT('2D SPACE',''
  ) );
#13319 = PCURVE('',#13320,#13325);
#13320 = PLANE('',#13321);
#13321 = AXIS2_PLACEMENT_3D('',#13322,#13323,#13324);
#13322 = CARTESIAN_POINT('',(0.455,-0.905,3.85));
#13323 = DIRECTION('',(0.,0.,1.));
#13324 = DIRECTION('',(1.,0.,-0.));
#13325 = DEFINITIONAL_REPRESENTATION('',(#13326),#13330);
#13326 = LINE('',#13327,#13328);
#13327 = CARTESIAN_POINT('',(0.,0.));
#13328 = VECTOR('',#13329,1.);
#13329 = DIRECTION('',(0.,1.));
#13330 = ( GEOMETRIC_REPRESENTATION_CONTEXT(2) 
PARAMETRIC_REPRESENTATION_CONTEXT() REPRESENTATION_CONTEXT('2D SPACE',''
  ) );
#13331 = ADVANCED_FACE('',(#13332),#13346,.T.);
#13332 = FACE_BOUND('',#13333,.T.);
#13333 = EDGE_LOOP('',(#13334,#13364,#13387,#13410));
#13334 = ORIENTED_EDGE('',*,*,#13335,.F.);
#13335 = EDGE_CURVE('',#13336,#13338,#13340,.T.);
#13336 = VERTEX_POINT('',#13337);
#13337 = CARTESIAN_POINT('',(0.815,-0.905,2.5));
#13338 = VERTEX_POINT('',#13339);
#13339 = CARTESIAN_POINT('',(0.815,-0.905,3.85));
#13340 = SURFACE_CURVE('',#13341,(#13345,#13357),.PCURVE_S1.);
#13341 = LINE('',#13342,#13343);
#13342 = CARTESIAN_POINT('',(0.815,-0.905,2.5));
#13343 = VECTOR('',#13344,1.);
#13344 = DIRECTION('',(0.,0.,1.));
#13345 = PCURVE('',#13346,#13351);
#13346 = PLANE('',#13347);
#13347 = AXIS2_PLACEMENT_3D('',#13348,#13349,#13350);
#13348 = CARTESIAN_POINT('',(0.815,-0.905,2.5));
#13349 = DIRECTION('',(1.,0.,-0.));
#13350 = DIRECTION('',(0.,0.,1.));
#13351 = DEFINITIONAL_REPRESENTATION('',(#13352),#13356);
#13352 = LINE('',#13353,#13354);
#13353 = CARTESIAN_POINT('',(0.,0.));
#13354 = VECTOR('',#13355,1.);
#13355 = DIRECTION('',(1.,0.));
#13356 = ( GEOMETRIC_REPRESENTATION_CONTEXT(2) 
PARAMETRIC_REPRESENTATION_CONTEXT() REPRESENTATION_CONTEXT('2D SPACE',''
  ) );
#13357 = PCURVE('',#13238,#13358);
#13358 = DEFINITIONAL_REPRESENTATION('',(#13359),#13363);
#13359 = LINE('',#13360,#13361);
#13360 = CARTESIAN_POINT('',(0.,0.36));
#13361 = VECTOR('',#13362,1.);
#13362 = DIRECTION('',(1.,0.));
#13363 = ( GEOMETRIC_REPRESENTATION_CONTEXT(2) 
PARAMETRIC_REPRESENTATION_CONTEXT() REPRESENTATION_CONTEXT('2D SPACE',''
  ) );
#13364 = ORIENTED_EDGE('',*,*,#13365,.T.);
#13365 = EDGE_CURVE('',#13336,#13366,#13368,.T.);
#13366 = VERTEX_POINT('',#13367);
#13367 = CARTESIAN_POINT('',(0.815,-0.825,2.5));
#13368 = SURFACE_CURVE('',#13369,(#13373,#13380),.PCURVE_S1.);
#13369 = LINE('',#13370,#13371);
#13370 = CARTESIAN_POINT('',(0.815,-0.905,2.5));
#13371 = VECTOR('',#13372,1.);
#13372 = DIRECTION('',(-0.,1.,0.));
#13373 = PCURVE('',#13346,#13374);
#13374 = DEFINITIONAL_REPRESENTATION('',(#13375),#13379);
#13375 = LINE('',#13376,#13377);
#13376 = CARTESIAN_POINT('',(0.,0.));
#13377 = VECTOR('',#13378,1.);
#13378 = DIRECTION('',(0.,-1.));
#13379 = ( GEOMETRIC_REPRESENTATION_CONTEXT(2) 
PARAMETRIC_REPRESENTATION_CONTEXT() REPRESENTATION_CONTEXT('2D SPACE',''
  ) );
#13380 = PCURVE('',#13266,#13381);
#13381 = DEFINITIONAL_REPRESENTATION('',(#13382),#13386);
#13382 = LINE('',#13383,#13384);
#13383 = CARTESIAN_POINT('',(0.36,0.));
#13384 = VECTOR('',#13385,1.);
#13385 = DIRECTION('',(0.,1.));
#13386 = ( GEOMETRIC_REPRESENTATION_CONTEXT(2) 
PARAMETRIC_REPRESENTATION_CONTEXT() REPRESENTATION_CONTEXT('2D SPACE',''
  ) );
#13387 = ORIENTED_EDGE('',*,*,#13388,.T.);
#13388 = EDGE_CURVE('',#13366,#13389,#13391,.T.);
#13389 = VERTEX_POINT('',#13390);
#13390 = CARTESIAN_POINT('',(0.815,-0.825,3.85));
#13391 = SURFACE_CURVE('',#13392,(#13396,#13403),.PCURVE_S1.);
#13392 = LINE('',#13393,#13394);
#13393 = CARTESIAN_POINT('',(0.815,-0.825,2.5));
#13394 = VECTOR('',#13395,1.);
#13395 = DIRECTION('',(0.,0.,1.));
#13396 = PCURVE('',#13346,#13397);
#13397 = DEFINITIONAL_REPRESENTATION('',(#13398),#13402);
#13398 = LINE('',#13399,#13400);
#13399 = CARTESIAN_POINT('',(0.,-8.E-02));
#13400 = VECTOR('',#13401,1.);
#13401 = DIRECTION('',(1.,0.));
#13402 = ( GEOMETRIC_REPRESENTATION_CONTEXT(2) 
PARAMETRIC_REPRESENTATION_CONTEXT() REPRESENTATION_CONTEXT('2D SPACE',''
  ) );
#13403 = PCURVE('',#13294,#13404);
#13404 = DEFINITIONAL_REPRESENTATION('',(#13405),#13409);
#13405 = LINE('',#13406,#13407);
#13406 = CARTESIAN_POINT('',(0.,0.36));
#13407 = VECTOR('',#13408,1.);
#13408 = DIRECTION('',(1.,0.));
#13409 = ( GEOMETRIC_REPRESENTATION_CONTEXT(2) 
PARAMETRIC_REPRESENTATION_CONTEXT() REPRESENTATION_CONTEXT('2D SPACE',''
  ) );
#13410 = ORIENTED_EDGE('',*,*,#13411,.F.);
#13411 = EDGE_CURVE('',#13338,#13389,#13412,.T.);
#13412 = SURFACE_CURVE('',#13413,(#13417,#13424),.PCURVE_S1.);
#13413 = LINE('',#13414,#13415);
#13414 = CARTESIAN_POINT('',(0.815,-0.905,3.85));
#13415 = VECTOR('',#13416,1.);
#13416 = DIRECTION('',(-0.,1.,0.));
#13417 = PCURVE('',#13346,#13418);
#13418 = DEFINITIONAL_REPRESENTATION('',(#13419),#13423);
#13419 = LINE('',#13420,#13421);
#13420 = CARTESIAN_POINT('',(1.35,0.));
#13421 = VECTOR('',#13422,1.);
#13422 = DIRECTION('',(0.,-1.));
#13423 = ( GEOMETRIC_REPRESENTATION_CONTEXT(2) 
PARAMETRIC_REPRESENTATION_CONTEXT() REPRESENTATION_CONTEXT('2D SPACE',''
  ) );
#13424 = PCURVE('',#13320,#13425);
#13425 = DEFINITIONAL_REPRESENTATION('',(#13426),#13430);
#13426 = LINE('',#13427,#13428);
#13427 = CARTESIAN_POINT('',(0.36,0.));
#13428 = VECTOR('',#13429,1.);
#13429 = DIRECTION('',(0.,1.));
#13430 = ( GEOMETRIC_REPRESENTATION_CONTEXT(2) 
PARAMETRIC_REPRESENTATION_CONTEXT() REPRESENTATION_CONTEXT('2D SPACE',''
  ) );
#13431 = ADVANCED_FACE('',(#13432),#13238,.F.);
#13432 = FACE_BOUND('',#13433,.F.);
#13433 = EDGE_LOOP('',(#13434,#13455,#13456,#13477));
#13434 = ORIENTED_EDGE('',*,*,#13435,.F.);
#13435 = EDGE_CURVE('',#13216,#13336,#13436,.T.);
#13436 = SURFACE_CURVE('',#13437,(#13441,#13448),.PCURVE_S1.);
#13437 = LINE('',#13438,#13439);
#13438 = CARTESIAN_POINT('',(0.455,-0.905,2.5));
#13439 = VECTOR('',#13440,1.);
#13440 = DIRECTION('',(1.,0.,-0.));
#13441 = PCURVE('',#13238,#13442);
#13442 = DEFINITIONAL_REPRESENTATION('',(#13443),#13447);
#13443 = LINE('',#13444,#13445);
#13444 = CARTESIAN_POINT('',(0.,0.));
#13445 = VECTOR('',#13446,1.);
#13446 = DIRECTION('',(0.,1.));
#13447 = ( GEOMETRIC_REPRESENTATION_CONTEXT(2) 
PARAMETRIC_REPRESENTATION_CONTEXT() REPRESENTATION_CONTEXT('2D SPACE',''
  ) );
#13448 = PCURVE('',#13266,#13449);
#13449 = DEFINITIONAL_REPRESENTATION('',(#13450),#13454);
#13450 = LINE('',#13451,#13452);
#13451 = CARTESIAN_POINT('',(0.,0.));
#13452 = VECTOR('',#13453,1.);
#13453 = DIRECTION('',(1.,0.));
#13454 = ( GEOMETRIC_REPRESENTATION_CONTEXT(2) 
PARAMETRIC_REPRESENTATION_CONTEXT() REPRESENTATION_CONTEXT('2D SPACE',''
  ) );
#13455 = ORIENTED_EDGE('',*,*,#13215,.T.);
#13456 = ORIENTED_EDGE('',*,*,#13457,.T.);
#13457 = EDGE_CURVE('',#13218,#13338,#13458,.T.);
#13458 = SURFACE_CURVE('',#13459,(#13463,#13470),.PCURVE_S1.);
#13459 = LINE('',#13460,#13461);
#13460 = CARTESIAN_POINT('',(0.455,-0.905,3.85));
#13461 = VECTOR('',#13462,1.);
#13462 = DIRECTION('',(1.,0.,-0.));
#13463 = PCURVE('',#13238,#13464);
#13464 = DEFINITIONAL_REPRESENTATION('',(#13465),#13469);
#13465 = LINE('',#13466,#13467);
#13466 = CARTESIAN_POINT('',(1.35,0.));
#13467 = VECTOR('',#13468,1.);
#13468 = DIRECTION('',(0.,1.));
#13469 = ( GEOMETRIC_REPRESENTATION_CONTEXT(2) 
PARAMETRIC_REPRESENTATION_CONTEXT() REPRESENTATION_CONTEXT('2D SPACE',''
  ) );
#13470 = PCURVE('',#13320,#13471);
#13471 = DEFINITIONAL_REPRESENTATION('',(#13472),#13476);
#13472 = LINE('',#13473,#13474);
#13473 = CARTESIAN_POINT('',(0.,0.));
#13474 = VECTOR('',#13475,1.);
#13475 = DIRECTION('',(1.,0.));
#13476 = ( GEOMETRIC_REPRESENTATION_CONTEXT(2) 
PARAMETRIC_REPRESENTATION_CONTEXT() REPRESENTATION_CONTEXT('2D SPACE',''
  ) );
#13477 = ORIENTED_EDGE('',*,*,#13335,.F.);
#13478 = ADVANCED_FACE('',(#13479),#13294,.T.);
#13479 = FACE_BOUND('',#13480,.T.);
#13480 = EDGE_LOOP('',(#13481,#13502,#13503,#13524));
#13481 = ORIENTED_EDGE('',*,*,#13482,.F.);
#13482 = EDGE_CURVE('',#13251,#13366,#13483,.T.);
#13483 = SURFACE_CURVE('',#13484,(#13488,#13495),.PCURVE_S1.);
#13484 = LINE('',#13485,#13486);
#13485 = CARTESIAN_POINT('',(0.455,-0.825,2.5));
#13486 = VECTOR('',#13487,1.);
#13487 = DIRECTION('',(1.,0.,-0.));
#13488 = PCURVE('',#13294,#13489);
#13489 = DEFINITIONAL_REPRESENTATION('',(#13490),#13494);
#13490 = LINE('',#13491,#13492);
#13491 = CARTESIAN_POINT('',(0.,0.));
#13492 = VECTOR('',#13493,1.);
#13493 = DIRECTION('',(0.,1.));
#13494 = ( GEOMETRIC_REPRESENTATION_CONTEXT(2) 
PARAMETRIC_REPRESENTATION_CONTEXT() REPRESENTATION_CONTEXT('2D SPACE',''
  ) );
#13495 = PCURVE('',#13266,#13496);
#13496 = DEFINITIONAL_REPRESENTATION('',(#13497),#13501);
#13497 = LINE('',#13498,#13499);
#13498 = CARTESIAN_POINT('',(0.,8.E-02));
#13499 = VECTOR('',#13500,1.);
#13500 = DIRECTION('',(1.,0.));
#13501 = ( GEOMETRIC_REPRESENTATION_CONTEXT(2) 
PARAMETRIC_REPRESENTATION_CONTEXT() REPRESENTATION_CONTEXT('2D SPACE',''
  ) );
#13502 = ORIENTED_EDGE('',*,*,#13278,.T.);
#13503 = ORIENTED_EDGE('',*,*,#13504,.T.);
#13504 = EDGE_CURVE('',#13279,#13389,#13505,.T.);
#13505 = SURFACE_CURVE('',#13506,(#13510,#13517),.PCURVE_S1.);
#13506 = LINE('',#13507,#13508);
#13507 = CARTESIAN_POINT('',(0.455,-0.825,3.85));
#13508 = VECTOR('',#13509,1.);
#13509 = DIRECTION('',(1.,0.,-0.));
#13510 = PCURVE('',#13294,#13511);
#13511 = DEFINITIONAL_REPRESENTATION('',(#13512),#13516);
#13512 = LINE('',#13513,#13514);
#13513 = CARTESIAN_POINT('',(1.35,0.));
#13514 = VECTOR('',#13515,1.);
#13515 = DIRECTION('',(0.,1.));
#13516 = ( GEOMETRIC_REPRESENTATION_CONTEXT(2) 
PARAMETRIC_REPRESENTATION_CONTEXT() REPRESENTATION_CONTEXT('2D SPACE',''
  ) );
#13517 = PCURVE('',#13320,#13518);
#13518 = DEFINITIONAL_REPRESENTATION('',(#13519),#13523);
#13519 = LINE('',#13520,#13521);
#13520 = CARTESIAN_POINT('',(0.,8.E-02));
#13521 = VECTOR('',#13522,1.);
#13522 = DIRECTION('',(1.,0.));
#13523 = ( GEOMETRIC_REPRESENTATION_CONTEXT(2) 
PARAMETRIC_REPRESENTATION_CONTEXT() REPRESENTATION_CONTEXT('2D SPACE',''
  ) );
#13524 = ORIENTED_EDGE('',*,*,#13388,.F.);
#13525 = ADVANCED_FACE('',(#13526),#13266,.F.);
#13526 = FACE_BOUND('',#13527,.F.);
#13527 = EDGE_LOOP('',(#13528,#13529,#13530,#13531));
#13528 = ORIENTED_EDGE('',*,*,#13250,.F.);
#13529 = ORIENTED_EDGE('',*,*,#13435,.T.);
#13530 = ORIENTED_EDGE('',*,*,#13365,.T.);
#13531 = ORIENTED_EDGE('',*,*,#13482,.F.);
#13532 = ADVANCED_FACE('',(#13533),#13320,.T.);
#13533 = FACE_BOUND('',#13534,.T.);
#13534 = EDGE_LOOP('',(#13535,#13536,#13537,#13538));
#13535 = ORIENTED_EDGE('',*,*,#13306,.F.);
#13536 = ORIENTED_EDGE('',*,*,#13457,.T.);
#13537 = ORIENTED_EDGE('',*,*,#13411,.T.);
#13538 = ORIENTED_EDGE('',*,*,#13504,.F.);
#13539 = MANIFOLD_SOLID_BREP('',#13540);
#13540 = CLOSED_SHELL('',(#13541,#13661,#13761,#13808,#13855,#13862));
#13541 = ADVANCED_FACE('',(#13542),#13556,.F.);
#13542 = FACE_BOUND('',#13543,.F.);
#13543 = EDGE_LOOP('',(#13544,#13579,#13607,#13635));
#13544 = ORIENTED_EDGE('',*,*,#13545,.F.);
#13545 = EDGE_CURVE('',#13546,#13548,#13550,.T.);
#13546 = VERTEX_POINT('',#13547);
#13547 = CARTESIAN_POINT('',(0.455,-0.445,2.5));
#13548 = VERTEX_POINT('',#13549);
#13549 = CARTESIAN_POINT('',(0.455,-0.445,3.85));
#13550 = SURFACE_CURVE('',#13551,(#13555,#13567),.PCURVE_S1.);
#13551 = LINE('',#13552,#13553);
#13552 = CARTESIAN_POINT('',(0.455,-0.445,2.5));
#13553 = VECTOR('',#13554,1.);
#13554 = DIRECTION('',(0.,0.,1.));
#13555 = PCURVE('',#13556,#13561);
#13556 = PLANE('',#13557);
#13557 = AXIS2_PLACEMENT_3D('',#13558,#13559,#13560);
#13558 = CARTESIAN_POINT('',(0.455,-0.445,2.5));
#13559 = DIRECTION('',(1.,0.,-0.));
#13560 = DIRECTION('',(0.,0.,1.));
#13561 = DEFINITIONAL_REPRESENTATION('',(#13562),#13566);
#13562 = LINE('',#13563,#13564);
#13563 = CARTESIAN_POINT('',(0.,0.));
#13564 = VECTOR('',#13565,1.);
#13565 = DIRECTION('',(1.,0.));
#13566 = ( GEOMETRIC_REPRESENTATION_CONTEXT(2) 
PARAMETRIC_REPRESENTATION_CONTEXT() REPRESENTATION_CONTEXT('2D SPACE',''
  ) );
#13567 = PCURVE('',#13568,#13573);
#13568 = PLANE('',#13569);
#13569 = AXIS2_PLACEMENT_3D('',#13570,#13571,#13572);
#13570 = CARTESIAN_POINT('',(0.455,-0.445,2.5));
#13571 = DIRECTION('',(-0.,1.,0.));
#13572 = DIRECTION('',(0.,0.,1.));
#13573 = DEFINITIONAL_REPRESENTATION('',(#13574),#13578);
#13574 = LINE('',#13575,#13576);
#13575 = CARTESIAN_POINT('',(0.,0.));
#13576 = VECTOR('',#13577,1.);
#13577 = DIRECTION('',(1.,0.));
#13578 = ( GEOMETRIC_REPRESENTATION_CONTEXT(2) 
PARAMETRIC_REPRESENTATION_CONTEXT() REPRESENTATION_CONTEXT('2D SPACE',''
  ) );
#13579 = ORIENTED_EDGE('',*,*,#13580,.T.);
#13580 = EDGE_CURVE('',#13546,#13581,#13583,.T.);
#13581 = VERTEX_POINT('',#13582);
#13582 = CARTESIAN_POINT('',(0.455,-0.365,2.5));
#13583 = SURFACE_CURVE('',#13584,(#13588,#13595),.PCURVE_S1.);
#13584 = LINE('',#13585,#13586);
#13585 = CARTESIAN_POINT('',(0.455,-0.445,2.5));
#13586 = VECTOR('',#13587,1.);
#13587 = DIRECTION('',(-0.,1.,0.));
#13588 = PCURVE('',#13556,#13589);
#13589 = DEFINITIONAL_REPRESENTATION('',(#13590),#13594);
#13590 = LINE('',#13591,#13592);
#13591 = CARTESIAN_POINT('',(0.,0.));
#13592 = VECTOR('',#13593,1.);
#13593 = DIRECTION('',(0.,-1.));
#13594 = ( GEOMETRIC_REPRESENTATION_CONTEXT(2) 
PARAMETRIC_REPRESENTATION_CONTEXT() REPRESENTATION_CONTEXT('2D SPACE',''
  ) );
#13595 = PCURVE('',#13596,#13601);
#13596 = PLANE('',#13597);
#13597 = AXIS2_PLACEMENT_3D('',#13598,#13599,#13600);
#13598 = CARTESIAN_POINT('',(0.455,-0.445,2.5));
#13599 = DIRECTION('',(0.,0.,1.));
#13600 = DIRECTION('',(1.,0.,-0.));
#13601 = DEFINITIONAL_REPRESENTATION('',(#13602),#13606);
#13602 = LINE('',#13603,#13604);
#13603 = CARTESIAN_POINT('',(0.,0.));
#13604 = VECTOR('',#13605,1.);
#13605 = DIRECTION('',(0.,1.));
#13606 = ( GEOMETRIC_REPRESENTATION_CONTEXT(2) 
PARAMETRIC_REPRESENTATION_CONTEXT() REPRESENTATION_CONTEXT('2D SPACE',''
  ) );
#13607 = ORIENTED_EDGE('',*,*,#13608,.T.);
#13608 = EDGE_CURVE('',#13581,#13609,#13611,.T.);
#13609 = VERTEX_POINT('',#13610);
#13610 = CARTESIAN_POINT('',(0.455,-0.365,3.85));
#13611 = SURFACE_CURVE('',#13612,(#13616,#13623),.PCURVE_S1.);
#13612 = LINE('',#13613,#13614);
#13613 = CARTESIAN_POINT('',(0.455,-0.365,2.5));
#13614 = VECTOR('',#13615,1.);
#13615 = DIRECTION('',(0.,0.,1.));
#13616 = PCURVE('',#13556,#13617);
#13617 = DEFINITIONAL_REPRESENTATION('',(#13618),#13622);
#13618 = LINE('',#13619,#13620);
#13619 = CARTESIAN_POINT('',(0.,-8.E-02));
#13620 = VECTOR('',#13621,1.);
#13621 = DIRECTION('',(1.,0.));
#13622 = ( GEOMETRIC_REPRESENTATION_CONTEXT(2) 
PARAMETRIC_REPRESENTATION_CONTEXT() REPRESENTATION_CONTEXT('2D SPACE',''
  ) );
#13623 = PCURVE('',#13624,#13629);
#13624 = PLANE('',#13625);
#13625 = AXIS2_PLACEMENT_3D('',#13626,#13627,#13628);
#13626 = CARTESIAN_POINT('',(0.455,-0.365,2.5));
#13627 = DIRECTION('',(-0.,1.,0.));
#13628 = DIRECTION('',(0.,0.,1.));
#13629 = DEFINITIONAL_REPRESENTATION('',(#13630),#13634);
#13630 = LINE('',#13631,#13632);
#13631 = CARTESIAN_POINT('',(0.,0.));
#13632 = VECTOR('',#13633,1.);
#13633 = DIRECTION('',(1.,0.));
#13634 = ( GEOMETRIC_REPRESENTATION_CONTEXT(2) 
PARAMETRIC_REPRESENTATION_CONTEXT() REPRESENTATION_CONTEXT('2D SPACE',''
  ) );
#13635 = ORIENTED_EDGE('',*,*,#13636,.F.);
#13636 = EDGE_CURVE('',#13548,#13609,#13637,.T.);
#13637 = SURFACE_CURVE('',#13638,(#13642,#13649),.PCURVE_S1.);
#13638 = LINE('',#13639,#13640);
#13639 = CARTESIAN_POINT('',(0.455,-0.445,3.85));
#13640 = VECTOR('',#13641,1.);
#13641 = DIRECTION('',(-0.,1.,0.));
#13642 = PCURVE('',#13556,#13643);
#13643 = DEFINITIONAL_REPRESENTATION('',(#13644),#13648);
#13644 = LINE('',#13645,#13646);
#13645 = CARTESIAN_POINT('',(1.35,0.));
#13646 = VECTOR('',#13647,1.);
#13647 = DIRECTION('',(0.,-1.));
#13648 = ( GEOMETRIC_REPRESENTATION_CONTEXT(2) 
PARAMETRIC_REPRESENTATION_CONTEXT() REPRESENTATION_CONTEXT('2D SPACE',''
  ) );
#13649 = PCURVE('',#13650,#13655);
#13650 = PLANE('',#13651);
#13651 = AXIS2_PLACEMENT_3D('',#13652,#13653,#13654);
#13652 = CARTESIAN_POINT('',(0.455,-0.445,3.85));
#13653 = DIRECTION('',(0.,0.,1.));
#13654 = DIRECTION('',(1.,0.,-0.));
#13655 = DEFINITIONAL_REPRESENTATION('',(#13656),#13660);
#13656 = LINE('',#13657,#13658);
#13657 = CARTESIAN_POINT('',(0.,0.));
#13658 = VECTOR('',#13659,1.);
#13659 = DIRECTION('',(0.,1.));
#13660 = ( GEOMETRIC_REPRESENTATION_CONTEXT(2) 
PARAMETRIC_REPRESENTATION_CONTEXT() REPRESENTATION_CONTEXT('2D SPACE',''
  ) );
#13661 = ADVANCED_FACE('',(#13662),#13676,.T.);
#13662 = FACE_BOUND('',#13663,.T.);
#13663 = EDGE_LOOP('',(#13664,#13694,#13717,#13740));
#13664 = ORIENTED_EDGE('',*,*,#13665,.F.);
#13665 = EDGE_CURVE('',#13666,#13668,#13670,.T.);
#13666 = VERTEX_POINT('',#13667);
#13667 = CARTESIAN_POINT('',(0.815,-0.445,2.5));
#13668 = VERTEX_POINT('',#13669);
#13669 = CARTESIAN_POINT('',(0.815,-0.445,3.85));
#13670 = SURFACE_CURVE('',#13671,(#13675,#13687),.PCURVE_S1.);
#13671 = LINE('',#13672,#13673);
#13672 = CARTESIAN_POINT('',(0.815,-0.445,2.5));
#13673 = VECTOR('',#13674,1.);
#13674 = DIRECTION('',(0.,0.,1.));
#13675 = PCURVE('',#13676,#13681);
#13676 = PLANE('',#13677);
#13677 = AXIS2_PLACEMENT_3D('',#13678,#13679,#13680);
#13678 = CARTESIAN_POINT('',(0.815,-0.445,2.5));
#13679 = DIRECTION('',(1.,0.,-0.));
#13680 = DIRECTION('',(0.,0.,1.));
#13681 = DEFINITIONAL_REPRESENTATION('',(#13682),#13686);
#13682 = LINE('',#13683,#13684);
#13683 = CARTESIAN_POINT('',(0.,0.));
#13684 = VECTOR('',#13685,1.);
#13685 = DIRECTION('',(1.,0.));
#13686 = ( GEOMETRIC_REPRESENTATION_CONTEXT(2) 
PARAMETRIC_REPRESENTATION_CONTEXT() REPRESENTATION_CONTEXT('2D SPACE',''
  ) );
#13687 = PCURVE('',#13568,#13688);
#13688 = DEFINITIONAL_REPRESENTATION('',(#13689),#13693);
#13689 = LINE('',#13690,#13691);
#13690 = CARTESIAN_POINT('',(0.,0.36));
#13691 = VECTOR('',#13692,1.);
#13692 = DIRECTION('',(1.,0.));
#13693 = ( GEOMETRIC_REPRESENTATION_CONTEXT(2) 
PARAMETRIC_REPRESENTATION_CONTEXT() REPRESENTATION_CONTEXT('2D SPACE',''
  ) );
#13694 = ORIENTED_EDGE('',*,*,#13695,.T.);
#13695 = EDGE_CURVE('',#13666,#13696,#13698,.T.);
#13696 = VERTEX_POINT('',#13697);
#13697 = CARTESIAN_POINT('',(0.815,-0.365,2.5));
#13698 = SURFACE_CURVE('',#13699,(#13703,#13710),.PCURVE_S1.);
#13699 = LINE('',#13700,#13701);
#13700 = CARTESIAN_POINT('',(0.815,-0.445,2.5));
#13701 = VECTOR('',#13702,1.);
#13702 = DIRECTION('',(-0.,1.,0.));
#13703 = PCURVE('',#13676,#13704);
#13704 = DEFINITIONAL_REPRESENTATION('',(#13705),#13709);
#13705 = LINE('',#13706,#13707);
#13706 = CARTESIAN_POINT('',(0.,0.));
#13707 = VECTOR('',#13708,1.);
#13708 = DIRECTION('',(0.,-1.));
#13709 = ( GEOMETRIC_REPRESENTATION_CONTEXT(2) 
PARAMETRIC_REPRESENTATION_CONTEXT() REPRESENTATION_CONTEXT('2D SPACE',''
  ) );
#13710 = PCURVE('',#13596,#13711);
#13711 = DEFINITIONAL_REPRESENTATION('',(#13712),#13716);
#13712 = LINE('',#13713,#13714);
#13713 = CARTESIAN_POINT('',(0.36,0.));
#13714 = VECTOR('',#13715,1.);
#13715 = DIRECTION('',(0.,1.));
#13716 = ( GEOMETRIC_REPRESENTATION_CONTEXT(2) 
PARAMETRIC_REPRESENTATION_CONTEXT() REPRESENTATION_CONTEXT('2D SPACE',''
  ) );
#13717 = ORIENTED_EDGE('',*,*,#13718,.T.);
#13718 = EDGE_CURVE('',#13696,#13719,#13721,.T.);
#13719 = VERTEX_POINT('',#13720);
#13720 = CARTESIAN_POINT('',(0.815,-0.365,3.85));
#13721 = SURFACE_CURVE('',#13722,(#13726,#13733),.PCURVE_S1.);
#13722 = LINE('',#13723,#13724);
#13723 = CARTESIAN_POINT('',(0.815,-0.365,2.5));
#13724 = VECTOR('',#13725,1.);
#13725 = DIRECTION('',(0.,0.,1.));
#13726 = PCURVE('',#13676,#13727);
#13727 = DEFINITIONAL_REPRESENTATION('',(#13728),#13732);
#13728 = LINE('',#13729,#13730);
#13729 = CARTESIAN_POINT('',(0.,-8.E-02));
#13730 = VECTOR('',#13731,1.);
#13731 = DIRECTION('',(1.,0.));
#13732 = ( GEOMETRIC_REPRESENTATION_CONTEXT(2) 
PARAMETRIC_REPRESENTATION_CONTEXT() REPRESENTATION_CONTEXT('2D SPACE',''
  ) );
#13733 = PCURVE('',#13624,#13734);
#13734 = DEFINITIONAL_REPRESENTATION('',(#13735),#13739);
#13735 = LINE('',#13736,#13737);
#13736 = CARTESIAN_POINT('',(0.,0.36));
#13737 = VECTOR('',#13738,1.);
#13738 = DIRECTION('',(1.,0.));
#13739 = ( GEOMETRIC_REPRESENTATION_CONTEXT(2) 
PARAMETRIC_REPRESENTATION_CONTEXT() REPRESENTATION_CONTEXT('2D SPACE',''
  ) );
#13740 = ORIENTED_EDGE('',*,*,#13741,.F.);
#13741 = EDGE_CURVE('',#13668,#13719,#13742,.T.);
#13742 = SURFACE_CURVE('',#13743,(#13747,#13754),.PCURVE_S1.);
#13743 = LINE('',#13744,#13745);
#13744 = CARTESIAN_POINT('',(0.815,-0.445,3.85));
#13745 = VECTOR('',#13746,1.);
#13746 = DIRECTION('',(-0.,1.,0.));
#13747 = PCURVE('',#13676,#13748);
#13748 = DEFINITIONAL_REPRESENTATION('',(#13749),#13753);
#13749 = LINE('',#13750,#13751);
#13750 = CARTESIAN_POINT('',(1.35,0.));
#13751 = VECTOR('',#13752,1.);
#13752 = DIRECTION('',(0.,-1.));
#13753 = ( GEOMETRIC_REPRESENTATION_CONTEXT(2) 
PARAMETRIC_REPRESENTATION_CONTEXT() REPRESENTATION_CONTEXT('2D SPACE',''
  ) );
#13754 = PCURVE('',#13650,#13755);
#13755 = DEFINITIONAL_REPRESENTATION('',(#13756),#13760);
#13756 = LINE('',#13757,#13758);
#13757 = CARTESIAN_POINT('',(0.36,0.));
#13758 = VECTOR('',#13759,1.);
#13759 = DIRECTION('',(0.,1.));
#13760 = ( GEOMETRIC_REPRESENTATION_CONTEXT(2) 
PARAMETRIC_REPRESENTATION_CONTEXT() REPRESENTATION_CONTEXT('2D SPACE',''
  ) );
#13761 = ADVANCED_FACE('',(#13762),#13568,.F.);
#13762 = FACE_BOUND('',#13763,.F.);
#13763 = EDGE_LOOP('',(#13764,#13785,#13786,#13807));
#13764 = ORIENTED_EDGE('',*,*,#13765,.F.);
#13765 = EDGE_CURVE('',#13546,#13666,#13766,.T.);
#13766 = SURFACE_CURVE('',#13767,(#13771,#13778),.PCURVE_S1.);
#13767 = LINE('',#13768,#13769);
#13768 = CARTESIAN_POINT('',(0.455,-0.445,2.5));
#13769 = VECTOR('',#13770,1.);
#13770 = DIRECTION('',(1.,0.,-0.));
#13771 = PCURVE('',#13568,#13772);
#13772 = DEFINITIONAL_REPRESENTATION('',(#13773),#13777);
#13773 = LINE('',#13774,#13775);
#13774 = CARTESIAN_POINT('',(0.,0.));
#13775 = VECTOR('',#13776,1.);
#13776 = DIRECTION('',(0.,1.));
#13777 = ( GEOMETRIC_REPRESENTATION_CONTEXT(2) 
PARAMETRIC_REPRESENTATION_CONTEXT() REPRESENTATION_CONTEXT('2D SPACE',''
  ) );
#13778 = PCURVE('',#13596,#13779);
#13779 = DEFINITIONAL_REPRESENTATION('',(#13780),#13784);
#13780 = LINE('',#13781,#13782);
#13781 = CARTESIAN_POINT('',(0.,0.));
#13782 = VECTOR('',#13783,1.);
#13783 = DIRECTION('',(1.,0.));
#13784 = ( GEOMETRIC_REPRESENTATION_CONTEXT(2) 
PARAMETRIC_REPRESENTATION_CONTEXT() REPRESENTATION_CONTEXT('2D SPACE',''
  ) );
#13785 = ORIENTED_EDGE('',*,*,#13545,.T.);
#13786 = ORIENTED_EDGE('',*,*,#13787,.T.);
#13787 = EDGE_CURVE('',#13548,#13668,#13788,.T.);
#13788 = SURFACE_CURVE('',#13789,(#13793,#13800),.PCURVE_S1.);
#13789 = LINE('',#13790,#13791);
#13790 = CARTESIAN_POINT('',(0.455,-0.445,3.85));
#13791 = VECTOR('',#13792,1.);
#13792 = DIRECTION('',(1.,0.,-0.));
#13793 = PCURVE('',#13568,#13794);
#13794 = DEFINITIONAL_REPRESENTATION('',(#13795),#13799);
#13795 = LINE('',#13796,#13797);
#13796 = CARTESIAN_POINT('',(1.35,0.));
#13797 = VECTOR('',#13798,1.);
#13798 = DIRECTION('',(0.,1.));
#13799 = ( GEOMETRIC_REPRESENTATION_CONTEXT(2) 
PARAMETRIC_REPRESENTATION_CONTEXT() REPRESENTATION_CONTEXT('2D SPACE',''
  ) );
#13800 = PCURVE('',#13650,#13801);
#13801 = DEFINITIONAL_REPRESENTATION('',(#13802),#13806);
#13802 = LINE('',#13803,#13804);
#13803 = CARTESIAN_POINT('',(0.,0.));
#13804 = VECTOR('',#13805,1.);
#13805 = DIRECTION('',(1.,0.));
#13806 = ( GEOMETRIC_REPRESENTATION_CONTEXT(2) 
PARAMETRIC_REPRESENTATION_CONTEXT() REPRESENTATION_CONTEXT('2D SPACE',''
  ) );
#13807 = ORIENTED_EDGE('',*,*,#13665,.F.);
#13808 = ADVANCED_FACE('',(#13809),#13624,.T.);
#13809 = FACE_BOUND('',#13810,.T.);
#13810 = EDGE_LOOP('',(#13811,#13832,#13833,#13854));
#13811 = ORIENTED_EDGE('',*,*,#13812,.F.);
#13812 = EDGE_CURVE('',#13581,#13696,#13813,.T.);
#13813 = SURFACE_CURVE('',#13814,(#13818,#13825),.PCURVE_S1.);
#13814 = LINE('',#13815,#13816);
#13815 = CARTESIAN_POINT('',(0.455,-0.365,2.5));
#13816 = VECTOR('',#13817,1.);
#13817 = DIRECTION('',(1.,0.,-0.));
#13818 = PCURVE('',#13624,#13819);
#13819 = DEFINITIONAL_REPRESENTATION('',(#13820),#13824);
#13820 = LINE('',#13821,#13822);
#13821 = CARTESIAN_POINT('',(0.,0.));
#13822 = VECTOR('',#13823,1.);
#13823 = DIRECTION('',(0.,1.));
#13824 = ( GEOMETRIC_REPRESENTATION_CONTEXT(2) 
PARAMETRIC_REPRESENTATION_CONTEXT() REPRESENTATION_CONTEXT('2D SPACE',''
  ) );
#13825 = PCURVE('',#13596,#13826);
#13826 = DEFINITIONAL_REPRESENTATION('',(#13827),#13831);
#13827 = LINE('',#13828,#13829);
#13828 = CARTESIAN_POINT('',(0.,8.E-02));
#13829 = VECTOR('',#13830,1.);
#13830 = DIRECTION('',(1.,0.));
#13831 = ( GEOMETRIC_REPRESENTATION_CONTEXT(2) 
PARAMETRIC_REPRESENTATION_CONTEXT() REPRESENTATION_CONTEXT('2D SPACE',''
  ) );
#13832 = ORIENTED_EDGE('',*,*,#13608,.T.);
#13833 = ORIENTED_EDGE('',*,*,#13834,.T.);
#13834 = EDGE_CURVE('',#13609,#13719,#13835,.T.);
#13835 = SURFACE_CURVE('',#13836,(#13840,#13847),.PCURVE_S1.);
#13836 = LINE('',#13837,#13838);
#13837 = CARTESIAN_POINT('',(0.455,-0.365,3.85));
#13838 = VECTOR('',#13839,1.);
#13839 = DIRECTION('',(1.,0.,-0.));
#13840 = PCURVE('',#13624,#13841);
#13841 = DEFINITIONAL_REPRESENTATION('',(#13842),#13846);
#13842 = LINE('',#13843,#13844);
#13843 = CARTESIAN_POINT('',(1.35,0.));
#13844 = VECTOR('',#13845,1.);
#13845 = DIRECTION('',(0.,1.));
#13846 = ( GEOMETRIC_REPRESENTATION_CONTEXT(2) 
PARAMETRIC_REPRESENTATION_CONTEXT() REPRESENTATION_CONTEXT('2D SPACE',''
  ) );
#13847 = PCURVE('',#13650,#13848);
#13848 = DEFINITIONAL_REPRESENTATION('',(#13849),#13853);
#13849 = LINE('',#13850,#13851);
#13850 = CARTESIAN_POINT('',(0.,8.E-02));
#13851 = VECTOR('',#13852,1.);
#13852 = DIRECTION('',(1.,0.));
#13853 = ( GEOMETRIC_REPRESENTATION_CONTEXT(2) 
PARAMETRIC_REPRESENTATION_CONTEXT() REPRESENTATION_CONTEXT('2D SPACE',''
  ) );
#13854 = ORIENTED_EDGE('',*,*,#13718,.F.);
#13855 = ADVANCED_FACE('',(#13856),#13596,.F.);
#13856 = FACE_BOUND('',#13857,.F.);
#13857 = EDGE_LOOP('',(#13858,#13859,#13860,#13861));
#13858 = ORIENTED_EDGE('',*,*,#13580,.F.);
#13859 = ORIENTED_EDGE('',*,*,#13765,.T.);
#13860 = ORIENTED_EDGE('',*,*,#13695,.T.);
#13861 = ORIENTED_EDGE('',*,*,#13812,.F.);
#13862 = ADVANCED_FACE('',(#13863),#13650,.T.);
#13863 = FACE_BOUND('',#13864,.T.);
#13864 = EDGE_LOOP('',(#13865,#13866,#13867,#13868));
#13865 = ORIENTED_EDGE('',*,*,#13636,.F.);
#13866 = ORIENTED_EDGE('',*,*,#13787,.T.);
#13867 = ORIENTED_EDGE('',*,*,#13741,.T.);
#13868 = ORIENTED_EDGE('',*,*,#13834,.F.);
#13869 = MANIFOLD_SOLID_BREP('',#13870);
#13870 = CLOSED_SHELL('',(#13871,#13991,#14091,#14138,#14185,#14192));
#13871 = ADVANCED_FACE('',(#13872),#13886,.F.);
#13872 = FACE_BOUND('',#13873,.F.);
#13873 = EDGE_LOOP('',(#13874,#13909,#13937,#13965));
#13874 = ORIENTED_EDGE('',*,*,#13875,.F.);
#13875 = EDGE_CURVE('',#13876,#13878,#13880,.T.);
#13876 = VERTEX_POINT('',#13877);
#13877 = CARTESIAN_POINT('',(0.455,0.365,2.5));
#13878 = VERTEX_POINT('',#13879);
#13879 = CARTESIAN_POINT('',(0.455,0.365,3.85));
#13880 = SURFACE_CURVE('',#13881,(#13885,#13897),.PCURVE_S1.);
#13881 = LINE('',#13882,#13883);
#13882 = CARTESIAN_POINT('',(0.455,0.365,2.5));
#13883 = VECTOR('',#13884,1.);
#13884 = DIRECTION('',(0.,0.,1.));
#13885 = PCURVE('',#13886,#13891);
#13886 = PLANE('',#13887);
#13887 = AXIS2_PLACEMENT_3D('',#13888,#13889,#13890);
#13888 = CARTESIAN_POINT('',(0.455,0.365,2.5));
#13889 = DIRECTION('',(1.,0.,-0.));
#13890 = DIRECTION('',(0.,0.,1.));
#13891 = DEFINITIONAL_REPRESENTATION('',(#13892),#13896);
#13892 = LINE('',#13893,#13894);
#13893 = CARTESIAN_POINT('',(0.,0.));
#13894 = VECTOR('',#13895,1.);
#13895 = DIRECTION('',(1.,0.));
#13896 = ( GEOMETRIC_REPRESENTATION_CONTEXT(2) 
PARAMETRIC_REPRESENTATION_CONTEXT() REPRESENTATION_CONTEXT('2D SPACE',''
  ) );
#13897 = PCURVE('',#13898,#13903);
#13898 = PLANE('',#13899);
#13899 = AXIS2_PLACEMENT_3D('',#13900,#13901,#13902);
#13900 = CARTESIAN_POINT('',(0.455,0.365,2.5));
#13901 = DIRECTION('',(-0.,1.,0.));
#13902 = DIRECTION('',(0.,0.,1.));
#13903 = DEFINITIONAL_REPRESENTATION('',(#13904),#13908);
#13904 = LINE('',#13905,#13906);
#13905 = CARTESIAN_POINT('',(0.,0.));
#13906 = VECTOR('',#13907,1.);
#13907 = DIRECTION('',(1.,0.));
#13908 = ( GEOMETRIC_REPRESENTATION_CONTEXT(2) 
PARAMETRIC_REPRESENTATION_CONTEXT() REPRESENTATION_CONTEXT('2D SPACE',''
  ) );
#13909 = ORIENTED_EDGE('',*,*,#13910,.T.);
#13910 = EDGE_CURVE('',#13876,#13911,#13913,.T.);
#13911 = VERTEX_POINT('',#13912);
#13912 = CARTESIAN_POINT('',(0.455,0.445,2.5));
#13913 = SURFACE_CURVE('',#13914,(#13918,#13925),.PCURVE_S1.);
#13914 = LINE('',#13915,#13916);
#13915 = CARTESIAN_POINT('',(0.455,0.365,2.5));
#13916 = VECTOR('',#13917,1.);
#13917 = DIRECTION('',(-0.,1.,0.));
#13918 = PCURVE('',#13886,#13919);
#13919 = DEFINITIONAL_REPRESENTATION('',(#13920),#13924);
#13920 = LINE('',#13921,#13922);
#13921 = CARTESIAN_POINT('',(0.,0.));
#13922 = VECTOR('',#13923,1.);
#13923 = DIRECTION('',(0.,-1.));
#13924 = ( GEOMETRIC_REPRESENTATION_CONTEXT(2) 
PARAMETRIC_REPRESENTATION_CONTEXT() REPRESENTATION_CONTEXT('2D SPACE',''
  ) );
#13925 = PCURVE('',#13926,#13931);
#13926 = PLANE('',#13927);
#13927 = AXIS2_PLACEMENT_3D('',#13928,#13929,#13930);
#13928 = CARTESIAN_POINT('',(0.455,0.365,2.5));
#13929 = DIRECTION('',(0.,0.,1.));
#13930 = DIRECTION('',(1.,0.,-0.));
#13931 = DEFINITIONAL_REPRESENTATION('',(#13932),#13936);
#13932 = LINE('',#13933,#13934);
#13933 = CARTESIAN_POINT('',(0.,0.));
#13934 = VECTOR('',#13935,1.);
#13935 = DIRECTION('',(0.,1.));
#13936 = ( GEOMETRIC_REPRESENTATION_CONTEXT(2) 
PARAMETRIC_REPRESENTATION_CONTEXT() REPRESENTATION_CONTEXT('2D SPACE',''
  ) );
#13937 = ORIENTED_EDGE('',*,*,#13938,.T.);
#13938 = EDGE_CURVE('',#13911,#13939,#13941,.T.);
#13939 = VERTEX_POINT('',#13940);
#13940 = CARTESIAN_POINT('',(0.455,0.445,3.85));
#13941 = SURFACE_CURVE('',#13942,(#13946,#13953),.PCURVE_S1.);
#13942 = LINE('',#13943,#13944);
#13943 = CARTESIAN_POINT('',(0.455,0.445,2.5));
#13944 = VECTOR('',#13945,1.);
#13945 = DIRECTION('',(0.,0.,1.));
#13946 = PCURVE('',#13886,#13947);
#13947 = DEFINITIONAL_REPRESENTATION('',(#13948),#13952);
#13948 = LINE('',#13949,#13950);
#13949 = CARTESIAN_POINT('',(0.,-8.E-02));
#13950 = VECTOR('',#13951,1.);
#13951 = DIRECTION('',(1.,0.));
#13952 = ( GEOMETRIC_REPRESENTATION_CONTEXT(2) 
PARAMETRIC_REPRESENTATION_CONTEXT() REPRESENTATION_CONTEXT('2D SPACE',''
  ) );
#13953 = PCURVE('',#13954,#13959);
#13954 = PLANE('',#13955);
#13955 = AXIS2_PLACEMENT_3D('',#13956,#13957,#13958);
#13956 = CARTESIAN_POINT('',(0.455,0.445,2.5));
#13957 = DIRECTION('',(-0.,1.,0.));
#13958 = DIRECTION('',(0.,0.,1.));
#13959 = DEFINITIONAL_REPRESENTATION('',(#13960),#13964);
#13960 = LINE('',#13961,#13962);
#13961 = CARTESIAN_POINT('',(0.,0.));
#13962 = VECTOR('',#13963,1.);
#13963 = DIRECTION('',(1.,0.));
#13964 = ( GEOMETRIC_REPRESENTATION_CONTEXT(2) 
PARAMETRIC_REPRESENTATION_CONTEXT() REPRESENTATION_CONTEXT('2D SPACE',''
  ) );
#13965 = ORIENTED_EDGE('',*,*,#13966,.F.);
#13966 = EDGE_CURVE('',#13878,#13939,#13967,.T.);
#13967 = SURFACE_CURVE('',#13968,(#13972,#13979),.PCURVE_S1.);
#13968 = LINE('',#13969,#13970);
#13969 = CARTESIAN_POINT('',(0.455,0.365,3.85));
#13970 = VECTOR('',#13971,1.);
#13971 = DIRECTION('',(-0.,1.,0.));
#13972 = PCURVE('',#13886,#13973);
#13973 = DEFINITIONAL_REPRESENTATION('',(#13974),#13978);
#13974 = LINE('',#13975,#13976);
#13975 = CARTESIAN_POINT('',(1.35,0.));
#13976 = VECTOR('',#13977,1.);
#13977 = DIRECTION('',(0.,-1.));
#13978 = ( GEOMETRIC_REPRESENTATION_CONTEXT(2) 
PARAMETRIC_REPRESENTATION_CONTEXT() REPRESENTATION_CONTEXT('2D SPACE',''
  ) );
#13979 = PCURVE('',#13980,#13985);
#13980 = PLANE('',#13981);
#13981 = AXIS2_PLACEMENT_3D('',#13982,#13983,#13984);
#13982 = CARTESIAN_POINT('',(0.455,0.365,3.85));
#13983 = DIRECTION('',(0.,0.,1.));
#13984 = DIRECTION('',(1.,0.,-0.));
#13985 = DEFINITIONAL_REPRESENTATION('',(#13986),#13990);
#13986 = LINE('',#13987,#13988);
#13987 = CARTESIAN_POINT('',(0.,0.));
#13988 = VECTOR('',#13989,1.);
#13989 = DIRECTION('',(0.,1.));
#13990 = ( GEOMETRIC_REPRESENTATION_CONTEXT(2) 
PARAMETRIC_REPRESENTATION_CONTEXT() REPRESENTATION_CONTEXT('2D SPACE',''
  ) );
#13991 = ADVANCED_FACE('',(#13992),#14006,.T.);
#13992 = FACE_BOUND('',#13993,.T.);
#13993 = EDGE_LOOP('',(#13994,#14024,#14047,#14070));
#13994 = ORIENTED_EDGE('',*,*,#13995,.F.);
#13995 = EDGE_CURVE('',#13996,#13998,#14000,.T.);
#13996 = VERTEX_POINT('',#13997);
#13997 = CARTESIAN_POINT('',(0.815,0.365,2.5));
#13998 = VERTEX_POINT('',#13999);
#13999 = CARTESIAN_POINT('',(0.815,0.365,3.85));
#14000 = SURFACE_CURVE('',#14001,(#14005,#14017),.PCURVE_S1.);
#14001 = LINE('',#14002,#14003);
#14002 = CARTESIAN_POINT('',(0.815,0.365,2.5));
#14003 = VECTOR('',#14004,1.);
#14004 = DIRECTION('',(0.,0.,1.));
#14005 = PCURVE('',#14006,#14011);
#14006 = PLANE('',#14007);
#14007 = AXIS2_PLACEMENT_3D('',#14008,#14009,#14010);
#14008 = CARTESIAN_POINT('',(0.815,0.365,2.5));
#14009 = DIRECTION('',(1.,0.,-0.));
#14010 = DIRECTION('',(0.,0.,1.));
#14011 = DEFINITIONAL_REPRESENTATION('',(#14012),#14016);
#14012 = LINE('',#14013,#14014);
#14013 = CARTESIAN_POINT('',(0.,0.));
#14014 = VECTOR('',#14015,1.);
#14015 = DIRECTION('',(1.,0.));
#14016 = ( GEOMETRIC_REPRESENTATION_CONTEXT(2) 
PARAMETRIC_REPRESENTATION_CONTEXT() REPRESENTATION_CONTEXT('2D SPACE',''
  ) );
#14017 = PCURVE('',#13898,#14018);
#14018 = DEFINITIONAL_REPRESENTATION('',(#14019),#14023);
#14019 = LINE('',#14020,#14021);
#14020 = CARTESIAN_POINT('',(0.,0.36));
#14021 = VECTOR('',#14022,1.);
#14022 = DIRECTION('',(1.,0.));
#14023 = ( GEOMETRIC_REPRESENTATION_CONTEXT(2) 
PARAMETRIC_REPRESENTATION_CONTEXT() REPRESENTATION_CONTEXT('2D SPACE',''
  ) );
#14024 = ORIENTED_EDGE('',*,*,#14025,.T.);
#14025 = EDGE_CURVE('',#13996,#14026,#14028,.T.);
#14026 = VERTEX_POINT('',#14027);
#14027 = CARTESIAN_POINT('',(0.815,0.445,2.5));
#14028 = SURFACE_CURVE('',#14029,(#14033,#14040),.PCURVE_S1.);
#14029 = LINE('',#14030,#14031);
#14030 = CARTESIAN_POINT('',(0.815,0.365,2.5));
#14031 = VECTOR('',#14032,1.);
#14032 = DIRECTION('',(-0.,1.,0.));
#14033 = PCURVE('',#14006,#14034);
#14034 = DEFINITIONAL_REPRESENTATION('',(#14035),#14039);
#14035 = LINE('',#14036,#14037);
#14036 = CARTESIAN_POINT('',(0.,0.));
#14037 = VECTOR('',#14038,1.);
#14038 = DIRECTION('',(0.,-1.));
#14039 = ( GEOMETRIC_REPRESENTATION_CONTEXT(2) 
PARAMETRIC_REPRESENTATION_CONTEXT() REPRESENTATION_CONTEXT('2D SPACE',''
  ) );
#14040 = PCURVE('',#13926,#14041);
#14041 = DEFINITIONAL_REPRESENTATION('',(#14042),#14046);
#14042 = LINE('',#14043,#14044);
#14043 = CARTESIAN_POINT('',(0.36,0.));
#14044 = VECTOR('',#14045,1.);
#14045 = DIRECTION('',(0.,1.));
#14046 = ( GEOMETRIC_REPRESENTATION_CONTEXT(2) 
PARAMETRIC_REPRESENTATION_CONTEXT() REPRESENTATION_CONTEXT('2D SPACE',''
  ) );
#14047 = ORIENTED_EDGE('',*,*,#14048,.T.);
#14048 = EDGE_CURVE('',#14026,#14049,#14051,.T.);
#14049 = VERTEX_POINT('',#14050);
#14050 = CARTESIAN_POINT('',(0.815,0.445,3.85));
#14051 = SURFACE_CURVE('',#14052,(#14056,#14063),.PCURVE_S1.);
#14052 = LINE('',#14053,#14054);
#14053 = CARTESIAN_POINT('',(0.815,0.445,2.5));
#14054 = VECTOR('',#14055,1.);
#14055 = DIRECTION('',(0.,0.,1.));
#14056 = PCURVE('',#14006,#14057);
#14057 = DEFINITIONAL_REPRESENTATION('',(#14058),#14062);
#14058 = LINE('',#14059,#14060);
#14059 = CARTESIAN_POINT('',(0.,-8.E-02));
#14060 = VECTOR('',#14061,1.);
#14061 = DIRECTION('',(1.,0.));
#14062 = ( GEOMETRIC_REPRESENTATION_CONTEXT(2) 
PARAMETRIC_REPRESENTATION_CONTEXT() REPRESENTATION_CONTEXT('2D SPACE',''
  ) );
#14063 = PCURVE('',#13954,#14064);
#14064 = DEFINITIONAL_REPRESENTATION('',(#14065),#14069);
#14065 = LINE('',#14066,#14067);
#14066 = CARTESIAN_POINT('',(0.,0.36));
#14067 = VECTOR('',#14068,1.);
#14068 = DIRECTION('',(1.,0.));
#14069 = ( GEOMETRIC_REPRESENTATION_CONTEXT(2) 
PARAMETRIC_REPRESENTATION_CONTEXT() REPRESENTATION_CONTEXT('2D SPACE',''
  ) );
#14070 = ORIENTED_EDGE('',*,*,#14071,.F.);
#14071 = EDGE_CURVE('',#13998,#14049,#14072,.T.);
#14072 = SURFACE_CURVE('',#14073,(#14077,#14084),.PCURVE_S1.);
#14073 = LINE('',#14074,#14075);
#14074 = CARTESIAN_POINT('',(0.815,0.365,3.85));
#14075 = VECTOR('',#14076,1.);
#14076 = DIRECTION('',(-0.,1.,0.));
#14077 = PCURVE('',#14006,#14078);
#14078 = DEFINITIONAL_REPRESENTATION('',(#14079),#14083);
#14079 = LINE('',#14080,#14081);
#14080 = CARTESIAN_POINT('',(1.35,0.));
#14081 = VECTOR('',#14082,1.);
#14082 = DIRECTION('',(0.,-1.));
#14083 = ( GEOMETRIC_REPRESENTATION_CONTEXT(2) 
PARAMETRIC_REPRESENTATION_CONTEXT() REPRESENTATION_CONTEXT('2D SPACE',''
  ) );
#14084 = PCURVE('',#13980,#14085);
#14085 = DEFINITIONAL_REPRESENTATION('',(#14086),#14090);
#14086 = LINE('',#14087,#14088);
#14087 = CARTESIAN_POINT('',(0.36,0.));
#14088 = VECTOR('',#14089,1.);
#14089 = DIRECTION('',(0.,1.));
#14090 = ( GEOMETRIC_REPRESENTATION_CONTEXT(2) 
PARAMETRIC_REPRESENTATION_CONTEXT() REPRESENTATION_CONTEXT('2D SPACE',''
  ) );
#14091 = ADVANCED_FACE('',(#14092),#13898,.F.);
#14092 = FACE_BOUND('',#14093,.F.);
#14093 = EDGE_LOOP('',(#14094,#14115,#14116,#14137));
#14094 = ORIENTED_EDGE('',*,*,#14095,.F.);
#14095 = EDGE_CURVE('',#13876,#13996,#14096,.T.);
#14096 = SURFACE_CURVE('',#14097,(#14101,#14108),.PCURVE_S1.);
#14097 = LINE('',#14098,#14099);
#14098 = CARTESIAN_POINT('',(0.455,0.365,2.5));
#14099 = VECTOR('',#14100,1.);
#14100 = DIRECTION('',(1.,0.,-0.));
#14101 = PCURVE('',#13898,#14102);
#14102 = DEFINITIONAL_REPRESENTATION('',(#14103),#14107);
#14103 = LINE('',#14104,#14105);
#14104 = CARTESIAN_POINT('',(0.,0.));
#14105 = VECTOR('',#14106,1.);
#14106 = DIRECTION('',(0.,1.));
#14107 = ( GEOMETRIC_REPRESENTATION_CONTEXT(2) 
PARAMETRIC_REPRESENTATION_CONTEXT() REPRESENTATION_CONTEXT('2D SPACE',''
  ) );
#14108 = PCURVE('',#13926,#14109);
#14109 = DEFINITIONAL_REPRESENTATION('',(#14110),#14114);
#14110 = LINE('',#14111,#14112);
#14111 = CARTESIAN_POINT('',(0.,0.));
#14112 = VECTOR('',#14113,1.);
#14113 = DIRECTION('',(1.,0.));
#14114 = ( GEOMETRIC_REPRESENTATION_CONTEXT(2) 
PARAMETRIC_REPRESENTATION_CONTEXT() REPRESENTATION_CONTEXT('2D SPACE',''
  ) );
#14115 = ORIENTED_EDGE('',*,*,#13875,.T.);
#14116 = ORIENTED_EDGE('',*,*,#14117,.T.);
#14117 = EDGE_CURVE('',#13878,#13998,#14118,.T.);
#14118 = SURFACE_CURVE('',#14119,(#14123,#14130),.PCURVE_S1.);
#14119 = LINE('',#14120,#14121);
#14120 = CARTESIAN_POINT('',(0.455,0.365,3.85));
#14121 = VECTOR('',#14122,1.);
#14122 = DIRECTION('',(1.,0.,-0.));
#14123 = PCURVE('',#13898,#14124);
#14124 = DEFINITIONAL_REPRESENTATION('',(#14125),#14129);
#14125 = LINE('',#14126,#14127);
#14126 = CARTESIAN_POINT('',(1.35,0.));
#14127 = VECTOR('',#14128,1.);
#14128 = DIRECTION('',(0.,1.));
#14129 = ( GEOMETRIC_REPRESENTATION_CONTEXT(2) 
PARAMETRIC_REPRESENTATION_CONTEXT() REPRESENTATION_CONTEXT('2D SPACE',''
  ) );
#14130 = PCURVE('',#13980,#14131);
#14131 = DEFINITIONAL_REPRESENTATION('',(#14132),#14136);
#14132 = LINE('',#14133,#14134);
#14133 = CARTESIAN_POINT('',(0.,0.));
#14134 = VECTOR('',#14135,1.);
#14135 = DIRECTION('',(1.,0.));
#14136 = ( GEOMETRIC_REPRESENTATION_CONTEXT(2) 
PARAMETRIC_REPRESENTATION_CONTEXT() REPRESENTATION_CONTEXT('2D SPACE',''
  ) );
#14137 = ORIENTED_EDGE('',*,*,#13995,.F.);
#14138 = ADVANCED_FACE('',(#14139),#13954,.T.);
#14139 = FACE_BOUND('',#14140,.T.);
#14140 = EDGE_LOOP('',(#14141,#14162,#14163,#14184));
#14141 = ORIENTED_EDGE('',*,*,#14142,.F.);
#14142 = EDGE_CURVE('',#13911,#14026,#14143,.T.);
#14143 = SURFACE_CURVE('',#14144,(#14148,#14155),.PCURVE_S1.);
#14144 = LINE('',#14145,#14146);
#14145 = CARTESIAN_POINT('',(0.455,0.445,2.5));
#14146 = VECTOR('',#14147,1.);
#14147 = DIRECTION('',(1.,0.,-0.));
#14148 = PCURVE('',#13954,#14149);
#14149 = DEFINITIONAL_REPRESENTATION('',(#14150),#14154);
#14150 = LINE('',#14151,#14152);
#14151 = CARTESIAN_POINT('',(0.,0.));
#14152 = VECTOR('',#14153,1.);
#14153 = DIRECTION('',(0.,1.));
#14154 = ( GEOMETRIC_REPRESENTATION_CONTEXT(2) 
PARAMETRIC_REPRESENTATION_CONTEXT() REPRESENTATION_CONTEXT('2D SPACE',''
  ) );
#14155 = PCURVE('',#13926,#14156);
#14156 = DEFINITIONAL_REPRESENTATION('',(#14157),#14161);
#14157 = LINE('',#14158,#14159);
#14158 = CARTESIAN_POINT('',(0.,8.E-02));
#14159 = VECTOR('',#14160,1.);
#14160 = DIRECTION('',(1.,0.));
#14161 = ( GEOMETRIC_REPRESENTATION_CONTEXT(2) 
PARAMETRIC_REPRESENTATION_CONTEXT() REPRESENTATION_CONTEXT('2D SPACE',''
  ) );
#14162 = ORIENTED_EDGE('',*,*,#13938,.T.);
#14163 = ORIENTED_EDGE('',*,*,#14164,.T.);
#14164 = EDGE_CURVE('',#13939,#14049,#14165,.T.);
#14165 = SURFACE_CURVE('',#14166,(#14170,#14177),.PCURVE_S1.);
#14166 = LINE('',#14167,#14168);
#14167 = CARTESIAN_POINT('',(0.455,0.445,3.85));
#14168 = VECTOR('',#14169,1.);
#14169 = DIRECTION('',(1.,0.,-0.));
#14170 = PCURVE('',#13954,#14171);
#14171 = DEFINITIONAL_REPRESENTATION('',(#14172),#14176);
#14172 = LINE('',#14173,#14174);
#14173 = CARTESIAN_POINT('',(1.35,0.));
#14174 = VECTOR('',#14175,1.);
#14175 = DIRECTION('',(0.,1.));
#14176 = ( GEOMETRIC_REPRESENTATION_CONTEXT(2) 
PARAMETRIC_REPRESENTATION_CONTEXT() REPRESENTATION_CONTEXT('2D SPACE',''
  ) );
#14177 = PCURVE('',#13980,#14178);
#14178 = DEFINITIONAL_REPRESENTATION('',(#14179),#14183);
#14179 = LINE('',#14180,#14181);
#14180 = CARTESIAN_POINT('',(0.,8.E-02));
#14181 = VECTOR('',#14182,1.);
#14182 = DIRECTION('',(1.,0.));
#14183 = ( GEOMETRIC_REPRESENTATION_CONTEXT(2) 
PARAMETRIC_REPRESENTATION_CONTEXT() REPRESENTATION_CONTEXT('2D SPACE',''
  ) );
#14184 = ORIENTED_EDGE('',*,*,#14048,.F.);
#14185 = ADVANCED_FACE('',(#14186),#13926,.F.);
#14186 = FACE_BOUND('',#14187,.F.);
#14187 = EDGE_LOOP('',(#14188,#14189,#14190,#14191));
#14188 = ORIENTED_EDGE('',*,*,#13910,.F.);
#14189 = ORIENTED_EDGE('',*,*,#14095,.T.);
#14190 = ORIENTED_EDGE('',*,*,#14025,.T.);
#14191 = ORIENTED_EDGE('',*,*,#14142,.F.);
#14192 = ADVANCED_FACE('',(#14193),#13980,.T.);
#14193 = FACE_BOUND('',#14194,.T.);
#14194 = EDGE_LOOP('',(#14195,#14196,#14197,#14198));
#14195 = ORIENTED_EDGE('',*,*,#13966,.F.);
#14196 = ORIENTED_EDGE('',*,*,#14117,.T.);
#14197 = ORIENTED_EDGE('',*,*,#14071,.T.);
#14198 = ORIENTED_EDGE('',*,*,#14164,.F.);
#14199 = MANIFOLD_SOLID_BREP('',#14200);
#14200 = CLOSED_SHELL('',(#14201,#14321,#14421,#14468,#14515,#14522));
#14201 = ADVANCED_FACE('',(#14202),#14216,.F.);
#14202 = FACE_BOUND('',#14203,.F.);
#14203 = EDGE_LOOP('',(#14204,#14239,#14267,#14295));
#14204 = ORIENTED_EDGE('',*,*,#14205,.F.);
#14205 = EDGE_CURVE('',#14206,#14208,#14210,.T.);
#14206 = VERTEX_POINT('',#14207);
#14207 = CARTESIAN_POINT('',(0.455,0.825,2.5));
#14208 = VERTEX_POINT('',#14209);
#14209 = CARTESIAN_POINT('',(0.455,0.825,3.85));
#14210 = SURFACE_CURVE('',#14211,(#14215,#14227),.PCURVE_S1.);
#14211 = LINE('',#14212,#14213);
#14212 = CARTESIAN_POINT('',(0.455,0.825,2.5));
#14213 = VECTOR('',#14214,1.);
#14214 = DIRECTION('',(0.,0.,1.));
#14215 = PCURVE('',#14216,#14221);
#14216 = PLANE('',#14217);
#14217 = AXIS2_PLACEMENT_3D('',#14218,#14219,#14220);
#14218 = CARTESIAN_POINT('',(0.455,0.825,2.5));
#14219 = DIRECTION('',(1.,0.,-0.));
#14220 = DIRECTION('',(0.,0.,1.));
#14221 = DEFINITIONAL_REPRESENTATION('',(#14222),#14226);
#14222 = LINE('',#14223,#14224);
#14223 = CARTESIAN_POINT('',(0.,0.));
#14224 = VECTOR('',#14225,1.);
#14225 = DIRECTION('',(1.,0.));
#14226 = ( GEOMETRIC_REPRESENTATION_CONTEXT(2) 
PARAMETRIC_REPRESENTATION_CONTEXT() REPRESENTATION_CONTEXT('2D SPACE',''
  ) );
#14227 = PCURVE('',#14228,#14233);
#14228 = PLANE('',#14229);
#14229 = AXIS2_PLACEMENT_3D('',#14230,#14231,#14232);
#14230 = CARTESIAN_POINT('',(0.455,0.825,2.5));
#14231 = DIRECTION('',(-0.,1.,0.));
#14232 = DIRECTION('',(0.,0.,1.));
#14233 = DEFINITIONAL_REPRESENTATION('',(#14234),#14238);
#14234 = LINE('',#14235,#14236);
#14235 = CARTESIAN_POINT('',(0.,0.));
#14236 = VECTOR('',#14237,1.);
#14237 = DIRECTION('',(1.,0.));
#14238 = ( GEOMETRIC_REPRESENTATION_CONTEXT(2) 
PARAMETRIC_REPRESENTATION_CONTEXT() REPRESENTATION_CONTEXT('2D SPACE',''
  ) );
#14239 = ORIENTED_EDGE('',*,*,#14240,.T.);
#14240 = EDGE_CURVE('',#14206,#14241,#14243,.T.);
#14241 = VERTEX_POINT('',#14242);
#14242 = CARTESIAN_POINT('',(0.455,0.905,2.5));
#14243 = SURFACE_CURVE('',#14244,(#14248,#14255),.PCURVE_S1.);
#14244 = LINE('',#14245,#14246);
#14245 = CARTESIAN_POINT('',(0.455,0.825,2.5));
#14246 = VECTOR('',#14247,1.);
#14247 = DIRECTION('',(-0.,1.,0.));
#14248 = PCURVE('',#14216,#14249);
#14249 = DEFINITIONAL_REPRESENTATION('',(#14250),#14254);
#14250 = LINE('',#14251,#14252);
#14251 = CARTESIAN_POINT('',(0.,0.));
#14252 = VECTOR('',#14253,1.);
#14253 = DIRECTION('',(0.,-1.));
#14254 = ( GEOMETRIC_REPRESENTATION_CONTEXT(2) 
PARAMETRIC_REPRESENTATION_CONTEXT() REPRESENTATION_CONTEXT('2D SPACE',''
  ) );
#14255 = PCURVE('',#14256,#14261);
#14256 = PLANE('',#14257);
#14257 = AXIS2_PLACEMENT_3D('',#14258,#14259,#14260);
#14258 = CARTESIAN_POINT('',(0.455,0.825,2.5));
#14259 = DIRECTION('',(0.,0.,1.));
#14260 = DIRECTION('',(1.,0.,-0.));
#14261 = DEFINITIONAL_REPRESENTATION('',(#14262),#14266);
#14262 = LINE('',#14263,#14264);
#14263 = CARTESIAN_POINT('',(0.,0.));
#14264 = VECTOR('',#14265,1.);
#14265 = DIRECTION('',(0.,1.));
#14266 = ( GEOMETRIC_REPRESENTATION_CONTEXT(2) 
PARAMETRIC_REPRESENTATION_CONTEXT() REPRESENTATION_CONTEXT('2D SPACE',''
  ) );
#14267 = ORIENTED_EDGE('',*,*,#14268,.T.);
#14268 = EDGE_CURVE('',#14241,#14269,#14271,.T.);
#14269 = VERTEX_POINT('',#14270);
#14270 = CARTESIAN_POINT('',(0.455,0.905,3.85));
#14271 = SURFACE_CURVE('',#14272,(#14276,#14283),.PCURVE_S1.);
#14272 = LINE('',#14273,#14274);
#14273 = CARTESIAN_POINT('',(0.455,0.905,2.5));
#14274 = VECTOR('',#14275,1.);
#14275 = DIRECTION('',(0.,0.,1.));
#14276 = PCURVE('',#14216,#14277);
#14277 = DEFINITIONAL_REPRESENTATION('',(#14278),#14282);
#14278 = LINE('',#14279,#14280);
#14279 = CARTESIAN_POINT('',(0.,-8.E-02));
#14280 = VECTOR('',#14281,1.);
#14281 = DIRECTION('',(1.,0.));
#14282 = ( GEOMETRIC_REPRESENTATION_CONTEXT(2) 
PARAMETRIC_REPRESENTATION_CONTEXT() REPRESENTATION_CONTEXT('2D SPACE',''
  ) );
#14283 = PCURVE('',#14284,#14289);
#14284 = PLANE('',#14285);
#14285 = AXIS2_PLACEMENT_3D('',#14286,#14287,#14288);
#14286 = CARTESIAN_POINT('',(0.455,0.905,2.5));
#14287 = DIRECTION('',(-0.,1.,0.));
#14288 = DIRECTION('',(0.,0.,1.));
#14289 = DEFINITIONAL_REPRESENTATION('',(#14290),#14294);
#14290 = LINE('',#14291,#14292);
#14291 = CARTESIAN_POINT('',(0.,0.));
#14292 = VECTOR('',#14293,1.);
#14293 = DIRECTION('',(1.,0.));
#14294 = ( GEOMETRIC_REPRESENTATION_CONTEXT(2) 
PARAMETRIC_REPRESENTATION_CONTEXT() REPRESENTATION_CONTEXT('2D SPACE',''
  ) );
#14295 = ORIENTED_EDGE('',*,*,#14296,.F.);
#14296 = EDGE_CURVE('',#14208,#14269,#14297,.T.);
#14297 = SURFACE_CURVE('',#14298,(#14302,#14309),.PCURVE_S1.);
#14298 = LINE('',#14299,#14300);
#14299 = CARTESIAN_POINT('',(0.455,0.825,3.85));
#14300 = VECTOR('',#14301,1.);
#14301 = DIRECTION('',(-0.,1.,0.));
#14302 = PCURVE('',#14216,#14303);
#14303 = DEFINITIONAL_REPRESENTATION('',(#14304),#14308);
#14304 = LINE('',#14305,#14306);
#14305 = CARTESIAN_POINT('',(1.35,0.));
#14306 = VECTOR('',#14307,1.);
#14307 = DIRECTION('',(0.,-1.));
#14308 = ( GEOMETRIC_REPRESENTATION_CONTEXT(2) 
PARAMETRIC_REPRESENTATION_CONTEXT() REPRESENTATION_CONTEXT('2D SPACE',''
  ) );
#14309 = PCURVE('',#14310,#14315);
#14310 = PLANE('',#14311);
#14311 = AXIS2_PLACEMENT_3D('',#14312,#14313,#14314);
#14312 = CARTESIAN_POINT('',(0.455,0.825,3.85));
#14313 = DIRECTION('',(0.,0.,1.));
#14314 = DIRECTION('',(1.,0.,-0.));
#14315 = DEFINITIONAL_REPRESENTATION('',(#14316),#14320);
#14316 = LINE('',#14317,#14318);
#14317 = CARTESIAN_POINT('',(0.,0.));
#14318 = VECTOR('',#14319,1.);
#14319 = DIRECTION('',(0.,1.));
#14320 = ( GEOMETRIC_REPRESENTATION_CONTEXT(2) 
PARAMETRIC_REPRESENTATION_CONTEXT() REPRESENTATION_CONTEXT('2D SPACE',''
  ) );
#14321 = ADVANCED_FACE('',(#14322),#14336,.T.);
#14322 = FACE_BOUND('',#14323,.T.);
#14323 = EDGE_LOOP('',(#14324,#14354,#14377,#14400));
#14324 = ORIENTED_EDGE('',*,*,#14325,.F.);
#14325 = EDGE_CURVE('',#14326,#14328,#14330,.T.);
#14326 = VERTEX_POINT('',#14327);
#14327 = CARTESIAN_POINT('',(0.815,0.825,2.5));
#14328 = VERTEX_POINT('',#14329);
#14329 = CARTESIAN_POINT('',(0.815,0.825,3.85));
#14330 = SURFACE_CURVE('',#14331,(#14335,#14347),.PCURVE_S1.);
#14331 = LINE('',#14332,#14333);
#14332 = CARTESIAN_POINT('',(0.815,0.825,2.5));
#14333 = VECTOR('',#14334,1.);
#14334 = DIRECTION('',(0.,0.,1.));
#14335 = PCURVE('',#14336,#14341);
#14336 = PLANE('',#14337);
#14337 = AXIS2_PLACEMENT_3D('',#14338,#14339,#14340);
#14338 = CARTESIAN_POINT('',(0.815,0.825,2.5));
#14339 = DIRECTION('',(1.,0.,-0.));
#14340 = DIRECTION('',(0.,0.,1.));
#14341 = DEFINITIONAL_REPRESENTATION('',(#14342),#14346);
#14342 = LINE('',#14343,#14344);
#14343 = CARTESIAN_POINT('',(0.,0.));
#14344 = VECTOR('',#14345,1.);
#14345 = DIRECTION('',(1.,0.));
#14346 = ( GEOMETRIC_REPRESENTATION_CONTEXT(2) 
PARAMETRIC_REPRESENTATION_CONTEXT() REPRESENTATION_CONTEXT('2D SPACE',''
  ) );
#14347 = PCURVE('',#14228,#14348);
#14348 = DEFINITIONAL_REPRESENTATION('',(#14349),#14353);
#14349 = LINE('',#14350,#14351);
#14350 = CARTESIAN_POINT('',(0.,0.36));
#14351 = VECTOR('',#14352,1.);
#14352 = DIRECTION('',(1.,0.));
#14353 = ( GEOMETRIC_REPRESENTATION_CONTEXT(2) 
PARAMETRIC_REPRESENTATION_CONTEXT() REPRESENTATION_CONTEXT('2D SPACE',''
  ) );
#14354 = ORIENTED_EDGE('',*,*,#14355,.T.);
#14355 = EDGE_CURVE('',#14326,#14356,#14358,.T.);
#14356 = VERTEX_POINT('',#14357);
#14357 = CARTESIAN_POINT('',(0.815,0.905,2.5));
#14358 = SURFACE_CURVE('',#14359,(#14363,#14370),.PCURVE_S1.);
#14359 = LINE('',#14360,#14361);
#14360 = CARTESIAN_POINT('',(0.815,0.825,2.5));
#14361 = VECTOR('',#14362,1.);
#14362 = DIRECTION('',(-0.,1.,0.));
#14363 = PCURVE('',#14336,#14364);
#14364 = DEFINITIONAL_REPRESENTATION('',(#14365),#14369);
#14365 = LINE('',#14366,#14367);
#14366 = CARTESIAN_POINT('',(0.,0.));
#14367 = VECTOR('',#14368,1.);
#14368 = DIRECTION('',(0.,-1.));
#14369 = ( GEOMETRIC_REPRESENTATION_CONTEXT(2) 
PARAMETRIC_REPRESENTATION_CONTEXT() REPRESENTATION_CONTEXT('2D SPACE',''
  ) );
#14370 = PCURVE('',#14256,#14371);
#14371 = DEFINITIONAL_REPRESENTATION('',(#14372),#14376);
#14372 = LINE('',#14373,#14374);
#14373 = CARTESIAN_POINT('',(0.36,0.));
#14374 = VECTOR('',#14375,1.);
#14375 = DIRECTION('',(0.,1.));
#14376 = ( GEOMETRIC_REPRESENTATION_CONTEXT(2) 
PARAMETRIC_REPRESENTATION_CONTEXT() REPRESENTATION_CONTEXT('2D SPACE',''
  ) );
#14377 = ORIENTED_EDGE('',*,*,#14378,.T.);
#14378 = EDGE_CURVE('',#14356,#14379,#14381,.T.);
#14379 = VERTEX_POINT('',#14380);
#14380 = CARTESIAN_POINT('',(0.815,0.905,3.85));
#14381 = SURFACE_CURVE('',#14382,(#14386,#14393),.PCURVE_S1.);
#14382 = LINE('',#14383,#14384);
#14383 = CARTESIAN_POINT('',(0.815,0.905,2.5));
#14384 = VECTOR('',#14385,1.);
#14385 = DIRECTION('',(0.,0.,1.));
#14386 = PCURVE('',#14336,#14387);
#14387 = DEFINITIONAL_REPRESENTATION('',(#14388),#14392);
#14388 = LINE('',#14389,#14390);
#14389 = CARTESIAN_POINT('',(0.,-8.E-02));
#14390 = VECTOR('',#14391,1.);
#14391 = DIRECTION('',(1.,0.));
#14392 = ( GEOMETRIC_REPRESENTATION_CONTEXT(2) 
PARAMETRIC_REPRESENTATION_CONTEXT() REPRESENTATION_CONTEXT('2D SPACE',''
  ) );
#14393 = PCURVE('',#14284,#14394);
#14394 = DEFINITIONAL_REPRESENTATION('',(#14395),#14399);
#14395 = LINE('',#14396,#14397);
#14396 = CARTESIAN_POINT('',(0.,0.36));
#14397 = VECTOR('',#14398,1.);
#14398 = DIRECTION('',(1.,0.));
#14399 = ( GEOMETRIC_REPRESENTATION_CONTEXT(2) 
PARAMETRIC_REPRESENTATION_CONTEXT() REPRESENTATION_CONTEXT('2D SPACE',''
  ) );
#14400 = ORIENTED_EDGE('',*,*,#14401,.F.);
#14401 = EDGE_CURVE('',#14328,#14379,#14402,.T.);
#14402 = SURFACE_CURVE('',#14403,(#14407,#14414),.PCURVE_S1.);
#14403 = LINE('',#14404,#14405);
#14404 = CARTESIAN_POINT('',(0.815,0.825,3.85));
#14405 = VECTOR('',#14406,1.);
#14406 = DIRECTION('',(-0.,1.,0.));
#14407 = PCURVE('',#14336,#14408);
#14408 = DEFINITIONAL_REPRESENTATION('',(#14409),#14413);
#14409 = LINE('',#14410,#14411);
#14410 = CARTESIAN_POINT('',(1.35,0.));
#14411 = VECTOR('',#14412,1.);
#14412 = DIRECTION('',(0.,-1.));
#14413 = ( GEOMETRIC_REPRESENTATION_CONTEXT(2) 
PARAMETRIC_REPRESENTATION_CONTEXT() REPRESENTATION_CONTEXT('2D SPACE',''
  ) );
#14414 = PCURVE('',#14310,#14415);
#14415 = DEFINITIONAL_REPRESENTATION('',(#14416),#14420);
#14416 = LINE('',#14417,#14418);
#14417 = CARTESIAN_POINT('',(0.36,0.));
#14418 = VECTOR('',#14419,1.);
#14419 = DIRECTION('',(0.,1.));
#14420 = ( GEOMETRIC_REPRESENTATION_CONTEXT(2) 
PARAMETRIC_REPRESENTATION_CONTEXT() REPRESENTATION_CONTEXT('2D SPACE',''
  ) );
#14421 = ADVANCED_FACE('',(#14422),#14228,.F.);
#14422 = FACE_BOUND('',#14423,.F.);
#14423 = EDGE_LOOP('',(#14424,#14445,#14446,#14467));
#14424 = ORIENTED_EDGE('',*,*,#14425,.F.);
#14425 = EDGE_CURVE('',#14206,#14326,#14426,.T.);
#14426 = SURFACE_CURVE('',#14427,(#14431,#14438),.PCURVE_S1.);
#14427 = LINE('',#14428,#14429);
#14428 = CARTESIAN_POINT('',(0.455,0.825,2.5));
#14429 = VECTOR('',#14430,1.);
#14430 = DIRECTION('',(1.,0.,-0.));
#14431 = PCURVE('',#14228,#14432);
#14432 = DEFINITIONAL_REPRESENTATION('',(#14433),#14437);
#14433 = LINE('',#14434,#14435);
#14434 = CARTESIAN_POINT('',(0.,0.));
#14435 = VECTOR('',#14436,1.);
#14436 = DIRECTION('',(0.,1.));
#14437 = ( GEOMETRIC_REPRESENTATION_CONTEXT(2) 
PARAMETRIC_REPRESENTATION_CONTEXT() REPRESENTATION_CONTEXT('2D SPACE',''
  ) );
#14438 = PCURVE('',#14256,#14439);
#14439 = DEFINITIONAL_REPRESENTATION('',(#14440),#14444);
#14440 = LINE('',#14441,#14442);
#14441 = CARTESIAN_POINT('',(0.,0.));
#14442 = VECTOR('',#14443,1.);
#14443 = DIRECTION('',(1.,0.));
#14444 = ( GEOMETRIC_REPRESENTATION_CONTEXT(2) 
PARAMETRIC_REPRESENTATION_CONTEXT() REPRESENTATION_CONTEXT('2D SPACE',''
  ) );
#14445 = ORIENTED_EDGE('',*,*,#14205,.T.);
#14446 = ORIENTED_EDGE('',*,*,#14447,.T.);
#14447 = EDGE_CURVE('',#14208,#14328,#14448,.T.);
#14448 = SURFACE_CURVE('',#14449,(#14453,#14460),.PCURVE_S1.);
#14449 = LINE('',#14450,#14451);
#14450 = CARTESIAN_POINT('',(0.455,0.825,3.85));
#14451 = VECTOR('',#14452,1.);
#14452 = DIRECTION('',(1.,0.,-0.));
#14453 = PCURVE('',#14228,#14454);
#14454 = DEFINITIONAL_REPRESENTATION('',(#14455),#14459);
#14455 = LINE('',#14456,#14457);
#14456 = CARTESIAN_POINT('',(1.35,0.));
#14457 = VECTOR('',#14458,1.);
#14458 = DIRECTION('',(0.,1.));
#14459 = ( GEOMETRIC_REPRESENTATION_CONTEXT(2) 
PARAMETRIC_REPRESENTATION_CONTEXT() REPRESENTATION_CONTEXT('2D SPACE',''
  ) );
#14460 = PCURVE('',#14310,#14461);
#14461 = DEFINITIONAL_REPRESENTATION('',(#14462),#14466);
#14462 = LINE('',#14463,#14464);
#14463 = CARTESIAN_POINT('',(0.,0.));
#14464 = VECTOR('',#14465,1.);
#14465 = DIRECTION('',(1.,0.));
#14466 = ( GEOMETRIC_REPRESENTATION_CONTEXT(2) 
PARAMETRIC_REPRESENTATION_CONTEXT() REPRESENTATION_CONTEXT('2D SPACE',''
  ) );
#14467 = ORIENTED_EDGE('',*,*,#14325,.F.);
#14468 = ADVANCED_FACE('',(#14469),#14284,.T.);
#14469 = FACE_BOUND('',#14470,.T.);
#14470 = EDGE_LOOP('',(#14471,#14492,#14493,#14514));
#14471 = ORIENTED_EDGE('',*,*,#14472,.F.);
#14472 = EDGE_CURVE('',#14241,#14356,#14473,.T.);
#14473 = SURFACE_CURVE('',#14474,(#14478,#14485),.PCURVE_S1.);
#14474 = LINE('',#14475,#14476);
#14475 = CARTESIAN_POINT('',(0.455,0.905,2.5));
#14476 = VECTOR('',#14477,1.);
#14477 = DIRECTION('',(1.,0.,-0.));
#14478 = PCURVE('',#14284,#14479);
#14479 = DEFINITIONAL_REPRESENTATION('',(#14480),#14484);
#14480 = LINE('',#14481,#14482);
#14481 = CARTESIAN_POINT('',(0.,0.));
#14482 = VECTOR('',#14483,1.);
#14483 = DIRECTION('',(0.,1.));
#14484 = ( GEOMETRIC_REPRESENTATION_CONTEXT(2) 
PARAMETRIC_REPRESENTATION_CONTEXT() REPRESENTATION_CONTEXT('2D SPACE',''
  ) );
#14485 = PCURVE('',#14256,#14486);
#14486 = DEFINITIONAL_REPRESENTATION('',(#14487),#14491);
#14487 = LINE('',#14488,#14489);
#14488 = CARTESIAN_POINT('',(0.,8.E-02));
#14489 = VECTOR('',#14490,1.);
#14490 = DIRECTION('',(1.,0.));
#14491 = ( GEOMETRIC_REPRESENTATION_CONTEXT(2) 
PARAMETRIC_REPRESENTATION_CONTEXT() REPRESENTATION_CONTEXT('2D SPACE',''
  ) );
#14492 = ORIENTED_EDGE('',*,*,#14268,.T.);
#14493 = ORIENTED_EDGE('',*,*,#14494,.T.);
#14494 = EDGE_CURVE('',#14269,#14379,#14495,.T.);
#14495 = SURFACE_CURVE('',#14496,(#14500,#14507),.PCURVE_S1.);
#14496 = LINE('',#14497,#14498);
#14497 = CARTESIAN_POINT('',(0.455,0.905,3.85));
#14498 = VECTOR('',#14499,1.);
#14499 = DIRECTION('',(1.,0.,-0.));
#14500 = PCURVE('',#14284,#14501);
#14501 = DEFINITIONAL_REPRESENTATION('',(#14502),#14506);
#14502 = LINE('',#14503,#14504);
#14503 = CARTESIAN_POINT('',(1.35,0.));
#14504 = VECTOR('',#14505,1.);
#14505 = DIRECTION('',(0.,1.));
#14506 = ( GEOMETRIC_REPRESENTATION_CONTEXT(2) 
PARAMETRIC_REPRESENTATION_CONTEXT() REPRESENTATION_CONTEXT('2D SPACE',''
  ) );
#14507 = PCURVE('',#14310,#14508);
#14508 = DEFINITIONAL_REPRESENTATION('',(#14509),#14513);
#14509 = LINE('',#14510,#14511);
#14510 = CARTESIAN_POINT('',(0.,8.E-02));
#14511 = VECTOR('',#14512,1.);
#14512 = DIRECTION('',(1.,0.));
#14513 = ( GEOMETRIC_REPRESENTATION_CONTEXT(2) 
PARAMETRIC_REPRESENTATION_CONTEXT() REPRESENTATION_CONTEXT('2D SPACE',''
  ) );
#14514 = ORIENTED_EDGE('',*,*,#14378,.F.);
#14515 = ADVANCED_FACE('',(#14516),#14256,.F.);
#14516 = FACE_BOUND('',#14517,.F.);
#14517 = EDGE_LOOP('',(#14518,#14519,#14520,#14521));
#14518 = ORIENTED_EDGE('',*,*,#14240,.F.);
#14519 = ORIENTED_EDGE('',*,*,#14425,.T.);
#14520 = ORIENTED_EDGE('',*,*,#14355,.T.);
#14521 = ORIENTED_EDGE('',*,*,#14472,.F.);
#14522 = ADVANCED_FACE('',(#14523),#14310,.T.);
#14523 = FACE_BOUND('',#14524,.T.);
#14524 = EDGE_LOOP('',(#14525,#14526,#14527,#14528));
#14525 = ORIENTED_EDGE('',*,*,#14296,.F.);
#14526 = ORIENTED_EDGE('',*,*,#14447,.T.);
#14527 = ORIENTED_EDGE('',*,*,#14401,.T.);
#14528 = ORIENTED_EDGE('',*,*,#14494,.F.);
#14529 = MANIFOLD_SOLID_BREP('',#14530);
#14530 = CLOSED_SHELL('',(#14531,#14651,#14751,#14798,#14845,#14852));
#14531 = ADVANCED_FACE('',(#14532),#14546,.F.);
#14532 = FACE_BOUND('',#14533,.F.);
#14533 = EDGE_LOOP('',(#14534,#14569,#14597,#14625));
#14534 = ORIENTED_EDGE('',*,*,#14535,.F.);
#14535 = EDGE_CURVE('',#14536,#14538,#14540,.T.);
#14536 = VERTEX_POINT('',#14537);
#14537 = CARTESIAN_POINT('',(1.725,-0.905,2.5));
#14538 = VERTEX_POINT('',#14539);
#14539 = CARTESIAN_POINT('',(1.725,-0.905,3.85));
#14540 = SURFACE_CURVE('',#14541,(#14545,#14557),.PCURVE_S1.);
#14541 = LINE('',#14542,#14543);
#14542 = CARTESIAN_POINT('',(1.725,-0.905,2.5));
#14543 = VECTOR('',#14544,1.);
#14544 = DIRECTION('',(0.,0.,1.));
#14545 = PCURVE('',#14546,#14551);
#14546 = PLANE('',#14547);
#14547 = AXIS2_PLACEMENT_3D('',#14548,#14549,#14550);
#14548 = CARTESIAN_POINT('',(1.725,-0.905,2.5));
#14549 = DIRECTION('',(1.,0.,-0.));
#14550 = DIRECTION('',(0.,0.,1.));
#14551 = DEFINITIONAL_REPRESENTATION('',(#14552),#14556);
#14552 = LINE('',#14553,#14554);
#14553 = CARTESIAN_POINT('',(0.,0.));
#14554 = VECTOR('',#14555,1.);
#14555 = DIRECTION('',(1.,0.));
#14556 = ( GEOMETRIC_REPRESENTATION_CONTEXT(2) 
PARAMETRIC_REPRESENTATION_CONTEXT() REPRESENTATION_CONTEXT('2D SPACE',''
  ) );
#14557 = PCURVE('',#14558,#14563);
#14558 = PLANE('',#14559);
#14559 = AXIS2_PLACEMENT_3D('',#14560,#14561,#14562);
#14560 = CARTESIAN_POINT('',(1.725,-0.905,2.5));
#14561 = DIRECTION('',(-0.,1.,0.));
#14562 = DIRECTION('',(0.,0.,1.));
#14563 = DEFINITIONAL_REPRESENTATION('',(#14564),#14568);
#14564 = LINE('',#14565,#14566);
#14565 = CARTESIAN_POINT('',(0.,0.));
#14566 = VECTOR('',#14567,1.);
#14567 = DIRECTION('',(1.,0.));
#14568 = ( GEOMETRIC_REPRESENTATION_CONTEXT(2) 
PARAMETRIC_REPRESENTATION_CONTEXT() REPRESENTATION_CONTEXT('2D SPACE',''
  ) );
#14569 = ORIENTED_EDGE('',*,*,#14570,.T.);
#14570 = EDGE_CURVE('',#14536,#14571,#14573,.T.);
#14571 = VERTEX_POINT('',#14572);
#14572 = CARTESIAN_POINT('',(1.725,-0.825,2.5));
#14573 = SURFACE_CURVE('',#14574,(#14578,#14585),.PCURVE_S1.);
#14574 = LINE('',#14575,#14576);
#14575 = CARTESIAN_POINT('',(1.725,-0.905,2.5));
#14576 = VECTOR('',#14577,1.);
#14577 = DIRECTION('',(-0.,1.,0.));
#14578 = PCURVE('',#14546,#14579);
#14579 = DEFINITIONAL_REPRESENTATION('',(#14580),#14584);
#14580 = LINE('',#14581,#14582);
#14581 = CARTESIAN_POINT('',(0.,0.));
#14582 = VECTOR('',#14583,1.);
#14583 = DIRECTION('',(0.,-1.));
#14584 = ( GEOMETRIC_REPRESENTATION_CONTEXT(2) 
PARAMETRIC_REPRESENTATION_CONTEXT() REPRESENTATION_CONTEXT('2D SPACE',''
  ) );
#14585 = PCURVE('',#14586,#14591);
#14586 = PLANE('',#14587);
#14587 = AXIS2_PLACEMENT_3D('',#14588,#14589,#14590);
#14588 = CARTESIAN_POINT('',(1.725,-0.905,2.5));
#14589 = DIRECTION('',(0.,0.,1.));
#14590 = DIRECTION('',(1.,0.,-0.));
#14591 = DEFINITIONAL_REPRESENTATION('',(#14592),#14596);
#14592 = LINE('',#14593,#14594);
#14593 = CARTESIAN_POINT('',(0.,0.));
#14594 = VECTOR('',#14595,1.);
#14595 = DIRECTION('',(0.,1.));
#14596 = ( GEOMETRIC_REPRESENTATION_CONTEXT(2) 
PARAMETRIC_REPRESENTATION_CONTEXT() REPRESENTATION_CONTEXT('2D SPACE',''
  ) );
#14597 = ORIENTED_EDGE('',*,*,#14598,.T.);
#14598 = EDGE_CURVE('',#14571,#14599,#14601,.T.);
#14599 = VERTEX_POINT('',#14600);
#14600 = CARTESIAN_POINT('',(1.725,-0.825,3.85));
#14601 = SURFACE_CURVE('',#14602,(#14606,#14613),.PCURVE_S1.);
#14602 = LINE('',#14603,#14604);
#14603 = CARTESIAN_POINT('',(1.725,-0.825,2.5));
#14604 = VECTOR('',#14605,1.);
#14605 = DIRECTION('',(0.,0.,1.));
#14606 = PCURVE('',#14546,#14607);
#14607 = DEFINITIONAL_REPRESENTATION('',(#14608),#14612);
#14608 = LINE('',#14609,#14610);
#14609 = CARTESIAN_POINT('',(0.,-8.E-02));
#14610 = VECTOR('',#14611,1.);
#14611 = DIRECTION('',(1.,0.));
#14612 = ( GEOMETRIC_REPRESENTATION_CONTEXT(2) 
PARAMETRIC_REPRESENTATION_CONTEXT() REPRESENTATION_CONTEXT('2D SPACE',''
  ) );
#14613 = PCURVE('',#14614,#14619);
#14614 = PLANE('',#14615);
#14615 = AXIS2_PLACEMENT_3D('',#14616,#14617,#14618);
#14616 = CARTESIAN_POINT('',(1.725,-0.825,2.5));
#14617 = DIRECTION('',(-0.,1.,0.));
#14618 = DIRECTION('',(0.,0.,1.));
#14619 = DEFINITIONAL_REPRESENTATION('',(#14620),#14624);
#14620 = LINE('',#14621,#14622);
#14621 = CARTESIAN_POINT('',(0.,0.));
#14622 = VECTOR('',#14623,1.);
#14623 = DIRECTION('',(1.,0.));
#14624 = ( GEOMETRIC_REPRESENTATION_CONTEXT(2) 
PARAMETRIC_REPRESENTATION_CONTEXT() REPRESENTATION_CONTEXT('2D SPACE',''
  ) );
#14625 = ORIENTED_EDGE('',*,*,#14626,.F.);
#14626 = EDGE_CURVE('',#14538,#14599,#14627,.T.);
#14627 = SURFACE_CURVE('',#14628,(#14632,#14639),.PCURVE_S1.);
#14628 = LINE('',#14629,#14630);
#14629 = CARTESIAN_POINT('',(1.725,-0.905,3.85));
#14630 = VECTOR('',#14631,1.);
#14631 = DIRECTION('',(-0.,1.,0.));
#14632 = PCURVE('',#14546,#14633);
#14633 = DEFINITIONAL_REPRESENTATION('',(#14634),#14638);
#14634 = LINE('',#14635,#14636);
#14635 = CARTESIAN_POINT('',(1.35,0.));
#14636 = VECTOR('',#14637,1.);
#14637 = DIRECTION('',(0.,-1.));
#14638 = ( GEOMETRIC_REPRESENTATION_CONTEXT(2) 
PARAMETRIC_REPRESENTATION_CONTEXT() REPRESENTATION_CONTEXT('2D SPACE',''
  ) );
#14639 = PCURVE('',#14640,#14645);
#14640 = PLANE('',#14641);
#14641 = AXIS2_PLACEMENT_3D('',#14642,#14643,#14644);
#14642 = CARTESIAN_POINT('',(1.725,-0.905,3.85));
#14643 = DIRECTION('',(0.,0.,1.));
#14644 = DIRECTION('',(1.,0.,-0.));
#14645 = DEFINITIONAL_REPRESENTATION('',(#14646),#14650);
#14646 = LINE('',#14647,#14648);
#14647 = CARTESIAN_POINT('',(0.,0.));
#14648 = VECTOR('',#14649,1.);
#14649 = DIRECTION('',(0.,1.));
#14650 = ( GEOMETRIC_REPRESENTATION_CONTEXT(2) 
PARAMETRIC_REPRESENTATION_CONTEXT() REPRESENTATION_CONTEXT('2D SPACE',''
  ) );
#14651 = ADVANCED_FACE('',(#14652),#14666,.T.);
#14652 = FACE_BOUND('',#14653,.T.);
#14653 = EDGE_LOOP('',(#14654,#14684,#14707,#14730));
#14654 = ORIENTED_EDGE('',*,*,#14655,.F.);
#14655 = EDGE_CURVE('',#14656,#14658,#14660,.T.);
#14656 = VERTEX_POINT('',#14657);
#14657 = CARTESIAN_POINT('',(2.085,-0.905,2.5));
#14658 = VERTEX_POINT('',#14659);
#14659 = CARTESIAN_POINT('',(2.085,-0.905,3.85));
#14660 = SURFACE_CURVE('',#14661,(#14665,#14677),.PCURVE_S1.);
#14661 = LINE('',#14662,#14663);
#14662 = CARTESIAN_POINT('',(2.085,-0.905,2.5));
#14663 = VECTOR('',#14664,1.);
#14664 = DIRECTION('',(0.,0.,1.));
#14665 = PCURVE('',#14666,#14671);
#14666 = PLANE('',#14667);
#14667 = AXIS2_PLACEMENT_3D('',#14668,#14669,#14670);
#14668 = CARTESIAN_POINT('',(2.085,-0.905,2.5));
#14669 = DIRECTION('',(1.,0.,-0.));
#14670 = DIRECTION('',(0.,0.,1.));
#14671 = DEFINITIONAL_REPRESENTATION('',(#14672),#14676);
#14672 = LINE('',#14673,#14674);
#14673 = CARTESIAN_POINT('',(0.,0.));
#14674 = VECTOR('',#14675,1.);
#14675 = DIRECTION('',(1.,0.));
#14676 = ( GEOMETRIC_REPRESENTATION_CONTEXT(2) 
PARAMETRIC_REPRESENTATION_CONTEXT() REPRESENTATION_CONTEXT('2D SPACE',''
  ) );
#14677 = PCURVE('',#14558,#14678);
#14678 = DEFINITIONAL_REPRESENTATION('',(#14679),#14683);
#14679 = LINE('',#14680,#14681);
#14680 = CARTESIAN_POINT('',(0.,0.36));
#14681 = VECTOR('',#14682,1.);
#14682 = DIRECTION('',(1.,0.));
#14683 = ( GEOMETRIC_REPRESENTATION_CONTEXT(2) 
PARAMETRIC_REPRESENTATION_CONTEXT() REPRESENTATION_CONTEXT('2D SPACE',''
  ) );
#14684 = ORIENTED_EDGE('',*,*,#14685,.T.);
#14685 = EDGE_CURVE('',#14656,#14686,#14688,.T.);
#14686 = VERTEX_POINT('',#14687);
#14687 = CARTESIAN_POINT('',(2.085,-0.825,2.5));
#14688 = SURFACE_CURVE('',#14689,(#14693,#14700),.PCURVE_S1.);
#14689 = LINE('',#14690,#14691);
#14690 = CARTESIAN_POINT('',(2.085,-0.905,2.5));
#14691 = VECTOR('',#14692,1.);
#14692 = DIRECTION('',(-0.,1.,0.));
#14693 = PCURVE('',#14666,#14694);
#14694 = DEFINITIONAL_REPRESENTATION('',(#14695),#14699);
#14695 = LINE('',#14696,#14697);
#14696 = CARTESIAN_POINT('',(0.,0.));
#14697 = VECTOR('',#14698,1.);
#14698 = DIRECTION('',(0.,-1.));
#14699 = ( GEOMETRIC_REPRESENTATION_CONTEXT(2) 
PARAMETRIC_REPRESENTATION_CONTEXT() REPRESENTATION_CONTEXT('2D SPACE',''
  ) );
#14700 = PCURVE('',#14586,#14701);
#14701 = DEFINITIONAL_REPRESENTATION('',(#14702),#14706);
#14702 = LINE('',#14703,#14704);
#14703 = CARTESIAN_POINT('',(0.36,0.));
#14704 = VECTOR('',#14705,1.);
#14705 = DIRECTION('',(0.,1.));
#14706 = ( GEOMETRIC_REPRESENTATION_CONTEXT(2) 
PARAMETRIC_REPRESENTATION_CONTEXT() REPRESENTATION_CONTEXT('2D SPACE',''
  ) );
#14707 = ORIENTED_EDGE('',*,*,#14708,.T.);
#14708 = EDGE_CURVE('',#14686,#14709,#14711,.T.);
#14709 = VERTEX_POINT('',#14710);
#14710 = CARTESIAN_POINT('',(2.085,-0.825,3.85));
#14711 = SURFACE_CURVE('',#14712,(#14716,#14723),.PCURVE_S1.);
#14712 = LINE('',#14713,#14714);
#14713 = CARTESIAN_POINT('',(2.085,-0.825,2.5));
#14714 = VECTOR('',#14715,1.);
#14715 = DIRECTION('',(0.,0.,1.));
#14716 = PCURVE('',#14666,#14717);
#14717 = DEFINITIONAL_REPRESENTATION('',(#14718),#14722);
#14718 = LINE('',#14719,#14720);
#14719 = CARTESIAN_POINT('',(0.,-8.E-02));
#14720 = VECTOR('',#14721,1.);
#14721 = DIRECTION('',(1.,0.));
#14722 = ( GEOMETRIC_REPRESENTATION_CONTEXT(2) 
PARAMETRIC_REPRESENTATION_CONTEXT() REPRESENTATION_CONTEXT('2D SPACE',''
  ) );
#14723 = PCURVE('',#14614,#14724);
#14724 = DEFINITIONAL_REPRESENTATION('',(#14725),#14729);
#14725 = LINE('',#14726,#14727);
#14726 = CARTESIAN_POINT('',(0.,0.36));
#14727 = VECTOR('',#14728,1.);
#14728 = DIRECTION('',(1.,0.));
#14729 = ( GEOMETRIC_REPRESENTATION_CONTEXT(2) 
PARAMETRIC_REPRESENTATION_CONTEXT() REPRESENTATION_CONTEXT('2D SPACE',''
  ) );
#14730 = ORIENTED_EDGE('',*,*,#14731,.F.);
#14731 = EDGE_CURVE('',#14658,#14709,#14732,.T.);
#14732 = SURFACE_CURVE('',#14733,(#14737,#14744),.PCURVE_S1.);
#14733 = LINE('',#14734,#14735);
#14734 = CARTESIAN_POINT('',(2.085,-0.905,3.85));
#14735 = VECTOR('',#14736,1.);
#14736 = DIRECTION('',(-0.,1.,0.));
#14737 = PCURVE('',#14666,#14738);
#14738 = DEFINITIONAL_REPRESENTATION('',(#14739),#14743);
#14739 = LINE('',#14740,#14741);
#14740 = CARTESIAN_POINT('',(1.35,0.));
#14741 = VECTOR('',#14742,1.);
#14742 = DIRECTION('',(0.,-1.));
#14743 = ( GEOMETRIC_REPRESENTATION_CONTEXT(2) 
PARAMETRIC_REPRESENTATION_CONTEXT() REPRESENTATION_CONTEXT('2D SPACE',''
  ) );
#14744 = PCURVE('',#14640,#14745);
#14745 = DEFINITIONAL_REPRESENTATION('',(#14746),#14750);
#14746 = LINE('',#14747,#14748);
#14747 = CARTESIAN_POINT('',(0.36,0.));
#14748 = VECTOR('',#14749,1.);
#14749 = DIRECTION('',(0.,1.));
#14750 = ( GEOMETRIC_REPRESENTATION_CONTEXT(2) 
PARAMETRIC_REPRESENTATION_CONTEXT() REPRESENTATION_CONTEXT('2D SPACE',''
  ) );
#14751 = ADVANCED_FACE('',(#14752),#14558,.F.);
#14752 = FACE_BOUND('',#14753,.F.);
#14753 = EDGE_LOOP('',(#14754,#14775,#14776,#14797));
#14754 = ORIENTED_EDGE('',*,*,#14755,.F.);
#14755 = EDGE_CURVE('',#14536,#14656,#14756,.T.);
#14756 = SURFACE_CURVE('',#14757,(#14761,#14768),.PCURVE_S1.);
#14757 = LINE('',#14758,#14759);
#14758 = CARTESIAN_POINT('',(1.725,-0.905,2.5));
#14759 = VECTOR('',#14760,1.);
#14760 = DIRECTION('',(1.,0.,-0.));
#14761 = PCURVE('',#14558,#14762);
#14762 = DEFINITIONAL_REPRESENTATION('',(#14763),#14767);
#14763 = LINE('',#14764,#14765);
#14764 = CARTESIAN_POINT('',(0.,0.));
#14765 = VECTOR('',#14766,1.);
#14766 = DIRECTION('',(0.,1.));
#14767 = ( GEOMETRIC_REPRESENTATION_CONTEXT(2) 
PARAMETRIC_REPRESENTATION_CONTEXT() REPRESENTATION_CONTEXT('2D SPACE',''
  ) );
#14768 = PCURVE('',#14586,#14769);
#14769 = DEFINITIONAL_REPRESENTATION('',(#14770),#14774);
#14770 = LINE('',#14771,#14772);
#14771 = CARTESIAN_POINT('',(0.,0.));
#14772 = VECTOR('',#14773,1.);
#14773 = DIRECTION('',(1.,0.));
#14774 = ( GEOMETRIC_REPRESENTATION_CONTEXT(2) 
PARAMETRIC_REPRESENTATION_CONTEXT() REPRESENTATION_CONTEXT('2D SPACE',''
  ) );
#14775 = ORIENTED_EDGE('',*,*,#14535,.T.);
#14776 = ORIENTED_EDGE('',*,*,#14777,.T.);
#14777 = EDGE_CURVE('',#14538,#14658,#14778,.T.);
#14778 = SURFACE_CURVE('',#14779,(#14783,#14790),.PCURVE_S1.);
#14779 = LINE('',#14780,#14781);
#14780 = CARTESIAN_POINT('',(1.725,-0.905,3.85));
#14781 = VECTOR('',#14782,1.);
#14782 = DIRECTION('',(1.,0.,-0.));
#14783 = PCURVE('',#14558,#14784);
#14784 = DEFINITIONAL_REPRESENTATION('',(#14785),#14789);
#14785 = LINE('',#14786,#14787);
#14786 = CARTESIAN_POINT('',(1.35,0.));
#14787 = VECTOR('',#14788,1.);
#14788 = DIRECTION('',(0.,1.));
#14789 = ( GEOMETRIC_REPRESENTATION_CONTEXT(2) 
PARAMETRIC_REPRESENTATION_CONTEXT() REPRESENTATION_CONTEXT('2D SPACE',''
  ) );
#14790 = PCURVE('',#14640,#14791);
#14791 = DEFINITIONAL_REPRESENTATION('',(#14792),#14796);
#14792 = LINE('',#14793,#14794);
#14793 = CARTESIAN_POINT('',(0.,0.));
#14794 = VECTOR('',#14795,1.);
#14795 = DIRECTION('',(1.,0.));
#14796 = ( GEOMETRIC_REPRESENTATION_CONTEXT(2) 
PARAMETRIC_REPRESENTATION_CONTEXT() REPRESENTATION_CONTEXT('2D SPACE',''
  ) );
#14797 = ORIENTED_EDGE('',*,*,#14655,.F.);
#14798 = ADVANCED_FACE('',(#14799),#14614,.T.);
#14799 = FACE_BOUND('',#14800,.T.);
#14800 = EDGE_LOOP('',(#14801,#14822,#14823,#14844));
#14801 = ORIENTED_EDGE('',*,*,#14802,.F.);
#14802 = EDGE_CURVE('',#14571,#14686,#14803,.T.);
#14803 = SURFACE_CURVE('',#14804,(#14808,#14815),.PCURVE_S1.);
#14804 = LINE('',#14805,#14806);
#14805 = CARTESIAN_POINT('',(1.725,-0.825,2.5));
#14806 = VECTOR('',#14807,1.);
#14807 = DIRECTION('',(1.,0.,-0.));
#14808 = PCURVE('',#14614,#14809);
#14809 = DEFINITIONAL_REPRESENTATION('',(#14810),#14814);
#14810 = LINE('',#14811,#14812);
#14811 = CARTESIAN_POINT('',(0.,0.));
#14812 = VECTOR('',#14813,1.);
#14813 = DIRECTION('',(0.,1.));
#14814 = ( GEOMETRIC_REPRESENTATION_CONTEXT(2) 
PARAMETRIC_REPRESENTATION_CONTEXT() REPRESENTATION_CONTEXT('2D SPACE',''
  ) );
#14815 = PCURVE('',#14586,#14816);
#14816 = DEFINITIONAL_REPRESENTATION('',(#14817),#14821);
#14817 = LINE('',#14818,#14819);
#14818 = CARTESIAN_POINT('',(0.,8.E-02));
#14819 = VECTOR('',#14820,1.);
#14820 = DIRECTION('',(1.,0.));
#14821 = ( GEOMETRIC_REPRESENTATION_CONTEXT(2) 
PARAMETRIC_REPRESENTATION_CONTEXT() REPRESENTATION_CONTEXT('2D SPACE',''
  ) );
#14822 = ORIENTED_EDGE('',*,*,#14598,.T.);
#14823 = ORIENTED_EDGE('',*,*,#14824,.T.);
#14824 = EDGE_CURVE('',#14599,#14709,#14825,.T.);
#14825 = SURFACE_CURVE('',#14826,(#14830,#14837),.PCURVE_S1.);
#14826 = LINE('',#14827,#14828);
#14827 = CARTESIAN_POINT('',(1.725,-0.825,3.85));
#14828 = VECTOR('',#14829,1.);
#14829 = DIRECTION('',(1.,0.,-0.));
#14830 = PCURVE('',#14614,#14831);
#14831 = DEFINITIONAL_REPRESENTATION('',(#14832),#14836);
#14832 = LINE('',#14833,#14834);
#14833 = CARTESIAN_POINT('',(1.35,0.));
#14834 = VECTOR('',#14835,1.);
#14835 = DIRECTION('',(0.,1.));
#14836 = ( GEOMETRIC_REPRESENTATION_CONTEXT(2) 
PARAMETRIC_REPRESENTATION_CONTEXT() REPRESENTATION_CONTEXT('2D SPACE',''
  ) );
#14837 = PCURVE('',#14640,#14838);
#14838 = DEFINITIONAL_REPRESENTATION('',(#14839),#14843);
#14839 = LINE('',#14840,#14841);
#14840 = CARTESIAN_POINT('',(0.,8.E-02));
#14841 = VECTOR('',#14842,1.);
#14842 = DIRECTION('',(1.,0.));
#14843 = ( GEOMETRIC_REPRESENTATION_CONTEXT(2) 
PARAMETRIC_REPRESENTATION_CONTEXT() REPRESENTATION_CONTEXT('2D SPACE',''
  ) );
#14844 = ORIENTED_EDGE('',*,*,#14708,.F.);
#14845 = ADVANCED_FACE('',(#14846),#14586,.F.);
#14846 = FACE_BOUND('',#14847,.F.);
#14847 = EDGE_LOOP('',(#14848,#14849,#14850,#14851));
#14848 = ORIENTED_EDGE('',*,*,#14570,.F.);
#14849 = ORIENTED_EDGE('',*,*,#14755,.T.);
#14850 = ORIENTED_EDGE('',*,*,#14685,.T.);
#14851 = ORIENTED_EDGE('',*,*,#14802,.F.);
#14852 = ADVANCED_FACE('',(#14853),#14640,.T.);
#14853 = FACE_BOUND('',#14854,.T.);
#14854 = EDGE_LOOP('',(#14855,#14856,#14857,#14858));
#14855 = ORIENTED_EDGE('',*,*,#14626,.F.);
#14856 = ORIENTED_EDGE('',*,*,#14777,.T.);
#14857 = ORIENTED_EDGE('',*,*,#14731,.T.);
#14858 = ORIENTED_EDGE('',*,*,#14824,.F.);
#14859 = MANIFOLD_SOLID_BREP('',#14860);
#14860 = CLOSED_SHELL('',(#14861,#14981,#15081,#15128,#15175,#15182));
#14861 = ADVANCED_FACE('',(#14862),#14876,.F.);
#14862 = FACE_BOUND('',#14863,.F.);
#14863 = EDGE_LOOP('',(#14864,#14899,#14927,#14955));
#14864 = ORIENTED_EDGE('',*,*,#14865,.F.);
#14865 = EDGE_CURVE('',#14866,#14868,#14870,.T.);
#14866 = VERTEX_POINT('',#14867);
#14867 = CARTESIAN_POINT('',(1.725,-0.445,2.5));
#14868 = VERTEX_POINT('',#14869);
#14869 = CARTESIAN_POINT('',(1.725,-0.445,3.85));
#14870 = SURFACE_CURVE('',#14871,(#14875,#14887),.PCURVE_S1.);
#14871 = LINE('',#14872,#14873);
#14872 = CARTESIAN_POINT('',(1.725,-0.445,2.5));
#14873 = VECTOR('',#14874,1.);
#14874 = DIRECTION('',(0.,0.,1.));
#14875 = PCURVE('',#14876,#14881);
#14876 = PLANE('',#14877);
#14877 = AXIS2_PLACEMENT_3D('',#14878,#14879,#14880);
#14878 = CARTESIAN_POINT('',(1.725,-0.445,2.5));
#14879 = DIRECTION('',(1.,0.,-0.));
#14880 = DIRECTION('',(0.,0.,1.));
#14881 = DEFINITIONAL_REPRESENTATION('',(#14882),#14886);
#14882 = LINE('',#14883,#14884);
#14883 = CARTESIAN_POINT('',(0.,0.));
#14884 = VECTOR('',#14885,1.);
#14885 = DIRECTION('',(1.,0.));
#14886 = ( GEOMETRIC_REPRESENTATION_CONTEXT(2) 
PARAMETRIC_REPRESENTATION_CONTEXT() REPRESENTATION_CONTEXT('2D SPACE',''
  ) );
#14887 = PCURVE('',#14888,#14893);
#14888 = PLANE('',#14889);
#14889 = AXIS2_PLACEMENT_3D('',#14890,#14891,#14892);
#14890 = CARTESIAN_POINT('',(1.725,-0.445,2.5));
#14891 = DIRECTION('',(-0.,1.,0.));
#14892 = DIRECTION('',(0.,0.,1.));
#14893 = DEFINITIONAL_REPRESENTATION('',(#14894),#14898);
#14894 = LINE('',#14895,#14896);
#14895 = CARTESIAN_POINT('',(0.,0.));
#14896 = VECTOR('',#14897,1.);
#14897 = DIRECTION('',(1.,0.));
#14898 = ( GEOMETRIC_REPRESENTATION_CONTEXT(2) 
PARAMETRIC_REPRESENTATION_CONTEXT() REPRESENTATION_CONTEXT('2D SPACE',''
  ) );
#14899 = ORIENTED_EDGE('',*,*,#14900,.T.);
#14900 = EDGE_CURVE('',#14866,#14901,#14903,.T.);
#14901 = VERTEX_POINT('',#14902);
#14902 = CARTESIAN_POINT('',(1.725,-0.365,2.5));
#14903 = SURFACE_CURVE('',#14904,(#14908,#14915),.PCURVE_S1.);
#14904 = LINE('',#14905,#14906);
#14905 = CARTESIAN_POINT('',(1.725,-0.445,2.5));
#14906 = VECTOR('',#14907,1.);
#14907 = DIRECTION('',(-0.,1.,0.));
#14908 = PCURVE('',#14876,#14909);
#14909 = DEFINITIONAL_REPRESENTATION('',(#14910),#14914);
#14910 = LINE('',#14911,#14912);
#14911 = CARTESIAN_POINT('',(0.,0.));
#14912 = VECTOR('',#14913,1.);
#14913 = DIRECTION('',(0.,-1.));
#14914 = ( GEOMETRIC_REPRESENTATION_CONTEXT(2) 
PARAMETRIC_REPRESENTATION_CONTEXT() REPRESENTATION_CONTEXT('2D SPACE',''
  ) );
#14915 = PCURVE('',#14916,#14921);
#14916 = PLANE('',#14917);
#14917 = AXIS2_PLACEMENT_3D('',#14918,#14919,#14920);
#14918 = CARTESIAN_POINT('',(1.725,-0.445,2.5));
#14919 = DIRECTION('',(0.,0.,1.));
#14920 = DIRECTION('',(1.,0.,-0.));
#14921 = DEFINITIONAL_REPRESENTATION('',(#14922),#14926);
#14922 = LINE('',#14923,#14924);
#14923 = CARTESIAN_POINT('',(0.,0.));
#14924 = VECTOR('',#14925,1.);
#14925 = DIRECTION('',(0.,1.));
#14926 = ( GEOMETRIC_REPRESENTATION_CONTEXT(2) 
PARAMETRIC_REPRESENTATION_CONTEXT() REPRESENTATION_CONTEXT('2D SPACE',''
  ) );
#14927 = ORIENTED_EDGE('',*,*,#14928,.T.);
#14928 = EDGE_CURVE('',#14901,#14929,#14931,.T.);
#14929 = VERTEX_POINT('',#14930);
#14930 = CARTESIAN_POINT('',(1.725,-0.365,3.85));
#14931 = SURFACE_CURVE('',#14932,(#14936,#14943),.PCURVE_S1.);
#14932 = LINE('',#14933,#14934);
#14933 = CARTESIAN_POINT('',(1.725,-0.365,2.5));
#14934 = VECTOR('',#14935,1.);
#14935 = DIRECTION('',(0.,0.,1.));
#14936 = PCURVE('',#14876,#14937);
#14937 = DEFINITIONAL_REPRESENTATION('',(#14938),#14942);
#14938 = LINE('',#14939,#14940);
#14939 = CARTESIAN_POINT('',(0.,-8.E-02));
#14940 = VECTOR('',#14941,1.);
#14941 = DIRECTION('',(1.,0.));
#14942 = ( GEOMETRIC_REPRESENTATION_CONTEXT(2) 
PARAMETRIC_REPRESENTATION_CONTEXT() REPRESENTATION_CONTEXT('2D SPACE',''
  ) );
#14943 = PCURVE('',#14944,#14949);
#14944 = PLANE('',#14945);
#14945 = AXIS2_PLACEMENT_3D('',#14946,#14947,#14948);
#14946 = CARTESIAN_POINT('',(1.725,-0.365,2.5));
#14947 = DIRECTION('',(-0.,1.,0.));
#14948 = DIRECTION('',(0.,0.,1.));
#14949 = DEFINITIONAL_REPRESENTATION('',(#14950),#14954);
#14950 = LINE('',#14951,#14952);
#14951 = CARTESIAN_POINT('',(0.,0.));
#14952 = VECTOR('',#14953,1.);
#14953 = DIRECTION('',(1.,0.));
#14954 = ( GEOMETRIC_REPRESENTATION_CONTEXT(2) 
PARAMETRIC_REPRESENTATION_CONTEXT() REPRESENTATION_CONTEXT('2D SPACE',''
  ) );
#14955 = ORIENTED_EDGE('',*,*,#14956,.F.);
#14956 = EDGE_CURVE('',#14868,#14929,#14957,.T.);
#14957 = SURFACE_CURVE('',#14958,(#14962,#14969),.PCURVE_S1.);
#14958 = LINE('',#14959,#14960);
#14959 = CARTESIAN_POINT('',(1.725,-0.445,3.85));
#14960 = VECTOR('',#14961,1.);
#14961 = DIRECTION('',(-0.,1.,0.));
#14962 = PCURVE('',#14876,#14963);
#14963 = DEFINITIONAL_REPRESENTATION('',(#14964),#14968);
#14964 = LINE('',#14965,#14966);
#14965 = CARTESIAN_POINT('',(1.35,0.));
#14966 = VECTOR('',#14967,1.);
#14967 = DIRECTION('',(0.,-1.));
#14968 = ( GEOMETRIC_REPRESENTATION_CONTEXT(2) 
PARAMETRIC_REPRESENTATION_CONTEXT() REPRESENTATION_CONTEXT('2D SPACE',''
  ) );
#14969 = PCURVE('',#14970,#14975);
#14970 = PLANE('',#14971);
#14971 = AXIS2_PLACEMENT_3D('',#14972,#14973,#14974);
#14972 = CARTESIAN_POINT('',(1.725,-0.445,3.85));
#14973 = DIRECTION('',(0.,0.,1.));
#14974 = DIRECTION('',(1.,0.,-0.));
#14975 = DEFINITIONAL_REPRESENTATION('',(#14976),#14980);
#14976 = LINE('',#14977,#14978);
#14977 = CARTESIAN_POINT('',(0.,0.));
#14978 = VECTOR('',#14979,1.);
#14979 = DIRECTION('',(0.,1.));
#14980 = ( GEOMETRIC_REPRESENTATION_CONTEXT(2) 
PARAMETRIC_REPRESENTATION_CONTEXT() REPRESENTATION_CONTEXT('2D SPACE',''
  ) );
#14981 = ADVANCED_FACE('',(#14982),#14996,.T.);
#14982 = FACE_BOUND('',#14983,.T.);
#14983 = EDGE_LOOP('',(#14984,#15014,#15037,#15060));
#14984 = ORIENTED_EDGE('',*,*,#14985,.F.);
#14985 = EDGE_CURVE('',#14986,#14988,#14990,.T.);
#14986 = VERTEX_POINT('',#14987);
#14987 = CARTESIAN_POINT('',(2.085,-0.445,2.5));
#14988 = VERTEX_POINT('',#14989);
#14989 = CARTESIAN_POINT('',(2.085,-0.445,3.85));
#14990 = SURFACE_CURVE('',#14991,(#14995,#15007),.PCURVE_S1.);
#14991 = LINE('',#14992,#14993);
#14992 = CARTESIAN_POINT('',(2.085,-0.445,2.5));
#14993 = VECTOR('',#14994,1.);
#14994 = DIRECTION('',(0.,0.,1.));
#14995 = PCURVE('',#14996,#15001);
#14996 = PLANE('',#14997);
#14997 = AXIS2_PLACEMENT_3D('',#14998,#14999,#15000);
#14998 = CARTESIAN_POINT('',(2.085,-0.445,2.5));
#14999 = DIRECTION('',(1.,0.,-0.));
#15000 = DIRECTION('',(0.,0.,1.));
#15001 = DEFINITIONAL_REPRESENTATION('',(#15002),#15006);
#15002 = LINE('',#15003,#15004);
#15003 = CARTESIAN_POINT('',(0.,0.));
#15004 = VECTOR('',#15005,1.);
#15005 = DIRECTION('',(1.,0.));
#15006 = ( GEOMETRIC_REPRESENTATION_CONTEXT(2) 
PARAMETRIC_REPRESENTATION_CONTEXT() REPRESENTATION_CONTEXT('2D SPACE',''
  ) );
#15007 = PCURVE('',#14888,#15008);
#15008 = DEFINITIONAL_REPRESENTATION('',(#15009),#15013);
#15009 = LINE('',#15010,#15011);
#15010 = CARTESIAN_POINT('',(0.,0.36));
#15011 = VECTOR('',#15012,1.);
#15012 = DIRECTION('',(1.,0.));
#15013 = ( GEOMETRIC_REPRESENTATION_CONTEXT(2) 
PARAMETRIC_REPRESENTATION_CONTEXT() REPRESENTATION_CONTEXT('2D SPACE',''
  ) );
#15014 = ORIENTED_EDGE('',*,*,#15015,.T.);
#15015 = EDGE_CURVE('',#14986,#15016,#15018,.T.);
#15016 = VERTEX_POINT('',#15017);
#15017 = CARTESIAN_POINT('',(2.085,-0.365,2.5));
#15018 = SURFACE_CURVE('',#15019,(#15023,#15030),.PCURVE_S1.);
#15019 = LINE('',#15020,#15021);
#15020 = CARTESIAN_POINT('',(2.085,-0.445,2.5));
#15021 = VECTOR('',#15022,1.);
#15022 = DIRECTION('',(-0.,1.,0.));
#15023 = PCURVE('',#14996,#15024);
#15024 = DEFINITIONAL_REPRESENTATION('',(#15025),#15029);
#15025 = LINE('',#15026,#15027);
#15026 = CARTESIAN_POINT('',(0.,0.));
#15027 = VECTOR('',#15028,1.);
#15028 = DIRECTION('',(0.,-1.));
#15029 = ( GEOMETRIC_REPRESENTATION_CONTEXT(2) 
PARAMETRIC_REPRESENTATION_CONTEXT() REPRESENTATION_CONTEXT('2D SPACE',''
  ) );
#15030 = PCURVE('',#14916,#15031);
#15031 = DEFINITIONAL_REPRESENTATION('',(#15032),#15036);
#15032 = LINE('',#15033,#15034);
#15033 = CARTESIAN_POINT('',(0.36,0.));
#15034 = VECTOR('',#15035,1.);
#15035 = DIRECTION('',(0.,1.));
#15036 = ( GEOMETRIC_REPRESENTATION_CONTEXT(2) 
PARAMETRIC_REPRESENTATION_CONTEXT() REPRESENTATION_CONTEXT('2D SPACE',''
  ) );
#15037 = ORIENTED_EDGE('',*,*,#15038,.T.);
#15038 = EDGE_CURVE('',#15016,#15039,#15041,.T.);
#15039 = VERTEX_POINT('',#15040);
#15040 = CARTESIAN_POINT('',(2.085,-0.365,3.85));
#15041 = SURFACE_CURVE('',#15042,(#15046,#15053),.PCURVE_S1.);
#15042 = LINE('',#15043,#15044);
#15043 = CARTESIAN_POINT('',(2.085,-0.365,2.5));
#15044 = VECTOR('',#15045,1.);
#15045 = DIRECTION('',(0.,0.,1.));
#15046 = PCURVE('',#14996,#15047);
#15047 = DEFINITIONAL_REPRESENTATION('',(#15048),#15052);
#15048 = LINE('',#15049,#15050);
#15049 = CARTESIAN_POINT('',(0.,-8.E-02));
#15050 = VECTOR('',#15051,1.);
#15051 = DIRECTION('',(1.,0.));
#15052 = ( GEOMETRIC_REPRESENTATION_CONTEXT(2) 
PARAMETRIC_REPRESENTATION_CONTEXT() REPRESENTATION_CONTEXT('2D SPACE',''
  ) );
#15053 = PCURVE('',#14944,#15054);
#15054 = DEFINITIONAL_REPRESENTATION('',(#15055),#15059);
#15055 = LINE('',#15056,#15057);
#15056 = CARTESIAN_POINT('',(0.,0.36));
#15057 = VECTOR('',#15058,1.);
#15058 = DIRECTION('',(1.,0.));
#15059 = ( GEOMETRIC_REPRESENTATION_CONTEXT(2) 
PARAMETRIC_REPRESENTATION_CONTEXT() REPRESENTATION_CONTEXT('2D SPACE',''
  ) );
#15060 = ORIENTED_EDGE('',*,*,#15061,.F.);
#15061 = EDGE_CURVE('',#14988,#15039,#15062,.T.);
#15062 = SURFACE_CURVE('',#15063,(#15067,#15074),.PCURVE_S1.);
#15063 = LINE('',#15064,#15065);
#15064 = CARTESIAN_POINT('',(2.085,-0.445,3.85));
#15065 = VECTOR('',#15066,1.);
#15066 = DIRECTION('',(-0.,1.,0.));
#15067 = PCURVE('',#14996,#15068);
#15068 = DEFINITIONAL_REPRESENTATION('',(#15069),#15073);
#15069 = LINE('',#15070,#15071);
#15070 = CARTESIAN_POINT('',(1.35,0.));
#15071 = VECTOR('',#15072,1.);
#15072 = DIRECTION('',(0.,-1.));
#15073 = ( GEOMETRIC_REPRESENTATION_CONTEXT(2) 
PARAMETRIC_REPRESENTATION_CONTEXT() REPRESENTATION_CONTEXT('2D SPACE',''
  ) );
#15074 = PCURVE('',#14970,#15075);
#15075 = DEFINITIONAL_REPRESENTATION('',(#15076),#15080);
#15076 = LINE('',#15077,#15078);
#15077 = CARTESIAN_POINT('',(0.36,0.));
#15078 = VECTOR('',#15079,1.);
#15079 = DIRECTION('',(0.,1.));
#15080 = ( GEOMETRIC_REPRESENTATION_CONTEXT(2) 
PARAMETRIC_REPRESENTATION_CONTEXT() REPRESENTATION_CONTEXT('2D SPACE',''
  ) );
#15081 = ADVANCED_FACE('',(#15082),#14888,.F.);
#15082 = FACE_BOUND('',#15083,.F.);
#15083 = EDGE_LOOP('',(#15084,#15105,#15106,#15127));
#15084 = ORIENTED_EDGE('',*,*,#15085,.F.);
#15085 = EDGE_CURVE('',#14866,#14986,#15086,.T.);
#15086 = SURFACE_CURVE('',#15087,(#15091,#15098),.PCURVE_S1.);
#15087 = LINE('',#15088,#15089);
#15088 = CARTESIAN_POINT('',(1.725,-0.445,2.5));
#15089 = VECTOR('',#15090,1.);
#15090 = DIRECTION('',(1.,0.,-0.));
#15091 = PCURVE('',#14888,#15092);
#15092 = DEFINITIONAL_REPRESENTATION('',(#15093),#15097);
#15093 = LINE('',#15094,#15095);
#15094 = CARTESIAN_POINT('',(0.,0.));
#15095 = VECTOR('',#15096,1.);
#15096 = DIRECTION('',(0.,1.));
#15097 = ( GEOMETRIC_REPRESENTATION_CONTEXT(2) 
PARAMETRIC_REPRESENTATION_CONTEXT() REPRESENTATION_CONTEXT('2D SPACE',''
  ) );
#15098 = PCURVE('',#14916,#15099);
#15099 = DEFINITIONAL_REPRESENTATION('',(#15100),#15104);
#15100 = LINE('',#15101,#15102);
#15101 = CARTESIAN_POINT('',(0.,0.));
#15102 = VECTOR('',#15103,1.);
#15103 = DIRECTION('',(1.,0.));
#15104 = ( GEOMETRIC_REPRESENTATION_CONTEXT(2) 
PARAMETRIC_REPRESENTATION_CONTEXT() REPRESENTATION_CONTEXT('2D SPACE',''
  ) );
#15105 = ORIENTED_EDGE('',*,*,#14865,.T.);
#15106 = ORIENTED_EDGE('',*,*,#15107,.T.);
#15107 = EDGE_CURVE('',#14868,#14988,#15108,.T.);
#15108 = SURFACE_CURVE('',#15109,(#15113,#15120),.PCURVE_S1.);
#15109 = LINE('',#15110,#15111);
#15110 = CARTESIAN_POINT('',(1.725,-0.445,3.85));
#15111 = VECTOR('',#15112,1.);
#15112 = DIRECTION('',(1.,0.,-0.));
#15113 = PCURVE('',#14888,#15114);
#15114 = DEFINITIONAL_REPRESENTATION('',(#15115),#15119);
#15115 = LINE('',#15116,#15117);
#15116 = CARTESIAN_POINT('',(1.35,0.));
#15117 = VECTOR('',#15118,1.);
#15118 = DIRECTION('',(0.,1.));
#15119 = ( GEOMETRIC_REPRESENTATION_CONTEXT(2) 
PARAMETRIC_REPRESENTATION_CONTEXT() REPRESENTATION_CONTEXT('2D SPACE',''
  ) );
#15120 = PCURVE('',#14970,#15121);
#15121 = DEFINITIONAL_REPRESENTATION('',(#15122),#15126);
#15122 = LINE('',#15123,#15124);
#15123 = CARTESIAN_POINT('',(0.,0.));
#15124 = VECTOR('',#15125,1.);
#15125 = DIRECTION('',(1.,0.));
#15126 = ( GEOMETRIC_REPRESENTATION_CONTEXT(2) 
PARAMETRIC_REPRESENTATION_CONTEXT() REPRESENTATION_CONTEXT('2D SPACE',''
  ) );
#15127 = ORIENTED_EDGE('',*,*,#14985,.F.);
#15128 = ADVANCED_FACE('',(#15129),#14944,.T.);
#15129 = FACE_BOUND('',#15130,.T.);
#15130 = EDGE_LOOP('',(#15131,#15152,#15153,#15174));
#15131 = ORIENTED_EDGE('',*,*,#15132,.F.);
#15132 = EDGE_CURVE('',#14901,#15016,#15133,.T.);
#15133 = SURFACE_CURVE('',#15134,(#15138,#15145),.PCURVE_S1.);
#15134 = LINE('',#15135,#15136);
#15135 = CARTESIAN_POINT('',(1.725,-0.365,2.5));
#15136 = VECTOR('',#15137,1.);
#15137 = DIRECTION('',(1.,0.,-0.));
#15138 = PCURVE('',#14944,#15139);
#15139 = DEFINITIONAL_REPRESENTATION('',(#15140),#15144);
#15140 = LINE('',#15141,#15142);
#15141 = CARTESIAN_POINT('',(0.,0.));
#15142 = VECTOR('',#15143,1.);
#15143 = DIRECTION('',(0.,1.));
#15144 = ( GEOMETRIC_REPRESENTATION_CONTEXT(2) 
PARAMETRIC_REPRESENTATION_CONTEXT() REPRESENTATION_CONTEXT('2D SPACE',''
  ) );
#15145 = PCURVE('',#14916,#15146);
#15146 = DEFINITIONAL_REPRESENTATION('',(#15147),#15151);
#15147 = LINE('',#15148,#15149);
#15148 = CARTESIAN_POINT('',(0.,8.E-02));
#15149 = VECTOR('',#15150,1.);
#15150 = DIRECTION('',(1.,0.));
#15151 = ( GEOMETRIC_REPRESENTATION_CONTEXT(2) 
PARAMETRIC_REPRESENTATION_CONTEXT() REPRESENTATION_CONTEXT('2D SPACE',''
  ) );
#15152 = ORIENTED_EDGE('',*,*,#14928,.T.);
#15153 = ORIENTED_EDGE('',*,*,#15154,.T.);
#15154 = EDGE_CURVE('',#14929,#15039,#15155,.T.);
#15155 = SURFACE_CURVE('',#15156,(#15160,#15167),.PCURVE_S1.);
#15156 = LINE('',#15157,#15158);
#15157 = CARTESIAN_POINT('',(1.725,-0.365,3.85));
#15158 = VECTOR('',#15159,1.);
#15159 = DIRECTION('',(1.,0.,-0.));
#15160 = PCURVE('',#14944,#15161);
#15161 = DEFINITIONAL_REPRESENTATION('',(#15162),#15166);
#15162 = LINE('',#15163,#15164);
#15163 = CARTESIAN_POINT('',(1.35,0.));
#15164 = VECTOR('',#15165,1.);
#15165 = DIRECTION('',(0.,1.));
#15166 = ( GEOMETRIC_REPRESENTATION_CONTEXT(2) 
PARAMETRIC_REPRESENTATION_CONTEXT() REPRESENTATION_CONTEXT('2D SPACE',''
  ) );
#15167 = PCURVE('',#14970,#15168);
#15168 = DEFINITIONAL_REPRESENTATION('',(#15169),#15173);
#15169 = LINE('',#15170,#15171);
#15170 = CARTESIAN_POINT('',(0.,8.E-02));
#15171 = VECTOR('',#15172,1.);
#15172 = DIRECTION('',(1.,0.));
#15173 = ( GEOMETRIC_REPRESENTATION_CONTEXT(2) 
PARAMETRIC_REPRESENTATION_CONTEXT() REPRESENTATION_CONTEXT('2D SPACE',''
  ) );
#15174 = ORIENTED_EDGE('',*,*,#15038,.F.);
#15175 = ADVANCED_FACE('',(#15176),#14916,.F.);
#15176 = FACE_BOUND('',#15177,.F.);
#15177 = EDGE_LOOP('',(#15178,#15179,#15180,#15181));
#15178 = ORIENTED_EDGE('',*,*,#14900,.F.);
#15179 = ORIENTED_EDGE('',*,*,#15085,.T.);
#15180 = ORIENTED_EDGE('',*,*,#15015,.T.);
#15181 = ORIENTED_EDGE('',*,*,#15132,.F.);
#15182 = ADVANCED_FACE('',(#15183),#14970,.T.);
#15183 = FACE_BOUND('',#15184,.T.);
#15184 = EDGE_LOOP('',(#15185,#15186,#15187,#15188));
#15185 = ORIENTED_EDGE('',*,*,#14956,.F.);
#15186 = ORIENTED_EDGE('',*,*,#15107,.T.);
#15187 = ORIENTED_EDGE('',*,*,#15061,.T.);
#15188 = ORIENTED_EDGE('',*,*,#15154,.F.);
#15189 = MANIFOLD_SOLID_BREP('',#15190);
#15190 = CLOSED_SHELL('',(#15191,#15311,#15411,#15458,#15505,#15512));
#15191 = ADVANCED_FACE('',(#15192),#15206,.F.);
#15192 = FACE_BOUND('',#15193,.F.);
#15193 = EDGE_LOOP('',(#15194,#15229,#15257,#15285));
#15194 = ORIENTED_EDGE('',*,*,#15195,.F.);
#15195 = EDGE_CURVE('',#15196,#15198,#15200,.T.);
#15196 = VERTEX_POINT('',#15197);
#15197 = CARTESIAN_POINT('',(1.725,0.365,2.5));
#15198 = VERTEX_POINT('',#15199);
#15199 = CARTESIAN_POINT('',(1.725,0.365,3.85));
#15200 = SURFACE_CURVE('',#15201,(#15205,#15217),.PCURVE_S1.);
#15201 = LINE('',#15202,#15203);
#15202 = CARTESIAN_POINT('',(1.725,0.365,2.5));
#15203 = VECTOR('',#15204,1.);
#15204 = DIRECTION('',(0.,0.,1.));
#15205 = PCURVE('',#15206,#15211);
#15206 = PLANE('',#15207);
#15207 = AXIS2_PLACEMENT_3D('',#15208,#15209,#15210);
#15208 = CARTESIAN_POINT('',(1.725,0.365,2.5));
#15209 = DIRECTION('',(1.,0.,-0.));
#15210 = DIRECTION('',(0.,0.,1.));
#15211 = DEFINITIONAL_REPRESENTATION('',(#15212),#15216);
#15212 = LINE('',#15213,#15214);
#15213 = CARTESIAN_POINT('',(0.,0.));
#15214 = VECTOR('',#15215,1.);
#15215 = DIRECTION('',(1.,0.));
#15216 = ( GEOMETRIC_REPRESENTATION_CONTEXT(2) 
PARAMETRIC_REPRESENTATION_CONTEXT() REPRESENTATION_CONTEXT('2D SPACE',''
  ) );
#15217 = PCURVE('',#15218,#15223);
#15218 = PLANE('',#15219);
#15219 = AXIS2_PLACEMENT_3D('',#15220,#15221,#15222);
#15220 = CARTESIAN_POINT('',(1.725,0.365,2.5));
#15221 = DIRECTION('',(-0.,1.,0.));
#15222 = DIRECTION('',(0.,0.,1.));
#15223 = DEFINITIONAL_REPRESENTATION('',(#15224),#15228);
#15224 = LINE('',#15225,#15226);
#15225 = CARTESIAN_POINT('',(0.,0.));
#15226 = VECTOR('',#15227,1.);
#15227 = DIRECTION('',(1.,0.));
#15228 = ( GEOMETRIC_REPRESENTATION_CONTEXT(2) 
PARAMETRIC_REPRESENTATION_CONTEXT() REPRESENTATION_CONTEXT('2D SPACE',''
  ) );
#15229 = ORIENTED_EDGE('',*,*,#15230,.T.);
#15230 = EDGE_CURVE('',#15196,#15231,#15233,.T.);
#15231 = VERTEX_POINT('',#15232);
#15232 = CARTESIAN_POINT('',(1.725,0.445,2.5));
#15233 = SURFACE_CURVE('',#15234,(#15238,#15245),.PCURVE_S1.);
#15234 = LINE('',#15235,#15236);
#15235 = CARTESIAN_POINT('',(1.725,0.365,2.5));
#15236 = VECTOR('',#15237,1.);
#15237 = DIRECTION('',(-0.,1.,0.));
#15238 = PCURVE('',#15206,#15239);
#15239 = DEFINITIONAL_REPRESENTATION('',(#15240),#15244);
#15240 = LINE('',#15241,#15242);
#15241 = CARTESIAN_POINT('',(0.,0.));
#15242 = VECTOR('',#15243,1.);
#15243 = DIRECTION('',(0.,-1.));
#15244 = ( GEOMETRIC_REPRESENTATION_CONTEXT(2) 
PARAMETRIC_REPRESENTATION_CONTEXT() REPRESENTATION_CONTEXT('2D SPACE',''
  ) );
#15245 = PCURVE('',#15246,#15251);
#15246 = PLANE('',#15247);
#15247 = AXIS2_PLACEMENT_3D('',#15248,#15249,#15250);
#15248 = CARTESIAN_POINT('',(1.725,0.365,2.5));
#15249 = DIRECTION('',(0.,0.,1.));
#15250 = DIRECTION('',(1.,0.,-0.));
#15251 = DEFINITIONAL_REPRESENTATION('',(#15252),#15256);
#15252 = LINE('',#15253,#15254);
#15253 = CARTESIAN_POINT('',(0.,0.));
#15254 = VECTOR('',#15255,1.);
#15255 = DIRECTION('',(0.,1.));
#15256 = ( GEOMETRIC_REPRESENTATION_CONTEXT(2) 
PARAMETRIC_REPRESENTATION_CONTEXT() REPRESENTATION_CONTEXT('2D SPACE',''
  ) );
#15257 = ORIENTED_EDGE('',*,*,#15258,.T.);
#15258 = EDGE_CURVE('',#15231,#15259,#15261,.T.);
#15259 = VERTEX_POINT('',#15260);
#15260 = CARTESIAN_POINT('',(1.725,0.445,3.85));
#15261 = SURFACE_CURVE('',#15262,(#15266,#15273),.PCURVE_S1.);
#15262 = LINE('',#15263,#15264);
#15263 = CARTESIAN_POINT('',(1.725,0.445,2.5));
#15264 = VECTOR('',#15265,1.);
#15265 = DIRECTION('',(0.,0.,1.));
#15266 = PCURVE('',#15206,#15267);
#15267 = DEFINITIONAL_REPRESENTATION('',(#15268),#15272);
#15268 = LINE('',#15269,#15270);
#15269 = CARTESIAN_POINT('',(0.,-8.E-02));
#15270 = VECTOR('',#15271,1.);
#15271 = DIRECTION('',(1.,0.));
#15272 = ( GEOMETRIC_REPRESENTATION_CONTEXT(2) 
PARAMETRIC_REPRESENTATION_CONTEXT() REPRESENTATION_CONTEXT('2D SPACE',''
  ) );
#15273 = PCURVE('',#15274,#15279);
#15274 = PLANE('',#15275);
#15275 = AXIS2_PLACEMENT_3D('',#15276,#15277,#15278);
#15276 = CARTESIAN_POINT('',(1.725,0.445,2.5));
#15277 = DIRECTION('',(-0.,1.,0.));
#15278 = DIRECTION('',(0.,0.,1.));
#15279 = DEFINITIONAL_REPRESENTATION('',(#15280),#15284);
#15280 = LINE('',#15281,#15282);
#15281 = CARTESIAN_POINT('',(0.,0.));
#15282 = VECTOR('',#15283,1.);
#15283 = DIRECTION('',(1.,0.));
#15284 = ( GEOMETRIC_REPRESENTATION_CONTEXT(2) 
PARAMETRIC_REPRESENTATION_CONTEXT() REPRESENTATION_CONTEXT('2D SPACE',''
  ) );
#15285 = ORIENTED_EDGE('',*,*,#15286,.F.);
#15286 = EDGE_CURVE('',#15198,#15259,#15287,.T.);
#15287 = SURFACE_CURVE('',#15288,(#15292,#15299),.PCURVE_S1.);
#15288 = LINE('',#15289,#15290);
#15289 = CARTESIAN_POINT('',(1.725,0.365,3.85));
#15290 = VECTOR('',#15291,1.);
#15291 = DIRECTION('',(-0.,1.,0.));
#15292 = PCURVE('',#15206,#15293);
#15293 = DEFINITIONAL_REPRESENTATION('',(#15294),#15298);
#15294 = LINE('',#15295,#15296);
#15295 = CARTESIAN_POINT('',(1.35,0.));
#15296 = VECTOR('',#15297,1.);
#15297 = DIRECTION('',(0.,-1.));
#15298 = ( GEOMETRIC_REPRESENTATION_CONTEXT(2) 
PARAMETRIC_REPRESENTATION_CONTEXT() REPRESENTATION_CONTEXT('2D SPACE',''
  ) );
#15299 = PCURVE('',#15300,#15305);
#15300 = PLANE('',#15301);
#15301 = AXIS2_PLACEMENT_3D('',#15302,#15303,#15304);
#15302 = CARTESIAN_POINT('',(1.725,0.365,3.85));
#15303 = DIRECTION('',(0.,0.,1.));
#15304 = DIRECTION('',(1.,0.,-0.));
#15305 = DEFINITIONAL_REPRESENTATION('',(#15306),#15310);
#15306 = LINE('',#15307,#15308);
#15307 = CARTESIAN_POINT('',(0.,0.));
#15308 = VECTOR('',#15309,1.);
#15309 = DIRECTION('',(0.,1.));
#15310 = ( GEOMETRIC_REPRESENTATION_CONTEXT(2) 
PARAMETRIC_REPRESENTATION_CONTEXT() REPRESENTATION_CONTEXT('2D SPACE',''
  ) );
#15311 = ADVANCED_FACE('',(#15312),#15326,.T.);
#15312 = FACE_BOUND('',#15313,.T.);
#15313 = EDGE_LOOP('',(#15314,#15344,#15367,#15390));
#15314 = ORIENTED_EDGE('',*,*,#15315,.F.);
#15315 = EDGE_CURVE('',#15316,#15318,#15320,.T.);
#15316 = VERTEX_POINT('',#15317);
#15317 = CARTESIAN_POINT('',(2.085,0.365,2.5));
#15318 = VERTEX_POINT('',#15319);
#15319 = CARTESIAN_POINT('',(2.085,0.365,3.85));
#15320 = SURFACE_CURVE('',#15321,(#15325,#15337),.PCURVE_S1.);
#15321 = LINE('',#15322,#15323);
#15322 = CARTESIAN_POINT('',(2.085,0.365,2.5));
#15323 = VECTOR('',#15324,1.);
#15324 = DIRECTION('',(0.,0.,1.));
#15325 = PCURVE('',#15326,#15331);
#15326 = PLANE('',#15327);
#15327 = AXIS2_PLACEMENT_3D('',#15328,#15329,#15330);
#15328 = CARTESIAN_POINT('',(2.085,0.365,2.5));
#15329 = DIRECTION('',(1.,0.,-0.));
#15330 = DIRECTION('',(0.,0.,1.));
#15331 = DEFINITIONAL_REPRESENTATION('',(#15332),#15336);
#15332 = LINE('',#15333,#15334);
#15333 = CARTESIAN_POINT('',(0.,0.));
#15334 = VECTOR('',#15335,1.);
#15335 = DIRECTION('',(1.,0.));
#15336 = ( GEOMETRIC_REPRESENTATION_CONTEXT(2) 
PARAMETRIC_REPRESENTATION_CONTEXT() REPRESENTATION_CONTEXT('2D SPACE',''
  ) );
#15337 = PCURVE('',#15218,#15338);
#15338 = DEFINITIONAL_REPRESENTATION('',(#15339),#15343);
#15339 = LINE('',#15340,#15341);
#15340 = CARTESIAN_POINT('',(0.,0.36));
#15341 = VECTOR('',#15342,1.);
#15342 = DIRECTION('',(1.,0.));
#15343 = ( GEOMETRIC_REPRESENTATION_CONTEXT(2) 
PARAMETRIC_REPRESENTATION_CONTEXT() REPRESENTATION_CONTEXT('2D SPACE',''
  ) );
#15344 = ORIENTED_EDGE('',*,*,#15345,.T.);
#15345 = EDGE_CURVE('',#15316,#15346,#15348,.T.);
#15346 = VERTEX_POINT('',#15347);
#15347 = CARTESIAN_POINT('',(2.085,0.445,2.5));
#15348 = SURFACE_CURVE('',#15349,(#15353,#15360),.PCURVE_S1.);
#15349 = LINE('',#15350,#15351);
#15350 = CARTESIAN_POINT('',(2.085,0.365,2.5));
#15351 = VECTOR('',#15352,1.);
#15352 = DIRECTION('',(-0.,1.,0.));
#15353 = PCURVE('',#15326,#15354);
#15354 = DEFINITIONAL_REPRESENTATION('',(#15355),#15359);
#15355 = LINE('',#15356,#15357);
#15356 = CARTESIAN_POINT('',(0.,0.));
#15357 = VECTOR('',#15358,1.);
#15358 = DIRECTION('',(0.,-1.));
#15359 = ( GEOMETRIC_REPRESENTATION_CONTEXT(2) 
PARAMETRIC_REPRESENTATION_CONTEXT() REPRESENTATION_CONTEXT('2D SPACE',''
  ) );
#15360 = PCURVE('',#15246,#15361);
#15361 = DEFINITIONAL_REPRESENTATION('',(#15362),#15366);
#15362 = LINE('',#15363,#15364);
#15363 = CARTESIAN_POINT('',(0.36,0.));
#15364 = VECTOR('',#15365,1.);
#15365 = DIRECTION('',(0.,1.));
#15366 = ( GEOMETRIC_REPRESENTATION_CONTEXT(2) 
PARAMETRIC_REPRESENTATION_CONTEXT() REPRESENTATION_CONTEXT('2D SPACE',''
  ) );
#15367 = ORIENTED_EDGE('',*,*,#15368,.T.);
#15368 = EDGE_CURVE('',#15346,#15369,#15371,.T.);
#15369 = VERTEX_POINT('',#15370);
#15370 = CARTESIAN_POINT('',(2.085,0.445,3.85));
#15371 = SURFACE_CURVE('',#15372,(#15376,#15383),.PCURVE_S1.);
#15372 = LINE('',#15373,#15374);
#15373 = CARTESIAN_POINT('',(2.085,0.445,2.5));
#15374 = VECTOR('',#15375,1.);
#15375 = DIRECTION('',(0.,0.,1.));
#15376 = PCURVE('',#15326,#15377);
#15377 = DEFINITIONAL_REPRESENTATION('',(#15378),#15382);
#15378 = LINE('',#15379,#15380);
#15379 = CARTESIAN_POINT('',(0.,-8.E-02));
#15380 = VECTOR('',#15381,1.);
#15381 = DIRECTION('',(1.,0.));
#15382 = ( GEOMETRIC_REPRESENTATION_CONTEXT(2) 
PARAMETRIC_REPRESENTATION_CONTEXT() REPRESENTATION_CONTEXT('2D SPACE',''
  ) );
#15383 = PCURVE('',#15274,#15384);
#15384 = DEFINITIONAL_REPRESENTATION('',(#15385),#15389);
#15385 = LINE('',#15386,#15387);
#15386 = CARTESIAN_POINT('',(0.,0.36));
#15387 = VECTOR('',#15388,1.);
#15388 = DIRECTION('',(1.,0.));
#15389 = ( GEOMETRIC_REPRESENTATION_CONTEXT(2) 
PARAMETRIC_REPRESENTATION_CONTEXT() REPRESENTATION_CONTEXT('2D SPACE',''
  ) );
#15390 = ORIENTED_EDGE('',*,*,#15391,.F.);
#15391 = EDGE_CURVE('',#15318,#15369,#15392,.T.);
#15392 = SURFACE_CURVE('',#15393,(#15397,#15404),.PCURVE_S1.);
#15393 = LINE('',#15394,#15395);
#15394 = CARTESIAN_POINT('',(2.085,0.365,3.85));
#15395 = VECTOR('',#15396,1.);
#15396 = DIRECTION('',(-0.,1.,0.));
#15397 = PCURVE('',#15326,#15398);
#15398 = DEFINITIONAL_REPRESENTATION('',(#15399),#15403);
#15399 = LINE('',#15400,#15401);
#15400 = CARTESIAN_POINT('',(1.35,0.));
#15401 = VECTOR('',#15402,1.);
#15402 = DIRECTION('',(0.,-1.));
#15403 = ( GEOMETRIC_REPRESENTATION_CONTEXT(2) 
PARAMETRIC_REPRESENTATION_CONTEXT() REPRESENTATION_CONTEXT('2D SPACE',''
  ) );
#15404 = PCURVE('',#15300,#15405);
#15405 = DEFINITIONAL_REPRESENTATION('',(#15406),#15410);
#15406 = LINE('',#15407,#15408);
#15407 = CARTESIAN_POINT('',(0.36,0.));
#15408 = VECTOR('',#15409,1.);
#15409 = DIRECTION('',(0.,1.));
#15410 = ( GEOMETRIC_REPRESENTATION_CONTEXT(2) 
PARAMETRIC_REPRESENTATION_CONTEXT() REPRESENTATION_CONTEXT('2D SPACE',''
  ) );
#15411 = ADVANCED_FACE('',(#15412),#15218,.F.);
#15412 = FACE_BOUND('',#15413,.F.);
#15413 = EDGE_LOOP('',(#15414,#15435,#15436,#15457));
#15414 = ORIENTED_EDGE('',*,*,#15415,.F.);
#15415 = EDGE_CURVE('',#15196,#15316,#15416,.T.);
#15416 = SURFACE_CURVE('',#15417,(#15421,#15428),.PCURVE_S1.);
#15417 = LINE('',#15418,#15419);
#15418 = CARTESIAN_POINT('',(1.725,0.365,2.5));
#15419 = VECTOR('',#15420,1.);
#15420 = DIRECTION('',(1.,0.,-0.));
#15421 = PCURVE('',#15218,#15422);
#15422 = DEFINITIONAL_REPRESENTATION('',(#15423),#15427);
#15423 = LINE('',#15424,#15425);
#15424 = CARTESIAN_POINT('',(0.,0.));
#15425 = VECTOR('',#15426,1.);
#15426 = DIRECTION('',(0.,1.));
#15427 = ( GEOMETRIC_REPRESENTATION_CONTEXT(2) 
PARAMETRIC_REPRESENTATION_CONTEXT() REPRESENTATION_CONTEXT('2D SPACE',''
  ) );
#15428 = PCURVE('',#15246,#15429);
#15429 = DEFINITIONAL_REPRESENTATION('',(#15430),#15434);
#15430 = LINE('',#15431,#15432);
#15431 = CARTESIAN_POINT('',(0.,0.));
#15432 = VECTOR('',#15433,1.);
#15433 = DIRECTION('',(1.,0.));
#15434 = ( GEOMETRIC_REPRESENTATION_CONTEXT(2) 
PARAMETRIC_REPRESENTATION_CONTEXT() REPRESENTATION_CONTEXT('2D SPACE',''
  ) );
#15435 = ORIENTED_EDGE('',*,*,#15195,.T.);
#15436 = ORIENTED_EDGE('',*,*,#15437,.T.);
#15437 = EDGE_CURVE('',#15198,#15318,#15438,.T.);
#15438 = SURFACE_CURVE('',#15439,(#15443,#15450),.PCURVE_S1.);
#15439 = LINE('',#15440,#15441);
#15440 = CARTESIAN_POINT('',(1.725,0.365,3.85));
#15441 = VECTOR('',#15442,1.);
#15442 = DIRECTION('',(1.,0.,-0.));
#15443 = PCURVE('',#15218,#15444);
#15444 = DEFINITIONAL_REPRESENTATION('',(#15445),#15449);
#15445 = LINE('',#15446,#15447);
#15446 = CARTESIAN_POINT('',(1.35,0.));
#15447 = VECTOR('',#15448,1.);
#15448 = DIRECTION('',(0.,1.));
#15449 = ( GEOMETRIC_REPRESENTATION_CONTEXT(2) 
PARAMETRIC_REPRESENTATION_CONTEXT() REPRESENTATION_CONTEXT('2D SPACE',''
  ) );
#15450 = PCURVE('',#15300,#15451);
#15451 = DEFINITIONAL_REPRESENTATION('',(#15452),#15456);
#15452 = LINE('',#15453,#15454);
#15453 = CARTESIAN_POINT('',(0.,0.));
#15454 = VECTOR('',#15455,1.);
#15455 = DIRECTION('',(1.,0.));
#15456 = ( GEOMETRIC_REPRESENTATION_CONTEXT(2) 
PARAMETRIC_REPRESENTATION_CONTEXT() REPRESENTATION_CONTEXT('2D SPACE',''
  ) );
#15457 = ORIENTED_EDGE('',*,*,#15315,.F.);
#15458 = ADVANCED_FACE('',(#15459),#15274,.T.);
#15459 = FACE_BOUND('',#15460,.T.);
#15460 = EDGE_LOOP('',(#15461,#15482,#15483,#15504));
#15461 = ORIENTED_EDGE('',*,*,#15462,.F.);
#15462 = EDGE_CURVE('',#15231,#15346,#15463,.T.);
#15463 = SURFACE_CURVE('',#15464,(#15468,#15475),.PCURVE_S1.);
#15464 = LINE('',#15465,#15466);
#15465 = CARTESIAN_POINT('',(1.725,0.445,2.5));
#15466 = VECTOR('',#15467,1.);
#15467 = DIRECTION('',(1.,0.,-0.));
#15468 = PCURVE('',#15274,#15469);
#15469 = DEFINITIONAL_REPRESENTATION('',(#15470),#15474);
#15470 = LINE('',#15471,#15472);
#15471 = CARTESIAN_POINT('',(0.,0.));
#15472 = VECTOR('',#15473,1.);
#15473 = DIRECTION('',(0.,1.));
#15474 = ( GEOMETRIC_REPRESENTATION_CONTEXT(2) 
PARAMETRIC_REPRESENTATION_CONTEXT() REPRESENTATION_CONTEXT('2D SPACE',''
  ) );
#15475 = PCURVE('',#15246,#15476);
#15476 = DEFINITIONAL_REPRESENTATION('',(#15477),#15481);
#15477 = LINE('',#15478,#15479);
#15478 = CARTESIAN_POINT('',(0.,8.E-02));
#15479 = VECTOR('',#15480,1.);
#15480 = DIRECTION('',(1.,0.));
#15481 = ( GEOMETRIC_REPRESENTATION_CONTEXT(2) 
PARAMETRIC_REPRESENTATION_CONTEXT() REPRESENTATION_CONTEXT('2D SPACE',''
  ) );
#15482 = ORIENTED_EDGE('',*,*,#15258,.T.);
#15483 = ORIENTED_EDGE('',*,*,#15484,.T.);
#15484 = EDGE_CURVE('',#15259,#15369,#15485,.T.);
#15485 = SURFACE_CURVE('',#15486,(#15490,#15497),.PCURVE_S1.);
#15486 = LINE('',#15487,#15488);
#15487 = CARTESIAN_POINT('',(1.725,0.445,3.85));
#15488 = VECTOR('',#15489,1.);
#15489 = DIRECTION('',(1.,0.,-0.));
#15490 = PCURVE('',#15274,#15491);
#15491 = DEFINITIONAL_REPRESENTATION('',(#15492),#15496);
#15492 = LINE('',#15493,#15494);
#15493 = CARTESIAN_POINT('',(1.35,0.));
#15494 = VECTOR('',#15495,1.);
#15495 = DIRECTION('',(0.,1.));
#15496 = ( GEOMETRIC_REPRESENTATION_CONTEXT(2) 
PARAMETRIC_REPRESENTATION_CONTEXT() REPRESENTATION_CONTEXT('2D SPACE',''
  ) );
#15497 = PCURVE('',#15300,#15498);
#15498 = DEFINITIONAL_REPRESENTATION('',(#15499),#15503);
#15499 = LINE('',#15500,#15501);
#15500 = CARTESIAN_POINT('',(0.,8.E-02));
#15501 = VECTOR('',#15502,1.);
#15502 = DIRECTION('',(1.,0.));
#15503 = ( GEOMETRIC_REPRESENTATION_CONTEXT(2) 
PARAMETRIC_REPRESENTATION_CONTEXT() REPRESENTATION_CONTEXT('2D SPACE',''
  ) );
#15504 = ORIENTED_EDGE('',*,*,#15368,.F.);
#15505 = ADVANCED_FACE('',(#15506),#15246,.F.);
#15506 = FACE_BOUND('',#15507,.F.);
#15507 = EDGE_LOOP('',(#15508,#15509,#15510,#15511));
#15508 = ORIENTED_EDGE('',*,*,#15230,.F.);
#15509 = ORIENTED_EDGE('',*,*,#15415,.T.);
#15510 = ORIENTED_EDGE('',*,*,#15345,.T.);
#15511 = ORIENTED_EDGE('',*,*,#15462,.F.);
#15512 = ADVANCED_FACE('',(#15513),#15300,.T.);
#15513 = FACE_BOUND('',#15514,.T.);
#15514 = EDGE_LOOP('',(#15515,#15516,#15517,#15518));
#15515 = ORIENTED_EDGE('',*,*,#15286,.F.);
#15516 = ORIENTED_EDGE('',*,*,#15437,.T.);
#15517 = ORIENTED_EDGE('',*,*,#15391,.T.);
#15518 = ORIENTED_EDGE('',*,*,#15484,.F.);
#15519 = MANIFOLD_SOLID_BREP('',#15520);
#15520 = CLOSED_SHELL('',(#15521,#15641,#15741,#15788,#15835,#15842));
#15521 = ADVANCED_FACE('',(#15522),#15536,.F.);
#15522 = FACE_BOUND('',#15523,.F.);
#15523 = EDGE_LOOP('',(#15524,#15559,#15587,#15615));
#15524 = ORIENTED_EDGE('',*,*,#15525,.F.);
#15525 = EDGE_CURVE('',#15526,#15528,#15530,.T.);
#15526 = VERTEX_POINT('',#15527);
#15527 = CARTESIAN_POINT('',(1.725,0.825,2.5));
#15528 = VERTEX_POINT('',#15529);
#15529 = CARTESIAN_POINT('',(1.725,0.825,3.85));
#15530 = SURFACE_CURVE('',#15531,(#15535,#15547),.PCURVE_S1.);
#15531 = LINE('',#15532,#15533);
#15532 = CARTESIAN_POINT('',(1.725,0.825,2.5));
#15533 = VECTOR('',#15534,1.);
#15534 = DIRECTION('',(0.,0.,1.));
#15535 = PCURVE('',#15536,#15541);
#15536 = PLANE('',#15537);
#15537 = AXIS2_PLACEMENT_3D('',#15538,#15539,#15540);
#15538 = CARTESIAN_POINT('',(1.725,0.825,2.5));
#15539 = DIRECTION('',(1.,0.,-0.));
#15540 = DIRECTION('',(0.,0.,1.));
#15541 = DEFINITIONAL_REPRESENTATION('',(#15542),#15546);
#15542 = LINE('',#15543,#15544);
#15543 = CARTESIAN_POINT('',(0.,0.));
#15544 = VECTOR('',#15545,1.);
#15545 = DIRECTION('',(1.,0.));
#15546 = ( GEOMETRIC_REPRESENTATION_CONTEXT(2) 
PARAMETRIC_REPRESENTATION_CONTEXT() REPRESENTATION_CONTEXT('2D SPACE',''
  ) );
#15547 = PCURVE('',#15548,#15553);
#15548 = PLANE('',#15549);
#15549 = AXIS2_PLACEMENT_3D('',#15550,#15551,#15552);
#15550 = CARTESIAN_POINT('',(1.725,0.825,2.5));
#15551 = DIRECTION('',(-0.,1.,0.));
#15552 = DIRECTION('',(0.,0.,1.));
#15553 = DEFINITIONAL_REPRESENTATION('',(#15554),#15558);
#15554 = LINE('',#15555,#15556);
#15555 = CARTESIAN_POINT('',(0.,0.));
#15556 = VECTOR('',#15557,1.);
#15557 = DIRECTION('',(1.,0.));
#15558 = ( GEOMETRIC_REPRESENTATION_CONTEXT(2) 
PARAMETRIC_REPRESENTATION_CONTEXT() REPRESENTATION_CONTEXT('2D SPACE',''
  ) );
#15559 = ORIENTED_EDGE('',*,*,#15560,.T.);
#15560 = EDGE_CURVE('',#15526,#15561,#15563,.T.);
#15561 = VERTEX_POINT('',#15562);
#15562 = CARTESIAN_POINT('',(1.725,0.905,2.5));
#15563 = SURFACE_CURVE('',#15564,(#15568,#15575),.PCURVE_S1.);
#15564 = LINE('',#15565,#15566);
#15565 = CARTESIAN_POINT('',(1.725,0.825,2.5));
#15566 = VECTOR('',#15567,1.);
#15567 = DIRECTION('',(-0.,1.,0.));
#15568 = PCURVE('',#15536,#15569);
#15569 = DEFINITIONAL_REPRESENTATION('',(#15570),#15574);
#15570 = LINE('',#15571,#15572);
#15571 = CARTESIAN_POINT('',(0.,0.));
#15572 = VECTOR('',#15573,1.);
#15573 = DIRECTION('',(0.,-1.));
#15574 = ( GEOMETRIC_REPRESENTATION_CONTEXT(2) 
PARAMETRIC_REPRESENTATION_CONTEXT() REPRESENTATION_CONTEXT('2D SPACE',''
  ) );
#15575 = PCURVE('',#15576,#15581);
#15576 = PLANE('',#15577);
#15577 = AXIS2_PLACEMENT_3D('',#15578,#15579,#15580);
#15578 = CARTESIAN_POINT('',(1.725,0.825,2.5));
#15579 = DIRECTION('',(0.,0.,1.));
#15580 = DIRECTION('',(1.,0.,-0.));
#15581 = DEFINITIONAL_REPRESENTATION('',(#15582),#15586);
#15582 = LINE('',#15583,#15584);
#15583 = CARTESIAN_POINT('',(0.,0.));
#15584 = VECTOR('',#15585,1.);
#15585 = DIRECTION('',(0.,1.));
#15586 = ( GEOMETRIC_REPRESENTATION_CONTEXT(2) 
PARAMETRIC_REPRESENTATION_CONTEXT() REPRESENTATION_CONTEXT('2D SPACE',''
  ) );
#15587 = ORIENTED_EDGE('',*,*,#15588,.T.);
#15588 = EDGE_CURVE('',#15561,#15589,#15591,.T.);
#15589 = VERTEX_POINT('',#15590);
#15590 = CARTESIAN_POINT('',(1.725,0.905,3.85));
#15591 = SURFACE_CURVE('',#15592,(#15596,#15603),.PCURVE_S1.);
#15592 = LINE('',#15593,#15594);
#15593 = CARTESIAN_POINT('',(1.725,0.905,2.5));
#15594 = VECTOR('',#15595,1.);
#15595 = DIRECTION('',(0.,0.,1.));
#15596 = PCURVE('',#15536,#15597);
#15597 = DEFINITIONAL_REPRESENTATION('',(#15598),#15602);
#15598 = LINE('',#15599,#15600);
#15599 = CARTESIAN_POINT('',(0.,-8.E-02));
#15600 = VECTOR('',#15601,1.);
#15601 = DIRECTION('',(1.,0.));
#15602 = ( GEOMETRIC_REPRESENTATION_CONTEXT(2) 
PARAMETRIC_REPRESENTATION_CONTEXT() REPRESENTATION_CONTEXT('2D SPACE',''
  ) );
#15603 = PCURVE('',#15604,#15609);
#15604 = PLANE('',#15605);
#15605 = AXIS2_PLACEMENT_3D('',#15606,#15607,#15608);
#15606 = CARTESIAN_POINT('',(1.725,0.905,2.5));
#15607 = DIRECTION('',(-0.,1.,0.));
#15608 = DIRECTION('',(0.,0.,1.));
#15609 = DEFINITIONAL_REPRESENTATION('',(#15610),#15614);
#15610 = LINE('',#15611,#15612);
#15611 = CARTESIAN_POINT('',(0.,0.));
#15612 = VECTOR('',#15613,1.);
#15613 = DIRECTION('',(1.,0.));
#15614 = ( GEOMETRIC_REPRESENTATION_CONTEXT(2) 
PARAMETRIC_REPRESENTATION_CONTEXT() REPRESENTATION_CONTEXT('2D SPACE',''
  ) );
#15615 = ORIENTED_EDGE('',*,*,#15616,.F.);
#15616 = EDGE_CURVE('',#15528,#15589,#15617,.T.);
#15617 = SURFACE_CURVE('',#15618,(#15622,#15629),.PCURVE_S1.);
#15618 = LINE('',#15619,#15620);
#15619 = CARTESIAN_POINT('',(1.725,0.825,3.85));
#15620 = VECTOR('',#15621,1.);
#15621 = DIRECTION('',(-0.,1.,0.));
#15622 = PCURVE('',#15536,#15623);
#15623 = DEFINITIONAL_REPRESENTATION('',(#15624),#15628);
#15624 = LINE('',#15625,#15626);
#15625 = CARTESIAN_POINT('',(1.35,0.));
#15626 = VECTOR('',#15627,1.);
#15627 = DIRECTION('',(0.,-1.));
#15628 = ( GEOMETRIC_REPRESENTATION_CONTEXT(2) 
PARAMETRIC_REPRESENTATION_CONTEXT() REPRESENTATION_CONTEXT('2D SPACE',''
  ) );
#15629 = PCURVE('',#15630,#15635);
#15630 = PLANE('',#15631);
#15631 = AXIS2_PLACEMENT_3D('',#15632,#15633,#15634);
#15632 = CARTESIAN_POINT('',(1.725,0.825,3.85));
#15633 = DIRECTION('',(0.,0.,1.));
#15634 = DIRECTION('',(1.,0.,-0.));
#15635 = DEFINITIONAL_REPRESENTATION('',(#15636),#15640);
#15636 = LINE('',#15637,#15638);
#15637 = CARTESIAN_POINT('',(0.,0.));
#15638 = VECTOR('',#15639,1.);
#15639 = DIRECTION('',(0.,1.));
#15640 = ( GEOMETRIC_REPRESENTATION_CONTEXT(2) 
PARAMETRIC_REPRESENTATION_CONTEXT() REPRESENTATION_CONTEXT('2D SPACE',''
  ) );
#15641 = ADVANCED_FACE('',(#15642),#15656,.T.);
#15642 = FACE_BOUND('',#15643,.T.);
#15643 = EDGE_LOOP('',(#15644,#15674,#15697,#15720));
#15644 = ORIENTED_EDGE('',*,*,#15645,.F.);
#15645 = EDGE_CURVE('',#15646,#15648,#15650,.T.);
#15646 = VERTEX_POINT('',#15647);
#15647 = CARTESIAN_POINT('',(2.085,0.825,2.5));
#15648 = VERTEX_POINT('',#15649);
#15649 = CARTESIAN_POINT('',(2.085,0.825,3.85));
#15650 = SURFACE_CURVE('',#15651,(#15655,#15667),.PCURVE_S1.);
#15651 = LINE('',#15652,#15653);
#15652 = CARTESIAN_POINT('',(2.085,0.825,2.5));
#15653 = VECTOR('',#15654,1.);
#15654 = DIRECTION('',(0.,0.,1.));
#15655 = PCURVE('',#15656,#15661);
#15656 = PLANE('',#15657);
#15657 = AXIS2_PLACEMENT_3D('',#15658,#15659,#15660);
#15658 = CARTESIAN_POINT('',(2.085,0.825,2.5));
#15659 = DIRECTION('',(1.,0.,-0.));
#15660 = DIRECTION('',(0.,0.,1.));
#15661 = DEFINITIONAL_REPRESENTATION('',(#15662),#15666);
#15662 = LINE('',#15663,#15664);
#15663 = CARTESIAN_POINT('',(0.,0.));
#15664 = VECTOR('',#15665,1.);
#15665 = DIRECTION('',(1.,0.));
#15666 = ( GEOMETRIC_REPRESENTATION_CONTEXT(2) 
PARAMETRIC_REPRESENTATION_CONTEXT() REPRESENTATION_CONTEXT('2D SPACE',''
  ) );
#15667 = PCURVE('',#15548,#15668);
#15668 = DEFINITIONAL_REPRESENTATION('',(#15669),#15673);
#15669 = LINE('',#15670,#15671);
#15670 = CARTESIAN_POINT('',(0.,0.36));
#15671 = VECTOR('',#15672,1.);
#15672 = DIRECTION('',(1.,0.));
#15673 = ( GEOMETRIC_REPRESENTATION_CONTEXT(2) 
PARAMETRIC_REPRESENTATION_CONTEXT() REPRESENTATION_CONTEXT('2D SPACE',''
  ) );
#15674 = ORIENTED_EDGE('',*,*,#15675,.T.);
#15675 = EDGE_CURVE('',#15646,#15676,#15678,.T.);
#15676 = VERTEX_POINT('',#15677);
#15677 = CARTESIAN_POINT('',(2.085,0.905,2.5));
#15678 = SURFACE_CURVE('',#15679,(#15683,#15690),.PCURVE_S1.);
#15679 = LINE('',#15680,#15681);
#15680 = CARTESIAN_POINT('',(2.085,0.825,2.5));
#15681 = VECTOR('',#15682,1.);
#15682 = DIRECTION('',(-0.,1.,0.));
#15683 = PCURVE('',#15656,#15684);
#15684 = DEFINITIONAL_REPRESENTATION('',(#15685),#15689);
#15685 = LINE('',#15686,#15687);
#15686 = CARTESIAN_POINT('',(0.,0.));
#15687 = VECTOR('',#15688,1.);
#15688 = DIRECTION('',(0.,-1.));
#15689 = ( GEOMETRIC_REPRESENTATION_CONTEXT(2) 
PARAMETRIC_REPRESENTATION_CONTEXT() REPRESENTATION_CONTEXT('2D SPACE',''
  ) );
#15690 = PCURVE('',#15576,#15691);
#15691 = DEFINITIONAL_REPRESENTATION('',(#15692),#15696);
#15692 = LINE('',#15693,#15694);
#15693 = CARTESIAN_POINT('',(0.36,0.));
#15694 = VECTOR('',#15695,1.);
#15695 = DIRECTION('',(0.,1.));
#15696 = ( GEOMETRIC_REPRESENTATION_CONTEXT(2) 
PARAMETRIC_REPRESENTATION_CONTEXT() REPRESENTATION_CONTEXT('2D SPACE',''
  ) );
#15697 = ORIENTED_EDGE('',*,*,#15698,.T.);
#15698 = EDGE_CURVE('',#15676,#15699,#15701,.T.);
#15699 = VERTEX_POINT('',#15700);
#15700 = CARTESIAN_POINT('',(2.085,0.905,3.85));
#15701 = SURFACE_CURVE('',#15702,(#15706,#15713),.PCURVE_S1.);
#15702 = LINE('',#15703,#15704);
#15703 = CARTESIAN_POINT('',(2.085,0.905,2.5));
#15704 = VECTOR('',#15705,1.);
#15705 = DIRECTION('',(0.,0.,1.));
#15706 = PCURVE('',#15656,#15707);
#15707 = DEFINITIONAL_REPRESENTATION('',(#15708),#15712);
#15708 = LINE('',#15709,#15710);
#15709 = CARTESIAN_POINT('',(0.,-8.E-02));
#15710 = VECTOR('',#15711,1.);
#15711 = DIRECTION('',(1.,0.));
#15712 = ( GEOMETRIC_REPRESENTATION_CONTEXT(2) 
PARAMETRIC_REPRESENTATION_CONTEXT() REPRESENTATION_CONTEXT('2D SPACE',''
  ) );
#15713 = PCURVE('',#15604,#15714);
#15714 = DEFINITIONAL_REPRESENTATION('',(#15715),#15719);
#15715 = LINE('',#15716,#15717);
#15716 = CARTESIAN_POINT('',(0.,0.36));
#15717 = VECTOR('',#15718,1.);
#15718 = DIRECTION('',(1.,0.));
#15719 = ( GEOMETRIC_REPRESENTATION_CONTEXT(2) 
PARAMETRIC_REPRESENTATION_CONTEXT() REPRESENTATION_CONTEXT('2D SPACE',''
  ) );
#15720 = ORIENTED_EDGE('',*,*,#15721,.F.);
#15721 = EDGE_CURVE('',#15648,#15699,#15722,.T.);
#15722 = SURFACE_CURVE('',#15723,(#15727,#15734),.PCURVE_S1.);
#15723 = LINE('',#15724,#15725);
#15724 = CARTESIAN_POINT('',(2.085,0.825,3.85));
#15725 = VECTOR('',#15726,1.);
#15726 = DIRECTION('',(-0.,1.,0.));
#15727 = PCURVE('',#15656,#15728);
#15728 = DEFINITIONAL_REPRESENTATION('',(#15729),#15733);
#15729 = LINE('',#15730,#15731);
#15730 = CARTESIAN_POINT('',(1.35,0.));
#15731 = VECTOR('',#15732,1.);
#15732 = DIRECTION('',(0.,-1.));
#15733 = ( GEOMETRIC_REPRESENTATION_CONTEXT(2) 
PARAMETRIC_REPRESENTATION_CONTEXT() REPRESENTATION_CONTEXT('2D SPACE',''
  ) );
#15734 = PCURVE('',#15630,#15735);
#15735 = DEFINITIONAL_REPRESENTATION('',(#15736),#15740);
#15736 = LINE('',#15737,#15738);
#15737 = CARTESIAN_POINT('',(0.36,0.));
#15738 = VECTOR('',#15739,1.);
#15739 = DIRECTION('',(0.,1.));
#15740 = ( GEOMETRIC_REPRESENTATION_CONTEXT(2) 
PARAMETRIC_REPRESENTATION_CONTEXT() REPRESENTATION_CONTEXT('2D SPACE',''
  ) );
#15741 = ADVANCED_FACE('',(#15742),#15548,.F.);
#15742 = FACE_BOUND('',#15743,.F.);
#15743 = EDGE_LOOP('',(#15744,#15765,#15766,#15787));
#15744 = ORIENTED_EDGE('',*,*,#15745,.F.);
#15745 = EDGE_CURVE('',#15526,#15646,#15746,.T.);
#15746 = SURFACE_CURVE('',#15747,(#15751,#15758),.PCURVE_S1.);
#15747 = LINE('',#15748,#15749);
#15748 = CARTESIAN_POINT('',(1.725,0.825,2.5));
#15749 = VECTOR('',#15750,1.);
#15750 = DIRECTION('',(1.,0.,-0.));
#15751 = PCURVE('',#15548,#15752);
#15752 = DEFINITIONAL_REPRESENTATION('',(#15753),#15757);
#15753 = LINE('',#15754,#15755);
#15754 = CARTESIAN_POINT('',(0.,0.));
#15755 = VECTOR('',#15756,1.);
#15756 = DIRECTION('',(0.,1.));
#15757 = ( GEOMETRIC_REPRESENTATION_CONTEXT(2) 
PARAMETRIC_REPRESENTATION_CONTEXT() REPRESENTATION_CONTEXT('2D SPACE',''
  ) );
#15758 = PCURVE('',#15576,#15759);
#15759 = DEFINITIONAL_REPRESENTATION('',(#15760),#15764);
#15760 = LINE('',#15761,#15762);
#15761 = CARTESIAN_POINT('',(0.,0.));
#15762 = VECTOR('',#15763,1.);
#15763 = DIRECTION('',(1.,0.));
#15764 = ( GEOMETRIC_REPRESENTATION_CONTEXT(2) 
PARAMETRIC_REPRESENTATION_CONTEXT() REPRESENTATION_CONTEXT('2D SPACE',''
  ) );
#15765 = ORIENTED_EDGE('',*,*,#15525,.T.);
#15766 = ORIENTED_EDGE('',*,*,#15767,.T.);
#15767 = EDGE_CURVE('',#15528,#15648,#15768,.T.);
#15768 = SURFACE_CURVE('',#15769,(#15773,#15780),.PCURVE_S1.);
#15769 = LINE('',#15770,#15771);
#15770 = CARTESIAN_POINT('',(1.725,0.825,3.85));
#15771 = VECTOR('',#15772,1.);
#15772 = DIRECTION('',(1.,0.,-0.));
#15773 = PCURVE('',#15548,#15774);
#15774 = DEFINITIONAL_REPRESENTATION('',(#15775),#15779);
#15775 = LINE('',#15776,#15777);
#15776 = CARTESIAN_POINT('',(1.35,0.));
#15777 = VECTOR('',#15778,1.);
#15778 = DIRECTION('',(0.,1.));
#15779 = ( GEOMETRIC_REPRESENTATION_CONTEXT(2) 
PARAMETRIC_REPRESENTATION_CONTEXT() REPRESENTATION_CONTEXT('2D SPACE',''
  ) );
#15780 = PCURVE('',#15630,#15781);
#15781 = DEFINITIONAL_REPRESENTATION('',(#15782),#15786);
#15782 = LINE('',#15783,#15784);
#15783 = CARTESIAN_POINT('',(0.,0.));
#15784 = VECTOR('',#15785,1.);
#15785 = DIRECTION('',(1.,0.));
#15786 = ( GEOMETRIC_REPRESENTATION_CONTEXT(2) 
PARAMETRIC_REPRESENTATION_CONTEXT() REPRESENTATION_CONTEXT('2D SPACE',''
  ) );
#15787 = ORIENTED_EDGE('',*,*,#15645,.F.);
#15788 = ADVANCED_FACE('',(#15789),#15604,.T.);
#15789 = FACE_BOUND('',#15790,.T.);
#15790 = EDGE_LOOP('',(#15791,#15812,#15813,#15834));
#15791 = ORIENTED_EDGE('',*,*,#15792,.F.);
#15792 = EDGE_CURVE('',#15561,#15676,#15793,.T.);
#15793 = SURFACE_CURVE('',#15794,(#15798,#15805),.PCURVE_S1.);
#15794 = LINE('',#15795,#15796);
#15795 = CARTESIAN_POINT('',(1.725,0.905,2.5));
#15796 = VECTOR('',#15797,1.);
#15797 = DIRECTION('',(1.,0.,-0.));
#15798 = PCURVE('',#15604,#15799);
#15799 = DEFINITIONAL_REPRESENTATION('',(#15800),#15804);
#15800 = LINE('',#15801,#15802);
#15801 = CARTESIAN_POINT('',(0.,0.));
#15802 = VECTOR('',#15803,1.);
#15803 = DIRECTION('',(0.,1.));
#15804 = ( GEOMETRIC_REPRESENTATION_CONTEXT(2) 
PARAMETRIC_REPRESENTATION_CONTEXT() REPRESENTATION_CONTEXT('2D SPACE',''
  ) );
#15805 = PCURVE('',#15576,#15806);
#15806 = DEFINITIONAL_REPRESENTATION('',(#15807),#15811);
#15807 = LINE('',#15808,#15809);
#15808 = CARTESIAN_POINT('',(0.,8.E-02));
#15809 = VECTOR('',#15810,1.);
#15810 = DIRECTION('',(1.,0.));
#15811 = ( GEOMETRIC_REPRESENTATION_CONTEXT(2) 
PARAMETRIC_REPRESENTATION_CONTEXT() REPRESENTATION_CONTEXT('2D SPACE',''
  ) );
#15812 = ORIENTED_EDGE('',*,*,#15588,.T.);
#15813 = ORIENTED_EDGE('',*,*,#15814,.T.);
#15814 = EDGE_CURVE('',#15589,#15699,#15815,.T.);
#15815 = SURFACE_CURVE('',#15816,(#15820,#15827),.PCURVE_S1.);
#15816 = LINE('',#15817,#15818);
#15817 = CARTESIAN_POINT('',(1.725,0.905,3.85));
#15818 = VECTOR('',#15819,1.);
#15819 = DIRECTION('',(1.,0.,-0.));
#15820 = PCURVE('',#15604,#15821);
#15821 = DEFINITIONAL_REPRESENTATION('',(#15822),#15826);
#15822 = LINE('',#15823,#15824);
#15823 = CARTESIAN_POINT('',(1.35,0.));
#15824 = VECTOR('',#15825,1.);
#15825 = DIRECTION('',(0.,1.));
#15826 = ( GEOMETRIC_REPRESENTATION_CONTEXT(2) 
PARAMETRIC_REPRESENTATION_CONTEXT() REPRESENTATION_CONTEXT('2D SPACE',''
  ) );
#15827 = PCURVE('',#15630,#15828);
#15828 = DEFINITIONAL_REPRESENTATION('',(#15829),#15833);
#15829 = LINE('',#15830,#15831);
#15830 = CARTESIAN_POINT('',(0.,8.E-02));
#15831 = VECTOR('',#15832,1.);
#15832 = DIRECTION('',(1.,0.));
#15833 = ( GEOMETRIC_REPRESENTATION_CONTEXT(2) 
PARAMETRIC_REPRESENTATION_CONTEXT() REPRESENTATION_CONTEXT('2D SPACE',''
  ) );
#15834 = ORIENTED_EDGE('',*,*,#15698,.F.);
#15835 = ADVANCED_FACE('',(#15836),#15576,.F.);
#15836 = FACE_BOUND('',#15837,.F.);
#15837 = EDGE_LOOP('',(#15838,#15839,#15840,#15841));
#15838 = ORIENTED_EDGE('',*,*,#15560,.F.);
#15839 = ORIENTED_EDGE('',*,*,#15745,.T.);
#15840 = ORIENTED_EDGE('',*,*,#15675,.T.);
#15841 = ORIENTED_EDGE('',*,*,#15792,.F.);
#15842 = ADVANCED_FACE('',(#15843),#15630,.T.);
#15843 = FACE_BOUND('',#15844,.T.);
#15844 = EDGE_LOOP('',(#15845,#15846,#15847,#15848));
#15845 = ORIENTED_EDGE('',*,*,#15616,.F.);
#15846 = ORIENTED_EDGE('',*,*,#15767,.T.);
#15847 = ORIENTED_EDGE('',*,*,#15721,.T.);
#15848 = ORIENTED_EDGE('',*,*,#15814,.F.);
#15849 = ( GEOMETRIC_REPRESENTATION_CONTEXT(3) 
GLOBAL_UNCERTAINTY_ASSIGNED_CONTEXT((#15853)) 
GLOBAL_UNIT_ASSIGNED_CONTEXT((#15850,#15851,#15852)) 
REPRESENTATION_CONTEXT('Context #1',
  '3D Context with UNIT and UNCERTAINTY') );
#15850 = ( LENGTH_UNIT() NAMED_UNIT(*) SI_UNIT(.MILLI.,.METRE.) );
#15851 = ( NAMED_UNIT(*) PLANE_ANGLE_UNIT() SI_UNIT($,.RADIAN.) );
#15852 = ( NAMED_UNIT(*) SI_UNIT($,.STERADIAN.) SOLID_ANGLE_UNIT() );
#15853 = UNCERTAINTY_MEASURE_WITH_UNIT(LENGTH_MEASURE(5.E-07),#15850,
  'distance_accuracy_value','confusion accuracy');
#15854 = CONTEXT_DEPENDENT_SHAPE_REPRESENTATION(#15855,#15857);
#15855 = ( REPRESENTATION_RELATIONSHIP('','',#5041,#10) 
REPRESENTATION_RELATIONSHIP_WITH_TRANSFORMATION(#15856) 
SHAPE_REPRESENTATION_RELATIONSHIP() );
#15856 = ITEM_DEFINED_TRANSFORMATION('','',#11,#19);
#15857 = PRODUCT_DEFINITION_SHAPE('Placement','Placement of an item',
  #15858);
#15858 = NEXT_ASSEMBLY_USAGE_OCCURRENCE('2','Gold','',#5,#5036,$);
#15859 = PRODUCT_RELATED_PRODUCT_CATEGORY('part',$,(#5038));
#15860 = COLOUR_RGB('',0.1,0.1,0.1);
#15861 = FILL_AREA_STYLE_COLOUR('',#15860);
#15862 = FILL_AREA_STYLE('',(#15861));
#15863 = SURFACE_STYLE_FILL_AREA(#15862);
#15864 = SURFACE_SIDE_STYLE('',(#15863));
#15865 = SURFACE_STYLE_USAGE(.BOTH.,#15864);
#15866 = PRESENTATION_STYLE_ASSIGNMENT((#15865));
#15867 = STYLED_ITEM('color',(#15866),#37);
#15868 = MECHANICAL_DESIGN_GEOMETRIC_PRESENTATION_REPRESENTATION('',(#15867),#5023);
#15869 = COLOUR_RGB('',0.85,0.66,0.25);
#15870 = FILL_AREA_STYLE_COLOUR('',#15869);
#15871 = FILL_AREA_STYLE('',(#15870));
#15872 = SURFACE_STYLE_FILL_AREA(#15871);
#15873 = SURFACE_SIDE_STYLE('',(#15872));
#15874 = SURFACE_STYLE_USAGE(.BOTH.,#15873);
#15875 = PRESENTATION_STYLE_ASSIGNMENT((#15874));
#15876 = STYLED_ITEM('color',(#15875),#5042);
#15877 = MECHANICAL_DESIGN_GEOMETRIC_PRESENTATION_REPRESENTATION('',(#15876),#15849);
#15878 = COLOUR_RGB('',0.85,0.66,0.25);
#15879 = FILL_AREA_STYLE_COLOUR('',#15878);
#15880 = FILL_AREA_STYLE('',(#15879));
#15881 = SURFACE_STYLE_FILL_AREA(#15880);
#15882 = SURFACE_SIDE_STYLE('',(#15881));
#15883 = SURFACE_STYLE_USAGE(.BOTH.,#15882);
#15884 = PRESENTATION_STYLE_ASSIGNMENT((#15883));
#15885 = STYLED_ITEM('color',(#15884),#5733);
#15886 = MECHANICAL_DESIGN_GEOMETRIC_PRESENTATION_REPRESENTATION('',(#15885),#15849);
#15887 = COLOUR_RGB('',0.85,0.66,0.25);
#15888 = FILL_AREA_STYLE_COLOUR('',#15887);
#15889 = FILL_AREA_STYLE('',(#15888));
#15890 = SURFACE_STYLE_FILL_AREA(#15889);
#15891 = SURFACE_SIDE_STYLE('',(#15890));
#15892 = SURFACE_STYLE_USAGE(.BOTH.,#15891);
#15893 = PRESENTATION_STYLE_ASSIGNMENT((#15892));
#15894 = STYLED_ITEM('color',(#15893),#6423);
#15895 = MECHANICAL_DESIGN_GEOMETRIC_PRESENTATION_REPRESENTATION('',(#15894),#15849);
#15896 = COLOUR_RGB('',0.85,0.66,0.25);
#15897 = FILL_AREA_STYLE_COLOUR('',#15896);
#15898 = FILL_AREA_STYLE('',(#15897));
#15899 = SURFACE_STYLE_FILL_AREA(#15898);
#15900 = SURFACE_SIDE_STYLE('',(#15899));
#15901 = SURFACE_STYLE_USAGE(.BOTH.,#15900);
#15902 = PRESENTATION_STYLE_ASSIGNMENT((#15901));
#15903 = STYLED_ITEM('color',(#15902),#7114);
#15904 = MECHANICAL_DESIGN_GEOMETRIC_PRESENTATION_REPRESENTATION('',(#15903),#15849);
#15905 = COLOUR_RGB('',0.85,0.66,0.25);
#15906 = FILL_AREA_STYLE_COLOUR('',#15905);
#15907 = FILL_AREA_STYLE('',(#15906));
#15908 = SURFACE_STYLE_FILL_AREA(#15907);
#15909 = SURFACE_SIDE_STYLE('',(#15908));
#15910 = SURFACE_STYLE_USAGE(.BOTH.,#15909);
#15911 = PRESENTATION_STYLE_ASSIGNMENT((#15910));
#15912 = STYLED_ITEM('color',(#15911),#7805);
#15913 = MECHANICAL_DESIGN_GEOMETRIC_PRESENTATION_REPRESENTATION('',(#15912),#15849);
#15914 = COLOUR_RGB('',0.85,0.66,0.25);
#15915 = FILL_AREA_STYLE_COLOUR('',#15914);
#15916 = FILL_AREA_STYLE('',(#15915));
#15917 = SURFACE_STYLE_FILL_AREA(#15916);
#15918 = SURFACE_SIDE_STYLE('',(#15917));
#15919 = SURFACE_STYLE_USAGE(.BOTH.,#15918);
#15920 = PRESENTATION_STYLE_ASSIGNMENT((#15919));
#15921 = STYLED_ITEM('color',(#15920),#8496);
#15922 = MECHANICAL_DESIGN_GEOMETRIC_PRESENTATION_REPRESENTATION('',(#15921),#15849);
#15923 = COLOUR_RGB('',0.85,0.66,0.25);
#15924 = FILL_AREA_STYLE_COLOUR('',#15923);
#15925 = FILL_AREA_STYLE('',(#15924));
#15926 = SURFACE_STYLE_FILL_AREA(#15925);
#15927 = SURFACE_SIDE_STYLE('',(#15926));
#15928 = SURFACE_STYLE_USAGE(.BOTH.,#15927);
#15929 = PRESENTATION_STYLE_ASSIGNMENT((#15928));
#15930 = STYLED_ITEM('color',(#15929),#9187);
#15931 = MECHANICAL_DESIGN_GEOMETRIC_PRESENTATION_REPRESENTATION('',(#15930),#15849);
#15932 = COLOUR_RGB('',0.85,0.66,0.25);
#15933 = FILL_AREA_STYLE_COLOUR('',#15932);
#15934 = FILL_AREA_STYLE('',(#15933));
#15935 = SURFACE_STYLE_FILL_AREA(#15934);
#15936 = SURFACE_SIDE_STYLE('',(#15935));
#15937 = SURFACE_STYLE_USAGE(.BOTH.,#15936);
#15938 = PRESENTATION_STYLE_ASSIGNMENT((#15937));
#15939 = STYLED_ITEM('color',(#15938),#9878);
#15940 = MECHANICAL_DESIGN_GEOMETRIC_PRESENTATION_REPRESENTATION('',(#15939),#15849);
#15941 = COLOUR_RGB('',0.85,0.66,0.25);
#15942 = FILL_AREA_STYLE_COLOUR('',#15941);
#15943 = FILL_AREA_STYLE('',(#15942));
#15944 = SURFACE_STYLE_FILL_AREA(#15943);
#15945 = SURFACE_SIDE_STYLE('',(#15944));
#15946 = SURFACE_STYLE_USAGE(.BOTH.,#15945);
#15947 = PRESENTATION_STYLE_ASSIGNMENT((#15946));
#15948 = STYLED_ITEM('color',(#15947),#10569);
#15949 = MECHANICAL_DESIGN_GEOMETRIC_PRESENTATION_REPRESENTATION('',(#15948),#15849);
#15950 = COLOUR_RGB('',0.85,0.66,0.25);
#15951 = FILL_AREA_STYLE_COLOUR('',#15950);
#15952 = FILL_AREA_STYLE('',(#15951));
#15953 = SURFACE_STYLE_FILL_AREA(#15952);
#15954 = SURFACE_SIDE_STYLE('',(#15953));
#15955 = SURFACE_STYLE_USAGE(.BOTH.,#15954);
#15956 = PRESENTATION_STYLE_ASSIGNMENT((#15955));
#15957 = STYLED_ITEM('color',(#15956),#10899);
#15958 = MECHANICAL_DESIGN_GEOMETRIC_PRESENTATION_REPRESENTATION('',(#15957),#15849);
#15959 = COLOUR_RGB('',0.85,0.66,0.25);
#15960 = FILL_AREA_STYLE_COLOUR('',#15959);
#15961 = FILL_AREA_STYLE('',(#15960));
#15962 = SURFACE_STYLE_FILL_AREA(#15961);
#15963 = SURFACE_SIDE_STYLE('',(#15962));
#15964 = SURFACE_STYLE_USAGE(.BOTH.,#15963);
#15965 = PRESENTATION_STYLE_ASSIGNMENT((#15964));
#15966 = STYLED_ITEM('color',(#15965),#11229);
#15967 = MECHANICAL_DESIGN_GEOMETRIC_PRESENTATION_REPRESENTATION('',(#15966),#15849);
#15968 = COLOUR_RGB('',0.85,0.66,0.25);
#15969 = FILL_AREA_STYLE_COLOUR('',#15968);
#15970 = FILL_AREA_STYLE('',(#15969));
#15971 = SURFACE_STYLE_FILL_AREA(#15970);
#15972 = SURFACE_SIDE_STYLE('',(#15971));
#15973 = SURFACE_STYLE_USAGE(.BOTH.,#15972);
#15974 = PRESENTATION_STYLE_ASSIGNMENT((#15973));
#15975 = STYLED_ITEM('color',(#15974),#11559);
#15976 = MECHANICAL_DESIGN_GEOMETRIC_PRESENTATION_REPRESENTATION('',(#15975),#15849);
#15977 = COLOUR_RGB('',0.85,0.66,0.25);
#15978 = FILL_AREA_STYLE_COLOUR('',#15977);
#15979 = FILL_AREA_STYLE('',(#15978));
#15980 = SURFACE_STYLE_FILL_AREA(#15979);
#15981 = SURFACE_SIDE_STYLE('',(#15980));
#15982 = SURFACE_STYLE_USAGE(.BOTH.,#15981);
#15983 = PRESENTATION_STYLE_ASSIGNMENT((#15982));
#15984 = STYLED_ITEM('color',(#15983),#11889);
#15985 = MECHANICAL_DESIGN_GEOMETRIC_PRESENTATION_REPRESENTATION('',(#15984),#15849);
#15986 = COLOUR_RGB('',0.85,0.66,0.25);
#15987 = FILL_AREA_STYLE_COLOUR('',#15986);
#15988 = FILL_AREA_STYLE('',(#15987));
#15989 = SURFACE_STYLE_FILL_AREA(#15988);
#15990 = SURFACE_SIDE_STYLE('',(#15989));
#15991 = SURFACE_STYLE_USAGE(.BOTH.,#15990);
#15992 = PRESENTATION_STYLE_ASSIGNMENT((#15991));
#15993 = STYLED_ITEM('color',(#15992),#12219);
#15994 = MECHANICAL_DESIGN_GEOMETRIC_PRESENTATION_REPRESENTATION('',(#15993),#15849);
#15995 = COLOUR_RGB('',0.85,0.66,0.25);
#15996 = FILL_AREA_STYLE_COLOUR('',#15995);
#15997 = FILL_AREA_STYLE('',(#15996));
#15998 = SURFACE_STYLE_FILL_AREA(#15997);
#15999 = SURFACE_SIDE_STYLE('',(#15998));
#16000 = SURFACE_STYLE_USAGE(.BOTH.,#15999);
#16001 = PRESENTATION_STYLE_ASSIGNMENT((#16000));
#16002 = STYLED_ITEM('color',(#16001),#12549);
#16003 = MECHANICAL_DESIGN_GEOMETRIC_PRESENTATION_REPRESENTATION('',(#16002),#15849);
#16004 = COLOUR_RGB('',0.85,0.66,0.25);
#16005 = FILL_AREA_STYLE_COLOUR('',#16004);
#16006 = FILL_AREA_STYLE('',(#16005));
#16007 = SURFACE_STYLE_FILL_AREA(#16006);
#16008 = SURFACE_SIDE_STYLE('',(#16007));
#16009 = SURFACE_STYLE_USAGE(.BOTH.,#16008);
#16010 = PRESENTATION_STYLE_ASSIGNMENT((#16009));
#16011 = STYLED_ITEM('color',(#16010),#12879);
#16012 = MECHANICAL_DESIGN_GEOMETRIC_PRESENTATION_REPRESENTATION('',(#16011),#15849);
#16013 = COLOUR_RGB('',0.85,0.66,0.25);
#16014 = FILL_AREA_STYLE_COLOUR('',#16013);
#16015 = FILL_AREA_STYLE('',(#16014));
#16016 = SURFACE_STYLE_FILL_AREA(#16015);
#16017 = SURFACE_SIDE_STYLE('',(#16016));
#16018 = SURFACE_STYLE_USAGE(.BOTH.,#16017);
#16019 = PRESENTATION_STYLE_ASSIGNMENT((#16018));
#16020 = STYLED_ITEM('color',(#16019),#13209);
#16021 = MECHANICAL_DESIGN_GEOMETRIC_PRESENTATION_REPRESENTATION('',(#16020),#15849);
#16022 = COLOUR_RGB('',0.85,0.66,0.25);
#16023 = FILL_AREA_STYLE_COLOUR('',#16022);
#16024 = FILL_AREA_STYLE('',(#16023));
#16025 = SURFACE_STYLE_FILL_AREA(#16024);
#16026 = SURFACE_SIDE_STYLE('',(#16025));
#16027 = SURFACE_STYLE_USAGE(.BOTH.,#16026);
#16028 = PRESENTATION_STYLE_ASSIGNMENT((#16027));
#16029 = STYLED_ITEM('color',(#16028),#13539);
#16030 = MECHANICAL_DESIGN_GEOMETRIC_PRESENTATION_REPRESENTATION('',(#16029),#15849);
#16031 = COLOUR_RGB('',0.85,0.66,0.25);
#16032 = FILL_AREA_STYLE_COLOUR('',#16031);
#16033 = FILL_AREA_STYLE('',(#16032));
#16034 = SURFACE_STYLE_FILL_AREA(#16033);
#16035 = SURFACE_SIDE_STYLE('',(#16034));
#16036 = SURFACE_STYLE_USAGE(.BOTH.,#16035);
#16037 = PRESENTATION_STYLE_ASSIGNMENT((#16036));
#16038 = STYLED_ITEM('color',(#16037),#13869);
#16039 = MECHANICAL_DESIGN_GEOMETRIC_PRESENTATION_REPRESENTATION('',(#16038),#15849);
#16040 = COLOUR_RGB('',0.85,0.66,0.25);
#16041 = FILL_AREA_STYLE_COLOUR('',#16040);
#16042 = FILL_AREA_STYLE('',(#16041));
#16043 = SURFACE_STYLE_FILL_AREA(#16042);
#16044 = SURFACE_SIDE_STYLE('',(#16043));
#16045 = SURFACE_STYLE_USAGE(.BOTH.,#16044);
#16046 = PRESENTATION_STYLE_ASSIGNMENT((#16045));
#16047 = STYLED_ITEM('color',(#16046),#14199);
#16048 = MECHANICAL_DESIGN_GEOMETRIC_PRESENTATION_REPRESENTATION('',(#16047),#15849);
#16049 = COLOUR_RGB('',0.85,0.66,0.25);
#16050 = FILL_AREA_STYLE_COLOUR('',#16049);
#16051 = FILL_AREA_STYLE('',(#16050));
#16052 = SURFACE_STYLE_FILL_AREA(#16051);
#16053 = SURFACE_SIDE_STYLE('',(#16052));
#16054 = SURFACE_STYLE_USAGE(.BOTH.,#16053);
#16055 = PRESENTATION_STYLE_ASSIGNMENT((#16054));
#16056 = STYLED_ITEM('color',(#16055),#14529);
#16057 = MECHANICAL_DESIGN_GEOMETRIC_PRESENTATION_REPRESENTATION('',(#16056),#15849);
#16058 = COLOUR_RGB('',0.85,0.66,0.25);
#16059 = FILL_AREA_STYLE_COLOUR('',#16058);
#16060 = FILL_AREA_STYLE('',(#16059));
#16061 = SURFACE_STYLE_FILL_AREA(#16060);
#16062 = SURFACE_SIDE_STYLE('',(#16061));
#16063 = SURFACE_STYLE_USAGE(.BOTH.,#16062);
#16064 = PRESENTATION_STYLE_ASSIGNMENT((#16063));
#16065 = STYLED_ITEM('color',(#16064),#14859);
#16066 = MECHANICAL_DESIGN_GEOMETRIC_PRESENTATION_REPRESENTATION('',(#16065),#15849);
#16067 = COLOUR_RGB('',0.85,0.66,0.25);
#16068 = FILL_AREA_STYLE_COLOUR('',#16067);
#16069 = FILL_AREA_STYLE('',(#16068));
#16070 = SURFACE_STYLE_FILL_AREA(#16069);
#16071 = SURFACE_SIDE_STYLE('',(#16070));
#16072 = SURFACE_STYLE_USAGE(.BOTH.,#16071);
#16073 = PRESENTATION_STYLE_ASSIGNMENT((#16072));
#16074 = STYLED_ITEM('color',(#16073),#15189);
#16075 = MECHANICAL_DESIGN_GEOMETRIC_PRESENTATION_REPRESENTATION('',(#16074),#15849);
#16076 = COLOUR_RGB('',0.85,0.66,0.25);
#16077 = FILL_AREA_STYLE_COLOUR('',#16076);
#16078 = FILL_AREA_STYLE('',(#16077));
#16079 = SURFACE_STYLE_FILL_AREA(#16078);
#16080 = SURFACE_SIDE_STYLE('',(#16079));
#16081 = SURFACE_STYLE_USAGE(.BOTH.,#16080);
#16082 = PRESENTATION_STYLE_ASSIGNMENT((#16081));
#16083 = STYLED_ITEM('color',(#16082),#15519);
#16084 = MECHANICAL_DESIGN_GEOMETRIC_PRESENTATION_REPRESENTATION('',(#16083),#15849);
ENDSEC;
END-ISO-10303-21;
