ISO-10303-21;
HEADER;
FILE_DESCRIPTION(('FreeCAD Model'),'2;1');
FILE_NAME('Open CASCADE Shape Model','2026-10-08T11:37:05',(''),(''),
  'Open CASCADE STEP processor 7.8','FreeCAD','Unknown');
FILE_SCHEMA(('AUTOMOTIVE_DESIGN { 1 0 10303 214 1 1 1 1 }'));
ENDSEC;
DATA;
#1 = APPLICATION_PROTOCOL_DEFINITION('international standard',
  'automotive_design',2000,#2);
#2 = APPLICATION_CONTEXT(
  'core data for automotive mechanical design processes');
#3 = SHAPE_DEFINITION_REPRESENTATION(#4,#10);
#4 = PRODUCT_DEFINITION_SHAPE('','',#5);
#5 = PRODUCT_DEFINITION('design','',#6,#9);
#6 = PRODUCT_DEFINITION_FORMATION('','',#7);
#7 = PRODUCT('D','D','',(#8));
#8 = PRODUCT_CONTEXT('',#2,'mechanical');
#9 = PRODUCT_DEFINITION_CONTEXT('part definition',#2,'design');
#10 = SHAPE_REPRESENTATION('',(#11,#15,#19,#23),#27);
#11 = AXIS2_PLACEMENT_3D('',#12,#13,#14);
#12 = CARTESIAN_POINT('',(0.,0.,0.));
#13 = DIRECTION('',(0.,0.,1.));
#14 = DIRECTION('',(1.,0.,-0.));
#15 = AXIS2_PLACEMENT_3D('',#16,#17,#18);
#16 = CARTESIAN_POINT('',(0.,0.,0.));
#17 = DIRECTION('',(0.,0.,1.));
#18 = DIRECTION('',(1.,0.,0.));
#19 = AXIS2_PLACEMENT_3D('',#20,#21,#22);
#20 = CARTESIAN_POINT('',(0.,0.,0.));
#21 = DIRECTION('',(0.,0.,1.));
#22 = DIRECTION('',(1.,0.,0.));
#23 = AXIS2_PLACEMENT_3D('',#24,#25,#26);
#24 = CARTESIAN_POINT('',(0.,0.,0.));
#25 = DIRECTION('',(0.,0.,1.));
#26 = DIRECTION('',(1.,0.,0.));
#27 = ( GEOMETRIC_REPRESENTATION_CONTEXT(3) 
GLOBAL_UNCERTAINTY_ASSIGNED_CONTEXT((#31)) GLOBAL_UNIT_ASSIGNED_CONTEXT(
(#28,#29,#30)) REPRESENTATION_CONTEXT('Context #1',
  '3D Context with UNIT and UNCERTAINTY') );
#28 = ( LENGTH_UNIT() NAMED_UNIT(*) SI_UNIT(.MILLI.,.METRE.) );
#29 = ( NAMED_UNIT(*) PLANE_ANGLE_UNIT() SI_UNIT($,.RADIAN.) );
#30 = ( NAMED_UNIT(*) SI_UNIT($,.STERADIAN.) SOLID_ANGLE_UNIT() );
#31 = UNCERTAINTY_MEASURE_WITH_UNIT(LENGTH_MEASURE(1.E-07),#28,
  'distance_accuracy_value','confusion accuracy');
#32 = PRODUCT_RELATED_PRODUCT_CATEGORY('part',$,(#7));
#33 = SHAPE_DEFINITION_REPRESENTATION(#34,#40);
#34 = PRODUCT_DEFINITION_SHAPE('','',#35);
#35 = PRODUCT_DEFINITION('design','',#36,#39);
#36 = PRODUCT_DEFINITION_FORMATION('','',#37);
#37 = PRODUCT('Body','Body','',(#38));
#38 = PRODUCT_CONTEXT('',#2,'mechanical');
#39 = PRODUCT_DEFINITION_CONTEXT('part definition',#2,'design');
#40 = ADVANCED_BREP_SHAPE_REPRESENTATION('',(#11,#41),#677);
#41 = MANIFOLD_SOLID_BREP('',#42);
#42 = CLOSED_SHELL('',(#43,#163,#244,#325,#374,#423,#455,#504,#584,#611,
    #618,#673));
#43 = ADVANCED_FACE('',(#44),#58,.F.);
#44 = FACE_BOUND('',#45,.F.);
#45 = EDGE_LOOP('',(#46,#81,#109,#137));
#46 = ORIENTED_EDGE('',*,*,#47,.F.);
#47 = EDGE_CURVE('',#48,#50,#52,.T.);
#48 = VERTEX_POINT('',#49);
#49 = CARTESIAN_POINT('',(-0.8,-1.45,5.E-02));
#50 = VERTEX_POINT('',#51);
#51 = CARTESIAN_POINT('',(-0.8,-1.45,0.94));
#52 = SURFACE_CURVE('',#53,(#57,#69),.PCURVE_S1.);
#53 = LINE('',#54,#55);
#54 = CARTESIAN_POINT('',(-0.8,-1.45,5.E-02));
#55 = VECTOR('',#56,1.);
#56 = DIRECTION('',(0.,0.,1.));
#57 = PCURVE('',#58,#63);
#58 = PLANE('',#59);
#59 = AXIS2_PLACEMENT_3D('',#60,#61,#62);
#60 = CARTESIAN_POINT('',(-0.8,-1.45,5.E-02));
#61 = DIRECTION('',(1.,0.,-0.));
#62 = DIRECTION('',(0.,0.,1.));
#63 = DEFINITIONAL_REPRESENTATION('',(#64),#68);
#64 = LINE('',#65,#66);
#65 = CARTESIAN_POINT('',(0.,0.));
#66 = VECTOR('',#67,1.);
#67 = DIRECTION('',(1.,0.));
#68 = ( GEOMETRIC_REPRESENTATION_CONTEXT(2) 
PARAMETRIC_REPRESENTATION_CONTEXT() REPRESENTATION_CONTEXT('2D SPACE',''
  ) );
#69 = PCURVE('',#70,#75);
#70 = PLANE('',#71);
#71 = AXIS2_PLACEMENT_3D('',#72,#73,#74);
#72 = CARTESIAN_POINT('',(-0.8,-1.45,5.E-02));
#73 = DIRECTION('',(-0.,1.,0.));
#74 = DIRECTION('',(0.,0.,1.));
#75 = DEFINITIONAL_REPRESENTATION('',(#76),#80);
#76 = LINE('',#77,#78);
#77 = CARTESIAN_POINT('',(0.,0.));
#78 = VECTOR('',#79,1.);
#79 = DIRECTION('',(1.,0.));
#80 = ( GEOMETRIC_REPRESENTATION_CONTEXT(2) 
PARAMETRIC_REPRESENTATION_CONTEXT() REPRESENTATION_CONTEXT('2D SPACE',''
  ) );
#81 = ORIENTED_EDGE('',*,*,#82,.T.);
#82 = EDGE_CURVE('',#48,#83,#85,.T.);
#83 = VERTEX_POINT('',#84);
#84 = CARTESIAN_POINT('',(-0.8,1.45,5.E-02));
#85 = SURFACE_CURVE('',#86,(#90,#97),.PCURVE_S1.);
#86 = LINE('',#87,#88);
#87 = CARTESIAN_POINT('',(-0.8,-1.45,5.E-02));
#88 = VECTOR('',#89,1.);
#89 = DIRECTION('',(-0.,1.,0.));
#90 = PCURVE('',#58,#91);
#91 = DEFINITIONAL_REPRESENTATION('',(#92),#96);
#92 = LINE('',#93,#94);
#93 = CARTESIAN_POINT('',(0.,0.));
#94 = VECTOR('',#95,1.);
#95 = DIRECTION('',(0.,-1.));
#96 = ( GEOMETRIC_REPRESENTATION_CONTEXT(2) 
PARAMETRIC_REPRESENTATION_CONTEXT() REPRESENTATION_CONTEXT('2D SPACE',''
  ) );
#97 = PCURVE('',#98,#103);
#98 = PLANE('',#99);
#99 = AXIS2_PLACEMENT_3D('',#100,#101,#102);
#100 = CARTESIAN_POINT('',(-0.8,-1.45,5.E-02));
#101 = DIRECTION('',(0.,0.,1.));
#102 = DIRECTION('',(1.,0.,-0.));
#103 = DEFINITIONAL_REPRESENTATION('',(#104),#108);
#104 = LINE('',#105,#106);
#105 = CARTESIAN_POINT('',(0.,0.));
#106 = VECTOR('',#107,1.);
#107 = DIRECTION('',(0.,1.));
#108 = ( GEOMETRIC_REPRESENTATION_CONTEXT(2) 
PARAMETRIC_REPRESENTATION_CONTEXT() REPRESENTATION_CONTEXT('2D SPACE',''
  ) );
#109 = ORIENTED_EDGE('',*,*,#110,.T.);
#110 = EDGE_CURVE('',#83,#111,#113,.T.);
#111 = VERTEX_POINT('',#112);
#112 = CARTESIAN_POINT('',(-0.8,1.45,0.94));
#113 = SURFACE_CURVE('',#114,(#118,#125),.PCURVE_S1.);
#114 = LINE('',#115,#116);
#115 = CARTESIAN_POINT('',(-0.8,1.45,5.E-02));
#116 = VECTOR('',#117,1.);
#117 = DIRECTION('',(0.,0.,1.));
#118 = PCURVE('',#58,#119);
#119 = DEFINITIONAL_REPRESENTATION('',(#120),#124);
#120 = LINE('',#121,#122);
#121 = CARTESIAN_POINT('',(0.,-2.9));
#122 = VECTOR('',#123,1.);
#123 = DIRECTION('',(1.,0.));
#124 = ( GEOMETRIC_REPRESENTATION_CONTEXT(2) 
PARAMETRIC_REPRESENTATION_CONTEXT() REPRESENTATION_CONTEXT('2D SPACE',''
  ) );
#125 = PCURVE('',#126,#131);
#126 = PLANE('',#127);
#127 = AXIS2_PLACEMENT_3D('',#128,#129,#130);
#128 = CARTESIAN_POINT('',(-0.8,1.45,5.E-02));
#129 = DIRECTION('',(-0.,1.,0.));
#130 = DIRECTION('',(0.,0.,1.));
#131 = DEFINITIONAL_REPRESENTATION('',(#132),#136);
#132 = LINE('',#133,#134);
#133 = CARTESIAN_POINT('',(0.,0.));
#134 = VECTOR('',#135,1.);
#135 = DIRECTION('',(1.,0.));
#136 = ( GEOMETRIC_REPRESENTATION_CONTEXT(2) 
PARAMETRIC_REPRESENTATION_CONTEXT() REPRESENTATION_CONTEXT('2D SPACE',''
  ) );
#137 = ORIENTED_EDGE('',*,*,#138,.F.);
#138 = EDGE_CURVE('',#50,#111,#139,.T.);
#139 = SURFACE_CURVE('',#140,(#144,#151),.PCURVE_S1.);
#140 = LINE('',#141,#142);
#141 = CARTESIAN_POINT('',(-0.8,-1.45,0.94));
#142 = VECTOR('',#143,1.);
#143 = DIRECTION('',(-0.,1.,0.));
#144 = PCURVE('',#58,#145);
#145 = DEFINITIONAL_REPRESENTATION('',(#146),#150);
#146 = LINE('',#147,#148);
#147 = CARTESIAN_POINT('',(0.89,0.));
#148 = VECTOR('',#149,1.);
#149 = DIRECTION('',(0.,-1.));
#150 = ( GEOMETRIC_REPRESENTATION_CONTEXT(2) 
PARAMETRIC_REPRESENTATION_CONTEXT() REPRESENTATION_CONTEXT('2D SPACE',''
  ) );
#151 = PCURVE('',#152,#157);
#152 = PLANE('',#153);
#153 = AXIS2_PLACEMENT_3D('',#154,#155,#156);
#154 = CARTESIAN_POINT('',(-0.77,-1.45,0.97));
#155 = DIRECTION('',(0.707106781187,2.83935151841E-19,-0.707106781187));
#156 = DIRECTION('',(-2.00772471284E-19,1.,2.00772471284E-19));
#157 = DEFINITIONAL_REPRESENTATION('',(#158),#162);
#158 = LINE('',#159,#160);
#159 = CARTESIAN_POINT('',(0.,-4.242640687119E-02));
#160 = VECTOR('',#161,1.);
#161 = DIRECTION('',(1.,0.));
#162 = ( GEOMETRIC_REPRESENTATION_CONTEXT(2) 
PARAMETRIC_REPRESENTATION_CONTEXT() REPRESENTATION_CONTEXT('2D SPACE',''
  ) );
#163 = ADVANCED_FACE('',(#164),#70,.F.);
#164 = FACE_BOUND('',#165,.F.);
#165 = EDGE_LOOP('',(#166,#196,#217,#218));
#166 = ORIENTED_EDGE('',*,*,#167,.F.);
#167 = EDGE_CURVE('',#168,#170,#172,.T.);
#168 = VERTEX_POINT('',#169);
#169 = CARTESIAN_POINT('',(0.8,-1.45,5.E-02));
#170 = VERTEX_POINT('',#171);
#171 = CARTESIAN_POINT('',(0.8,-1.45,0.94));
#172 = SURFACE_CURVE('',#173,(#177,#184),.PCURVE_S1.);
#173 = LINE('',#174,#175);
#174 = CARTESIAN_POINT('',(0.8,-1.45,5.E-02));
#175 = VECTOR('',#176,1.);
#176 = DIRECTION('',(0.,0.,1.));
#177 = PCURVE('',#70,#178);
#178 = DEFINITIONAL_REPRESENTATION('',(#179),#183);
#179 = LINE('',#180,#181);
#180 = CARTESIAN_POINT('',(0.,1.6));
#181 = VECTOR('',#182,1.);
#182 = DIRECTION('',(1.,0.));
#183 = ( GEOMETRIC_REPRESENTATION_CONTEXT(2) 
PARAMETRIC_REPRESENTATION_CONTEXT() REPRESENTATION_CONTEXT('2D SPACE',''
  ) );
#184 = PCURVE('',#185,#190);
#185 = PLANE('',#186);
#186 = AXIS2_PLACEMENT_3D('',#187,#188,#189);
#187 = CARTESIAN_POINT('',(0.8,-1.45,5.E-02));
#188 = DIRECTION('',(1.,0.,-0.));
#189 = DIRECTION('',(0.,0.,1.));
#190 = DEFINITIONAL_REPRESENTATION('',(#191),#195);
#191 = LINE('',#192,#193);
#192 = CARTESIAN_POINT('',(0.,0.));
#193 = VECTOR('',#194,1.);
#194 = DIRECTION('',(1.,0.));
#195 = ( GEOMETRIC_REPRESENTATION_CONTEXT(2) 
PARAMETRIC_REPRESENTATION_CONTEXT() REPRESENTATION_CONTEXT('2D SPACE',''
  ) );
#196 = ORIENTED_EDGE('',*,*,#197,.F.);
#197 = EDGE_CURVE('',#48,#168,#198,.T.);
#198 = SURFACE_CURVE('',#199,(#203,#210),.PCURVE_S1.);
#199 = LINE('',#200,#201);
#200 = CARTESIAN_POINT('',(-0.8,-1.45,5.E-02));
#201 = VECTOR('',#202,1.);
#202 = DIRECTION('',(1.,0.,-0.));
#203 = PCURVE('',#70,#204);
#204 = DEFINITIONAL_REPRESENTATION('',(#205),#209);
#205 = LINE('',#206,#207);
#206 = CARTESIAN_POINT('',(0.,0.));
#207 = VECTOR('',#208,1.);
#208 = DIRECTION('',(0.,1.));
#209 = ( GEOMETRIC_REPRESENTATION_CONTEXT(2) 
PARAMETRIC_REPRESENTATION_CONTEXT() REPRESENTATION_CONTEXT('2D SPACE',''
  ) );
#210 = PCURVE('',#98,#211);
#211 = DEFINITIONAL_REPRESENTATION('',(#212),#216);
#212 = LINE('',#213,#214);
#213 = CARTESIAN_POINT('',(0.,0.));
#214 = VECTOR('',#215,1.);
#215 = DIRECTION('',(1.,0.));
#216 = ( GEOMETRIC_REPRESENTATION_CONTEXT(2) 
PARAMETRIC_REPRESENTATION_CONTEXT() REPRESENTATION_CONTEXT('2D SPACE',''
  ) );
#217 = ORIENTED_EDGE('',*,*,#47,.T.);
#218 = ORIENTED_EDGE('',*,*,#219,.T.);
#219 = EDGE_CURVE('',#50,#170,#220,.T.);
#220 = SURFACE_CURVE('',#221,(#225,#232),.PCURVE_S1.);
#221 = LINE('',#222,#223);
#222 = CARTESIAN_POINT('',(-0.8,-1.45,0.94));
#223 = VECTOR('',#224,1.);
#224 = DIRECTION('',(1.,0.,-0.));
#225 = PCURVE('',#70,#226);
#226 = DEFINITIONAL_REPRESENTATION('',(#227),#231);
#227 = LINE('',#228,#229);
#228 = CARTESIAN_POINT('',(0.89,0.));
#229 = VECTOR('',#230,1.);
#230 = DIRECTION('',(0.,1.));
#231 = ( GEOMETRIC_REPRESENTATION_CONTEXT(2) 
PARAMETRIC_REPRESENTATION_CONTEXT() REPRESENTATION_CONTEXT('2D SPACE',''
  ) );
#232 = PCURVE('',#233,#238);
#233 = PLANE('',#234);
#234 = AXIS2_PLACEMENT_3D('',#235,#236,#237);
#235 = CARTESIAN_POINT('',(-0.8,-1.42,0.97));
#236 = DIRECTION('',(2.83935151841E-19,0.707106781187,-0.707106781187));
#237 = DIRECTION('',(-1.,2.00772471284E-19,-2.00772471284E-19));
#238 = DEFINITIONAL_REPRESENTATION('',(#239),#243);
#239 = LINE('',#240,#241);
#240 = CARTESIAN_POINT('',(-0.,-4.242640687119E-02));
#241 = VECTOR('',#242,1.);
#242 = DIRECTION('',(-1.,0.));
#243 = ( GEOMETRIC_REPRESENTATION_CONTEXT(2) 
PARAMETRIC_REPRESENTATION_CONTEXT() REPRESENTATION_CONTEXT('2D SPACE',''
  ) );
#244 = ADVANCED_FACE('',(#245),#152,.F.);
#245 = FACE_BOUND('',#246,.F.);
#246 = EDGE_LOOP('',(#247,#270,#271,#299));
#247 = ORIENTED_EDGE('',*,*,#248,.F.);
#248 = EDGE_CURVE('',#50,#249,#251,.T.);
#249 = VERTEX_POINT('',#250);
#250 = CARTESIAN_POINT('',(-0.74,-1.39,1.));
#251 = SURFACE_CURVE('',#252,(#256,#263),.PCURVE_S1.);
#252 = LINE('',#253,#254);
#253 = CARTESIAN_POINT('',(-0.78,-1.43,0.96));
#254 = VECTOR('',#255,1.);
#255 = DIRECTION('',(0.57735026919,0.57735026919,0.57735026919));
#256 = PCURVE('',#152,#257);
#257 = DEFINITIONAL_REPRESENTATION('',(#258),#262);
#258 = LINE('',#259,#260);
#259 = CARTESIAN_POINT('',(2.E-02,-1.414213562373E-02));
#260 = VECTOR('',#261,1.);
#261 = DIRECTION('',(0.57735026919,0.816496580928));
#262 = ( GEOMETRIC_REPRESENTATION_CONTEXT(2) 
PARAMETRIC_REPRESENTATION_CONTEXT() REPRESENTATION_CONTEXT('2D SPACE',''
  ) );
#263 = PCURVE('',#233,#264);
#264 = DEFINITIONAL_REPRESENTATION('',(#265),#269);
#265 = LINE('',#266,#267);
#266 = CARTESIAN_POINT('',(-2.E-02,-1.414213562373E-02));
#267 = VECTOR('',#268,1.);
#268 = DIRECTION('',(-0.57735026919,0.816496580928));
#269 = ( GEOMETRIC_REPRESENTATION_CONTEXT(2) 
PARAMETRIC_REPRESENTATION_CONTEXT() REPRESENTATION_CONTEXT('2D SPACE',''
  ) );
#270 = ORIENTED_EDGE('',*,*,#138,.T.);
#271 = ORIENTED_EDGE('',*,*,#272,.T.);
#272 = EDGE_CURVE('',#111,#273,#275,.T.);
#273 = VERTEX_POINT('',#274);
#274 = CARTESIAN_POINT('',(-0.74,1.39,1.));
#275 = SURFACE_CURVE('',#276,(#280,#287),.PCURVE_S1.);
#276 = LINE('',#277,#278);
#277 = CARTESIAN_POINT('',(-0.296666666667,0.946666666667,1.443333333333
    ));
#278 = VECTOR('',#279,1.);
#279 = DIRECTION('',(0.57735026919,-0.57735026919,0.57735026919));
#280 = PCURVE('',#152,#281);
#281 = DEFINITIONAL_REPRESENTATION('',(#282),#286);
#282 = LINE('',#283,#284);
#283 = CARTESIAN_POINT('',(2.396666666667,0.669394419523));
#284 = VECTOR('',#285,1.);
#285 = DIRECTION('',(-0.57735026919,0.816496580928));
#286 = ( GEOMETRIC_REPRESENTATION_CONTEXT(2) 
PARAMETRIC_REPRESENTATION_CONTEXT() REPRESENTATION_CONTEXT('2D SPACE',''
  ) );
#287 = PCURVE('',#288,#293);
#288 = PLANE('',#289);
#289 = AXIS2_PLACEMENT_3D('',#290,#291,#292);
#290 = CARTESIAN_POINT('',(-0.8,1.42,0.97));
#291 = DIRECTION('',(-2.83935151841E-19,0.707106781187,0.707106781187));
#292 = DIRECTION('',(-1.,-2.00772471284E-19,-2.00772471284E-19));
#293 = DEFINITIONAL_REPRESENTATION('',(#294),#298);
#294 = LINE('',#295,#296);
#295 = CARTESIAN_POINT('',(-0.503333333333,0.669394419523));
#296 = VECTOR('',#297,1.);
#297 = DIRECTION('',(-0.57735026919,0.816496580928));
#298 = ( GEOMETRIC_REPRESENTATION_CONTEXT(2) 
PARAMETRIC_REPRESENTATION_CONTEXT() REPRESENTATION_CONTEXT('2D SPACE',''
  ) );
#299 = ORIENTED_EDGE('',*,*,#300,.F.);
#300 = EDGE_CURVE('',#249,#273,#301,.T.);
#301 = SURFACE_CURVE('',#302,(#306,#313),.PCURVE_S1.);
#302 = LINE('',#303,#304);
#303 = CARTESIAN_POINT('',(-0.74,-1.45,1.));
#304 = VECTOR('',#305,1.);
#305 = DIRECTION('',(-0.,1.,0.));
#306 = PCURVE('',#152,#307);
#307 = DEFINITIONAL_REPRESENTATION('',(#308),#312);
#308 = LINE('',#309,#310);
#309 = CARTESIAN_POINT('',(0.,4.242640687119E-02));
#310 = VECTOR('',#311,1.);
#311 = DIRECTION('',(1.,0.));
#312 = ( GEOMETRIC_REPRESENTATION_CONTEXT(2) 
PARAMETRIC_REPRESENTATION_CONTEXT() REPRESENTATION_CONTEXT('2D SPACE',''
  ) );
#313 = PCURVE('',#314,#319);
#314 = PLANE('',#315);
#315 = AXIS2_PLACEMENT_3D('',#316,#317,#318);
#316 = CARTESIAN_POINT('',(-0.8,-1.45,1.));
#317 = DIRECTION('',(0.,0.,1.));
#318 = DIRECTION('',(1.,0.,-0.));
#319 = DEFINITIONAL_REPRESENTATION('',(#320),#324);
#320 = LINE('',#321,#322);
#321 = CARTESIAN_POINT('',(6.E-02,0.));
#322 = VECTOR('',#323,1.);
#323 = DIRECTION('',(0.,1.));
#324 = ( GEOMETRIC_REPRESENTATION_CONTEXT(2) 
PARAMETRIC_REPRESENTATION_CONTEXT() REPRESENTATION_CONTEXT('2D SPACE',''
  ) );
#325 = ADVANCED_FACE('',(#326),#98,.F.);
#326 = FACE_BOUND('',#327,.F.);
#327 = EDGE_LOOP('',(#328,#329,#330,#353));
#328 = ORIENTED_EDGE('',*,*,#82,.F.);
#329 = ORIENTED_EDGE('',*,*,#197,.T.);
#330 = ORIENTED_EDGE('',*,*,#331,.T.);
#331 = EDGE_CURVE('',#168,#332,#334,.T.);
#332 = VERTEX_POINT('',#333);
#333 = CARTESIAN_POINT('',(0.8,1.45,5.E-02));
#334 = SURFACE_CURVE('',#335,(#339,#346),.PCURVE_S1.);
#335 = LINE('',#336,#337);
#336 = CARTESIAN_POINT('',(0.8,-1.45,5.E-02));
#337 = VECTOR('',#338,1.);
#338 = DIRECTION('',(-0.,1.,0.));
#339 = PCURVE('',#98,#340);
#340 = DEFINITIONAL_REPRESENTATION('',(#341),#345);
#341 = LINE('',#342,#343);
#342 = CARTESIAN_POINT('',(1.6,0.));
#343 = VECTOR('',#344,1.);
#344 = DIRECTION('',(0.,1.));
#345 = ( GEOMETRIC_REPRESENTATION_CONTEXT(2) 
PARAMETRIC_REPRESENTATION_CONTEXT() REPRESENTATION_CONTEXT('2D SPACE',''
  ) );
#346 = PCURVE('',#185,#347);
#347 = DEFINITIONAL_REPRESENTATION('',(#348),#352);
#348 = LINE('',#349,#350);
#349 = CARTESIAN_POINT('',(0.,0.));
#350 = VECTOR('',#351,1.);
#351 = DIRECTION('',(0.,-1.));
#352 = ( GEOMETRIC_REPRESENTATION_CONTEXT(2) 
PARAMETRIC_REPRESENTATION_CONTEXT() REPRESENTATION_CONTEXT('2D SPACE',''
  ) );
#353 = ORIENTED_EDGE('',*,*,#354,.F.);
#354 = EDGE_CURVE('',#83,#332,#355,.T.);
#355 = SURFACE_CURVE('',#356,(#360,#367),.PCURVE_S1.);
#356 = LINE('',#357,#358);
#357 = CARTESIAN_POINT('',(-0.8,1.45,5.E-02));
#358 = VECTOR('',#359,1.);
#359 = DIRECTION('',(1.,0.,-0.));
#360 = PCURVE('',#98,#361);
#361 = DEFINITIONAL_REPRESENTATION('',(#362),#366);
#362 = LINE('',#363,#364);
#363 = CARTESIAN_POINT('',(0.,2.9));
#364 = VECTOR('',#365,1.);
#365 = DIRECTION('',(1.,0.));
#366 = ( GEOMETRIC_REPRESENTATION_CONTEXT(2) 
PARAMETRIC_REPRESENTATION_CONTEXT() REPRESENTATION_CONTEXT('2D SPACE',''
  ) );
#367 = PCURVE('',#126,#368);
#368 = DEFINITIONAL_REPRESENTATION('',(#369),#373);
#369 = LINE('',#370,#371);
#370 = CARTESIAN_POINT('',(0.,0.));
#371 = VECTOR('',#372,1.);
#372 = DIRECTION('',(0.,1.));
#373 = ( GEOMETRIC_REPRESENTATION_CONTEXT(2) 
PARAMETRIC_REPRESENTATION_CONTEXT() REPRESENTATION_CONTEXT('2D SPACE',''
  ) );
#374 = ADVANCED_FACE('',(#375),#126,.T.);
#375 = FACE_BOUND('',#376,.T.);
#376 = EDGE_LOOP('',(#377,#400,#401,#402));
#377 = ORIENTED_EDGE('',*,*,#378,.F.);
#378 = EDGE_CURVE('',#332,#379,#381,.T.);
#379 = VERTEX_POINT('',#380);
#380 = CARTESIAN_POINT('',(0.8,1.45,0.94));
#381 = SURFACE_CURVE('',#382,(#386,#393),.PCURVE_S1.);
#382 = LINE('',#383,#384);
#383 = CARTESIAN_POINT('',(0.8,1.45,5.E-02));
#384 = VECTOR('',#385,1.);
#385 = DIRECTION('',(0.,0.,1.));
#386 = PCURVE('',#126,#387);
#387 = DEFINITIONAL_REPRESENTATION('',(#388),#392);
#388 = LINE('',#389,#390);
#389 = CARTESIAN_POINT('',(0.,1.6));
#390 = VECTOR('',#391,1.);
#391 = DIRECTION('',(1.,0.));
#392 = ( GEOMETRIC_REPRESENTATION_CONTEXT(2) 
PARAMETRIC_REPRESENTATION_CONTEXT() REPRESENTATION_CONTEXT('2D SPACE',''
  ) );
#393 = PCURVE('',#185,#394);
#394 = DEFINITIONAL_REPRESENTATION('',(#395),#399);
#395 = LINE('',#396,#397);
#396 = CARTESIAN_POINT('',(0.,-2.9));
#397 = VECTOR('',#398,1.);
#398 = DIRECTION('',(1.,0.));
#399 = ( GEOMETRIC_REPRESENTATION_CONTEXT(2) 
PARAMETRIC_REPRESENTATION_CONTEXT() REPRESENTATION_CONTEXT('2D SPACE',''
  ) );
#400 = ORIENTED_EDGE('',*,*,#354,.F.);
#401 = ORIENTED_EDGE('',*,*,#110,.T.);
#402 = ORIENTED_EDGE('',*,*,#403,.T.);
#403 = EDGE_CURVE('',#111,#379,#404,.T.);
#404 = SURFACE_CURVE('',#405,(#409,#416),.PCURVE_S1.);
#405 = LINE('',#406,#407);
#406 = CARTESIAN_POINT('',(-0.8,1.45,0.94));
#407 = VECTOR('',#408,1.);
#408 = DIRECTION('',(1.,0.,-0.));
#409 = PCURVE('',#126,#410);
#410 = DEFINITIONAL_REPRESENTATION('',(#411),#415);
#411 = LINE('',#412,#413);
#412 = CARTESIAN_POINT('',(0.89,0.));
#413 = VECTOR('',#414,1.);
#414 = DIRECTION('',(0.,1.));
#415 = ( GEOMETRIC_REPRESENTATION_CONTEXT(2) 
PARAMETRIC_REPRESENTATION_CONTEXT() REPRESENTATION_CONTEXT('2D SPACE',''
  ) );
#416 = PCURVE('',#288,#417);
#417 = DEFINITIONAL_REPRESENTATION('',(#418),#422);
#418 = LINE('',#419,#420);
#419 = CARTESIAN_POINT('',(-0.,-4.242640687119E-02));
#420 = VECTOR('',#421,1.);
#421 = DIRECTION('',(-1.,0.));
#422 = ( GEOMETRIC_REPRESENTATION_CONTEXT(2) 
PARAMETRIC_REPRESENTATION_CONTEXT() REPRESENTATION_CONTEXT('2D SPACE',''
  ) );
#423 = ADVANCED_FACE('',(#424),#185,.T.);
#424 = FACE_BOUND('',#425,.T.);
#425 = EDGE_LOOP('',(#426,#427,#428,#429));
#426 = ORIENTED_EDGE('',*,*,#167,.F.);
#427 = ORIENTED_EDGE('',*,*,#331,.T.);
#428 = ORIENTED_EDGE('',*,*,#378,.T.);
#429 = ORIENTED_EDGE('',*,*,#430,.F.);
#430 = EDGE_CURVE('',#170,#379,#431,.T.);
#431 = SURFACE_CURVE('',#432,(#436,#443),.PCURVE_S1.);
#432 = LINE('',#433,#434);
#433 = CARTESIAN_POINT('',(0.8,-1.45,0.94));
#434 = VECTOR('',#435,1.);
#435 = DIRECTION('',(-0.,1.,0.));
#436 = PCURVE('',#185,#437);
#437 = DEFINITIONAL_REPRESENTATION('',(#438),#442);
#438 = LINE('',#439,#440);
#439 = CARTESIAN_POINT('',(0.89,0.));
#440 = VECTOR('',#441,1.);
#441 = DIRECTION('',(0.,-1.));
#442 = ( GEOMETRIC_REPRESENTATION_CONTEXT(2) 
PARAMETRIC_REPRESENTATION_CONTEXT() REPRESENTATION_CONTEXT('2D SPACE',''
  ) );
#443 = PCURVE('',#444,#449);
#444 = PLANE('',#445);
#445 = AXIS2_PLACEMENT_3D('',#446,#447,#448);
#446 = CARTESIAN_POINT('',(0.77,-1.45,0.97));
#447 = DIRECTION('',(0.707106781187,-2.83935151841E-19,0.707106781187));
#448 = DIRECTION('',(2.00772471284E-19,1.,2.00772471284E-19));
#449 = DEFINITIONAL_REPRESENTATION('',(#450),#454);
#450 = LINE('',#451,#452);
#451 = CARTESIAN_POINT('',(0.,-4.242640687119E-02));
#452 = VECTOR('',#453,1.);
#453 = DIRECTION('',(1.,0.));
#454 = ( GEOMETRIC_REPRESENTATION_CONTEXT(2) 
PARAMETRIC_REPRESENTATION_CONTEXT() REPRESENTATION_CONTEXT('2D SPACE',''
  ) );
#455 = ADVANCED_FACE('',(#456),#233,.F.);
#456 = FACE_BOUND('',#457,.T.);
#457 = EDGE_LOOP('',(#458,#459,#460,#483));
#458 = ORIENTED_EDGE('',*,*,#248,.F.);
#459 = ORIENTED_EDGE('',*,*,#219,.T.);
#460 = ORIENTED_EDGE('',*,*,#461,.T.);
#461 = EDGE_CURVE('',#170,#462,#464,.T.);
#462 = VERTEX_POINT('',#463);
#463 = CARTESIAN_POINT('',(0.74,-1.39,1.));
#464 = SURFACE_CURVE('',#465,(#469,#476),.PCURVE_S1.);
#465 = LINE('',#466,#467);
#466 = CARTESIAN_POINT('',(0.513333333333,-1.163333333333,1.226666666667
    ));
#467 = VECTOR('',#468,1.);
#468 = DIRECTION('',(-0.57735026919,0.57735026919,0.57735026919));
#469 = PCURVE('',#233,#470);
#470 = DEFINITIONAL_REPRESENTATION('',(#471),#475);
#471 = LINE('',#472,#473);
#472 = CARTESIAN_POINT('',(-1.313333333333,0.362981481009));
#473 = VECTOR('',#474,1.);
#474 = DIRECTION('',(0.57735026919,0.816496580928));
#475 = ( GEOMETRIC_REPRESENTATION_CONTEXT(2) 
PARAMETRIC_REPRESENTATION_CONTEXT() REPRESENTATION_CONTEXT('2D SPACE',''
  ) );
#476 = PCURVE('',#444,#477);
#477 = DEFINITIONAL_REPRESENTATION('',(#478),#482);
#478 = LINE('',#479,#480);
#479 = CARTESIAN_POINT('',(0.286666666667,0.362981481009));
#480 = VECTOR('',#481,1.);
#481 = DIRECTION('',(0.57735026919,0.816496580928));
#482 = ( GEOMETRIC_REPRESENTATION_CONTEXT(2) 
PARAMETRIC_REPRESENTATION_CONTEXT() REPRESENTATION_CONTEXT('2D SPACE',''
  ) );
#483 = ORIENTED_EDGE('',*,*,#484,.F.);
#484 = EDGE_CURVE('',#249,#462,#485,.T.);
#485 = SURFACE_CURVE('',#486,(#490,#497),.PCURVE_S1.);
#486 = LINE('',#487,#488);
#487 = CARTESIAN_POINT('',(-0.8,-1.39,1.));
#488 = VECTOR('',#489,1.);
#489 = DIRECTION('',(1.,0.,-0.));
#490 = PCURVE('',#233,#491);
#491 = DEFINITIONAL_REPRESENTATION('',(#492),#496);
#492 = LINE('',#493,#494);
#493 = CARTESIAN_POINT('',(-0.,4.242640687119E-02));
#494 = VECTOR('',#495,1.);
#495 = DIRECTION('',(-1.,0.));
#496 = ( GEOMETRIC_REPRESENTATION_CONTEXT(2) 
PARAMETRIC_REPRESENTATION_CONTEXT() REPRESENTATION_CONTEXT('2D SPACE',''
  ) );
#497 = PCURVE('',#314,#498);
#498 = DEFINITIONAL_REPRESENTATION('',(#499),#503);
#499 = LINE('',#500,#501);
#500 = CARTESIAN_POINT('',(0.,6.E-02));
#501 = VECTOR('',#502,1.);
#502 = DIRECTION('',(1.,0.));
#503 = ( GEOMETRIC_REPRESENTATION_CONTEXT(2) 
PARAMETRIC_REPRESENTATION_CONTEXT() REPRESENTATION_CONTEXT('2D SPACE',''
  ) );
#504 = ADVANCED_FACE('',(#505,#553),#314,.T.);
#505 = FACE_BOUND('',#506,.T.);
#506 = EDGE_LOOP('',(#507,#508,#509,#532));
#507 = ORIENTED_EDGE('',*,*,#300,.F.);
#508 = ORIENTED_EDGE('',*,*,#484,.T.);
#509 = ORIENTED_EDGE('',*,*,#510,.T.);
#510 = EDGE_CURVE('',#462,#511,#513,.T.);
#511 = VERTEX_POINT('',#512);
#512 = CARTESIAN_POINT('',(0.74,1.39,1.));
#513 = SURFACE_CURVE('',#514,(#518,#525),.PCURVE_S1.);
#514 = LINE('',#515,#516);
#515 = CARTESIAN_POINT('',(0.74,-1.45,1.));
#516 = VECTOR('',#517,1.);
#517 = DIRECTION('',(-0.,1.,0.));
#518 = PCURVE('',#314,#519);
#519 = DEFINITIONAL_REPRESENTATION('',(#520),#524);
#520 = LINE('',#521,#522);
#521 = CARTESIAN_POINT('',(1.54,0.));
#522 = VECTOR('',#523,1.);
#523 = DIRECTION('',(0.,1.));
#524 = ( GEOMETRIC_REPRESENTATION_CONTEXT(2) 
PARAMETRIC_REPRESENTATION_CONTEXT() REPRESENTATION_CONTEXT('2D SPACE',''
  ) );
#525 = PCURVE('',#444,#526);
#526 = DEFINITIONAL_REPRESENTATION('',(#527),#531);
#527 = LINE('',#528,#529);
#528 = CARTESIAN_POINT('',(0.,4.242640687119E-02));
#529 = VECTOR('',#530,1.);
#530 = DIRECTION('',(1.,0.));
#531 = ( GEOMETRIC_REPRESENTATION_CONTEXT(2) 
PARAMETRIC_REPRESENTATION_CONTEXT() REPRESENTATION_CONTEXT('2D SPACE',''
  ) );
#532 = ORIENTED_EDGE('',*,*,#533,.F.);
#533 = EDGE_CURVE('',#273,#511,#534,.T.);
#534 = SURFACE_CURVE('',#535,(#539,#546),.PCURVE_S1.);
#535 = LINE('',#536,#537);
#536 = CARTESIAN_POINT('',(-0.8,1.39,1.));
#537 = VECTOR('',#538,1.);
#538 = DIRECTION('',(1.,0.,-0.));
#539 = PCURVE('',#314,#540);
#540 = DEFINITIONAL_REPRESENTATION('',(#541),#545);
#541 = LINE('',#542,#543);
#542 = CARTESIAN_POINT('',(0.,2.84));
#543 = VECTOR('',#544,1.);
#544 = DIRECTION('',(1.,0.));
#545 = ( GEOMETRIC_REPRESENTATION_CONTEXT(2) 
PARAMETRIC_REPRESENTATION_CONTEXT() REPRESENTATION_CONTEXT('2D SPACE',''
  ) );
#546 = PCURVE('',#288,#547);
#547 = DEFINITIONAL_REPRESENTATION('',(#548),#552);
#548 = LINE('',#549,#550);
#549 = CARTESIAN_POINT('',(-0.,4.242640687119E-02));
#550 = VECTOR('',#551,1.);
#551 = DIRECTION('',(-1.,0.));
#552 = ( GEOMETRIC_REPRESENTATION_CONTEXT(2) 
PARAMETRIC_REPRESENTATION_CONTEXT() REPRESENTATION_CONTEXT('2D SPACE',''
  ) );
#553 = FACE_BOUND('',#554,.T.);
#554 = EDGE_LOOP('',(#555));
#555 = ORIENTED_EDGE('',*,*,#556,.F.);
#556 = EDGE_CURVE('',#557,#557,#559,.T.);
#557 = VERTEX_POINT('',#558);
#558 = CARTESIAN_POINT('',(-0.27,1.05,1.));
#559 = SURFACE_CURVE('',#560,(#565,#572),.PCURVE_S1.);
#560 = CIRCLE('',#561,0.15);
#561 = AXIS2_PLACEMENT_3D('',#562,#563,#564);
#562 = CARTESIAN_POINT('',(-0.42,1.05,1.));
#563 = DIRECTION('',(0.,0.,1.));
#564 = DIRECTION('',(1.,0.,-0.));
#565 = PCURVE('',#314,#566);
#566 = DEFINITIONAL_REPRESENTATION('',(#567),#571);
#567 = CIRCLE('',#568,0.15);
#568 = AXIS2_PLACEMENT_2D('',#569,#570);
#569 = CARTESIAN_POINT('',(0.38,2.5));
#570 = DIRECTION('',(1.,0.));
#571 = ( GEOMETRIC_REPRESENTATION_CONTEXT(2) 
PARAMETRIC_REPRESENTATION_CONTEXT() REPRESENTATION_CONTEXT('2D SPACE',''
  ) );
#572 = PCURVE('',#573,#578);
#573 = CYLINDRICAL_SURFACE('',#574,0.15);
#574 = AXIS2_PLACEMENT_3D('',#575,#576,#577);
#575 = CARTESIAN_POINT('',(-0.42,1.05,0.98));
#576 = DIRECTION('',(0.,0.,1.));
#577 = DIRECTION('',(1.,0.,-0.));
#578 = DEFINITIONAL_REPRESENTATION('',(#579),#583);
#579 = LINE('',#580,#581);
#580 = CARTESIAN_POINT('',(0.,2.E-02));
#581 = VECTOR('',#582,1.);
#582 = DIRECTION('',(1.,0.));
#583 = ( GEOMETRIC_REPRESENTATION_CONTEXT(2) 
PARAMETRIC_REPRESENTATION_CONTEXT() REPRESENTATION_CONTEXT('2D SPACE',''
  ) );
#584 = ADVANCED_FACE('',(#585),#288,.T.);
#585 = FACE_BOUND('',#586,.F.);
#586 = EDGE_LOOP('',(#587,#588,#589,#610));
#587 = ORIENTED_EDGE('',*,*,#272,.F.);
#588 = ORIENTED_EDGE('',*,*,#403,.T.);
#589 = ORIENTED_EDGE('',*,*,#590,.T.);
#590 = EDGE_CURVE('',#379,#511,#591,.T.);
#591 = SURFACE_CURVE('',#592,(#596,#603),.PCURVE_S1.);
#592 = LINE('',#593,#594);
#593 = CARTESIAN_POINT('',(3.E-02,0.68,1.71));
#594 = VECTOR('',#595,1.);
#595 = DIRECTION('',(-0.57735026919,-0.57735026919,0.57735026919));
#596 = PCURVE('',#288,#597);
#597 = DEFINITIONAL_REPRESENTATION('',(#598),#602);
#598 = LINE('',#599,#600);
#599 = CARTESIAN_POINT('',(-0.83,1.046518036156));
#600 = VECTOR('',#601,1.);
#601 = DIRECTION('',(0.57735026919,0.816496580928));
#602 = ( GEOMETRIC_REPRESENTATION_CONTEXT(2) 
PARAMETRIC_REPRESENTATION_CONTEXT() REPRESENTATION_CONTEXT('2D SPACE',''
  ) );
#603 = PCURVE('',#444,#604);
#604 = DEFINITIONAL_REPRESENTATION('',(#605),#609);
#605 = LINE('',#606,#607);
#606 = CARTESIAN_POINT('',(2.13,1.046518036156));
#607 = VECTOR('',#608,1.);
#608 = DIRECTION('',(-0.57735026919,0.816496580928));
#609 = ( GEOMETRIC_REPRESENTATION_CONTEXT(2) 
PARAMETRIC_REPRESENTATION_CONTEXT() REPRESENTATION_CONTEXT('2D SPACE',''
  ) );
#610 = ORIENTED_EDGE('',*,*,#533,.F.);
#611 = ADVANCED_FACE('',(#612),#444,.T.);
#612 = FACE_BOUND('',#613,.T.);
#613 = EDGE_LOOP('',(#614,#615,#616,#617));
#614 = ORIENTED_EDGE('',*,*,#461,.F.);
#615 = ORIENTED_EDGE('',*,*,#430,.T.);
#616 = ORIENTED_EDGE('',*,*,#590,.T.);
#617 = ORIENTED_EDGE('',*,*,#510,.F.);
#618 = ADVANCED_FACE('',(#619),#573,.F.);
#619 = FACE_BOUND('',#620,.F.);
#620 = EDGE_LOOP('',(#621,#622,#645,#672));
#621 = ORIENTED_EDGE('',*,*,#556,.F.);
#622 = ORIENTED_EDGE('',*,*,#623,.F.);
#623 = EDGE_CURVE('',#624,#557,#626,.T.);
#624 = VERTEX_POINT('',#625);
#625 = CARTESIAN_POINT('',(-0.27,1.05,0.98));
#626 = SEAM_CURVE('',#627,(#631,#638),.PCURVE_S1.);
#627 = LINE('',#628,#629);
#628 = CARTESIAN_POINT('',(-0.27,1.05,0.98));
#629 = VECTOR('',#630,1.);
#630 = DIRECTION('',(0.,0.,1.));
#631 = PCURVE('',#573,#632);
#632 = DEFINITIONAL_REPRESENTATION('',(#633),#637);
#633 = LINE('',#634,#635);
#634 = CARTESIAN_POINT('',(6.28318530718,-0.));
#635 = VECTOR('',#636,1.);
#636 = DIRECTION('',(0.,1.));
#637 = ( GEOMETRIC_REPRESENTATION_CONTEXT(2) 
PARAMETRIC_REPRESENTATION_CONTEXT() REPRESENTATION_CONTEXT('2D SPACE',''
  ) );
#638 = PCURVE('',#573,#639);
#639 = DEFINITIONAL_REPRESENTATION('',(#640),#644);
#640 = LINE('',#641,#642);
#641 = CARTESIAN_POINT('',(0.,-0.));
#642 = VECTOR('',#643,1.);
#643 = DIRECTION('',(0.,1.));
#644 = ( GEOMETRIC_REPRESENTATION_CONTEXT(2) 
PARAMETRIC_REPRESENTATION_CONTEXT() REPRESENTATION_CONTEXT('2D SPACE',''
  ) );
#645 = ORIENTED_EDGE('',*,*,#646,.T.);
#646 = EDGE_CURVE('',#624,#624,#647,.T.);
#647 = SURFACE_CURVE('',#648,(#653,#660),.PCURVE_S1.);
#648 = CIRCLE('',#649,0.15);
#649 = AXIS2_PLACEMENT_3D('',#650,#651,#652);
#650 = CARTESIAN_POINT('',(-0.42,1.05,0.98));
#651 = DIRECTION('',(0.,0.,1.));
#652 = DIRECTION('',(1.,0.,-0.));
#653 = PCURVE('',#573,#654);
#654 = DEFINITIONAL_REPRESENTATION('',(#655),#659);
#655 = LINE('',#656,#657);
#656 = CARTESIAN_POINT('',(0.,0.));
#657 = VECTOR('',#658,1.);
#658 = DIRECTION('',(1.,0.));
#659 = ( GEOMETRIC_REPRESENTATION_CONTEXT(2) 
PARAMETRIC_REPRESENTATION_CONTEXT() REPRESENTATION_CONTEXT('2D SPACE',''
  ) );
#660 = PCURVE('',#661,#666);
#661 = PLANE('',#662);
#662 = AXIS2_PLACEMENT_3D('',#663,#664,#665);
#663 = CARTESIAN_POINT('',(-0.42,1.05,0.98));
#664 = DIRECTION('',(0.,0.,1.));
#665 = DIRECTION('',(1.,0.,-0.));
#666 = DEFINITIONAL_REPRESENTATION('',(#667),#671);
#667 = CIRCLE('',#668,0.15);
#668 = AXIS2_PLACEMENT_2D('',#669,#670);
#669 = CARTESIAN_POINT('',(0.,0.));
#670 = DIRECTION('',(1.,0.));
#671 = ( GEOMETRIC_REPRESENTATION_CONTEXT(2) 
PARAMETRIC_REPRESENTATION_CONTEXT() REPRESENTATION_CONTEXT('2D SPACE',''
  ) );
#672 = ORIENTED_EDGE('',*,*,#623,.T.);
#673 = ADVANCED_FACE('',(#674),#661,.T.);
#674 = FACE_BOUND('',#675,.F.);
#675 = EDGE_LOOP('',(#676));
#676 = ORIENTED_EDGE('',*,*,#646,.F.);
#677 = ( GEOMETRIC_REPRESENTATION_CONTEXT(3) 
GLOBAL_UNCERTAINTY_ASSIGNED_CONTEXT((#681)) GLOBAL_UNIT_ASSIGNED_CONTEXT
((#678,#679,#680)) REPRESENTATION_CONTEXT('Context #1',
  '3D Context with UNIT and UNCERTAINTY') );
#678 = ( LENGTH_UNIT() NAMED_UNIT(*) SI_UNIT(.MILLI.,.METRE.) );
#679 = ( NAMED_UNIT(*) PLANE_ANGLE_UNIT() SI_UNIT($,.RADIAN.) );
#680 = ( NAMED_UNIT(*) SI_UNIT($,.STERADIAN.) SOLID_ANGLE_UNIT() );
#681 = UNCERTAINTY_MEASURE_WITH_UNIT(LENGTH_MEASURE(1.E-07),#678,
  'distance_accuracy_value','confusion accuracy');
#682 = CONTEXT_DEPENDENT_SHAPE_REPRESENTATION(#683,#685);
#683 = ( REPRESENTATION_RELATIONSHIP('','',#40,#10) 
REPRESENTATION_RELATIONSHIP_WITH_TRANSFORMATION(#684) 
SHAPE_REPRESENTATION_RELATIONSHIP() );
#684 = ITEM_DEFINED_TRANSFORMATION('','',#11,#15);
#685 = PRODUCT_DEFINITION_SHAPE('Placement','Placement of an item',#686
  );
#686 = NEXT_ASSEMBLY_USAGE_OCCURRENCE('1','Body','',#5,#35,$);
#687 = PRODUCT_RELATED_PRODUCT_CATEGORY('part',$,(#37));
#688 = SHAPE_DEFINITION_REPRESENTATION(#689,#695);
#689 = PRODUCT_DEFINITION_SHAPE('','',#690);
#690 = PRODUCT_DEFINITION('design','',#691,#694);
#691 = PRODUCT_DEFINITION_FORMATION('','',#692);
#692 = PRODUCT('Leads','Leads','',(#693));
#693 = PRODUCT_CONTEXT('',#2,'mechanical');
#694 = PRODUCT_DEFINITION_CONTEXT('part definition',#2,'design');
#695 = SHAPE_REPRESENTATION('',(#11,#696,#1650,#2604,#3558,#4512,#5466,
    #6420,#7374),#8328);
#696 = MANIFOLD_SOLID_BREP('',#697);
#697 = CLOSED_SHELL('',(#698,#818,#894,#970,#1046,#1122,#1198,#1274,
    #1350,#1426,#1502,#1573,#1620,#1635));
#698 = ADVANCED_FACE('',(#699),#713,.T.);
#699 = FACE_BOUND('',#700,.T.);
#700 = EDGE_LOOP('',(#701,#736,#764,#792));
#701 = ORIENTED_EDGE('',*,*,#702,.T.);
#702 = EDGE_CURVE('',#703,#705,#707,.T.);
#703 = VERTEX_POINT('',#704);
#704 = CARTESIAN_POINT('',(-0.7,0.825,0.55));
#705 = VERTEX_POINT('',#706);
#706 = CARTESIAN_POINT('',(-0.7,1.125,0.55));
#707 = SURFACE_CURVE('',#708,(#712,#724),.PCURVE_S1.);
#708 = LINE('',#709,#710);
#709 = CARTESIAN_POINT('',(-0.7,0.825,0.55));
#710 = VECTOR('',#711,1.);
#711 = DIRECTION('',(0.,1.,0.));
#712 = PCURVE('',#713,#718);
#713 = PLANE('',#714);
#714 = AXIS2_PLACEMENT_3D('',#715,#716,#717);
#715 = CARTESIAN_POINT('',(-0.7,0.825,0.55));
#716 = DIRECTION('',(0.,-0.,1.));
#717 = DIRECTION('',(-1.,0.,0.));
#718 = DEFINITIONAL_REPRESENTATION('',(#719),#723);
#719 = LINE('',#720,#721);
#720 = CARTESIAN_POINT('',(0.,0.));
#721 = VECTOR('',#722,1.);
#722 = DIRECTION('',(0.,-1.));
#723 = ( GEOMETRIC_REPRESENTATION_CONTEXT(2) 
PARAMETRIC_REPRESENTATION_CONTEXT() REPRESENTATION_CONTEXT('2D SPACE',''
  ) );
#724 = PCURVE('',#725,#730);
#725 = PLANE('',#726);
#726 = AXIS2_PLACEMENT_3D('',#727,#728,#729);
#727 = CARTESIAN_POINT('',(-0.7,0.825,0.4));
#728 = DIRECTION('',(1.,0.,0.));
#729 = DIRECTION('',(0.,0.,1.));
#730 = DEFINITIONAL_REPRESENTATION('',(#731),#735);
#731 = LINE('',#732,#733);
#732 = CARTESIAN_POINT('',(0.15,0.));
#733 = VECTOR('',#734,1.);
#734 = DIRECTION('',(0.,-1.));
#735 = ( GEOMETRIC_REPRESENTATION_CONTEXT(2) 
PARAMETRIC_REPRESENTATION_CONTEXT() REPRESENTATION_CONTEXT('2D SPACE',''
  ) );
#736 = ORIENTED_EDGE('',*,*,#737,.T.);
#737 = EDGE_CURVE('',#705,#738,#740,.T.);
#738 = VERTEX_POINT('',#739);
#739 = CARTESIAN_POINT('',(-0.93,1.125,0.55));
#740 = SURFACE_CURVE('',#741,(#745,#752),.PCURVE_S1.);
#741 = LINE('',#742,#743);
#742 = CARTESIAN_POINT('',(-0.7,1.125,0.55));
#743 = VECTOR('',#744,1.);
#744 = DIRECTION('',(-1.,0.,0.));
#745 = PCURVE('',#713,#746);
#746 = DEFINITIONAL_REPRESENTATION('',(#747),#751);
#747 = LINE('',#748,#749);
#748 = CARTESIAN_POINT('',(0.,-0.3));
#749 = VECTOR('',#750,1.);
#750 = DIRECTION('',(1.,0.));
#751 = ( GEOMETRIC_REPRESENTATION_CONTEXT(2) 
PARAMETRIC_REPRESENTATION_CONTEXT() REPRESENTATION_CONTEXT('2D SPACE',''
  ) );
#752 = PCURVE('',#753,#758);
#753 = PLANE('',#754);
#754 = AXIS2_PLACEMENT_3D('',#755,#756,#757);
#755 = CARTESIAN_POINT('',(-1.036157906357,1.125,0.254097612067));
#756 = DIRECTION('',(-0.,-1.,-0.));
#757 = DIRECTION('',(0.,0.,-1.));
#758 = DEFINITIONAL_REPRESENTATION('',(#759),#763);
#759 = LINE('',#760,#761);
#760 = CARTESIAN_POINT('',(-0.295902387933,0.336157906357));
#761 = VECTOR('',#762,1.);
#762 = DIRECTION('',(0.,-1.));
#763 = ( GEOMETRIC_REPRESENTATION_CONTEXT(2) 
PARAMETRIC_REPRESENTATION_CONTEXT() REPRESENTATION_CONTEXT('2D SPACE',''
  ) );
#764 = ORIENTED_EDGE('',*,*,#765,.F.);
#765 = EDGE_CURVE('',#766,#738,#768,.T.);
#766 = VERTEX_POINT('',#767);
#767 = CARTESIAN_POINT('',(-0.93,0.825,0.55));
#768 = SURFACE_CURVE('',#769,(#773,#780),.PCURVE_S1.);
#769 = LINE('',#770,#771);
#770 = CARTESIAN_POINT('',(-0.93,0.825,0.55));
#771 = VECTOR('',#772,1.);
#772 = DIRECTION('',(0.,1.,0.));
#773 = PCURVE('',#713,#774);
#774 = DEFINITIONAL_REPRESENTATION('',(#775),#779);
#775 = LINE('',#776,#777);
#776 = CARTESIAN_POINT('',(0.23,0.));
#777 = VECTOR('',#778,1.);
#778 = DIRECTION('',(0.,-1.));
#779 = ( GEOMETRIC_REPRESENTATION_CONTEXT(2) 
PARAMETRIC_REPRESENTATION_CONTEXT() REPRESENTATION_CONTEXT('2D SPACE',''
  ) );
#780 = PCURVE('',#781,#786);
#781 = PLANE('',#782);
#782 = AXIS2_PLACEMENT_3D('',#783,#784,#785);
#783 = CARTESIAN_POINT('',(-0.93,0.825,0.55));
#784 = DIRECTION('',(-0.4472135955,0.,0.894427191));
#785 = DIRECTION('',(-0.894427191,0.,-0.4472135955));
#786 = DEFINITIONAL_REPRESENTATION('',(#787),#791);
#787 = LINE('',#788,#789);
#788 = CARTESIAN_POINT('',(0.,0.));
#789 = VECTOR('',#790,1.);
#790 = DIRECTION('',(0.,-1.));
#791 = ( GEOMETRIC_REPRESENTATION_CONTEXT(2) 
PARAMETRIC_REPRESENTATION_CONTEXT() REPRESENTATION_CONTEXT('2D SPACE',''
  ) );
#792 = ORIENTED_EDGE('',*,*,#793,.F.);
#793 = EDGE_CURVE('',#703,#766,#794,.T.);
#794 = SURFACE_CURVE('',#795,(#799,#806),.PCURVE_S1.);
#795 = LINE('',#796,#797);
#796 = CARTESIAN_POINT('',(-0.7,0.825,0.55));
#797 = VECTOR('',#798,1.);
#798 = DIRECTION('',(-1.,0.,0.));
#799 = PCURVE('',#713,#800);
#800 = DEFINITIONAL_REPRESENTATION('',(#801),#805);
#801 = LINE('',#802,#803);
#802 = CARTESIAN_POINT('',(0.,0.));
#803 = VECTOR('',#804,1.);
#804 = DIRECTION('',(1.,0.));
#805 = ( GEOMETRIC_REPRESENTATION_CONTEXT(2) 
PARAMETRIC_REPRESENTATION_CONTEXT() REPRESENTATION_CONTEXT('2D SPACE',''
  ) );
#806 = PCURVE('',#807,#812);
#807 = PLANE('',#808);
#808 = AXIS2_PLACEMENT_3D('',#809,#810,#811);
#809 = CARTESIAN_POINT('',(-1.036157906357,0.825,0.254097612067));
#810 = DIRECTION('',(-0.,-1.,-0.));
#811 = DIRECTION('',(0.,0.,-1.));
#812 = DEFINITIONAL_REPRESENTATION('',(#813),#817);
#813 = LINE('',#814,#815);
#814 = CARTESIAN_POINT('',(-0.295902387933,0.336157906357));
#815 = VECTOR('',#816,1.);
#816 = DIRECTION('',(0.,-1.));
#817 = ( GEOMETRIC_REPRESENTATION_CONTEXT(2) 
PARAMETRIC_REPRESENTATION_CONTEXT() REPRESENTATION_CONTEXT('2D SPACE',''
  ) );
#818 = ADVANCED_FACE('',(#819),#781,.T.);
#819 = FACE_BOUND('',#820,.T.);
#820 = EDGE_LOOP('',(#821,#822,#845,#873));
#821 = ORIENTED_EDGE('',*,*,#765,.T.);
#822 = ORIENTED_EDGE('',*,*,#823,.T.);
#823 = EDGE_CURVE('',#738,#824,#826,.T.);
#824 = VERTEX_POINT('',#825);
#825 = CARTESIAN_POINT('',(-0.99,1.125,0.52));
#826 = SURFACE_CURVE('',#827,(#831,#838),.PCURVE_S1.);
#827 = LINE('',#828,#829);
#828 = CARTESIAN_POINT('',(-0.93,1.125,0.55));
#829 = VECTOR('',#830,1.);
#830 = DIRECTION('',(-0.894427191,0.,-0.4472135955));
#831 = PCURVE('',#781,#832);
#832 = DEFINITIONAL_REPRESENTATION('',(#833),#837);
#833 = LINE('',#834,#835);
#834 = CARTESIAN_POINT('',(0.,-0.3));
#835 = VECTOR('',#836,1.);
#836 = DIRECTION('',(1.,0.));
#837 = ( GEOMETRIC_REPRESENTATION_CONTEXT(2) 
PARAMETRIC_REPRESENTATION_CONTEXT() REPRESENTATION_CONTEXT('2D SPACE',''
  ) );
#838 = PCURVE('',#753,#839);
#839 = DEFINITIONAL_REPRESENTATION('',(#840),#844);
#840 = LINE('',#841,#842);
#841 = CARTESIAN_POINT('',(-0.295902387933,0.106157906357));
#842 = VECTOR('',#843,1.);
#843 = DIRECTION('',(0.4472135955,-0.894427191));
#844 = ( GEOMETRIC_REPRESENTATION_CONTEXT(2) 
PARAMETRIC_REPRESENTATION_CONTEXT() REPRESENTATION_CONTEXT('2D SPACE',''
  ) );
#845 = ORIENTED_EDGE('',*,*,#846,.F.);
#846 = EDGE_CURVE('',#847,#824,#849,.T.);
#847 = VERTEX_POINT('',#848);
#848 = CARTESIAN_POINT('',(-0.99,0.825,0.52));
#849 = SURFACE_CURVE('',#850,(#854,#861),.PCURVE_S1.);
#850 = LINE('',#851,#852);
#851 = CARTESIAN_POINT('',(-0.99,0.825,0.52));
#852 = VECTOR('',#853,1.);
#853 = DIRECTION('',(0.,1.,0.));
#854 = PCURVE('',#781,#855);
#855 = DEFINITIONAL_REPRESENTATION('',(#856),#860);
#856 = LINE('',#857,#858);
#857 = CARTESIAN_POINT('',(6.708203932499E-02,0.));
#858 = VECTOR('',#859,1.);
#859 = DIRECTION('',(0.,-1.));
#860 = ( GEOMETRIC_REPRESENTATION_CONTEXT(2) 
PARAMETRIC_REPRESENTATION_CONTEXT() REPRESENTATION_CONTEXT('2D SPACE',''
  ) );
#861 = PCURVE('',#862,#867);
#862 = PLANE('',#863);
#863 = AXIS2_PLACEMENT_3D('',#864,#865,#866);
#864 = CARTESIAN_POINT('',(-0.99,0.825,0.52));
#865 = DIRECTION('',(-0.951444518554,0.,0.307820285415));
#866 = DIRECTION('',(-0.307820285415,0.,-0.951444518554));
#867 = DEFINITIONAL_REPRESENTATION('',(#868),#872);
#868 = LINE('',#869,#870);
#869 = CARTESIAN_POINT('',(0.,0.));
#870 = VECTOR('',#871,1.);
#871 = DIRECTION('',(0.,-1.));
#872 = ( GEOMETRIC_REPRESENTATION_CONTEXT(2) 
PARAMETRIC_REPRESENTATION_CONTEXT() REPRESENTATION_CONTEXT('2D SPACE',''
  ) );
#873 = ORIENTED_EDGE('',*,*,#874,.F.);
#874 = EDGE_CURVE('',#766,#847,#875,.T.);
#875 = SURFACE_CURVE('',#876,(#880,#887),.PCURVE_S1.);
#876 = LINE('',#877,#878);
#877 = CARTESIAN_POINT('',(-0.93,0.825,0.55));
#878 = VECTOR('',#879,1.);
#879 = DIRECTION('',(-0.894427191,0.,-0.4472135955));
#880 = PCURVE('',#781,#881);
#881 = DEFINITIONAL_REPRESENTATION('',(#882),#886);
#882 = LINE('',#883,#884);
#883 = CARTESIAN_POINT('',(0.,0.));
#884 = VECTOR('',#885,1.);
#885 = DIRECTION('',(1.,0.));
#886 = ( GEOMETRIC_REPRESENTATION_CONTEXT(2) 
PARAMETRIC_REPRESENTATION_CONTEXT() REPRESENTATION_CONTEXT('2D SPACE',''
  ) );
#887 = PCURVE('',#807,#888);
#888 = DEFINITIONAL_REPRESENTATION('',(#889),#893);
#889 = LINE('',#890,#891);
#890 = CARTESIAN_POINT('',(-0.295902387933,0.106157906357));
#891 = VECTOR('',#892,1.);
#892 = DIRECTION('',(0.4472135955,-0.894427191));
#893 = ( GEOMETRIC_REPRESENTATION_CONTEXT(2) 
PARAMETRIC_REPRESENTATION_CONTEXT() REPRESENTATION_CONTEXT('2D SPACE',''
  ) );
#894 = ADVANCED_FACE('',(#895),#862,.T.);
#895 = FACE_BOUND('',#896,.T.);
#896 = EDGE_LOOP('',(#897,#898,#921,#949));
#897 = ORIENTED_EDGE('',*,*,#846,.T.);
#898 = ORIENTED_EDGE('',*,*,#899,.T.);
#899 = EDGE_CURVE('',#824,#900,#902,.T.);
#900 = VERTEX_POINT('',#901);
#901 = CARTESIAN_POINT('',(-1.1,1.125,0.18));
#902 = SURFACE_CURVE('',#903,(#907,#914),.PCURVE_S1.);
#903 = LINE('',#904,#905);
#904 = CARTESIAN_POINT('',(-0.99,1.125,0.52));
#905 = VECTOR('',#906,1.);
#906 = DIRECTION('',(-0.307820285415,0.,-0.951444518554));
#907 = PCURVE('',#862,#908);
#908 = DEFINITIONAL_REPRESENTATION('',(#909),#913);
#909 = LINE('',#910,#911);
#910 = CARTESIAN_POINT('',(0.,-0.3));
#911 = VECTOR('',#912,1.);
#912 = DIRECTION('',(1.,0.));
#913 = ( GEOMETRIC_REPRESENTATION_CONTEXT(2) 
PARAMETRIC_REPRESENTATION_CONTEXT() REPRESENTATION_CONTEXT('2D SPACE',''
  ) );
#914 = PCURVE('',#753,#915);
#915 = DEFINITIONAL_REPRESENTATION('',(#916),#920);
#916 = LINE('',#917,#918);
#917 = CARTESIAN_POINT('',(-0.265902387933,4.615790635743E-02));
#918 = VECTOR('',#919,1.);
#919 = DIRECTION('',(0.951444518554,-0.307820285415));
#920 = ( GEOMETRIC_REPRESENTATION_CONTEXT(2) 
PARAMETRIC_REPRESENTATION_CONTEXT() REPRESENTATION_CONTEXT('2D SPACE',''
  ) );
#921 = ORIENTED_EDGE('',*,*,#922,.F.);
#922 = EDGE_CURVE('',#923,#900,#925,.T.);
#923 = VERTEX_POINT('',#924);
#924 = CARTESIAN_POINT('',(-1.1,0.825,0.18));
#925 = SURFACE_CURVE('',#926,(#930,#937),.PCURVE_S1.);
#926 = LINE('',#927,#928);
#927 = CARTESIAN_POINT('',(-1.1,0.825,0.18));
#928 = VECTOR('',#929,1.);
#929 = DIRECTION('',(0.,1.,0.));
#930 = PCURVE('',#862,#931);
#931 = DEFINITIONAL_REPRESENTATION('',(#932),#936);
#932 = LINE('',#933,#934);
#933 = CARTESIAN_POINT('',(0.357351367704,0.));
#934 = VECTOR('',#935,1.);
#935 = DIRECTION('',(0.,-1.));
#936 = ( GEOMETRIC_REPRESENTATION_CONTEXT(2) 
PARAMETRIC_REPRESENTATION_CONTEXT() REPRESENTATION_CONTEXT('2D SPACE',''
  ) );
#937 = PCURVE('',#938,#943);
#938 = PLANE('',#939);
#939 = AXIS2_PLACEMENT_3D('',#940,#941,#942);
#940 = CARTESIAN_POINT('',(-1.1,0.825,0.18));
#941 = DIRECTION('',(-0.6,0.,0.8));
#942 = DIRECTION('',(-0.8,0.,-0.6));
#943 = DEFINITIONAL_REPRESENTATION('',(#944),#948);
#944 = LINE('',#945,#946);
#945 = CARTESIAN_POINT('',(0.,0.));
#946 = VECTOR('',#947,1.);
#947 = DIRECTION('',(0.,-1.));
#948 = ( GEOMETRIC_REPRESENTATION_CONTEXT(2) 
PARAMETRIC_REPRESENTATION_CONTEXT() REPRESENTATION_CONTEXT('2D SPACE',''
  ) );
#949 = ORIENTED_EDGE('',*,*,#950,.F.);
#950 = EDGE_CURVE('',#847,#923,#951,.T.);
#951 = SURFACE_CURVE('',#952,(#956,#963),.PCURVE_S1.);
#952 = LINE('',#953,#954);
#953 = CARTESIAN_POINT('',(-0.99,0.825,0.52));
#954 = VECTOR('',#955,1.);
#955 = DIRECTION('',(-0.307820285415,0.,-0.951444518554));
#956 = PCURVE('',#862,#957);
#957 = DEFINITIONAL_REPRESENTATION('',(#958),#962);
#958 = LINE('',#959,#960);
#959 = CARTESIAN_POINT('',(0.,0.));
#960 = VECTOR('',#961,1.);
#961 = DIRECTION('',(1.,0.));
#962 = ( GEOMETRIC_REPRESENTATION_CONTEXT(2) 
PARAMETRIC_REPRESENTATION_CONTEXT() REPRESENTATION_CONTEXT('2D SPACE',''
  ) );
#963 = PCURVE('',#807,#964);
#964 = DEFINITIONAL_REPRESENTATION('',(#965),#969);
#965 = LINE('',#966,#967);
#966 = CARTESIAN_POINT('',(-0.265902387933,4.615790635743E-02));
#967 = VECTOR('',#968,1.);
#968 = DIRECTION('',(0.951444518554,-0.307820285415));
#969 = ( GEOMETRIC_REPRESENTATION_CONTEXT(2) 
PARAMETRIC_REPRESENTATION_CONTEXT() REPRESENTATION_CONTEXT('2D SPACE',''
  ) );
#970 = ADVANCED_FACE('',(#971),#938,.T.);
#971 = FACE_BOUND('',#972,.T.);
#972 = EDGE_LOOP('',(#973,#974,#997,#1025));
#973 = ORIENTED_EDGE('',*,*,#922,.T.);
#974 = ORIENTED_EDGE('',*,*,#975,.T.);
#975 = EDGE_CURVE('',#900,#976,#978,.T.);
#976 = VERTEX_POINT('',#977);
#977 = CARTESIAN_POINT('',(-1.14,1.125,0.15));
#978 = SURFACE_CURVE('',#979,(#983,#990),.PCURVE_S1.);
#979 = LINE('',#980,#981);
#980 = CARTESIAN_POINT('',(-1.1,1.125,0.18));
#981 = VECTOR('',#982,1.);
#982 = DIRECTION('',(-0.8,0.,-0.6));
#983 = PCURVE('',#938,#984);
#984 = DEFINITIONAL_REPRESENTATION('',(#985),#989);
#985 = LINE('',#986,#987);
#986 = CARTESIAN_POINT('',(0.,-0.3));
#987 = VECTOR('',#988,1.);
#988 = DIRECTION('',(1.,0.));
#989 = ( GEOMETRIC_REPRESENTATION_CONTEXT(2) 
PARAMETRIC_REPRESENTATION_CONTEXT() REPRESENTATION_CONTEXT('2D SPACE',''
  ) );
#990 = PCURVE('',#753,#991);
#991 = DEFINITIONAL_REPRESENTATION('',(#992),#996);
#992 = LINE('',#993,#994);
#993 = CARTESIAN_POINT('',(7.409761206749E-02,-6.384209364257E-02));
#994 = VECTOR('',#995,1.);
#995 = DIRECTION('',(0.6,-0.8));
#996 = ( GEOMETRIC_REPRESENTATION_CONTEXT(2) 
PARAMETRIC_REPRESENTATION_CONTEXT() REPRESENTATION_CONTEXT('2D SPACE',''
  ) );
#997 = ORIENTED_EDGE('',*,*,#998,.F.);
#998 = EDGE_CURVE('',#999,#976,#1001,.T.);
#999 = VERTEX_POINT('',#1000);
#1000 = CARTESIAN_POINT('',(-1.14,0.825,0.15));
#1001 = SURFACE_CURVE('',#1002,(#1006,#1013),.PCURVE_S1.);
#1002 = LINE('',#1003,#1004);
#1003 = CARTESIAN_POINT('',(-1.14,0.825,0.15));
#1004 = VECTOR('',#1005,1.);
#1005 = DIRECTION('',(0.,1.,0.));
#1006 = PCURVE('',#938,#1007);
#1007 = DEFINITIONAL_REPRESENTATION('',(#1008),#1012);
#1008 = LINE('',#1009,#1010);
#1009 = CARTESIAN_POINT('',(5.E-02,0.));
#1010 = VECTOR('',#1011,1.);
#1011 = DIRECTION('',(0.,-1.));
#1012 = ( GEOMETRIC_REPRESENTATION_CONTEXT(2) 
PARAMETRIC_REPRESENTATION_CONTEXT() REPRESENTATION_CONTEXT('2D SPACE',''
  ) );
#1013 = PCURVE('',#1014,#1019);
#1014 = PLANE('',#1015);
#1015 = AXIS2_PLACEMENT_3D('',#1016,#1017,#1018);
#1016 = CARTESIAN_POINT('',(-1.14,0.825,0.15));
#1017 = DIRECTION('',(0.,-0.,1.));
#1018 = DIRECTION('',(-1.,0.,0.));
#1019 = DEFINITIONAL_REPRESENTATION('',(#1020),#1024);
#1020 = LINE('',#1021,#1022);
#1021 = CARTESIAN_POINT('',(0.,0.));
#1022 = VECTOR('',#1023,1.);
#1023 = DIRECTION('',(0.,-1.));
#1024 = ( GEOMETRIC_REPRESENTATION_CONTEXT(2) 
PARAMETRIC_REPRESENTATION_CONTEXT() REPRESENTATION_CONTEXT('2D SPACE',''
  ) );
#1025 = ORIENTED_EDGE('',*,*,#1026,.F.);
#1026 = EDGE_CURVE('',#923,#999,#1027,.T.);
#1027 = SURFACE_CURVE('',#1028,(#1032,#1039),.PCURVE_S1.);
#1028 = LINE('',#1029,#1030);
#1029 = CARTESIAN_POINT('',(-1.1,0.825,0.18));
#1030 = VECTOR('',#1031,1.);
#1031 = DIRECTION('',(-0.8,0.,-0.6));
#1032 = PCURVE('',#938,#1033);
#1033 = DEFINITIONAL_REPRESENTATION('',(#1034),#1038);
#1034 = LINE('',#1035,#1036);
#1035 = CARTESIAN_POINT('',(0.,0.));
#1036 = VECTOR('',#1037,1.);
#1037 = DIRECTION('',(1.,0.));
#1038 = ( GEOMETRIC_REPRESENTATION_CONTEXT(2) 
PARAMETRIC_REPRESENTATION_CONTEXT() REPRESENTATION_CONTEXT('2D SPACE',''
  ) );
#1039 = PCURVE('',#807,#1040);
#1040 = DEFINITIONAL_REPRESENTATION('',(#1041),#1045);
#1041 = LINE('',#1042,#1043);
#1042 = CARTESIAN_POINT('',(7.409761206749E-02,-6.384209364257E-02));
#1043 = VECTOR('',#1044,1.);
#1044 = DIRECTION('',(0.6,-0.8));
#1045 = ( GEOMETRIC_REPRESENTATION_CONTEXT(2) 
PARAMETRIC_REPRESENTATION_CONTEXT() REPRESENTATION_CONTEXT('2D SPACE',''
  ) );
#1046 = ADVANCED_FACE('',(#1047),#1014,.T.);
#1047 = FACE_BOUND('',#1048,.T.);
#1048 = EDGE_LOOP('',(#1049,#1050,#1073,#1101));
#1049 = ORIENTED_EDGE('',*,*,#998,.T.);
#1050 = ORIENTED_EDGE('',*,*,#1051,.T.);
#1051 = EDGE_CURVE('',#976,#1052,#1054,.T.);
#1052 = VERTEX_POINT('',#1053);
#1053 = CARTESIAN_POINT('',(-1.4,1.125,0.15));
#1054 = SURFACE_CURVE('',#1055,(#1059,#1066),.PCURVE_S1.);
#1055 = LINE('',#1056,#1057);
#1056 = CARTESIAN_POINT('',(-1.14,1.125,0.15));
#1057 = VECTOR('',#1058,1.);
#1058 = DIRECTION('',(-1.,0.,0.));
#1059 = PCURVE('',#1014,#1060);
#1060 = DEFINITIONAL_REPRESENTATION('',(#1061),#1065);
#1061 = LINE('',#1062,#1063);
#1062 = CARTESIAN_POINT('',(0.,-0.3));
#1063 = VECTOR('',#1064,1.);
#1064 = DIRECTION('',(1.,0.));
#1065 = ( GEOMETRIC_REPRESENTATION_CONTEXT(2) 
PARAMETRIC_REPRESENTATION_CONTEXT() REPRESENTATION_CONTEXT('2D SPACE',''
  ) );
#1066 = PCURVE('',#753,#1067);
#1067 = DEFINITIONAL_REPRESENTATION('',(#1068),#1072);
#1068 = LINE('',#1069,#1070);
#1069 = CARTESIAN_POINT('',(0.104097612067,-0.103842093643));
#1070 = VECTOR('',#1071,1.);
#1071 = DIRECTION('',(0.,-1.));
#1072 = ( GEOMETRIC_REPRESENTATION_CONTEXT(2) 
PARAMETRIC_REPRESENTATION_CONTEXT() REPRESENTATION_CONTEXT('2D SPACE',''
  ) );
#1073 = ORIENTED_EDGE('',*,*,#1074,.F.);
#1074 = EDGE_CURVE('',#1075,#1052,#1077,.T.);
#1075 = VERTEX_POINT('',#1076);
#1076 = CARTESIAN_POINT('',(-1.4,0.825,0.15));
#1077 = SURFACE_CURVE('',#1078,(#1082,#1089),.PCURVE_S1.);
#1078 = LINE('',#1079,#1080);
#1079 = CARTESIAN_POINT('',(-1.4,0.825,0.15));
#1080 = VECTOR('',#1081,1.);
#1081 = DIRECTION('',(0.,1.,0.));
#1082 = PCURVE('',#1014,#1083);
#1083 = DEFINITIONAL_REPRESENTATION('',(#1084),#1088);
#1084 = LINE('',#1085,#1086);
#1085 = CARTESIAN_POINT('',(0.26,0.));
#1086 = VECTOR('',#1087,1.);
#1087 = DIRECTION('',(0.,-1.));
#1088 = ( GEOMETRIC_REPRESENTATION_CONTEXT(2) 
PARAMETRIC_REPRESENTATION_CONTEXT() REPRESENTATION_CONTEXT('2D SPACE',''
  ) );
#1089 = PCURVE('',#1090,#1095);
#1090 = PLANE('',#1091);
#1091 = AXIS2_PLACEMENT_3D('',#1092,#1093,#1094);
#1092 = CARTESIAN_POINT('',(-1.4,0.825,0.15));
#1093 = DIRECTION('',(-1.,0.,0.));
#1094 = DIRECTION('',(0.,0.,-1.));
#1095 = DEFINITIONAL_REPRESENTATION('',(#1096),#1100);
#1096 = LINE('',#1097,#1098);
#1097 = CARTESIAN_POINT('',(0.,-0.));
#1098 = VECTOR('',#1099,1.);
#1099 = DIRECTION('',(0.,-1.));
#1100 = ( GEOMETRIC_REPRESENTATION_CONTEXT(2) 
PARAMETRIC_REPRESENTATION_CONTEXT() REPRESENTATION_CONTEXT('2D SPACE',''
  ) );
#1101 = ORIENTED_EDGE('',*,*,#1102,.F.);
#1102 = EDGE_CURVE('',#999,#1075,#1103,.T.);
#1103 = SURFACE_CURVE('',#1104,(#1108,#1115),.PCURVE_S1.);
#1104 = LINE('',#1105,#1106);
#1105 = CARTESIAN_POINT('',(-1.14,0.825,0.15));
#1106 = VECTOR('',#1107,1.);
#1107 = DIRECTION('',(-1.,0.,0.));
#1108 = PCURVE('',#1014,#1109);
#1109 = DEFINITIONAL_REPRESENTATION('',(#1110),#1114);
#1110 = LINE('',#1111,#1112);
#1111 = CARTESIAN_POINT('',(0.,0.));
#1112 = VECTOR('',#1113,1.);
#1113 = DIRECTION('',(1.,0.));
#1114 = ( GEOMETRIC_REPRESENTATION_CONTEXT(2) 
PARAMETRIC_REPRESENTATION_CONTEXT() REPRESENTATION_CONTEXT('2D SPACE',''
  ) );
#1115 = PCURVE('',#807,#1116);
#1116 = DEFINITIONAL_REPRESENTATION('',(#1117),#1121);
#1117 = LINE('',#1118,#1119);
#1118 = CARTESIAN_POINT('',(0.104097612067,-0.103842093643));
#1119 = VECTOR('',#1120,1.);
#1120 = DIRECTION('',(0.,-1.));
#1121 = ( GEOMETRIC_REPRESENTATION_CONTEXT(2) 
PARAMETRIC_REPRESENTATION_CONTEXT() REPRESENTATION_CONTEXT('2D SPACE',''
  ) );
#1122 = ADVANCED_FACE('',(#1123),#1090,.T.);
#1123 = FACE_BOUND('',#1124,.T.);
#1124 = EDGE_LOOP('',(#1125,#1126,#1149,#1177));
#1125 = ORIENTED_EDGE('',*,*,#1074,.T.);
#1126 = ORIENTED_EDGE('',*,*,#1127,.T.);
#1127 = EDGE_CURVE('',#1052,#1128,#1130,.T.);
#1128 = VERTEX_POINT('',#1129);
#1129 = CARTESIAN_POINT('',(-1.4,1.125,0.));
#1130 = SURFACE_CURVE('',#1131,(#1135,#1142),.PCURVE_S1.);
#1131 = LINE('',#1132,#1133);
#1132 = CARTESIAN_POINT('',(-1.4,1.125,0.15));
#1133 = VECTOR('',#1134,1.);
#1134 = DIRECTION('',(0.,0.,-1.));
#1135 = PCURVE('',#1090,#1136);
#1136 = DEFINITIONAL_REPRESENTATION('',(#1137),#1141);
#1137 = LINE('',#1138,#1139);
#1138 = CARTESIAN_POINT('',(0.,-0.3));
#1139 = VECTOR('',#1140,1.);
#1140 = DIRECTION('',(1.,0.));
#1141 = ( GEOMETRIC_REPRESENTATION_CONTEXT(2) 
PARAMETRIC_REPRESENTATION_CONTEXT() REPRESENTATION_CONTEXT('2D SPACE',''
  ) );
#1142 = PCURVE('',#753,#1143);
#1143 = DEFINITIONAL_REPRESENTATION('',(#1144),#1148);
#1144 = LINE('',#1145,#1146);
#1145 = CARTESIAN_POINT('',(0.104097612067,-0.363842093643));
#1146 = VECTOR('',#1147,1.);
#1147 = DIRECTION('',(1.,0.));
#1148 = ( GEOMETRIC_REPRESENTATION_CONTEXT(2) 
PARAMETRIC_REPRESENTATION_CONTEXT() REPRESENTATION_CONTEXT('2D SPACE',''
  ) );
#1149 = ORIENTED_EDGE('',*,*,#1150,.F.);
#1150 = EDGE_CURVE('',#1151,#1128,#1153,.T.);
#1151 = VERTEX_POINT('',#1152);
#1152 = CARTESIAN_POINT('',(-1.4,0.825,0.));
#1153 = SURFACE_CURVE('',#1154,(#1158,#1165),.PCURVE_S1.);
#1154 = LINE('',#1155,#1156);
#1155 = CARTESIAN_POINT('',(-1.4,0.825,0.));
#1156 = VECTOR('',#1157,1.);
#1157 = DIRECTION('',(0.,1.,0.));
#1158 = PCURVE('',#1090,#1159);
#1159 = DEFINITIONAL_REPRESENTATION('',(#1160),#1164);
#1160 = LINE('',#1161,#1162);
#1161 = CARTESIAN_POINT('',(0.15,0.));
#1162 = VECTOR('',#1163,1.);
#1163 = DIRECTION('',(0.,-1.));
#1164 = ( GEOMETRIC_REPRESENTATION_CONTEXT(2) 
PARAMETRIC_REPRESENTATION_CONTEXT() REPRESENTATION_CONTEXT('2D SPACE',''
  ) );
#1165 = PCURVE('',#1166,#1171);
#1166 = PLANE('',#1167);
#1167 = AXIS2_PLACEMENT_3D('',#1168,#1169,#1170);
#1168 = CARTESIAN_POINT('',(-1.4,0.825,0.));
#1169 = DIRECTION('',(0.,0.,-1.));
#1170 = DIRECTION('',(1.,0.,0.));
#1171 = DEFINITIONAL_REPRESENTATION('',(#1172),#1176);
#1172 = LINE('',#1173,#1174);
#1173 = CARTESIAN_POINT('',(0.,0.));
#1174 = VECTOR('',#1175,1.);
#1175 = DIRECTION('',(0.,-1.));
#1176 = ( GEOMETRIC_REPRESENTATION_CONTEXT(2) 
PARAMETRIC_REPRESENTATION_CONTEXT() REPRESENTATION_CONTEXT('2D SPACE',''
  ) );
#1177 = ORIENTED_EDGE('',*,*,#1178,.F.);
#1178 = EDGE_CURVE('',#1075,#1151,#1179,.T.);
#1179 = SURFACE_CURVE('',#1180,(#1184,#1191),.PCURVE_S1.);
#1180 = LINE('',#1181,#1182);
#1181 = CARTESIAN_POINT('',(-1.4,0.825,0.15));
#1182 = VECTOR('',#1183,1.);
#1183 = DIRECTION('',(0.,0.,-1.));
#1184 = PCURVE('',#1090,#1185);
#1185 = DEFINITIONAL_REPRESENTATION('',(#1186),#1190);
#1186 = LINE('',#1187,#1188);
#1187 = CARTESIAN_POINT('',(0.,-0.));
#1188 = VECTOR('',#1189,1.);
#1189 = DIRECTION('',(1.,0.));
#1190 = ( GEOMETRIC_REPRESENTATION_CONTEXT(2) 
PARAMETRIC_REPRESENTATION_CONTEXT() REPRESENTATION_CONTEXT('2D SPACE',''
  ) );
#1191 = PCURVE('',#807,#1192);
#1192 = DEFINITIONAL_REPRESENTATION('',(#1193),#1197);
#1193 = LINE('',#1194,#1195);
#1194 = CARTESIAN_POINT('',(0.104097612067,-0.363842093643));
#1195 = VECTOR('',#1196,1.);
#1196 = DIRECTION('',(1.,0.));
#1197 = ( GEOMETRIC_REPRESENTATION_CONTEXT(2) 
PARAMETRIC_REPRESENTATION_CONTEXT() REPRESENTATION_CONTEXT('2D SPACE',''
  ) );
#1198 = ADVANCED_FACE('',(#1199),#1166,.T.);
#1199 = FACE_BOUND('',#1200,.T.);
#1200 = EDGE_LOOP('',(#1201,#1202,#1225,#1253));
#1201 = ORIENTED_EDGE('',*,*,#1150,.T.);
#1202 = ORIENTED_EDGE('',*,*,#1203,.T.);
#1203 = EDGE_CURVE('',#1128,#1204,#1206,.T.);
#1204 = VERTEX_POINT('',#1205);
#1205 = CARTESIAN_POINT('',(-1.05,1.125,0.));
#1206 = SURFACE_CURVE('',#1207,(#1211,#1218),.PCURVE_S1.);
#1207 = LINE('',#1208,#1209);
#1208 = CARTESIAN_POINT('',(-1.4,1.125,0.));
#1209 = VECTOR('',#1210,1.);
#1210 = DIRECTION('',(1.,0.,0.));
#1211 = PCURVE('',#1166,#1212);
#1212 = DEFINITIONAL_REPRESENTATION('',(#1213),#1217);
#1213 = LINE('',#1214,#1215);
#1214 = CARTESIAN_POINT('',(0.,-0.3));
#1215 = VECTOR('',#1216,1.);
#1216 = DIRECTION('',(1.,0.));
#1217 = ( GEOMETRIC_REPRESENTATION_CONTEXT(2) 
PARAMETRIC_REPRESENTATION_CONTEXT() REPRESENTATION_CONTEXT('2D SPACE',''
  ) );
#1218 = PCURVE('',#753,#1219);
#1219 = DEFINITIONAL_REPRESENTATION('',(#1220),#1224);
#1220 = LINE('',#1221,#1222);
#1221 = CARTESIAN_POINT('',(0.254097612067,-0.363842093643));
#1222 = VECTOR('',#1223,1.);
#1223 = DIRECTION('',(0.,1.));
#1224 = ( GEOMETRIC_REPRESENTATION_CONTEXT(2) 
PARAMETRIC_REPRESENTATION_CONTEXT() REPRESENTATION_CONTEXT('2D SPACE',''
  ) );
#1225 = ORIENTED_EDGE('',*,*,#1226,.F.);
#1226 = EDGE_CURVE('',#1227,#1204,#1229,.T.);
#1227 = VERTEX_POINT('',#1228);
#1228 = CARTESIAN_POINT('',(-1.05,0.825,0.));
#1229 = SURFACE_CURVE('',#1230,(#1234,#1241),.PCURVE_S1.);
#1230 = LINE('',#1231,#1232);
#1231 = CARTESIAN_POINT('',(-1.05,0.825,0.));
#1232 = VECTOR('',#1233,1.);
#1233 = DIRECTION('',(0.,1.,0.));
#1234 = PCURVE('',#1166,#1235);
#1235 = DEFINITIONAL_REPRESENTATION('',(#1236),#1240);
#1236 = LINE('',#1237,#1238);
#1237 = CARTESIAN_POINT('',(0.35,0.));
#1238 = VECTOR('',#1239,1.);
#1239 = DIRECTION('',(0.,-1.));
#1240 = ( GEOMETRIC_REPRESENTATION_CONTEXT(2) 
PARAMETRIC_REPRESENTATION_CONTEXT() REPRESENTATION_CONTEXT('2D SPACE',''
  ) );
#1241 = PCURVE('',#1242,#1247);
#1242 = PLANE('',#1243);
#1243 = AXIS2_PLACEMENT_3D('',#1244,#1245,#1246);
#1244 = CARTESIAN_POINT('',(-1.05,0.825,0.));
#1245 = DIRECTION('',(0.554700196225,0.,-0.832050294338));
#1246 = DIRECTION('',(0.832050294338,0.,0.554700196225));
#1247 = DEFINITIONAL_REPRESENTATION('',(#1248),#1252);
#1248 = LINE('',#1249,#1250);
#1249 = CARTESIAN_POINT('',(0.,0.));
#1250 = VECTOR('',#1251,1.);
#1251 = DIRECTION('',(0.,-1.));
#1252 = ( GEOMETRIC_REPRESENTATION_CONTEXT(2) 
PARAMETRIC_REPRESENTATION_CONTEXT() REPRESENTATION_CONTEXT('2D SPACE',''
  ) );
#1253 = ORIENTED_EDGE('',*,*,#1254,.F.);
#1254 = EDGE_CURVE('',#1151,#1227,#1255,.T.);
#1255 = SURFACE_CURVE('',#1256,(#1260,#1267),.PCURVE_S1.);
#1256 = LINE('',#1257,#1258);
#1257 = CARTESIAN_POINT('',(-1.4,0.825,0.));
#1258 = VECTOR('',#1259,1.);
#1259 = DIRECTION('',(1.,0.,0.));
#1260 = PCURVE('',#1166,#1261);
#1261 = DEFINITIONAL_REPRESENTATION('',(#1262),#1266);
#1262 = LINE('',#1263,#1264);
#1263 = CARTESIAN_POINT('',(0.,0.));
#1264 = VECTOR('',#1265,1.);
#1265 = DIRECTION('',(1.,0.));
#1266 = ( GEOMETRIC_REPRESENTATION_CONTEXT(2) 
PARAMETRIC_REPRESENTATION_CONTEXT() REPRESENTATION_CONTEXT('2D SPACE',''
  ) );
#1267 = PCURVE('',#807,#1268);
#1268 = DEFINITIONAL_REPRESENTATION('',(#1269),#1273);
#1269 = LINE('',#1270,#1271);
#1270 = CARTESIAN_POINT('',(0.254097612067,-0.363842093643));
#1271 = VECTOR('',#1272,1.);
#1272 = DIRECTION('',(0.,1.));
#1273 = ( GEOMETRIC_REPRESENTATION_CONTEXT(2) 
PARAMETRIC_REPRESENTATION_CONTEXT() REPRESENTATION_CONTEXT('2D SPACE',''
  ) );
#1274 = ADVANCED_FACE('',(#1275),#1242,.T.);
#1275 = FACE_BOUND('',#1276,.T.);
#1276 = EDGE_LOOP('',(#1277,#1278,#1301,#1329));
#1277 = ORIENTED_EDGE('',*,*,#1226,.T.);
#1278 = ORIENTED_EDGE('',*,*,#1279,.T.);
#1279 = EDGE_CURVE('',#1204,#1280,#1282,.T.);
#1280 = VERTEX_POINT('',#1281);
#1281 = CARTESIAN_POINT('',(-0.99,1.125,4.E-02));
#1282 = SURFACE_CURVE('',#1283,(#1287,#1294),.PCURVE_S1.);
#1283 = LINE('',#1284,#1285);
#1284 = CARTESIAN_POINT('',(-1.05,1.125,0.));
#1285 = VECTOR('',#1286,1.);
#1286 = DIRECTION('',(0.832050294338,0.,0.554700196225));
#1287 = PCURVE('',#1242,#1288);
#1288 = DEFINITIONAL_REPRESENTATION('',(#1289),#1293);
#1289 = LINE('',#1290,#1291);
#1290 = CARTESIAN_POINT('',(0.,-0.3));
#1291 = VECTOR('',#1292,1.);
#1292 = DIRECTION('',(1.,0.));
#1293 = ( GEOMETRIC_REPRESENTATION_CONTEXT(2) 
PARAMETRIC_REPRESENTATION_CONTEXT() REPRESENTATION_CONTEXT('2D SPACE',''
  ) );
#1294 = PCURVE('',#753,#1295);
#1295 = DEFINITIONAL_REPRESENTATION('',(#1296),#1300);
#1296 = LINE('',#1297,#1298);
#1297 = CARTESIAN_POINT('',(0.254097612067,-1.384209364257E-02));
#1298 = VECTOR('',#1299,1.);
#1299 = DIRECTION('',(-0.554700196225,0.832050294338));
#1300 = ( GEOMETRIC_REPRESENTATION_CONTEXT(2) 
PARAMETRIC_REPRESENTATION_CONTEXT() REPRESENTATION_CONTEXT('2D SPACE',''
  ) );
#1301 = ORIENTED_EDGE('',*,*,#1302,.F.);
#1302 = EDGE_CURVE('',#1303,#1280,#1305,.T.);
#1303 = VERTEX_POINT('',#1304);
#1304 = CARTESIAN_POINT('',(-0.99,0.825,4.E-02));
#1305 = SURFACE_CURVE('',#1306,(#1310,#1317),.PCURVE_S1.);
#1306 = LINE('',#1307,#1308);
#1307 = CARTESIAN_POINT('',(-0.99,0.825,4.E-02));
#1308 = VECTOR('',#1309,1.);
#1309 = DIRECTION('',(0.,1.,0.));
#1310 = PCURVE('',#1242,#1311);
#1311 = DEFINITIONAL_REPRESENTATION('',(#1312),#1316);
#1312 = LINE('',#1313,#1314);
#1313 = CARTESIAN_POINT('',(7.211102550928E-02,0.));
#1314 = VECTOR('',#1315,1.);
#1315 = DIRECTION('',(0.,-1.));
#1316 = ( GEOMETRIC_REPRESENTATION_CONTEXT(2) 
PARAMETRIC_REPRESENTATION_CONTEXT() REPRESENTATION_CONTEXT('2D SPACE',''
  ) );
#1317 = PCURVE('',#1318,#1323);
#1318 = PLANE('',#1319);
#1319 = AXIS2_PLACEMENT_3D('',#1320,#1321,#1322);
#1320 = CARTESIAN_POINT('',(-0.99,0.825,4.E-02));
#1321 = DIRECTION('',(0.948683298051,0.,-0.316227766017));
#1322 = DIRECTION('',(0.316227766017,0.,0.948683298051));
#1323 = DEFINITIONAL_REPRESENTATION('',(#1324),#1328);
#1324 = LINE('',#1325,#1326);
#1325 = CARTESIAN_POINT('',(0.,0.));
#1326 = VECTOR('',#1327,1.);
#1327 = DIRECTION('',(0.,-1.));
#1328 = ( GEOMETRIC_REPRESENTATION_CONTEXT(2) 
PARAMETRIC_REPRESENTATION_CONTEXT() REPRESENTATION_CONTEXT('2D SPACE',''
  ) );
#1329 = ORIENTED_EDGE('',*,*,#1330,.F.);
#1330 = EDGE_CURVE('',#1227,#1303,#1331,.T.);
#1331 = SURFACE_CURVE('',#1332,(#1336,#1343),.PCURVE_S1.);
#1332 = LINE('',#1333,#1334);
#1333 = CARTESIAN_POINT('',(-1.05,0.825,0.));
#1334 = VECTOR('',#1335,1.);
#1335 = DIRECTION('',(0.832050294338,0.,0.554700196225));
#1336 = PCURVE('',#1242,#1337);
#1337 = DEFINITIONAL_REPRESENTATION('',(#1338),#1342);
#1338 = LINE('',#1339,#1340);
#1339 = CARTESIAN_POINT('',(0.,0.));
#1340 = VECTOR('',#1341,1.);
#1341 = DIRECTION('',(1.,0.));
#1342 = ( GEOMETRIC_REPRESENTATION_CONTEXT(2) 
PARAMETRIC_REPRESENTATION_CONTEXT() REPRESENTATION_CONTEXT('2D SPACE',''
  ) );
#1343 = PCURVE('',#807,#1344);
#1344 = DEFINITIONAL_REPRESENTATION('',(#1345),#1349);
#1345 = LINE('',#1346,#1347);
#1346 = CARTESIAN_POINT('',(0.254097612067,-1.384209364257E-02));
#1347 = VECTOR('',#1348,1.);
#1348 = DIRECTION('',(-0.554700196225,0.832050294338));
#1349 = ( GEOMETRIC_REPRESENTATION_CONTEXT(2) 
PARAMETRIC_REPRESENTATION_CONTEXT() REPRESENTATION_CONTEXT('2D SPACE',''
  ) );
#1350 = ADVANCED_FACE('',(#1351),#1318,.T.);
#1351 = FACE_BOUND('',#1352,.T.);
#1352 = EDGE_LOOP('',(#1353,#1354,#1377,#1405));
#1353 = ORIENTED_EDGE('',*,*,#1302,.T.);
#1354 = ORIENTED_EDGE('',*,*,#1355,.T.);
#1355 = EDGE_CURVE('',#1280,#1356,#1358,.T.);
#1356 = VERTEX_POINT('',#1357);
#1357 = CARTESIAN_POINT('',(-0.88,1.125,0.37));
#1358 = SURFACE_CURVE('',#1359,(#1363,#1370),.PCURVE_S1.);
#1359 = LINE('',#1360,#1361);
#1360 = CARTESIAN_POINT('',(-0.99,1.125,4.E-02));
#1361 = VECTOR('',#1362,1.);
#1362 = DIRECTION('',(0.316227766017,0.,0.948683298051));
#1363 = PCURVE('',#1318,#1364);
#1364 = DEFINITIONAL_REPRESENTATION('',(#1365),#1369);
#1365 = LINE('',#1366,#1367);
#1366 = CARTESIAN_POINT('',(0.,-0.3));
#1367 = VECTOR('',#1368,1.);
#1368 = DIRECTION('',(1.,0.));
#1369 = ( GEOMETRIC_REPRESENTATION_CONTEXT(2) 
PARAMETRIC_REPRESENTATION_CONTEXT() REPRESENTATION_CONTEXT('2D SPACE',''
  ) );
#1370 = PCURVE('',#753,#1371);
#1371 = DEFINITIONAL_REPRESENTATION('',(#1372),#1376);
#1372 = LINE('',#1373,#1374);
#1373 = CARTESIAN_POINT('',(0.214097612067,4.615790635743E-02));
#1374 = VECTOR('',#1375,1.);
#1375 = DIRECTION('',(-0.948683298051,0.316227766017));
#1376 = ( GEOMETRIC_REPRESENTATION_CONTEXT(2) 
PARAMETRIC_REPRESENTATION_CONTEXT() REPRESENTATION_CONTEXT('2D SPACE',''
  ) );
#1377 = ORIENTED_EDGE('',*,*,#1378,.F.);
#1378 = EDGE_CURVE('',#1379,#1356,#1381,.T.);
#1379 = VERTEX_POINT('',#1380);
#1380 = CARTESIAN_POINT('',(-0.88,0.825,0.37));
#1381 = SURFACE_CURVE('',#1382,(#1386,#1393),.PCURVE_S1.);
#1382 = LINE('',#1383,#1384);
#1383 = CARTESIAN_POINT('',(-0.88,0.825,0.37));
#1384 = VECTOR('',#1385,1.);
#1385 = DIRECTION('',(0.,1.,0.));
#1386 = PCURVE('',#1318,#1387);
#1387 = DEFINITIONAL_REPRESENTATION('',(#1388),#1392);
#1388 = LINE('',#1389,#1390);
#1389 = CARTESIAN_POINT('',(0.347850542619,0.));
#1390 = VECTOR('',#1391,1.);
#1391 = DIRECTION('',(0.,-1.));
#1392 = ( GEOMETRIC_REPRESENTATION_CONTEXT(2) 
PARAMETRIC_REPRESENTATION_CONTEXT() REPRESENTATION_CONTEXT('2D SPACE',''
  ) );
#1393 = PCURVE('',#1394,#1399);
#1394 = PLANE('',#1395);
#1395 = AXIS2_PLACEMENT_3D('',#1396,#1397,#1398);
#1396 = CARTESIAN_POINT('',(-0.88,0.825,0.37));
#1397 = DIRECTION('',(0.6,0.,-0.8));
#1398 = DIRECTION('',(0.8,0.,0.6));
#1399 = DEFINITIONAL_REPRESENTATION('',(#1400),#1404);
#1400 = LINE('',#1401,#1402);
#1401 = CARTESIAN_POINT('',(0.,0.));
#1402 = VECTOR('',#1403,1.);
#1403 = DIRECTION('',(0.,-1.));
#1404 = ( GEOMETRIC_REPRESENTATION_CONTEXT(2) 
PARAMETRIC_REPRESENTATION_CONTEXT() REPRESENTATION_CONTEXT('2D SPACE',''
  ) );
#1405 = ORIENTED_EDGE('',*,*,#1406,.F.);
#1406 = EDGE_CURVE('',#1303,#1379,#1407,.T.);
#1407 = SURFACE_CURVE('',#1408,(#1412,#1419),.PCURVE_S1.);
#1408 = LINE('',#1409,#1410);
#1409 = CARTESIAN_POINT('',(-0.99,0.825,4.E-02));
#1410 = VECTOR('',#1411,1.);
#1411 = DIRECTION('',(0.316227766017,0.,0.948683298051));
#1412 = PCURVE('',#1318,#1413);
#1413 = DEFINITIONAL_REPRESENTATION('',(#1414),#1418);
#1414 = LINE('',#1415,#1416);
#1415 = CARTESIAN_POINT('',(0.,0.));
#1416 = VECTOR('',#1417,1.);
#1417 = DIRECTION('',(1.,0.));
#1418 = ( GEOMETRIC_REPRESENTATION_CONTEXT(2) 
PARAMETRIC_REPRESENTATION_CONTEXT() REPRESENTATION_CONTEXT('2D SPACE',''
  ) );
#1419 = PCURVE('',#807,#1420);
#1420 = DEFINITIONAL_REPRESENTATION('',(#1421),#1425);
#1421 = LINE('',#1422,#1423);
#1422 = CARTESIAN_POINT('',(0.214097612067,4.615790635743E-02));
#1423 = VECTOR('',#1424,1.);
#1424 = DIRECTION('',(-0.948683298051,0.316227766017));
#1425 = ( GEOMETRIC_REPRESENTATION_CONTEXT(2) 
PARAMETRIC_REPRESENTATION_CONTEXT() REPRESENTATION_CONTEXT('2D SPACE',''
  ) );
#1426 = ADVANCED_FACE('',(#1427),#1394,.T.);
#1427 = FACE_BOUND('',#1428,.T.);
#1428 = EDGE_LOOP('',(#1429,#1430,#1453,#1481));
#1429 = ORIENTED_EDGE('',*,*,#1378,.T.);
#1430 = ORIENTED_EDGE('',*,*,#1431,.T.);
#1431 = EDGE_CURVE('',#1356,#1432,#1434,.T.);
#1432 = VERTEX_POINT('',#1433);
#1433 = CARTESIAN_POINT('',(-0.84,1.125,0.4));
#1434 = SURFACE_CURVE('',#1435,(#1439,#1446),.PCURVE_S1.);
#1435 = LINE('',#1436,#1437);
#1436 = CARTESIAN_POINT('',(-0.88,1.125,0.37));
#1437 = VECTOR('',#1438,1.);
#1438 = DIRECTION('',(0.8,0.,0.6));
#1439 = PCURVE('',#1394,#1440);
#1440 = DEFINITIONAL_REPRESENTATION('',(#1441),#1445);
#1441 = LINE('',#1442,#1443);
#1442 = CARTESIAN_POINT('',(0.,-0.3));
#1443 = VECTOR('',#1444,1.);
#1444 = DIRECTION('',(1.,0.));
#1445 = ( GEOMETRIC_REPRESENTATION_CONTEXT(2) 
PARAMETRIC_REPRESENTATION_CONTEXT() REPRESENTATION_CONTEXT('2D SPACE',''
  ) );
#1446 = PCURVE('',#753,#1447);
#1447 = DEFINITIONAL_REPRESENTATION('',(#1448),#1452);
#1448 = LINE('',#1449,#1450);
#1449 = CARTESIAN_POINT('',(-0.115902387933,0.156157906357));
#1450 = VECTOR('',#1451,1.);
#1451 = DIRECTION('',(-0.6,0.8));
#1452 = ( GEOMETRIC_REPRESENTATION_CONTEXT(2) 
PARAMETRIC_REPRESENTATION_CONTEXT() REPRESENTATION_CONTEXT('2D SPACE',''
  ) );
#1453 = ORIENTED_EDGE('',*,*,#1454,.F.);
#1454 = EDGE_CURVE('',#1455,#1432,#1457,.T.);
#1455 = VERTEX_POINT('',#1456);
#1456 = CARTESIAN_POINT('',(-0.84,0.825,0.4));
#1457 = SURFACE_CURVE('',#1458,(#1462,#1469),.PCURVE_S1.);
#1458 = LINE('',#1459,#1460);
#1459 = CARTESIAN_POINT('',(-0.84,0.825,0.4));
#1460 = VECTOR('',#1461,1.);
#1461 = DIRECTION('',(0.,1.,0.));
#1462 = PCURVE('',#1394,#1463);
#1463 = DEFINITIONAL_REPRESENTATION('',(#1464),#1468);
#1464 = LINE('',#1465,#1466);
#1465 = CARTESIAN_POINT('',(5.E-02,0.));
#1466 = VECTOR('',#1467,1.);
#1467 = DIRECTION('',(0.,-1.));
#1468 = ( GEOMETRIC_REPRESENTATION_CONTEXT(2) 
PARAMETRIC_REPRESENTATION_CONTEXT() REPRESENTATION_CONTEXT('2D SPACE',''
  ) );
#1469 = PCURVE('',#1470,#1475);
#1470 = PLANE('',#1471);
#1471 = AXIS2_PLACEMENT_3D('',#1472,#1473,#1474);
#1472 = CARTESIAN_POINT('',(-0.84,0.825,0.4));
#1473 = DIRECTION('',(0.,0.,-1.));
#1474 = DIRECTION('',(1.,0.,0.));
#1475 = DEFINITIONAL_REPRESENTATION('',(#1476),#1480);
#1476 = LINE('',#1477,#1478);
#1477 = CARTESIAN_POINT('',(0.,0.));
#1478 = VECTOR('',#1479,1.);
#1479 = DIRECTION('',(0.,-1.));
#1480 = ( GEOMETRIC_REPRESENTATION_CONTEXT(2) 
PARAMETRIC_REPRESENTATION_CONTEXT() REPRESENTATION_CONTEXT('2D SPACE',''
  ) );
#1481 = ORIENTED_EDGE('',*,*,#1482,.F.);
#1482 = EDGE_CURVE('',#1379,#1455,#1483,.T.);
#1483 = SURFACE_CURVE('',#1484,(#1488,#1495),.PCURVE_S1.);
#1484 = LINE('',#1485,#1486);
#1485 = CARTESIAN_POINT('',(-0.88,0.825,0.37));
#1486 = VECTOR('',#1487,1.);
#1487 = DIRECTION('',(0.8,0.,0.6));
#1488 = PCURVE('',#1394,#1489);
#1489 = DEFINITIONAL_REPRESENTATION('',(#1490),#1494);
#1490 = LINE('',#1491,#1492);
#1491 = CARTESIAN_POINT('',(0.,0.));
#1492 = VECTOR('',#1493,1.);
#1493 = DIRECTION('',(1.,0.));
#1494 = ( GEOMETRIC_REPRESENTATION_CONTEXT(2) 
PARAMETRIC_REPRESENTATION_CONTEXT() REPRESENTATION_CONTEXT('2D SPACE',''
  ) );
#1495 = PCURVE('',#807,#1496);
#1496 = DEFINITIONAL_REPRESENTATION('',(#1497),#1501);
#1497 = LINE('',#1498,#1499);
#1498 = CARTESIAN_POINT('',(-0.115902387933,0.156157906357));
#1499 = VECTOR('',#1500,1.);
#1500 = DIRECTION('',(-0.6,0.8));
#1501 = ( GEOMETRIC_REPRESENTATION_CONTEXT(2) 
PARAMETRIC_REPRESENTATION_CONTEXT() REPRESENTATION_CONTEXT('2D SPACE',''
  ) );
#1502 = ADVANCED_FACE('',(#1503),#1470,.T.);
#1503 = FACE_BOUND('',#1504,.T.);
#1504 = EDGE_LOOP('',(#1505,#1506,#1529,#1552));
#1505 = ORIENTED_EDGE('',*,*,#1454,.T.);
#1506 = ORIENTED_EDGE('',*,*,#1507,.T.);
#1507 = EDGE_CURVE('',#1432,#1508,#1510,.T.);
#1508 = VERTEX_POINT('',#1509);
#1509 = CARTESIAN_POINT('',(-0.7,1.125,0.4));
#1510 = SURFACE_CURVE('',#1511,(#1515,#1522),.PCURVE_S1.);
#1511 = LINE('',#1512,#1513);
#1512 = CARTESIAN_POINT('',(-0.84,1.125,0.4));
#1513 = VECTOR('',#1514,1.);
#1514 = DIRECTION('',(1.,0.,0.));
#1515 = PCURVE('',#1470,#1516);
#1516 = DEFINITIONAL_REPRESENTATION('',(#1517),#1521);
#1517 = LINE('',#1518,#1519);
#1518 = CARTESIAN_POINT('',(0.,-0.3));
#1519 = VECTOR('',#1520,1.);
#1520 = DIRECTION('',(1.,0.));
#1521 = ( GEOMETRIC_REPRESENTATION_CONTEXT(2) 
PARAMETRIC_REPRESENTATION_CONTEXT() REPRESENTATION_CONTEXT('2D SPACE',''
  ) );
#1522 = PCURVE('',#753,#1523);
#1523 = DEFINITIONAL_REPRESENTATION('',(#1524),#1528);
#1524 = LINE('',#1525,#1526);
#1525 = CARTESIAN_POINT('',(-0.145902387933,0.196157906357));
#1526 = VECTOR('',#1527,1.);
#1527 = DIRECTION('',(0.,1.));
#1528 = ( GEOMETRIC_REPRESENTATION_CONTEXT(2) 
PARAMETRIC_REPRESENTATION_CONTEXT() REPRESENTATION_CONTEXT('2D SPACE',''
  ) );
#1529 = ORIENTED_EDGE('',*,*,#1530,.F.);
#1530 = EDGE_CURVE('',#1531,#1508,#1533,.T.);
#1531 = VERTEX_POINT('',#1532);
#1532 = CARTESIAN_POINT('',(-0.7,0.825,0.4));
#1533 = SURFACE_CURVE('',#1534,(#1538,#1545),.PCURVE_S1.);
#1534 = LINE('',#1535,#1536);
#1535 = CARTESIAN_POINT('',(-0.7,0.825,0.4));
#1536 = VECTOR('',#1537,1.);
#1537 = DIRECTION('',(0.,1.,0.));
#1538 = PCURVE('',#1470,#1539);
#1539 = DEFINITIONAL_REPRESENTATION('',(#1540),#1544);
#1540 = LINE('',#1541,#1542);
#1541 = CARTESIAN_POINT('',(0.14,0.));
#1542 = VECTOR('',#1543,1.);
#1543 = DIRECTION('',(0.,-1.));
#1544 = ( GEOMETRIC_REPRESENTATION_CONTEXT(2) 
PARAMETRIC_REPRESENTATION_CONTEXT() REPRESENTATION_CONTEXT('2D SPACE',''
  ) );
#1545 = PCURVE('',#725,#1546);
#1546 = DEFINITIONAL_REPRESENTATION('',(#1547),#1551);
#1547 = LINE('',#1548,#1549);
#1548 = CARTESIAN_POINT('',(0.,0.));
#1549 = VECTOR('',#1550,1.);
#1550 = DIRECTION('',(0.,-1.));
#1551 = ( GEOMETRIC_REPRESENTATION_CONTEXT(2) 
PARAMETRIC_REPRESENTATION_CONTEXT() REPRESENTATION_CONTEXT('2D SPACE',''
  ) );
#1552 = ORIENTED_EDGE('',*,*,#1553,.F.);
#1553 = EDGE_CURVE('',#1455,#1531,#1554,.T.);
#1554 = SURFACE_CURVE('',#1555,(#1559,#1566),.PCURVE_S1.);
#1555 = LINE('',#1556,#1557);
#1556 = CARTESIAN_POINT('',(-0.84,0.825,0.4));
#1557 = VECTOR('',#1558,1.);
#1558 = DIRECTION('',(1.,0.,0.));
#1559 = PCURVE('',#1470,#1560);
#1560 = DEFINITIONAL_REPRESENTATION('',(#1561),#1565);
#1561 = LINE('',#1562,#1563);
#1562 = CARTESIAN_POINT('',(0.,0.));
#1563 = VECTOR('',#1564,1.);
#1564 = DIRECTION('',(1.,0.));
#1565 = ( GEOMETRIC_REPRESENTATION_CONTEXT(2) 
PARAMETRIC_REPRESENTATION_CONTEXT() REPRESENTATION_CONTEXT('2D SPACE',''
  ) );
#1566 = PCURVE('',#807,#1567);
#1567 = DEFINITIONAL_REPRESENTATION('',(#1568),#1572);
#1568 = LINE('',#1569,#1570);
#1569 = CARTESIAN_POINT('',(-0.145902387933,0.196157906357));
#1570 = VECTOR('',#1571,1.);
#1571 = DIRECTION('',(0.,1.));
#1572 = ( GEOMETRIC_REPRESENTATION_CONTEXT(2) 
PARAMETRIC_REPRESENTATION_CONTEXT() REPRESENTATION_CONTEXT('2D SPACE',''
  ) );
#1573 = ADVANCED_FACE('',(#1574),#725,.T.);
#1574 = FACE_BOUND('',#1575,.T.);
#1575 = EDGE_LOOP('',(#1576,#1577,#1598,#1599));
#1576 = ORIENTED_EDGE('',*,*,#1530,.T.);
#1577 = ORIENTED_EDGE('',*,*,#1578,.T.);
#1578 = EDGE_CURVE('',#1508,#705,#1579,.T.);
#1579 = SURFACE_CURVE('',#1580,(#1584,#1591),.PCURVE_S1.);
#1580 = LINE('',#1581,#1582);
#1581 = CARTESIAN_POINT('',(-0.7,1.125,0.4));
#1582 = VECTOR('',#1583,1.);
#1583 = DIRECTION('',(0.,0.,1.));
#1584 = PCURVE('',#725,#1585);
#1585 = DEFINITIONAL_REPRESENTATION('',(#1586),#1590);
#1586 = LINE('',#1587,#1588);
#1587 = CARTESIAN_POINT('',(0.,-0.3));
#1588 = VECTOR('',#1589,1.);
#1589 = DIRECTION('',(1.,0.));
#1590 = ( GEOMETRIC_REPRESENTATION_CONTEXT(2) 
PARAMETRIC_REPRESENTATION_CONTEXT() REPRESENTATION_CONTEXT('2D SPACE',''
  ) );
#1591 = PCURVE('',#753,#1592);
#1592 = DEFINITIONAL_REPRESENTATION('',(#1593),#1597);
#1593 = LINE('',#1594,#1595);
#1594 = CARTESIAN_POINT('',(-0.145902387933,0.336157906357));
#1595 = VECTOR('',#1596,1.);
#1596 = DIRECTION('',(-1.,0.));
#1597 = ( GEOMETRIC_REPRESENTATION_CONTEXT(2) 
PARAMETRIC_REPRESENTATION_CONTEXT() REPRESENTATION_CONTEXT('2D SPACE',''
  ) );
#1598 = ORIENTED_EDGE('',*,*,#702,.F.);
#1599 = ORIENTED_EDGE('',*,*,#1600,.F.);
#1600 = EDGE_CURVE('',#1531,#703,#1601,.T.);
#1601 = SURFACE_CURVE('',#1602,(#1606,#1613),.PCURVE_S1.);
#1602 = LINE('',#1603,#1604);
#1603 = CARTESIAN_POINT('',(-0.7,0.825,0.4));
#1604 = VECTOR('',#1605,1.);
#1605 = DIRECTION('',(0.,0.,1.));
#1606 = PCURVE('',#725,#1607);
#1607 = DEFINITIONAL_REPRESENTATION('',(#1608),#1612);
#1608 = LINE('',#1609,#1610);
#1609 = CARTESIAN_POINT('',(0.,0.));
#1610 = VECTOR('',#1611,1.);
#1611 = DIRECTION('',(1.,0.));
#1612 = ( GEOMETRIC_REPRESENTATION_CONTEXT(2) 
PARAMETRIC_REPRESENTATION_CONTEXT() REPRESENTATION_CONTEXT('2D SPACE',''
  ) );
#1613 = PCURVE('',#807,#1614);
#1614 = DEFINITIONAL_REPRESENTATION('',(#1615),#1619);
#1615 = LINE('',#1616,#1617);
#1616 = CARTESIAN_POINT('',(-0.145902387933,0.336157906357));
#1617 = VECTOR('',#1618,1.);
#1618 = DIRECTION('',(-1.,0.));
#1619 = ( GEOMETRIC_REPRESENTATION_CONTEXT(2) 
PARAMETRIC_REPRESENTATION_CONTEXT() REPRESENTATION_CONTEXT('2D SPACE',''
  ) );
#1620 = ADVANCED_FACE('',(#1621),#807,.T.);
#1621 = FACE_BOUND('',#1622,.T.);
#1622 = EDGE_LOOP('',(#1623,#1624,#1625,#1626,#1627,#1628,#1629,#1630,
    #1631,#1632,#1633,#1634));
#1623 = ORIENTED_EDGE('',*,*,#793,.T.);
#1624 = ORIENTED_EDGE('',*,*,#874,.T.);
#1625 = ORIENTED_EDGE('',*,*,#950,.T.);
#1626 = ORIENTED_EDGE('',*,*,#1026,.T.);
#1627 = ORIENTED_EDGE('',*,*,#1102,.T.);
#1628 = ORIENTED_EDGE('',*,*,#1178,.T.);
#1629 = ORIENTED_EDGE('',*,*,#1254,.T.);
#1630 = ORIENTED_EDGE('',*,*,#1330,.T.);
#1631 = ORIENTED_EDGE('',*,*,#1406,.T.);
#1632 = ORIENTED_EDGE('',*,*,#1482,.T.);
#1633 = ORIENTED_EDGE('',*,*,#1553,.T.);
#1634 = ORIENTED_EDGE('',*,*,#1600,.T.);
#1635 = ADVANCED_FACE('',(#1636),#753,.F.);
#1636 = FACE_BOUND('',#1637,.F.);
#1637 = EDGE_LOOP('',(#1638,#1639,#1640,#1641,#1642,#1643,#1644,#1645,
    #1646,#1647,#1648,#1649));
#1638 = ORIENTED_EDGE('',*,*,#737,.T.);
#1639 = ORIENTED_EDGE('',*,*,#823,.T.);
#1640 = ORIENTED_EDGE('',*,*,#899,.T.);
#1641 = ORIENTED_EDGE('',*,*,#975,.T.);
#1642 = ORIENTED_EDGE('',*,*,#1051,.T.);
#1643 = ORIENTED_EDGE('',*,*,#1127,.T.);
#1644 = ORIENTED_EDGE('',*,*,#1203,.T.);
#1645 = ORIENTED_EDGE('',*,*,#1279,.T.);
#1646 = ORIENTED_EDGE('',*,*,#1355,.T.);
#1647 = ORIENTED_EDGE('',*,*,#1431,.T.);
#1648 = ORIENTED_EDGE('',*,*,#1507,.T.);
#1649 = ORIENTED_EDGE('',*,*,#1578,.T.);
#1650 = MANIFOLD_SOLID_BREP('',#1651);
#1651 = CLOSED_SHELL('',(#1652,#1772,#1848,#1924,#2000,#2076,#2152,#2228
    ,#2304,#2380,#2456,#2527,#2574,#2589));
#1652 = ADVANCED_FACE('',(#1653),#1667,.F.);
#1653 = FACE_BOUND('',#1654,.F.);
#1654 = EDGE_LOOP('',(#1655,#1690,#1718,#1746));
#1655 = ORIENTED_EDGE('',*,*,#1656,.T.);
#1656 = EDGE_CURVE('',#1657,#1659,#1661,.T.);
#1657 = VERTEX_POINT('',#1658);
#1658 = CARTESIAN_POINT('',(0.7,0.825,0.55));
#1659 = VERTEX_POINT('',#1660);
#1660 = CARTESIAN_POINT('',(0.7,1.125,0.55));
#1661 = SURFACE_CURVE('',#1662,(#1666,#1678),.PCURVE_S1.);
#1662 = LINE('',#1663,#1664);
#1663 = CARTESIAN_POINT('',(0.7,0.825,0.55));
#1664 = VECTOR('',#1665,1.);
#1665 = DIRECTION('',(0.,1.,0.));
#1666 = PCURVE('',#1667,#1672);
#1667 = PLANE('',#1668);
#1668 = AXIS2_PLACEMENT_3D('',#1669,#1670,#1671);
#1669 = CARTESIAN_POINT('',(0.7,0.825,0.55));
#1670 = DIRECTION('',(0.,0.,-1.));
#1671 = DIRECTION('',(1.,0.,0.));
#1672 = DEFINITIONAL_REPRESENTATION('',(#1673),#1677);
#1673 = LINE('',#1674,#1675);
#1674 = CARTESIAN_POINT('',(0.,0.));
#1675 = VECTOR('',#1676,1.);
#1676 = DIRECTION('',(0.,-1.));
#1677 = ( GEOMETRIC_REPRESENTATION_CONTEXT(2) 
PARAMETRIC_REPRESENTATION_CONTEXT() REPRESENTATION_CONTEXT('2D SPACE',''
  ) );
#1678 = PCURVE('',#1679,#1684);
#1679 = PLANE('',#1680);
#1680 = AXIS2_PLACEMENT_3D('',#1681,#1682,#1683);
#1681 = CARTESIAN_POINT('',(0.7,0.825,0.4));
#1682 = DIRECTION('',(1.,0.,0.));
#1683 = DIRECTION('',(0.,0.,1.));
#1684 = DEFINITIONAL_REPRESENTATION('',(#1685),#1689);
#1685 = LINE('',#1686,#1687);
#1686 = CARTESIAN_POINT('',(0.15,0.));
#1687 = VECTOR('',#1688,1.);
#1688 = DIRECTION('',(0.,-1.));
#1689 = ( GEOMETRIC_REPRESENTATION_CONTEXT(2) 
PARAMETRIC_REPRESENTATION_CONTEXT() REPRESENTATION_CONTEXT('2D SPACE',''
  ) );
#1690 = ORIENTED_EDGE('',*,*,#1691,.T.);
#1691 = EDGE_CURVE('',#1659,#1692,#1694,.T.);
#1692 = VERTEX_POINT('',#1693);
#1693 = CARTESIAN_POINT('',(0.93,1.125,0.55));
#1694 = SURFACE_CURVE('',#1695,(#1699,#1706),.PCURVE_S1.);
#1695 = LINE('',#1696,#1697);
#1696 = CARTESIAN_POINT('',(0.7,1.125,0.55));
#1697 = VECTOR('',#1698,1.);
#1698 = DIRECTION('',(1.,0.,0.));
#1699 = PCURVE('',#1667,#1700);
#1700 = DEFINITIONAL_REPRESENTATION('',(#1701),#1705);
#1701 = LINE('',#1702,#1703);
#1702 = CARTESIAN_POINT('',(0.,-0.3));
#1703 = VECTOR('',#1704,1.);
#1704 = DIRECTION('',(1.,0.));
#1705 = ( GEOMETRIC_REPRESENTATION_CONTEXT(2) 
PARAMETRIC_REPRESENTATION_CONTEXT() REPRESENTATION_CONTEXT('2D SPACE',''
  ) );
#1706 = PCURVE('',#1707,#1712);
#1707 = PLANE('',#1708);
#1708 = AXIS2_PLACEMENT_3D('',#1709,#1710,#1711);
#1709 = CARTESIAN_POINT('',(1.036157906357,1.125,0.254097612067));
#1710 = DIRECTION('',(0.,1.,0.));
#1711 = DIRECTION('',(0.,-0.,1.));
#1712 = DEFINITIONAL_REPRESENTATION('',(#1713),#1717);
#1713 = LINE('',#1714,#1715);
#1714 = CARTESIAN_POINT('',(0.295902387933,-0.336157906357));
#1715 = VECTOR('',#1716,1.);
#1716 = DIRECTION('',(0.,1.));
#1717 = ( GEOMETRIC_REPRESENTATION_CONTEXT(2) 
PARAMETRIC_REPRESENTATION_CONTEXT() REPRESENTATION_CONTEXT('2D SPACE',''
  ) );
#1718 = ORIENTED_EDGE('',*,*,#1719,.F.);
#1719 = EDGE_CURVE('',#1720,#1692,#1722,.T.);
#1720 = VERTEX_POINT('',#1721);
#1721 = CARTESIAN_POINT('',(0.93,0.825,0.55));
#1722 = SURFACE_CURVE('',#1723,(#1727,#1734),.PCURVE_S1.);
#1723 = LINE('',#1724,#1725);
#1724 = CARTESIAN_POINT('',(0.93,0.825,0.55));
#1725 = VECTOR('',#1726,1.);
#1726 = DIRECTION('',(0.,1.,0.));
#1727 = PCURVE('',#1667,#1728);
#1728 = DEFINITIONAL_REPRESENTATION('',(#1729),#1733);
#1729 = LINE('',#1730,#1731);
#1730 = CARTESIAN_POINT('',(0.23,0.));
#1731 = VECTOR('',#1732,1.);
#1732 = DIRECTION('',(0.,-1.));
#1733 = ( GEOMETRIC_REPRESENTATION_CONTEXT(2) 
PARAMETRIC_REPRESENTATION_CONTEXT() REPRESENTATION_CONTEXT('2D SPACE',''
  ) );
#1734 = PCURVE('',#1735,#1740);
#1735 = PLANE('',#1736);
#1736 = AXIS2_PLACEMENT_3D('',#1737,#1738,#1739);
#1737 = CARTESIAN_POINT('',(0.93,0.825,0.55));
#1738 = DIRECTION('',(-0.4472135955,0.,-0.894427191));
#1739 = DIRECTION('',(0.894427191,0.,-0.4472135955));
#1740 = DEFINITIONAL_REPRESENTATION('',(#1741),#1745);
#1741 = LINE('',#1742,#1743);
#1742 = CARTESIAN_POINT('',(0.,0.));
#1743 = VECTOR('',#1744,1.);
#1744 = DIRECTION('',(0.,-1.));
#1745 = ( GEOMETRIC_REPRESENTATION_CONTEXT(2) 
PARAMETRIC_REPRESENTATION_CONTEXT() REPRESENTATION_CONTEXT('2D SPACE',''
  ) );
#1746 = ORIENTED_EDGE('',*,*,#1747,.F.);
#1747 = EDGE_CURVE('',#1657,#1720,#1748,.T.);
#1748 = SURFACE_CURVE('',#1749,(#1753,#1760),.PCURVE_S1.);
#1749 = LINE('',#1750,#1751);
#1750 = CARTESIAN_POINT('',(0.7,0.825,0.55));
#1751 = VECTOR('',#1752,1.);
#1752 = DIRECTION('',(1.,0.,0.));
#1753 = PCURVE('',#1667,#1754);
#1754 = DEFINITIONAL_REPRESENTATION('',(#1755),#1759);
#1755 = LINE('',#1756,#1757);
#1756 = CARTESIAN_POINT('',(0.,0.));
#1757 = VECTOR('',#1758,1.);
#1758 = DIRECTION('',(1.,0.));
#1759 = ( GEOMETRIC_REPRESENTATION_CONTEXT(2) 
PARAMETRIC_REPRESENTATION_CONTEXT() REPRESENTATION_CONTEXT('2D SPACE',''
  ) );
#1760 = PCURVE('',#1761,#1766);
#1761 = PLANE('',#1762);
#1762 = AXIS2_PLACEMENT_3D('',#1763,#1764,#1765);
#1763 = CARTESIAN_POINT('',(1.036157906357,0.825,0.254097612067));
#1764 = DIRECTION('',(0.,1.,0.));
#1765 = DIRECTION('',(0.,-0.,1.));
#1766 = DEFINITIONAL_REPRESENTATION('',(#1767),#1771);
#1767 = LINE('',#1768,#1769);
#1768 = CARTESIAN_POINT('',(0.295902387933,-0.336157906357));
#1769 = VECTOR('',#1770,1.);
#1770 = DIRECTION('',(0.,1.));
#1771 = ( GEOMETRIC_REPRESENTATION_CONTEXT(2) 
PARAMETRIC_REPRESENTATION_CONTEXT() REPRESENTATION_CONTEXT('2D SPACE',''
  ) );
#1772 = ADVANCED_FACE('',(#1773),#1735,.F.);
#1773 = FACE_BOUND('',#1774,.F.);
#1774 = EDGE_LOOP('',(#1775,#1776,#1799,#1827));
#1775 = ORIENTED_EDGE('',*,*,#1719,.T.);
#1776 = ORIENTED_EDGE('',*,*,#1777,.T.);
#1777 = EDGE_CURVE('',#1692,#1778,#1780,.T.);
#1778 = VERTEX_POINT('',#1779);
#1779 = CARTESIAN_POINT('',(0.99,1.125,0.52));
#1780 = SURFACE_CURVE('',#1781,(#1785,#1792),.PCURVE_S1.);
#1781 = LINE('',#1782,#1783);
#1782 = CARTESIAN_POINT('',(0.93,1.125,0.55));
#1783 = VECTOR('',#1784,1.);
#1784 = DIRECTION('',(0.894427191,0.,-0.4472135955));
#1785 = PCURVE('',#1735,#1786);
#1786 = DEFINITIONAL_REPRESENTATION('',(#1787),#1791);
#1787 = LINE('',#1788,#1789);
#1788 = CARTESIAN_POINT('',(0.,-0.3));
#1789 = VECTOR('',#1790,1.);
#1790 = DIRECTION('',(1.,0.));
#1791 = ( GEOMETRIC_REPRESENTATION_CONTEXT(2) 
PARAMETRIC_REPRESENTATION_CONTEXT() REPRESENTATION_CONTEXT('2D SPACE',''
  ) );
#1792 = PCURVE('',#1707,#1793);
#1793 = DEFINITIONAL_REPRESENTATION('',(#1794),#1798);
#1794 = LINE('',#1795,#1796);
#1795 = CARTESIAN_POINT('',(0.295902387933,-0.106157906357));
#1796 = VECTOR('',#1797,1.);
#1797 = DIRECTION('',(-0.4472135955,0.894427191));
#1798 = ( GEOMETRIC_REPRESENTATION_CONTEXT(2) 
PARAMETRIC_REPRESENTATION_CONTEXT() REPRESENTATION_CONTEXT('2D SPACE',''
  ) );
#1799 = ORIENTED_EDGE('',*,*,#1800,.F.);
#1800 = EDGE_CURVE('',#1801,#1778,#1803,.T.);
#1801 = VERTEX_POINT('',#1802);
#1802 = CARTESIAN_POINT('',(0.99,0.825,0.52));
#1803 = SURFACE_CURVE('',#1804,(#1808,#1815),.PCURVE_S1.);
#1804 = LINE('',#1805,#1806);
#1805 = CARTESIAN_POINT('',(0.99,0.825,0.52));
#1806 = VECTOR('',#1807,1.);
#1807 = DIRECTION('',(0.,1.,0.));
#1808 = PCURVE('',#1735,#1809);
#1809 = DEFINITIONAL_REPRESENTATION('',(#1810),#1814);
#1810 = LINE('',#1811,#1812);
#1811 = CARTESIAN_POINT('',(6.708203932499E-02,0.));
#1812 = VECTOR('',#1813,1.);
#1813 = DIRECTION('',(0.,-1.));
#1814 = ( GEOMETRIC_REPRESENTATION_CONTEXT(2) 
PARAMETRIC_REPRESENTATION_CONTEXT() REPRESENTATION_CONTEXT('2D SPACE',''
  ) );
#1815 = PCURVE('',#1816,#1821);
#1816 = PLANE('',#1817);
#1817 = AXIS2_PLACEMENT_3D('',#1818,#1819,#1820);
#1818 = CARTESIAN_POINT('',(0.99,0.825,0.52));
#1819 = DIRECTION('',(-0.951444518554,0.,-0.307820285415));
#1820 = DIRECTION('',(0.307820285415,0.,-0.951444518554));
#1821 = DEFINITIONAL_REPRESENTATION('',(#1822),#1826);
#1822 = LINE('',#1823,#1824);
#1823 = CARTESIAN_POINT('',(0.,0.));
#1824 = VECTOR('',#1825,1.);
#1825 = DIRECTION('',(0.,-1.));
#1826 = ( GEOMETRIC_REPRESENTATION_CONTEXT(2) 
PARAMETRIC_REPRESENTATION_CONTEXT() REPRESENTATION_CONTEXT('2D SPACE',''
  ) );
#1827 = ORIENTED_EDGE('',*,*,#1828,.F.);
#1828 = EDGE_CURVE('',#1720,#1801,#1829,.T.);
#1829 = SURFACE_CURVE('',#1830,(#1834,#1841),.PCURVE_S1.);
#1830 = LINE('',#1831,#1832);
#1831 = CARTESIAN_POINT('',(0.93,0.825,0.55));
#1832 = VECTOR('',#1833,1.);
#1833 = DIRECTION('',(0.894427191,0.,-0.4472135955));
#1834 = PCURVE('',#1735,#1835);
#1835 = DEFINITIONAL_REPRESENTATION('',(#1836),#1840);
#1836 = LINE('',#1837,#1838);
#1837 = CARTESIAN_POINT('',(0.,0.));
#1838 = VECTOR('',#1839,1.);
#1839 = DIRECTION('',(1.,0.));
#1840 = ( GEOMETRIC_REPRESENTATION_CONTEXT(2) 
PARAMETRIC_REPRESENTATION_CONTEXT() REPRESENTATION_CONTEXT('2D SPACE',''
  ) );
#1841 = PCURVE('',#1761,#1842);
#1842 = DEFINITIONAL_REPRESENTATION('',(#1843),#1847);
#1843 = LINE('',#1844,#1845);
#1844 = CARTESIAN_POINT('',(0.295902387933,-0.106157906357));
#1845 = VECTOR('',#1846,1.);
#1846 = DIRECTION('',(-0.4472135955,0.894427191));
#1847 = ( GEOMETRIC_REPRESENTATION_CONTEXT(2) 
PARAMETRIC_REPRESENTATION_CONTEXT() REPRESENTATION_CONTEXT('2D SPACE',''
  ) );
#1848 = ADVANCED_FACE('',(#1849),#1816,.F.);
#1849 = FACE_BOUND('',#1850,.F.);
#1850 = EDGE_LOOP('',(#1851,#1852,#1875,#1903));
#1851 = ORIENTED_EDGE('',*,*,#1800,.T.);
#1852 = ORIENTED_EDGE('',*,*,#1853,.T.);
#1853 = EDGE_CURVE('',#1778,#1854,#1856,.T.);
#1854 = VERTEX_POINT('',#1855);
#1855 = CARTESIAN_POINT('',(1.1,1.125,0.18));
#1856 = SURFACE_CURVE('',#1857,(#1861,#1868),.PCURVE_S1.);
#1857 = LINE('',#1858,#1859);
#1858 = CARTESIAN_POINT('',(0.99,1.125,0.52));
#1859 = VECTOR('',#1860,1.);
#1860 = DIRECTION('',(0.307820285415,0.,-0.951444518554));
#1861 = PCURVE('',#1816,#1862);
#1862 = DEFINITIONAL_REPRESENTATION('',(#1863),#1867);
#1863 = LINE('',#1864,#1865);
#1864 = CARTESIAN_POINT('',(0.,-0.3));
#1865 = VECTOR('',#1866,1.);
#1866 = DIRECTION('',(1.,0.));
#1867 = ( GEOMETRIC_REPRESENTATION_CONTEXT(2) 
PARAMETRIC_REPRESENTATION_CONTEXT() REPRESENTATION_CONTEXT('2D SPACE',''
  ) );
#1868 = PCURVE('',#1707,#1869);
#1869 = DEFINITIONAL_REPRESENTATION('',(#1870),#1874);
#1870 = LINE('',#1871,#1872);
#1871 = CARTESIAN_POINT('',(0.265902387933,-4.615790635743E-02));
#1872 = VECTOR('',#1873,1.);
#1873 = DIRECTION('',(-0.951444518554,0.307820285415));
#1874 = ( GEOMETRIC_REPRESENTATION_CONTEXT(2) 
PARAMETRIC_REPRESENTATION_CONTEXT() REPRESENTATION_CONTEXT('2D SPACE',''
  ) );
#1875 = ORIENTED_EDGE('',*,*,#1876,.F.);
#1876 = EDGE_CURVE('',#1877,#1854,#1879,.T.);
#1877 = VERTEX_POINT('',#1878);
#1878 = CARTESIAN_POINT('',(1.1,0.825,0.18));
#1879 = SURFACE_CURVE('',#1880,(#1884,#1891),.PCURVE_S1.);
#1880 = LINE('',#1881,#1882);
#1881 = CARTESIAN_POINT('',(1.1,0.825,0.18));
#1882 = VECTOR('',#1883,1.);
#1883 = DIRECTION('',(0.,1.,0.));
#1884 = PCURVE('',#1816,#1885);
#1885 = DEFINITIONAL_REPRESENTATION('',(#1886),#1890);
#1886 = LINE('',#1887,#1888);
#1887 = CARTESIAN_POINT('',(0.357351367704,0.));
#1888 = VECTOR('',#1889,1.);
#1889 = DIRECTION('',(0.,-1.));
#1890 = ( GEOMETRIC_REPRESENTATION_CONTEXT(2) 
PARAMETRIC_REPRESENTATION_CONTEXT() REPRESENTATION_CONTEXT('2D SPACE',''
  ) );
#1891 = PCURVE('',#1892,#1897);
#1892 = PLANE('',#1893);
#1893 = AXIS2_PLACEMENT_3D('',#1894,#1895,#1896);
#1894 = CARTESIAN_POINT('',(1.1,0.825,0.18));
#1895 = DIRECTION('',(-0.6,0.,-0.8));
#1896 = DIRECTION('',(0.8,0.,-0.6));
#1897 = DEFINITIONAL_REPRESENTATION('',(#1898),#1902);
#1898 = LINE('',#1899,#1900);
#1899 = CARTESIAN_POINT('',(0.,0.));
#1900 = VECTOR('',#1901,1.);
#1901 = DIRECTION('',(0.,-1.));
#1902 = ( GEOMETRIC_REPRESENTATION_CONTEXT(2) 
PARAMETRIC_REPRESENTATION_CONTEXT() REPRESENTATION_CONTEXT('2D SPACE',''
  ) );
#1903 = ORIENTED_EDGE('',*,*,#1904,.F.);
#1904 = EDGE_CURVE('',#1801,#1877,#1905,.T.);
#1905 = SURFACE_CURVE('',#1906,(#1910,#1917),.PCURVE_S1.);
#1906 = LINE('',#1907,#1908);
#1907 = CARTESIAN_POINT('',(0.99,0.825,0.52));
#1908 = VECTOR('',#1909,1.);
#1909 = DIRECTION('',(0.307820285415,0.,-0.951444518554));
#1910 = PCURVE('',#1816,#1911);
#1911 = DEFINITIONAL_REPRESENTATION('',(#1912),#1916);
#1912 = LINE('',#1913,#1914);
#1913 = CARTESIAN_POINT('',(0.,0.));
#1914 = VECTOR('',#1915,1.);
#1915 = DIRECTION('',(1.,0.));
#1916 = ( GEOMETRIC_REPRESENTATION_CONTEXT(2) 
PARAMETRIC_REPRESENTATION_CONTEXT() REPRESENTATION_CONTEXT('2D SPACE',''
  ) );
#1917 = PCURVE('',#1761,#1918);
#1918 = DEFINITIONAL_REPRESENTATION('',(#1919),#1923);
#1919 = LINE('',#1920,#1921);
#1920 = CARTESIAN_POINT('',(0.265902387933,-4.615790635743E-02));
#1921 = VECTOR('',#1922,1.);
#1922 = DIRECTION('',(-0.951444518554,0.307820285415));
#1923 = ( GEOMETRIC_REPRESENTATION_CONTEXT(2) 
PARAMETRIC_REPRESENTATION_CONTEXT() REPRESENTATION_CONTEXT('2D SPACE',''
  ) );
#1924 = ADVANCED_FACE('',(#1925),#1892,.F.);
#1925 = FACE_BOUND('',#1926,.F.);
#1926 = EDGE_LOOP('',(#1927,#1928,#1951,#1979));
#1927 = ORIENTED_EDGE('',*,*,#1876,.T.);
#1928 = ORIENTED_EDGE('',*,*,#1929,.T.);
#1929 = EDGE_CURVE('',#1854,#1930,#1932,.T.);
#1930 = VERTEX_POINT('',#1931);
#1931 = CARTESIAN_POINT('',(1.14,1.125,0.15));
#1932 = SURFACE_CURVE('',#1933,(#1937,#1944),.PCURVE_S1.);
#1933 = LINE('',#1934,#1935);
#1934 = CARTESIAN_POINT('',(1.1,1.125,0.18));
#1935 = VECTOR('',#1936,1.);
#1936 = DIRECTION('',(0.8,0.,-0.6));
#1937 = PCURVE('',#1892,#1938);
#1938 = DEFINITIONAL_REPRESENTATION('',(#1939),#1943);
#1939 = LINE('',#1940,#1941);
#1940 = CARTESIAN_POINT('',(0.,-0.3));
#1941 = VECTOR('',#1942,1.);
#1942 = DIRECTION('',(1.,0.));
#1943 = ( GEOMETRIC_REPRESENTATION_CONTEXT(2) 
PARAMETRIC_REPRESENTATION_CONTEXT() REPRESENTATION_CONTEXT('2D SPACE',''
  ) );
#1944 = PCURVE('',#1707,#1945);
#1945 = DEFINITIONAL_REPRESENTATION('',(#1946),#1950);
#1946 = LINE('',#1947,#1948);
#1947 = CARTESIAN_POINT('',(-7.409761206749E-02,6.384209364257E-02));
#1948 = VECTOR('',#1949,1.);
#1949 = DIRECTION('',(-0.6,0.8));
#1950 = ( GEOMETRIC_REPRESENTATION_CONTEXT(2) 
PARAMETRIC_REPRESENTATION_CONTEXT() REPRESENTATION_CONTEXT('2D SPACE',''
  ) );
#1951 = ORIENTED_EDGE('',*,*,#1952,.F.);
#1952 = EDGE_CURVE('',#1953,#1930,#1955,.T.);
#1953 = VERTEX_POINT('',#1954);
#1954 = CARTESIAN_POINT('',(1.14,0.825,0.15));
#1955 = SURFACE_CURVE('',#1956,(#1960,#1967),.PCURVE_S1.);
#1956 = LINE('',#1957,#1958);
#1957 = CARTESIAN_POINT('',(1.14,0.825,0.15));
#1958 = VECTOR('',#1959,1.);
#1959 = DIRECTION('',(0.,1.,0.));
#1960 = PCURVE('',#1892,#1961);
#1961 = DEFINITIONAL_REPRESENTATION('',(#1962),#1966);
#1962 = LINE('',#1963,#1964);
#1963 = CARTESIAN_POINT('',(5.E-02,0.));
#1964 = VECTOR('',#1965,1.);
#1965 = DIRECTION('',(0.,-1.));
#1966 = ( GEOMETRIC_REPRESENTATION_CONTEXT(2) 
PARAMETRIC_REPRESENTATION_CONTEXT() REPRESENTATION_CONTEXT('2D SPACE',''
  ) );
#1967 = PCURVE('',#1968,#1973);
#1968 = PLANE('',#1969);
#1969 = AXIS2_PLACEMENT_3D('',#1970,#1971,#1972);
#1970 = CARTESIAN_POINT('',(1.14,0.825,0.15));
#1971 = DIRECTION('',(0.,0.,-1.));
#1972 = DIRECTION('',(1.,0.,0.));
#1973 = DEFINITIONAL_REPRESENTATION('',(#1974),#1978);
#1974 = LINE('',#1975,#1976);
#1975 = CARTESIAN_POINT('',(0.,0.));
#1976 = VECTOR('',#1977,1.);
#1977 = DIRECTION('',(0.,-1.));
#1978 = ( GEOMETRIC_REPRESENTATION_CONTEXT(2) 
PARAMETRIC_REPRESENTATION_CONTEXT() REPRESENTATION_CONTEXT('2D SPACE',''
  ) );
#1979 = ORIENTED_EDGE('',*,*,#1980,.F.);
#1980 = EDGE_CURVE('',#1877,#1953,#1981,.T.);
#1981 = SURFACE_CURVE('',#1982,(#1986,#1993),.PCURVE_S1.);
#1982 = LINE('',#1983,#1984);
#1983 = CARTESIAN_POINT('',(1.1,0.825,0.18));
#1984 = VECTOR('',#1985,1.);
#1985 = DIRECTION('',(0.8,0.,-0.6));
#1986 = PCURVE('',#1892,#1987);
#1987 = DEFINITIONAL_REPRESENTATION('',(#1988),#1992);
#1988 = LINE('',#1989,#1990);
#1989 = CARTESIAN_POINT('',(0.,0.));
#1990 = VECTOR('',#1991,1.);
#1991 = DIRECTION('',(1.,0.));
#1992 = ( GEOMETRIC_REPRESENTATION_CONTEXT(2) 
PARAMETRIC_REPRESENTATION_CONTEXT() REPRESENTATION_CONTEXT('2D SPACE',''
  ) );
#1993 = PCURVE('',#1761,#1994);
#1994 = DEFINITIONAL_REPRESENTATION('',(#1995),#1999);
#1995 = LINE('',#1996,#1997);
#1996 = CARTESIAN_POINT('',(-7.409761206749E-02,6.384209364257E-02));
#1997 = VECTOR('',#1998,1.);
#1998 = DIRECTION('',(-0.6,0.8));
#1999 = ( GEOMETRIC_REPRESENTATION_CONTEXT(2) 
PARAMETRIC_REPRESENTATION_CONTEXT() REPRESENTATION_CONTEXT('2D SPACE',''
  ) );
#2000 = ADVANCED_FACE('',(#2001),#1968,.F.);
#2001 = FACE_BOUND('',#2002,.F.);
#2002 = EDGE_LOOP('',(#2003,#2004,#2027,#2055));
#2003 = ORIENTED_EDGE('',*,*,#1952,.T.);
#2004 = ORIENTED_EDGE('',*,*,#2005,.T.);
#2005 = EDGE_CURVE('',#1930,#2006,#2008,.T.);
#2006 = VERTEX_POINT('',#2007);
#2007 = CARTESIAN_POINT('',(1.4,1.125,0.15));
#2008 = SURFACE_CURVE('',#2009,(#2013,#2020),.PCURVE_S1.);
#2009 = LINE('',#2010,#2011);
#2010 = CARTESIAN_POINT('',(1.14,1.125,0.15));
#2011 = VECTOR('',#2012,1.);
#2012 = DIRECTION('',(1.,0.,0.));
#2013 = PCURVE('',#1968,#2014);
#2014 = DEFINITIONAL_REPRESENTATION('',(#2015),#2019);
#2015 = LINE('',#2016,#2017);
#2016 = CARTESIAN_POINT('',(0.,-0.3));
#2017 = VECTOR('',#2018,1.);
#2018 = DIRECTION('',(1.,0.));
#2019 = ( GEOMETRIC_REPRESENTATION_CONTEXT(2) 
PARAMETRIC_REPRESENTATION_CONTEXT() REPRESENTATION_CONTEXT('2D SPACE',''
  ) );
#2020 = PCURVE('',#1707,#2021);
#2021 = DEFINITIONAL_REPRESENTATION('',(#2022),#2026);
#2022 = LINE('',#2023,#2024);
#2023 = CARTESIAN_POINT('',(-0.104097612067,0.103842093643));
#2024 = VECTOR('',#2025,1.);
#2025 = DIRECTION('',(0.,1.));
#2026 = ( GEOMETRIC_REPRESENTATION_CONTEXT(2) 
PARAMETRIC_REPRESENTATION_CONTEXT() REPRESENTATION_CONTEXT('2D SPACE',''
  ) );
#2027 = ORIENTED_EDGE('',*,*,#2028,.F.);
#2028 = EDGE_CURVE('',#2029,#2006,#2031,.T.);
#2029 = VERTEX_POINT('',#2030);
#2030 = CARTESIAN_POINT('',(1.4,0.825,0.15));
#2031 = SURFACE_CURVE('',#2032,(#2036,#2043),.PCURVE_S1.);
#2032 = LINE('',#2033,#2034);
#2033 = CARTESIAN_POINT('',(1.4,0.825,0.15));
#2034 = VECTOR('',#2035,1.);
#2035 = DIRECTION('',(0.,1.,0.));
#2036 = PCURVE('',#1968,#2037);
#2037 = DEFINITIONAL_REPRESENTATION('',(#2038),#2042);
#2038 = LINE('',#2039,#2040);
#2039 = CARTESIAN_POINT('',(0.26,0.));
#2040 = VECTOR('',#2041,1.);
#2041 = DIRECTION('',(0.,-1.));
#2042 = ( GEOMETRIC_REPRESENTATION_CONTEXT(2) 
PARAMETRIC_REPRESENTATION_CONTEXT() REPRESENTATION_CONTEXT('2D SPACE',''
  ) );
#2043 = PCURVE('',#2044,#2049);
#2044 = PLANE('',#2045);
#2045 = AXIS2_PLACEMENT_3D('',#2046,#2047,#2048);
#2046 = CARTESIAN_POINT('',(1.4,0.825,0.15));
#2047 = DIRECTION('',(-1.,0.,0.));
#2048 = DIRECTION('',(0.,0.,-1.));
#2049 = DEFINITIONAL_REPRESENTATION('',(#2050),#2054);
#2050 = LINE('',#2051,#2052);
#2051 = CARTESIAN_POINT('',(0.,-0.));
#2052 = VECTOR('',#2053,1.);
#2053 = DIRECTION('',(0.,-1.));
#2054 = ( GEOMETRIC_REPRESENTATION_CONTEXT(2) 
PARAMETRIC_REPRESENTATION_CONTEXT() REPRESENTATION_CONTEXT('2D SPACE',''
  ) );
#2055 = ORIENTED_EDGE('',*,*,#2056,.F.);
#2056 = EDGE_CURVE('',#1953,#2029,#2057,.T.);
#2057 = SURFACE_CURVE('',#2058,(#2062,#2069),.PCURVE_S1.);
#2058 = LINE('',#2059,#2060);
#2059 = CARTESIAN_POINT('',(1.14,0.825,0.15));
#2060 = VECTOR('',#2061,1.);
#2061 = DIRECTION('',(1.,0.,0.));
#2062 = PCURVE('',#1968,#2063);
#2063 = DEFINITIONAL_REPRESENTATION('',(#2064),#2068);
#2064 = LINE('',#2065,#2066);
#2065 = CARTESIAN_POINT('',(0.,0.));
#2066 = VECTOR('',#2067,1.);
#2067 = DIRECTION('',(1.,0.));
#2068 = ( GEOMETRIC_REPRESENTATION_CONTEXT(2) 
PARAMETRIC_REPRESENTATION_CONTEXT() REPRESENTATION_CONTEXT('2D SPACE',''
  ) );
#2069 = PCURVE('',#1761,#2070);
#2070 = DEFINITIONAL_REPRESENTATION('',(#2071),#2075);
#2071 = LINE('',#2072,#2073);
#2072 = CARTESIAN_POINT('',(-0.104097612067,0.103842093643));
#2073 = VECTOR('',#2074,1.);
#2074 = DIRECTION('',(0.,1.));
#2075 = ( GEOMETRIC_REPRESENTATION_CONTEXT(2) 
PARAMETRIC_REPRESENTATION_CONTEXT() REPRESENTATION_CONTEXT('2D SPACE',''
  ) );
#2076 = ADVANCED_FACE('',(#2077),#2044,.F.);
#2077 = FACE_BOUND('',#2078,.F.);
#2078 = EDGE_LOOP('',(#2079,#2080,#2103,#2131));
#2079 = ORIENTED_EDGE('',*,*,#2028,.T.);
#2080 = ORIENTED_EDGE('',*,*,#2081,.T.);
#2081 = EDGE_CURVE('',#2006,#2082,#2084,.T.);
#2082 = VERTEX_POINT('',#2083);
#2083 = CARTESIAN_POINT('',(1.4,1.125,0.));
#2084 = SURFACE_CURVE('',#2085,(#2089,#2096),.PCURVE_S1.);
#2085 = LINE('',#2086,#2087);
#2086 = CARTESIAN_POINT('',(1.4,1.125,0.15));
#2087 = VECTOR('',#2088,1.);
#2088 = DIRECTION('',(0.,0.,-1.));
#2089 = PCURVE('',#2044,#2090);
#2090 = DEFINITIONAL_REPRESENTATION('',(#2091),#2095);
#2091 = LINE('',#2092,#2093);
#2092 = CARTESIAN_POINT('',(0.,-0.3));
#2093 = VECTOR('',#2094,1.);
#2094 = DIRECTION('',(1.,0.));
#2095 = ( GEOMETRIC_REPRESENTATION_CONTEXT(2) 
PARAMETRIC_REPRESENTATION_CONTEXT() REPRESENTATION_CONTEXT('2D SPACE',''
  ) );
#2096 = PCURVE('',#1707,#2097);
#2097 = DEFINITIONAL_REPRESENTATION('',(#2098),#2102);
#2098 = LINE('',#2099,#2100);
#2099 = CARTESIAN_POINT('',(-0.104097612067,0.363842093643));
#2100 = VECTOR('',#2101,1.);
#2101 = DIRECTION('',(-1.,0.));
#2102 = ( GEOMETRIC_REPRESENTATION_CONTEXT(2) 
PARAMETRIC_REPRESENTATION_CONTEXT() REPRESENTATION_CONTEXT('2D SPACE',''
  ) );
#2103 = ORIENTED_EDGE('',*,*,#2104,.F.);
#2104 = EDGE_CURVE('',#2105,#2082,#2107,.T.);
#2105 = VERTEX_POINT('',#2106);
#2106 = CARTESIAN_POINT('',(1.4,0.825,0.));
#2107 = SURFACE_CURVE('',#2108,(#2112,#2119),.PCURVE_S1.);
#2108 = LINE('',#2109,#2110);
#2109 = CARTESIAN_POINT('',(1.4,0.825,0.));
#2110 = VECTOR('',#2111,1.);
#2111 = DIRECTION('',(0.,1.,0.));
#2112 = PCURVE('',#2044,#2113);
#2113 = DEFINITIONAL_REPRESENTATION('',(#2114),#2118);
#2114 = LINE('',#2115,#2116);
#2115 = CARTESIAN_POINT('',(0.15,0.));
#2116 = VECTOR('',#2117,1.);
#2117 = DIRECTION('',(0.,-1.));
#2118 = ( GEOMETRIC_REPRESENTATION_CONTEXT(2) 
PARAMETRIC_REPRESENTATION_CONTEXT() REPRESENTATION_CONTEXT('2D SPACE',''
  ) );
#2119 = PCURVE('',#2120,#2125);
#2120 = PLANE('',#2121);
#2121 = AXIS2_PLACEMENT_3D('',#2122,#2123,#2124);
#2122 = CARTESIAN_POINT('',(1.4,0.825,0.));
#2123 = DIRECTION('',(0.,-0.,1.));
#2124 = DIRECTION('',(-1.,0.,0.));
#2125 = DEFINITIONAL_REPRESENTATION('',(#2126),#2130);
#2126 = LINE('',#2127,#2128);
#2127 = CARTESIAN_POINT('',(0.,0.));
#2128 = VECTOR('',#2129,1.);
#2129 = DIRECTION('',(0.,-1.));
#2130 = ( GEOMETRIC_REPRESENTATION_CONTEXT(2) 
PARAMETRIC_REPRESENTATION_CONTEXT() REPRESENTATION_CONTEXT('2D SPACE',''
  ) );
#2131 = ORIENTED_EDGE('',*,*,#2132,.F.);
#2132 = EDGE_CURVE('',#2029,#2105,#2133,.T.);
#2133 = SURFACE_CURVE('',#2134,(#2138,#2145),.PCURVE_S1.);
#2134 = LINE('',#2135,#2136);
#2135 = CARTESIAN_POINT('',(1.4,0.825,0.15));
#2136 = VECTOR('',#2137,1.);
#2137 = DIRECTION('',(0.,0.,-1.));
#2138 = PCURVE('',#2044,#2139);
#2139 = DEFINITIONAL_REPRESENTATION('',(#2140),#2144);
#2140 = LINE('',#2141,#2142);
#2141 = CARTESIAN_POINT('',(0.,-0.));
#2142 = VECTOR('',#2143,1.);
#2143 = DIRECTION('',(1.,0.));
#2144 = ( GEOMETRIC_REPRESENTATION_CONTEXT(2) 
PARAMETRIC_REPRESENTATION_CONTEXT() REPRESENTATION_CONTEXT('2D SPACE',''
  ) );
#2145 = PCURVE('',#1761,#2146);
#2146 = DEFINITIONAL_REPRESENTATION('',(#2147),#2151);
#2147 = LINE('',#2148,#2149);
#2148 = CARTESIAN_POINT('',(-0.104097612067,0.363842093643));
#2149 = VECTOR('',#2150,1.);
#2150 = DIRECTION('',(-1.,0.));
#2151 = ( GEOMETRIC_REPRESENTATION_CONTEXT(2) 
PARAMETRIC_REPRESENTATION_CONTEXT() REPRESENTATION_CONTEXT('2D SPACE',''
  ) );
#2152 = ADVANCED_FACE('',(#2153),#2120,.F.);
#2153 = FACE_BOUND('',#2154,.F.);
#2154 = EDGE_LOOP('',(#2155,#2156,#2179,#2207));
#2155 = ORIENTED_EDGE('',*,*,#2104,.T.);
#2156 = ORIENTED_EDGE('',*,*,#2157,.T.);
#2157 = EDGE_CURVE('',#2082,#2158,#2160,.T.);
#2158 = VERTEX_POINT('',#2159);
#2159 = CARTESIAN_POINT('',(1.05,1.125,0.));
#2160 = SURFACE_CURVE('',#2161,(#2165,#2172),.PCURVE_S1.);
#2161 = LINE('',#2162,#2163);
#2162 = CARTESIAN_POINT('',(1.4,1.125,0.));
#2163 = VECTOR('',#2164,1.);
#2164 = DIRECTION('',(-1.,0.,0.));
#2165 = PCURVE('',#2120,#2166);
#2166 = DEFINITIONAL_REPRESENTATION('',(#2167),#2171);
#2167 = LINE('',#2168,#2169);
#2168 = CARTESIAN_POINT('',(0.,-0.3));
#2169 = VECTOR('',#2170,1.);
#2170 = DIRECTION('',(1.,0.));
#2171 = ( GEOMETRIC_REPRESENTATION_CONTEXT(2) 
PARAMETRIC_REPRESENTATION_CONTEXT() REPRESENTATION_CONTEXT('2D SPACE',''
  ) );
#2172 = PCURVE('',#1707,#2173);
#2173 = DEFINITIONAL_REPRESENTATION('',(#2174),#2178);
#2174 = LINE('',#2175,#2176);
#2175 = CARTESIAN_POINT('',(-0.254097612067,0.363842093643));
#2176 = VECTOR('',#2177,1.);
#2177 = DIRECTION('',(0.,-1.));
#2178 = ( GEOMETRIC_REPRESENTATION_CONTEXT(2) 
PARAMETRIC_REPRESENTATION_CONTEXT() REPRESENTATION_CONTEXT('2D SPACE',''
  ) );
#2179 = ORIENTED_EDGE('',*,*,#2180,.F.);
#2180 = EDGE_CURVE('',#2181,#2158,#2183,.T.);
#2181 = VERTEX_POINT('',#2182);
#2182 = CARTESIAN_POINT('',(1.05,0.825,0.));
#2183 = SURFACE_CURVE('',#2184,(#2188,#2195),.PCURVE_S1.);
#2184 = LINE('',#2185,#2186);
#2185 = CARTESIAN_POINT('',(1.05,0.825,0.));
#2186 = VECTOR('',#2187,1.);
#2187 = DIRECTION('',(0.,1.,0.));
#2188 = PCURVE('',#2120,#2189);
#2189 = DEFINITIONAL_REPRESENTATION('',(#2190),#2194);
#2190 = LINE('',#2191,#2192);
#2191 = CARTESIAN_POINT('',(0.35,0.));
#2192 = VECTOR('',#2193,1.);
#2193 = DIRECTION('',(0.,-1.));
#2194 = ( GEOMETRIC_REPRESENTATION_CONTEXT(2) 
PARAMETRIC_REPRESENTATION_CONTEXT() REPRESENTATION_CONTEXT('2D SPACE',''
  ) );
#2195 = PCURVE('',#2196,#2201);
#2196 = PLANE('',#2197);
#2197 = AXIS2_PLACEMENT_3D('',#2198,#2199,#2200);
#2198 = CARTESIAN_POINT('',(1.05,0.825,0.));
#2199 = DIRECTION('',(0.554700196225,-0.,0.832050294338));
#2200 = DIRECTION('',(-0.832050294338,0.,0.554700196225));
#2201 = DEFINITIONAL_REPRESENTATION('',(#2202),#2206);
#2202 = LINE('',#2203,#2204);
#2203 = CARTESIAN_POINT('',(0.,0.));
#2204 = VECTOR('',#2205,1.);
#2205 = DIRECTION('',(0.,-1.));
#2206 = ( GEOMETRIC_REPRESENTATION_CONTEXT(2) 
PARAMETRIC_REPRESENTATION_CONTEXT() REPRESENTATION_CONTEXT('2D SPACE',''
  ) );
#2207 = ORIENTED_EDGE('',*,*,#2208,.F.);
#2208 = EDGE_CURVE('',#2105,#2181,#2209,.T.);
#2209 = SURFACE_CURVE('',#2210,(#2214,#2221),.PCURVE_S1.);
#2210 = LINE('',#2211,#2212);
#2211 = CARTESIAN_POINT('',(1.4,0.825,0.));
#2212 = VECTOR('',#2213,1.);
#2213 = DIRECTION('',(-1.,0.,0.));
#2214 = PCURVE('',#2120,#2215);
#2215 = DEFINITIONAL_REPRESENTATION('',(#2216),#2220);
#2216 = LINE('',#2217,#2218);
#2217 = CARTESIAN_POINT('',(0.,0.));
#2218 = VECTOR('',#2219,1.);
#2219 = DIRECTION('',(1.,0.));
#2220 = ( GEOMETRIC_REPRESENTATION_CONTEXT(2) 
PARAMETRIC_REPRESENTATION_CONTEXT() REPRESENTATION_CONTEXT('2D SPACE',''
  ) );
#2221 = PCURVE('',#1761,#2222);
#2222 = DEFINITIONAL_REPRESENTATION('',(#2223),#2227);
#2223 = LINE('',#2224,#2225);
#2224 = CARTESIAN_POINT('',(-0.254097612067,0.363842093643));
#2225 = VECTOR('',#2226,1.);
#2226 = DIRECTION('',(0.,-1.));
#2227 = ( GEOMETRIC_REPRESENTATION_CONTEXT(2) 
PARAMETRIC_REPRESENTATION_CONTEXT() REPRESENTATION_CONTEXT('2D SPACE',''
  ) );
#2228 = ADVANCED_FACE('',(#2229),#2196,.F.);
#2229 = FACE_BOUND('',#2230,.F.);
#2230 = EDGE_LOOP('',(#2231,#2232,#2255,#2283));
#2231 = ORIENTED_EDGE('',*,*,#2180,.T.);
#2232 = ORIENTED_EDGE('',*,*,#2233,.T.);
#2233 = EDGE_CURVE('',#2158,#2234,#2236,.T.);
#2234 = VERTEX_POINT('',#2235);
#2235 = CARTESIAN_POINT('',(0.99,1.125,4.E-02));
#2236 = SURFACE_CURVE('',#2237,(#2241,#2248),.PCURVE_S1.);
#2237 = LINE('',#2238,#2239);
#2238 = CARTESIAN_POINT('',(1.05,1.125,0.));
#2239 = VECTOR('',#2240,1.);
#2240 = DIRECTION('',(-0.832050294338,0.,0.554700196225));
#2241 = PCURVE('',#2196,#2242);
#2242 = DEFINITIONAL_REPRESENTATION('',(#2243),#2247);
#2243 = LINE('',#2244,#2245);
#2244 = CARTESIAN_POINT('',(0.,-0.3));
#2245 = VECTOR('',#2246,1.);
#2246 = DIRECTION('',(1.,0.));
#2247 = ( GEOMETRIC_REPRESENTATION_CONTEXT(2) 
PARAMETRIC_REPRESENTATION_CONTEXT() REPRESENTATION_CONTEXT('2D SPACE',''
  ) );
#2248 = PCURVE('',#1707,#2249);
#2249 = DEFINITIONAL_REPRESENTATION('',(#2250),#2254);
#2250 = LINE('',#2251,#2252);
#2251 = CARTESIAN_POINT('',(-0.254097612067,1.384209364257E-02));
#2252 = VECTOR('',#2253,1.);
#2253 = DIRECTION('',(0.554700196225,-0.832050294338));
#2254 = ( GEOMETRIC_REPRESENTATION_CONTEXT(2) 
PARAMETRIC_REPRESENTATION_CONTEXT() REPRESENTATION_CONTEXT('2D SPACE',''
  ) );
#2255 = ORIENTED_EDGE('',*,*,#2256,.F.);
#2256 = EDGE_CURVE('',#2257,#2234,#2259,.T.);
#2257 = VERTEX_POINT('',#2258);
#2258 = CARTESIAN_POINT('',(0.99,0.825,4.E-02));
#2259 = SURFACE_CURVE('',#2260,(#2264,#2271),.PCURVE_S1.);
#2260 = LINE('',#2261,#2262);
#2261 = CARTESIAN_POINT('',(0.99,0.825,4.E-02));
#2262 = VECTOR('',#2263,1.);
#2263 = DIRECTION('',(0.,1.,0.));
#2264 = PCURVE('',#2196,#2265);
#2265 = DEFINITIONAL_REPRESENTATION('',(#2266),#2270);
#2266 = LINE('',#2267,#2268);
#2267 = CARTESIAN_POINT('',(7.211102550928E-02,0.));
#2268 = VECTOR('',#2269,1.);
#2269 = DIRECTION('',(0.,-1.));
#2270 = ( GEOMETRIC_REPRESENTATION_CONTEXT(2) 
PARAMETRIC_REPRESENTATION_CONTEXT() REPRESENTATION_CONTEXT('2D SPACE',''
  ) );
#2271 = PCURVE('',#2272,#2277);
#2272 = PLANE('',#2273);
#2273 = AXIS2_PLACEMENT_3D('',#2274,#2275,#2276);
#2274 = CARTESIAN_POINT('',(0.99,0.825,4.E-02));
#2275 = DIRECTION('',(0.948683298051,-0.,0.316227766017));
#2276 = DIRECTION('',(-0.316227766017,0.,0.948683298051));
#2277 = DEFINITIONAL_REPRESENTATION('',(#2278),#2282);
#2278 = LINE('',#2279,#2280);
#2279 = CARTESIAN_POINT('',(0.,0.));
#2280 = VECTOR('',#2281,1.);
#2281 = DIRECTION('',(0.,-1.));
#2282 = ( GEOMETRIC_REPRESENTATION_CONTEXT(2) 
PARAMETRIC_REPRESENTATION_CONTEXT() REPRESENTATION_CONTEXT('2D SPACE',''
  ) );
#2283 = ORIENTED_EDGE('',*,*,#2284,.F.);
#2284 = EDGE_CURVE('',#2181,#2257,#2285,.T.);
#2285 = SURFACE_CURVE('',#2286,(#2290,#2297),.PCURVE_S1.);
#2286 = LINE('',#2287,#2288);
#2287 = CARTESIAN_POINT('',(1.05,0.825,0.));
#2288 = VECTOR('',#2289,1.);
#2289 = DIRECTION('',(-0.832050294338,0.,0.554700196225));
#2290 = PCURVE('',#2196,#2291);
#2291 = DEFINITIONAL_REPRESENTATION('',(#2292),#2296);
#2292 = LINE('',#2293,#2294);
#2293 = CARTESIAN_POINT('',(0.,0.));
#2294 = VECTOR('',#2295,1.);
#2295 = DIRECTION('',(1.,0.));
#2296 = ( GEOMETRIC_REPRESENTATION_CONTEXT(2) 
PARAMETRIC_REPRESENTATION_CONTEXT() REPRESENTATION_CONTEXT('2D SPACE',''
  ) );
#2297 = PCURVE('',#1761,#2298);
#2298 = DEFINITIONAL_REPRESENTATION('',(#2299),#2303);
#2299 = LINE('',#2300,#2301);
#2300 = CARTESIAN_POINT('',(-0.254097612067,1.384209364257E-02));
#2301 = VECTOR('',#2302,1.);
#2302 = DIRECTION('',(0.554700196225,-0.832050294338));
#2303 = ( GEOMETRIC_REPRESENTATION_CONTEXT(2) 
PARAMETRIC_REPRESENTATION_CONTEXT() REPRESENTATION_CONTEXT('2D SPACE',''
  ) );
#2304 = ADVANCED_FACE('',(#2305),#2272,.F.);
#2305 = FACE_BOUND('',#2306,.F.);
#2306 = EDGE_LOOP('',(#2307,#2308,#2331,#2359));
#2307 = ORIENTED_EDGE('',*,*,#2256,.T.);
#2308 = ORIENTED_EDGE('',*,*,#2309,.T.);
#2309 = EDGE_CURVE('',#2234,#2310,#2312,.T.);
#2310 = VERTEX_POINT('',#2311);
#2311 = CARTESIAN_POINT('',(0.88,1.125,0.37));
#2312 = SURFACE_CURVE('',#2313,(#2317,#2324),.PCURVE_S1.);
#2313 = LINE('',#2314,#2315);
#2314 = CARTESIAN_POINT('',(0.99,1.125,4.E-02));
#2315 = VECTOR('',#2316,1.);
#2316 = DIRECTION('',(-0.316227766017,0.,0.948683298051));
#2317 = PCURVE('',#2272,#2318);
#2318 = DEFINITIONAL_REPRESENTATION('',(#2319),#2323);
#2319 = LINE('',#2320,#2321);
#2320 = CARTESIAN_POINT('',(0.,-0.3));
#2321 = VECTOR('',#2322,1.);
#2322 = DIRECTION('',(1.,0.));
#2323 = ( GEOMETRIC_REPRESENTATION_CONTEXT(2) 
PARAMETRIC_REPRESENTATION_CONTEXT() REPRESENTATION_CONTEXT('2D SPACE',''
  ) );
#2324 = PCURVE('',#1707,#2325);
#2325 = DEFINITIONAL_REPRESENTATION('',(#2326),#2330);
#2326 = LINE('',#2327,#2328);
#2327 = CARTESIAN_POINT('',(-0.214097612067,-4.615790635743E-02));
#2328 = VECTOR('',#2329,1.);
#2329 = DIRECTION('',(0.948683298051,-0.316227766017));
#2330 = ( GEOMETRIC_REPRESENTATION_CONTEXT(2) 
PARAMETRIC_REPRESENTATION_CONTEXT() REPRESENTATION_CONTEXT('2D SPACE',''
  ) );
#2331 = ORIENTED_EDGE('',*,*,#2332,.F.);
#2332 = EDGE_CURVE('',#2333,#2310,#2335,.T.);
#2333 = VERTEX_POINT('',#2334);
#2334 = CARTESIAN_POINT('',(0.88,0.825,0.37));
#2335 = SURFACE_CURVE('',#2336,(#2340,#2347),.PCURVE_S1.);
#2336 = LINE('',#2337,#2338);
#2337 = CARTESIAN_POINT('',(0.88,0.825,0.37));
#2338 = VECTOR('',#2339,1.);
#2339 = DIRECTION('',(0.,1.,0.));
#2340 = PCURVE('',#2272,#2341);
#2341 = DEFINITIONAL_REPRESENTATION('',(#2342),#2346);
#2342 = LINE('',#2343,#2344);
#2343 = CARTESIAN_POINT('',(0.347850542619,0.));
#2344 = VECTOR('',#2345,1.);
#2345 = DIRECTION('',(0.,-1.));
#2346 = ( GEOMETRIC_REPRESENTATION_CONTEXT(2) 
PARAMETRIC_REPRESENTATION_CONTEXT() REPRESENTATION_CONTEXT('2D SPACE',''
  ) );
#2347 = PCURVE('',#2348,#2353);
#2348 = PLANE('',#2349);
#2349 = AXIS2_PLACEMENT_3D('',#2350,#2351,#2352);
#2350 = CARTESIAN_POINT('',(0.88,0.825,0.37));
#2351 = DIRECTION('',(0.6,-0.,0.8));
#2352 = DIRECTION('',(-0.8,0.,0.6));
#2353 = DEFINITIONAL_REPRESENTATION('',(#2354),#2358);
#2354 = LINE('',#2355,#2356);
#2355 = CARTESIAN_POINT('',(0.,0.));
#2356 = VECTOR('',#2357,1.);
#2357 = DIRECTION('',(0.,-1.));
#2358 = ( GEOMETRIC_REPRESENTATION_CONTEXT(2) 
PARAMETRIC_REPRESENTATION_CONTEXT() REPRESENTATION_CONTEXT('2D SPACE',''
  ) );
#2359 = ORIENTED_EDGE('',*,*,#2360,.F.);
#2360 = EDGE_CURVE('',#2257,#2333,#2361,.T.);
#2361 = SURFACE_CURVE('',#2362,(#2366,#2373),.PCURVE_S1.);
#2362 = LINE('',#2363,#2364);
#2363 = CARTESIAN_POINT('',(0.99,0.825,4.E-02));
#2364 = VECTOR('',#2365,1.);
#2365 = DIRECTION('',(-0.316227766017,0.,0.948683298051));
#2366 = PCURVE('',#2272,#2367);
#2367 = DEFINITIONAL_REPRESENTATION('',(#2368),#2372);
#2368 = LINE('',#2369,#2370);
#2369 = CARTESIAN_POINT('',(0.,0.));
#2370 = VECTOR('',#2371,1.);
#2371 = DIRECTION('',(1.,0.));
#2372 = ( GEOMETRIC_REPRESENTATION_CONTEXT(2) 
PARAMETRIC_REPRESENTATION_CONTEXT() REPRESENTATION_CONTEXT('2D SPACE',''
  ) );
#2373 = PCURVE('',#1761,#2374);
#2374 = DEFINITIONAL_REPRESENTATION('',(#2375),#2379);
#2375 = LINE('',#2376,#2377);
#2376 = CARTESIAN_POINT('',(-0.214097612067,-4.615790635743E-02));
#2377 = VECTOR('',#2378,1.);
#2378 = DIRECTION('',(0.948683298051,-0.316227766017));
#2379 = ( GEOMETRIC_REPRESENTATION_CONTEXT(2) 
PARAMETRIC_REPRESENTATION_CONTEXT() REPRESENTATION_CONTEXT('2D SPACE',''
  ) );
#2380 = ADVANCED_FACE('',(#2381),#2348,.F.);
#2381 = FACE_BOUND('',#2382,.F.);
#2382 = EDGE_LOOP('',(#2383,#2384,#2407,#2435));
#2383 = ORIENTED_EDGE('',*,*,#2332,.T.);
#2384 = ORIENTED_EDGE('',*,*,#2385,.T.);
#2385 = EDGE_CURVE('',#2310,#2386,#2388,.T.);
#2386 = VERTEX_POINT('',#2387);
#2387 = CARTESIAN_POINT('',(0.84,1.125,0.4));
#2388 = SURFACE_CURVE('',#2389,(#2393,#2400),.PCURVE_S1.);
#2389 = LINE('',#2390,#2391);
#2390 = CARTESIAN_POINT('',(0.88,1.125,0.37));
#2391 = VECTOR('',#2392,1.);
#2392 = DIRECTION('',(-0.8,0.,0.6));
#2393 = PCURVE('',#2348,#2394);
#2394 = DEFINITIONAL_REPRESENTATION('',(#2395),#2399);
#2395 = LINE('',#2396,#2397);
#2396 = CARTESIAN_POINT('',(0.,-0.3));
#2397 = VECTOR('',#2398,1.);
#2398 = DIRECTION('',(1.,0.));
#2399 = ( GEOMETRIC_REPRESENTATION_CONTEXT(2) 
PARAMETRIC_REPRESENTATION_CONTEXT() REPRESENTATION_CONTEXT('2D SPACE',''
  ) );
#2400 = PCURVE('',#1707,#2401);
#2401 = DEFINITIONAL_REPRESENTATION('',(#2402),#2406);
#2402 = LINE('',#2403,#2404);
#2403 = CARTESIAN_POINT('',(0.115902387933,-0.156157906357));
#2404 = VECTOR('',#2405,1.);
#2405 = DIRECTION('',(0.6,-0.8));
#2406 = ( GEOMETRIC_REPRESENTATION_CONTEXT(2) 
PARAMETRIC_REPRESENTATION_CONTEXT() REPRESENTATION_CONTEXT('2D SPACE',''
  ) );
#2407 = ORIENTED_EDGE('',*,*,#2408,.F.);
#2408 = EDGE_CURVE('',#2409,#2386,#2411,.T.);
#2409 = VERTEX_POINT('',#2410);
#2410 = CARTESIAN_POINT('',(0.84,0.825,0.4));
#2411 = SURFACE_CURVE('',#2412,(#2416,#2423),.PCURVE_S1.);
#2412 = LINE('',#2413,#2414);
#2413 = CARTESIAN_POINT('',(0.84,0.825,0.4));
#2414 = VECTOR('',#2415,1.);
#2415 = DIRECTION('',(0.,1.,0.));
#2416 = PCURVE('',#2348,#2417);
#2417 = DEFINITIONAL_REPRESENTATION('',(#2418),#2422);
#2418 = LINE('',#2419,#2420);
#2419 = CARTESIAN_POINT('',(5.E-02,0.));
#2420 = VECTOR('',#2421,1.);
#2421 = DIRECTION('',(0.,-1.));
#2422 = ( GEOMETRIC_REPRESENTATION_CONTEXT(2) 
PARAMETRIC_REPRESENTATION_CONTEXT() REPRESENTATION_CONTEXT('2D SPACE',''
  ) );
#2423 = PCURVE('',#2424,#2429);
#2424 = PLANE('',#2425);
#2425 = AXIS2_PLACEMENT_3D('',#2426,#2427,#2428);
#2426 = CARTESIAN_POINT('',(0.84,0.825,0.4));
#2427 = DIRECTION('',(0.,-0.,1.));
#2428 = DIRECTION('',(-1.,0.,0.));
#2429 = DEFINITIONAL_REPRESENTATION('',(#2430),#2434);
#2430 = LINE('',#2431,#2432);
#2431 = CARTESIAN_POINT('',(0.,0.));
#2432 = VECTOR('',#2433,1.);
#2433 = DIRECTION('',(0.,-1.));
#2434 = ( GEOMETRIC_REPRESENTATION_CONTEXT(2) 
PARAMETRIC_REPRESENTATION_CONTEXT() REPRESENTATION_CONTEXT('2D SPACE',''
  ) );
#2435 = ORIENTED_EDGE('',*,*,#2436,.F.);
#2436 = EDGE_CURVE('',#2333,#2409,#2437,.T.);
#2437 = SURFACE_CURVE('',#2438,(#2442,#2449),.PCURVE_S1.);
#2438 = LINE('',#2439,#2440);
#2439 = CARTESIAN_POINT('',(0.88,0.825,0.37));
#2440 = VECTOR('',#2441,1.);
#2441 = DIRECTION('',(-0.8,0.,0.6));
#2442 = PCURVE('',#2348,#2443);
#2443 = DEFINITIONAL_REPRESENTATION('',(#2444),#2448);
#2444 = LINE('',#2445,#2446);
#2445 = CARTESIAN_POINT('',(0.,0.));
#2446 = VECTOR('',#2447,1.);
#2447 = DIRECTION('',(1.,0.));
#2448 = ( GEOMETRIC_REPRESENTATION_CONTEXT(2) 
PARAMETRIC_REPRESENTATION_CONTEXT() REPRESENTATION_CONTEXT('2D SPACE',''
  ) );
#2449 = PCURVE('',#1761,#2450);
#2450 = DEFINITIONAL_REPRESENTATION('',(#2451),#2455);
#2451 = LINE('',#2452,#2453);
#2452 = CARTESIAN_POINT('',(0.115902387933,-0.156157906357));
#2453 = VECTOR('',#2454,1.);
#2454 = DIRECTION('',(0.6,-0.8));
#2455 = ( GEOMETRIC_REPRESENTATION_CONTEXT(2) 
PARAMETRIC_REPRESENTATION_CONTEXT() REPRESENTATION_CONTEXT('2D SPACE',''
  ) );
#2456 = ADVANCED_FACE('',(#2457),#2424,.F.);
#2457 = FACE_BOUND('',#2458,.F.);
#2458 = EDGE_LOOP('',(#2459,#2460,#2483,#2506));
#2459 = ORIENTED_EDGE('',*,*,#2408,.T.);
#2460 = ORIENTED_EDGE('',*,*,#2461,.T.);
#2461 = EDGE_CURVE('',#2386,#2462,#2464,.T.);
#2462 = VERTEX_POINT('',#2463);
#2463 = CARTESIAN_POINT('',(0.7,1.125,0.4));
#2464 = SURFACE_CURVE('',#2465,(#2469,#2476),.PCURVE_S1.);
#2465 = LINE('',#2466,#2467);
#2466 = CARTESIAN_POINT('',(0.84,1.125,0.4));
#2467 = VECTOR('',#2468,1.);
#2468 = DIRECTION('',(-1.,0.,0.));
#2469 = PCURVE('',#2424,#2470);
#2470 = DEFINITIONAL_REPRESENTATION('',(#2471),#2475);
#2471 = LINE('',#2472,#2473);
#2472 = CARTESIAN_POINT('',(0.,-0.3));
#2473 = VECTOR('',#2474,1.);
#2474 = DIRECTION('',(1.,0.));
#2475 = ( GEOMETRIC_REPRESENTATION_CONTEXT(2) 
PARAMETRIC_REPRESENTATION_CONTEXT() REPRESENTATION_CONTEXT('2D SPACE',''
  ) );
#2476 = PCURVE('',#1707,#2477);
#2477 = DEFINITIONAL_REPRESENTATION('',(#2478),#2482);
#2478 = LINE('',#2479,#2480);
#2479 = CARTESIAN_POINT('',(0.145902387933,-0.196157906357));
#2480 = VECTOR('',#2481,1.);
#2481 = DIRECTION('',(0.,-1.));
#2482 = ( GEOMETRIC_REPRESENTATION_CONTEXT(2) 
PARAMETRIC_REPRESENTATION_CONTEXT() REPRESENTATION_CONTEXT('2D SPACE',''
  ) );
#2483 = ORIENTED_EDGE('',*,*,#2484,.F.);
#2484 = EDGE_CURVE('',#2485,#2462,#2487,.T.);
#2485 = VERTEX_POINT('',#2486);
#2486 = CARTESIAN_POINT('',(0.7,0.825,0.4));
#2487 = SURFACE_CURVE('',#2488,(#2492,#2499),.PCURVE_S1.);
#2488 = LINE('',#2489,#2490);
#2489 = CARTESIAN_POINT('',(0.7,0.825,0.4));
#2490 = VECTOR('',#2491,1.);
#2491 = DIRECTION('',(0.,1.,0.));
#2492 = PCURVE('',#2424,#2493);
#2493 = DEFINITIONAL_REPRESENTATION('',(#2494),#2498);
#2494 = LINE('',#2495,#2496);
#2495 = CARTESIAN_POINT('',(0.14,0.));
#2496 = VECTOR('',#2497,1.);
#2497 = DIRECTION('',(0.,-1.));
#2498 = ( GEOMETRIC_REPRESENTATION_CONTEXT(2) 
PARAMETRIC_REPRESENTATION_CONTEXT() REPRESENTATION_CONTEXT('2D SPACE',''
  ) );
#2499 = PCURVE('',#1679,#2500);
#2500 = DEFINITIONAL_REPRESENTATION('',(#2501),#2505);
#2501 = LINE('',#2502,#2503);
#2502 = CARTESIAN_POINT('',(0.,0.));
#2503 = VECTOR('',#2504,1.);
#2504 = DIRECTION('',(0.,-1.));
#2505 = ( GEOMETRIC_REPRESENTATION_CONTEXT(2) 
PARAMETRIC_REPRESENTATION_CONTEXT() REPRESENTATION_CONTEXT('2D SPACE',''
  ) );
#2506 = ORIENTED_EDGE('',*,*,#2507,.F.);
#2507 = EDGE_CURVE('',#2409,#2485,#2508,.T.);
#2508 = SURFACE_CURVE('',#2509,(#2513,#2520),.PCURVE_S1.);
#2509 = LINE('',#2510,#2511);
#2510 = CARTESIAN_POINT('',(0.84,0.825,0.4));
#2511 = VECTOR('',#2512,1.);
#2512 = DIRECTION('',(-1.,0.,0.));
#2513 = PCURVE('',#2424,#2514);
#2514 = DEFINITIONAL_REPRESENTATION('',(#2515),#2519);
#2515 = LINE('',#2516,#2517);
#2516 = CARTESIAN_POINT('',(0.,0.));
#2517 = VECTOR('',#2518,1.);
#2518 = DIRECTION('',(1.,0.));
#2519 = ( GEOMETRIC_REPRESENTATION_CONTEXT(2) 
PARAMETRIC_REPRESENTATION_CONTEXT() REPRESENTATION_CONTEXT('2D SPACE',''
  ) );
#2520 = PCURVE('',#1761,#2521);
#2521 = DEFINITIONAL_REPRESENTATION('',(#2522),#2526);
#2522 = LINE('',#2523,#2524);
#2523 = CARTESIAN_POINT('',(0.145902387933,-0.196157906357));
#2524 = VECTOR('',#2525,1.);
#2525 = DIRECTION('',(0.,-1.));
#2526 = ( GEOMETRIC_REPRESENTATION_CONTEXT(2) 
PARAMETRIC_REPRESENTATION_CONTEXT() REPRESENTATION_CONTEXT('2D SPACE',''
  ) );
#2527 = ADVANCED_FACE('',(#2528),#1679,.F.);
#2528 = FACE_BOUND('',#2529,.F.);
#2529 = EDGE_LOOP('',(#2530,#2531,#2552,#2553));
#2530 = ORIENTED_EDGE('',*,*,#2484,.T.);
#2531 = ORIENTED_EDGE('',*,*,#2532,.T.);
#2532 = EDGE_CURVE('',#2462,#1659,#2533,.T.);
#2533 = SURFACE_CURVE('',#2534,(#2538,#2545),.PCURVE_S1.);
#2534 = LINE('',#2535,#2536);
#2535 = CARTESIAN_POINT('',(0.7,1.125,0.4));
#2536 = VECTOR('',#2537,1.);
#2537 = DIRECTION('',(0.,0.,1.));
#2538 = PCURVE('',#1679,#2539);
#2539 = DEFINITIONAL_REPRESENTATION('',(#2540),#2544);
#2540 = LINE('',#2541,#2542);
#2541 = CARTESIAN_POINT('',(0.,-0.3));
#2542 = VECTOR('',#2543,1.);
#2543 = DIRECTION('',(1.,0.));
#2544 = ( GEOMETRIC_REPRESENTATION_CONTEXT(2) 
PARAMETRIC_REPRESENTATION_CONTEXT() REPRESENTATION_CONTEXT('2D SPACE',''
  ) );
#2545 = PCURVE('',#1707,#2546);
#2546 = DEFINITIONAL_REPRESENTATION('',(#2547),#2551);
#2547 = LINE('',#2548,#2549);
#2548 = CARTESIAN_POINT('',(0.145902387933,-0.336157906357));
#2549 = VECTOR('',#2550,1.);
#2550 = DIRECTION('',(1.,0.));
#2551 = ( GEOMETRIC_REPRESENTATION_CONTEXT(2) 
PARAMETRIC_REPRESENTATION_CONTEXT() REPRESENTATION_CONTEXT('2D SPACE',''
  ) );
#2552 = ORIENTED_EDGE('',*,*,#1656,.F.);
#2553 = ORIENTED_EDGE('',*,*,#2554,.F.);
#2554 = EDGE_CURVE('',#2485,#1657,#2555,.T.);
#2555 = SURFACE_CURVE('',#2556,(#2560,#2567),.PCURVE_S1.);
#2556 = LINE('',#2557,#2558);
#2557 = CARTESIAN_POINT('',(0.7,0.825,0.4));
#2558 = VECTOR('',#2559,1.);
#2559 = DIRECTION('',(0.,0.,1.));
#2560 = PCURVE('',#1679,#2561);
#2561 = DEFINITIONAL_REPRESENTATION('',(#2562),#2566);
#2562 = LINE('',#2563,#2564);
#2563 = CARTESIAN_POINT('',(0.,0.));
#2564 = VECTOR('',#2565,1.);
#2565 = DIRECTION('',(1.,0.));
#2566 = ( GEOMETRIC_REPRESENTATION_CONTEXT(2) 
PARAMETRIC_REPRESENTATION_CONTEXT() REPRESENTATION_CONTEXT('2D SPACE',''
  ) );
#2567 = PCURVE('',#1761,#2568);
#2568 = DEFINITIONAL_REPRESENTATION('',(#2569),#2573);
#2569 = LINE('',#2570,#2571);
#2570 = CARTESIAN_POINT('',(0.145902387933,-0.336157906357));
#2571 = VECTOR('',#2572,1.);
#2572 = DIRECTION('',(1.,0.));
#2573 = ( GEOMETRIC_REPRESENTATION_CONTEXT(2) 
PARAMETRIC_REPRESENTATION_CONTEXT() REPRESENTATION_CONTEXT('2D SPACE',''
  ) );
#2574 = ADVANCED_FACE('',(#2575),#1761,.F.);
#2575 = FACE_BOUND('',#2576,.F.);
#2576 = EDGE_LOOP('',(#2577,#2578,#2579,#2580,#2581,#2582,#2583,#2584,
    #2585,#2586,#2587,#2588));
#2577 = ORIENTED_EDGE('',*,*,#1747,.T.);
#2578 = ORIENTED_EDGE('',*,*,#1828,.T.);
#2579 = ORIENTED_EDGE('',*,*,#1904,.T.);
#2580 = ORIENTED_EDGE('',*,*,#1980,.T.);
#2581 = ORIENTED_EDGE('',*,*,#2056,.T.);
#2582 = ORIENTED_EDGE('',*,*,#2132,.T.);
#2583 = ORIENTED_EDGE('',*,*,#2208,.T.);
#2584 = ORIENTED_EDGE('',*,*,#2284,.T.);
#2585 = ORIENTED_EDGE('',*,*,#2360,.T.);
#2586 = ORIENTED_EDGE('',*,*,#2436,.T.);
#2587 = ORIENTED_EDGE('',*,*,#2507,.T.);
#2588 = ORIENTED_EDGE('',*,*,#2554,.T.);
#2589 = ADVANCED_FACE('',(#2590),#1707,.T.);
#2590 = FACE_BOUND('',#2591,.T.);
#2591 = EDGE_LOOP('',(#2592,#2593,#2594,#2595,#2596,#2597,#2598,#2599,
    #2600,#2601,#2602,#2603));
#2592 = ORIENTED_EDGE('',*,*,#1691,.T.);
#2593 = ORIENTED_EDGE('',*,*,#1777,.T.);
#2594 = ORIENTED_EDGE('',*,*,#1853,.T.);
#2595 = ORIENTED_EDGE('',*,*,#1929,.T.);
#2596 = ORIENTED_EDGE('',*,*,#2005,.T.);
#2597 = ORIENTED_EDGE('',*,*,#2081,.T.);
#2598 = ORIENTED_EDGE('',*,*,#2157,.T.);
#2599 = ORIENTED_EDGE('',*,*,#2233,.T.);
#2600 = ORIENTED_EDGE('',*,*,#2309,.T.);
#2601 = ORIENTED_EDGE('',*,*,#2385,.T.);
#2602 = ORIENTED_EDGE('',*,*,#2461,.T.);
#2603 = ORIENTED_EDGE('',*,*,#2532,.T.);
#2604 = MANIFOLD_SOLID_BREP('',#2605);
#2605 = CLOSED_SHELL('',(#2606,#2726,#2802,#2878,#2954,#3030,#3106,#3182
    ,#3258,#3334,#3410,#3481,#3528,#3543));
#2606 = ADVANCED_FACE('',(#2607),#2621,.T.);
#2607 = FACE_BOUND('',#2608,.T.);
#2608 = EDGE_LOOP('',(#2609,#2644,#2672,#2700));
#2609 = ORIENTED_EDGE('',*,*,#2610,.T.);
#2610 = EDGE_CURVE('',#2611,#2613,#2615,.T.);
#2611 = VERTEX_POINT('',#2612);
#2612 = CARTESIAN_POINT('',(-0.7,0.175,0.55));
#2613 = VERTEX_POINT('',#2614);
#2614 = CARTESIAN_POINT('',(-0.7,0.475,0.55));
#2615 = SURFACE_CURVE('',#2616,(#2620,#2632),.PCURVE_S1.);
#2616 = LINE('',#2617,#2618);
#2617 = CARTESIAN_POINT('',(-0.7,0.175,0.55));
#2618 = VECTOR('',#2619,1.);
#2619 = DIRECTION('',(0.,1.,0.));
#2620 = PCURVE('',#2621,#2626);
#2621 = PLANE('',#2622);
#2622 = AXIS2_PLACEMENT_3D('',#2623,#2624,#2625);
#2623 = CARTESIAN_POINT('',(-0.7,0.175,0.55));
#2624 = DIRECTION('',(0.,-0.,1.));
#2625 = DIRECTION('',(-1.,0.,0.));
#2626 = DEFINITIONAL_REPRESENTATION('',(#2627),#2631);
#2627 = LINE('',#2628,#2629);
#2628 = CARTESIAN_POINT('',(0.,0.));
#2629 = VECTOR('',#2630,1.);
#2630 = DIRECTION('',(0.,-1.));
#2631 = ( GEOMETRIC_REPRESENTATION_CONTEXT(2) 
PARAMETRIC_REPRESENTATION_CONTEXT() REPRESENTATION_CONTEXT('2D SPACE',''
  ) );
#2632 = PCURVE('',#2633,#2638);
#2633 = PLANE('',#2634);
#2634 = AXIS2_PLACEMENT_3D('',#2635,#2636,#2637);
#2635 = CARTESIAN_POINT('',(-0.7,0.175,0.4));
#2636 = DIRECTION('',(1.,0.,0.));
#2637 = DIRECTION('',(0.,0.,1.));
#2638 = DEFINITIONAL_REPRESENTATION('',(#2639),#2643);
#2639 = LINE('',#2640,#2641);
#2640 = CARTESIAN_POINT('',(0.15,0.));
#2641 = VECTOR('',#2642,1.);
#2642 = DIRECTION('',(0.,-1.));
#2643 = ( GEOMETRIC_REPRESENTATION_CONTEXT(2) 
PARAMETRIC_REPRESENTATION_CONTEXT() REPRESENTATION_CONTEXT('2D SPACE',''
  ) );
#2644 = ORIENTED_EDGE('',*,*,#2645,.T.);
#2645 = EDGE_CURVE('',#2613,#2646,#2648,.T.);
#2646 = VERTEX_POINT('',#2647);
#2647 = CARTESIAN_POINT('',(-0.93,0.475,0.55));
#2648 = SURFACE_CURVE('',#2649,(#2653,#2660),.PCURVE_S1.);
#2649 = LINE('',#2650,#2651);
#2650 = CARTESIAN_POINT('',(-0.7,0.475,0.55));
#2651 = VECTOR('',#2652,1.);
#2652 = DIRECTION('',(-1.,0.,0.));
#2653 = PCURVE('',#2621,#2654);
#2654 = DEFINITIONAL_REPRESENTATION('',(#2655),#2659);
#2655 = LINE('',#2656,#2657);
#2656 = CARTESIAN_POINT('',(0.,-0.3));
#2657 = VECTOR('',#2658,1.);
#2658 = DIRECTION('',(1.,0.));
#2659 = ( GEOMETRIC_REPRESENTATION_CONTEXT(2) 
PARAMETRIC_REPRESENTATION_CONTEXT() REPRESENTATION_CONTEXT('2D SPACE',''
  ) );
#2660 = PCURVE('',#2661,#2666);
#2661 = PLANE('',#2662);
#2662 = AXIS2_PLACEMENT_3D('',#2663,#2664,#2665);
#2663 = CARTESIAN_POINT('',(-1.036157906357,0.475,0.254097612067));
#2664 = DIRECTION('',(-0.,-1.,-0.));
#2665 = DIRECTION('',(0.,0.,-1.));
#2666 = DEFINITIONAL_REPRESENTATION('',(#2667),#2671);
#2667 = LINE('',#2668,#2669);
#2668 = CARTESIAN_POINT('',(-0.295902387933,0.336157906357));
#2669 = VECTOR('',#2670,1.);
#2670 = DIRECTION('',(0.,-1.));
#2671 = ( GEOMETRIC_REPRESENTATION_CONTEXT(2) 
PARAMETRIC_REPRESENTATION_CONTEXT() REPRESENTATION_CONTEXT('2D SPACE',''
  ) );
#2672 = ORIENTED_EDGE('',*,*,#2673,.F.);
#2673 = EDGE_CURVE('',#2674,#2646,#2676,.T.);
#2674 = VERTEX_POINT('',#2675);
#2675 = CARTESIAN_POINT('',(-0.93,0.175,0.55));
#2676 = SURFACE_CURVE('',#2677,(#2681,#2688),.PCURVE_S1.);
#2677 = LINE('',#2678,#2679);
#2678 = CARTESIAN_POINT('',(-0.93,0.175,0.55));
#2679 = VECTOR('',#2680,1.);
#2680 = DIRECTION('',(0.,1.,0.));
#2681 = PCURVE('',#2621,#2682);
#2682 = DEFINITIONAL_REPRESENTATION('',(#2683),#2687);
#2683 = LINE('',#2684,#2685);
#2684 = CARTESIAN_POINT('',(0.23,0.));
#2685 = VECTOR('',#2686,1.);
#2686 = DIRECTION('',(0.,-1.));
#2687 = ( GEOMETRIC_REPRESENTATION_CONTEXT(2) 
PARAMETRIC_REPRESENTATION_CONTEXT() REPRESENTATION_CONTEXT('2D SPACE',''
  ) );
#2688 = PCURVE('',#2689,#2694);
#2689 = PLANE('',#2690);
#2690 = AXIS2_PLACEMENT_3D('',#2691,#2692,#2693);
#2691 = CARTESIAN_POINT('',(-0.93,0.175,0.55));
#2692 = DIRECTION('',(-0.4472135955,0.,0.894427191));
#2693 = DIRECTION('',(-0.894427191,0.,-0.4472135955));
#2694 = DEFINITIONAL_REPRESENTATION('',(#2695),#2699);
#2695 = LINE('',#2696,#2697);
#2696 = CARTESIAN_POINT('',(0.,0.));
#2697 = VECTOR('',#2698,1.);
#2698 = DIRECTION('',(0.,-1.));
#2699 = ( GEOMETRIC_REPRESENTATION_CONTEXT(2) 
PARAMETRIC_REPRESENTATION_CONTEXT() REPRESENTATION_CONTEXT('2D SPACE',''
  ) );
#2700 = ORIENTED_EDGE('',*,*,#2701,.F.);
#2701 = EDGE_CURVE('',#2611,#2674,#2702,.T.);
#2702 = SURFACE_CURVE('',#2703,(#2707,#2714),.PCURVE_S1.);
#2703 = LINE('',#2704,#2705);
#2704 = CARTESIAN_POINT('',(-0.7,0.175,0.55));
#2705 = VECTOR('',#2706,1.);
#2706 = DIRECTION('',(-1.,0.,0.));
#2707 = PCURVE('',#2621,#2708);
#2708 = DEFINITIONAL_REPRESENTATION('',(#2709),#2713);
#2709 = LINE('',#2710,#2711);
#2710 = CARTESIAN_POINT('',(0.,0.));
#2711 = VECTOR('',#2712,1.);
#2712 = DIRECTION('',(1.,0.));
#2713 = ( GEOMETRIC_REPRESENTATION_CONTEXT(2) 
PARAMETRIC_REPRESENTATION_CONTEXT() REPRESENTATION_CONTEXT('2D SPACE',''
  ) );
#2714 = PCURVE('',#2715,#2720);
#2715 = PLANE('',#2716);
#2716 = AXIS2_PLACEMENT_3D('',#2717,#2718,#2719);
#2717 = CARTESIAN_POINT('',(-1.036157906357,0.175,0.254097612067));
#2718 = DIRECTION('',(-0.,-1.,-0.));
#2719 = DIRECTION('',(0.,0.,-1.));
#2720 = DEFINITIONAL_REPRESENTATION('',(#2721),#2725);
#2721 = LINE('',#2722,#2723);
#2722 = CARTESIAN_POINT('',(-0.295902387933,0.336157906357));
#2723 = VECTOR('',#2724,1.);
#2724 = DIRECTION('',(0.,-1.));
#2725 = ( GEOMETRIC_REPRESENTATION_CONTEXT(2) 
PARAMETRIC_REPRESENTATION_CONTEXT() REPRESENTATION_CONTEXT('2D SPACE',''
  ) );
#2726 = ADVANCED_FACE('',(#2727),#2689,.T.);
#2727 = FACE_BOUND('',#2728,.T.);
#2728 = EDGE_LOOP('',(#2729,#2730,#2753,#2781));
#2729 = ORIENTED_EDGE('',*,*,#2673,.T.);
#2730 = ORIENTED_EDGE('',*,*,#2731,.T.);
#2731 = EDGE_CURVE('',#2646,#2732,#2734,.T.);
#2732 = VERTEX_POINT('',#2733);
#2733 = CARTESIAN_POINT('',(-0.99,0.475,0.52));
#2734 = SURFACE_CURVE('',#2735,(#2739,#2746),.PCURVE_S1.);
#2735 = LINE('',#2736,#2737);
#2736 = CARTESIAN_POINT('',(-0.93,0.475,0.55));
#2737 = VECTOR('',#2738,1.);
#2738 = DIRECTION('',(-0.894427191,0.,-0.4472135955));
#2739 = PCURVE('',#2689,#2740);
#2740 = DEFINITIONAL_REPRESENTATION('',(#2741),#2745);
#2741 = LINE('',#2742,#2743);
#2742 = CARTESIAN_POINT('',(0.,-0.3));
#2743 = VECTOR('',#2744,1.);
#2744 = DIRECTION('',(1.,0.));
#2745 = ( GEOMETRIC_REPRESENTATION_CONTEXT(2) 
PARAMETRIC_REPRESENTATION_CONTEXT() REPRESENTATION_CONTEXT('2D SPACE',''
  ) );
#2746 = PCURVE('',#2661,#2747);
#2747 = DEFINITIONAL_REPRESENTATION('',(#2748),#2752);
#2748 = LINE('',#2749,#2750);
#2749 = CARTESIAN_POINT('',(-0.295902387933,0.106157906357));
#2750 = VECTOR('',#2751,1.);
#2751 = DIRECTION('',(0.4472135955,-0.894427191));
#2752 = ( GEOMETRIC_REPRESENTATION_CONTEXT(2) 
PARAMETRIC_REPRESENTATION_CONTEXT() REPRESENTATION_CONTEXT('2D SPACE',''
  ) );
#2753 = ORIENTED_EDGE('',*,*,#2754,.F.);
#2754 = EDGE_CURVE('',#2755,#2732,#2757,.T.);
#2755 = VERTEX_POINT('',#2756);
#2756 = CARTESIAN_POINT('',(-0.99,0.175,0.52));
#2757 = SURFACE_CURVE('',#2758,(#2762,#2769),.PCURVE_S1.);
#2758 = LINE('',#2759,#2760);
#2759 = CARTESIAN_POINT('',(-0.99,0.175,0.52));
#2760 = VECTOR('',#2761,1.);
#2761 = DIRECTION('',(0.,1.,0.));
#2762 = PCURVE('',#2689,#2763);
#2763 = DEFINITIONAL_REPRESENTATION('',(#2764),#2768);
#2764 = LINE('',#2765,#2766);
#2765 = CARTESIAN_POINT('',(6.708203932499E-02,0.));
#2766 = VECTOR('',#2767,1.);
#2767 = DIRECTION('',(0.,-1.));
#2768 = ( GEOMETRIC_REPRESENTATION_CONTEXT(2) 
PARAMETRIC_REPRESENTATION_CONTEXT() REPRESENTATION_CONTEXT('2D SPACE',''
  ) );
#2769 = PCURVE('',#2770,#2775);
#2770 = PLANE('',#2771);
#2771 = AXIS2_PLACEMENT_3D('',#2772,#2773,#2774);
#2772 = CARTESIAN_POINT('',(-0.99,0.175,0.52));
#2773 = DIRECTION('',(-0.951444518554,0.,0.307820285415));
#2774 = DIRECTION('',(-0.307820285415,0.,-0.951444518554));
#2775 = DEFINITIONAL_REPRESENTATION('',(#2776),#2780);
#2776 = LINE('',#2777,#2778);
#2777 = CARTESIAN_POINT('',(0.,0.));
#2778 = VECTOR('',#2779,1.);
#2779 = DIRECTION('',(0.,-1.));
#2780 = ( GEOMETRIC_REPRESENTATION_CONTEXT(2) 
PARAMETRIC_REPRESENTATION_CONTEXT() REPRESENTATION_CONTEXT('2D SPACE',''
  ) );
#2781 = ORIENTED_EDGE('',*,*,#2782,.F.);
#2782 = EDGE_CURVE('',#2674,#2755,#2783,.T.);
#2783 = SURFACE_CURVE('',#2784,(#2788,#2795),.PCURVE_S1.);
#2784 = LINE('',#2785,#2786);
#2785 = CARTESIAN_POINT('',(-0.93,0.175,0.55));
#2786 = VECTOR('',#2787,1.);
#2787 = DIRECTION('',(-0.894427191,0.,-0.4472135955));
#2788 = PCURVE('',#2689,#2789);
#2789 = DEFINITIONAL_REPRESENTATION('',(#2790),#2794);
#2790 = LINE('',#2791,#2792);
#2791 = CARTESIAN_POINT('',(0.,0.));
#2792 = VECTOR('',#2793,1.);
#2793 = DIRECTION('',(1.,0.));
#2794 = ( GEOMETRIC_REPRESENTATION_CONTEXT(2) 
PARAMETRIC_REPRESENTATION_CONTEXT() REPRESENTATION_CONTEXT('2D SPACE',''
  ) );
#2795 = PCURVE('',#2715,#2796);
#2796 = DEFINITIONAL_REPRESENTATION('',(#2797),#2801);
#2797 = LINE('',#2798,#2799);
#2798 = CARTESIAN_POINT('',(-0.295902387933,0.106157906357));
#2799 = VECTOR('',#2800,1.);
#2800 = DIRECTION('',(0.4472135955,-0.894427191));
#2801 = ( GEOMETRIC_REPRESENTATION_CONTEXT(2) 
PARAMETRIC_REPRESENTATION_CONTEXT() REPRESENTATION_CONTEXT('2D SPACE',''
  ) );
#2802 = ADVANCED_FACE('',(#2803),#2770,.T.);
#2803 = FACE_BOUND('',#2804,.T.);
#2804 = EDGE_LOOP('',(#2805,#2806,#2829,#2857));
#2805 = ORIENTED_EDGE('',*,*,#2754,.T.);
#2806 = ORIENTED_EDGE('',*,*,#2807,.T.);
#2807 = EDGE_CURVE('',#2732,#2808,#2810,.T.);
#2808 = VERTEX_POINT('',#2809);
#2809 = CARTESIAN_POINT('',(-1.1,0.475,0.18));
#2810 = SURFACE_CURVE('',#2811,(#2815,#2822),.PCURVE_S1.);
#2811 = LINE('',#2812,#2813);
#2812 = CARTESIAN_POINT('',(-0.99,0.475,0.52));
#2813 = VECTOR('',#2814,1.);
#2814 = DIRECTION('',(-0.307820285415,0.,-0.951444518554));
#2815 = PCURVE('',#2770,#2816);
#2816 = DEFINITIONAL_REPRESENTATION('',(#2817),#2821);
#2817 = LINE('',#2818,#2819);
#2818 = CARTESIAN_POINT('',(0.,-0.3));
#2819 = VECTOR('',#2820,1.);
#2820 = DIRECTION('',(1.,0.));
#2821 = ( GEOMETRIC_REPRESENTATION_CONTEXT(2) 
PARAMETRIC_REPRESENTATION_CONTEXT() REPRESENTATION_CONTEXT('2D SPACE',''
  ) );
#2822 = PCURVE('',#2661,#2823);
#2823 = DEFINITIONAL_REPRESENTATION('',(#2824),#2828);
#2824 = LINE('',#2825,#2826);
#2825 = CARTESIAN_POINT('',(-0.265902387933,4.615790635743E-02));
#2826 = VECTOR('',#2827,1.);
#2827 = DIRECTION('',(0.951444518554,-0.307820285415));
#2828 = ( GEOMETRIC_REPRESENTATION_CONTEXT(2) 
PARAMETRIC_REPRESENTATION_CONTEXT() REPRESENTATION_CONTEXT('2D SPACE',''
  ) );
#2829 = ORIENTED_EDGE('',*,*,#2830,.F.);
#2830 = EDGE_CURVE('',#2831,#2808,#2833,.T.);
#2831 = VERTEX_POINT('',#2832);
#2832 = CARTESIAN_POINT('',(-1.1,0.175,0.18));
#2833 = SURFACE_CURVE('',#2834,(#2838,#2845),.PCURVE_S1.);
#2834 = LINE('',#2835,#2836);
#2835 = CARTESIAN_POINT('',(-1.1,0.175,0.18));
#2836 = VECTOR('',#2837,1.);
#2837 = DIRECTION('',(0.,1.,0.));
#2838 = PCURVE('',#2770,#2839);
#2839 = DEFINITIONAL_REPRESENTATION('',(#2840),#2844);
#2840 = LINE('',#2841,#2842);
#2841 = CARTESIAN_POINT('',(0.357351367704,0.));
#2842 = VECTOR('',#2843,1.);
#2843 = DIRECTION('',(0.,-1.));
#2844 = ( GEOMETRIC_REPRESENTATION_CONTEXT(2) 
PARAMETRIC_REPRESENTATION_CONTEXT() REPRESENTATION_CONTEXT('2D SPACE',''
  ) );
#2845 = PCURVE('',#2846,#2851);
#2846 = PLANE('',#2847);
#2847 = AXIS2_PLACEMENT_3D('',#2848,#2849,#2850);
#2848 = CARTESIAN_POINT('',(-1.1,0.175,0.18));
#2849 = DIRECTION('',(-0.6,0.,0.8));
#2850 = DIRECTION('',(-0.8,0.,-0.6));
#2851 = DEFINITIONAL_REPRESENTATION('',(#2852),#2856);
#2852 = LINE('',#2853,#2854);
#2853 = CARTESIAN_POINT('',(0.,0.));
#2854 = VECTOR('',#2855,1.);
#2855 = DIRECTION('',(0.,-1.));
#2856 = ( GEOMETRIC_REPRESENTATION_CONTEXT(2) 
PARAMETRIC_REPRESENTATION_CONTEXT() REPRESENTATION_CONTEXT('2D SPACE',''
  ) );
#2857 = ORIENTED_EDGE('',*,*,#2858,.F.);
#2858 = EDGE_CURVE('',#2755,#2831,#2859,.T.);
#2859 = SURFACE_CURVE('',#2860,(#2864,#2871),.PCURVE_S1.);
#2860 = LINE('',#2861,#2862);
#2861 = CARTESIAN_POINT('',(-0.99,0.175,0.52));
#2862 = VECTOR('',#2863,1.);
#2863 = DIRECTION('',(-0.307820285415,0.,-0.951444518554));
#2864 = PCURVE('',#2770,#2865);
#2865 = DEFINITIONAL_REPRESENTATION('',(#2866),#2870);
#2866 = LINE('',#2867,#2868);
#2867 = CARTESIAN_POINT('',(0.,0.));
#2868 = VECTOR('',#2869,1.);
#2869 = DIRECTION('',(1.,0.));
#2870 = ( GEOMETRIC_REPRESENTATION_CONTEXT(2) 
PARAMETRIC_REPRESENTATION_CONTEXT() REPRESENTATION_CONTEXT('2D SPACE',''
  ) );
#2871 = PCURVE('',#2715,#2872);
#2872 = DEFINITIONAL_REPRESENTATION('',(#2873),#2877);
#2873 = LINE('',#2874,#2875);
#2874 = CARTESIAN_POINT('',(-0.265902387933,4.615790635743E-02));
#2875 = VECTOR('',#2876,1.);
#2876 = DIRECTION('',(0.951444518554,-0.307820285415));
#2877 = ( GEOMETRIC_REPRESENTATION_CONTEXT(2) 
PARAMETRIC_REPRESENTATION_CONTEXT() REPRESENTATION_CONTEXT('2D SPACE',''
  ) );
#2878 = ADVANCED_FACE('',(#2879),#2846,.T.);
#2879 = FACE_BOUND('',#2880,.T.);
#2880 = EDGE_LOOP('',(#2881,#2882,#2905,#2933));
#2881 = ORIENTED_EDGE('',*,*,#2830,.T.);
#2882 = ORIENTED_EDGE('',*,*,#2883,.T.);
#2883 = EDGE_CURVE('',#2808,#2884,#2886,.T.);
#2884 = VERTEX_POINT('',#2885);
#2885 = CARTESIAN_POINT('',(-1.14,0.475,0.15));
#2886 = SURFACE_CURVE('',#2887,(#2891,#2898),.PCURVE_S1.);
#2887 = LINE('',#2888,#2889);
#2888 = CARTESIAN_POINT('',(-1.1,0.475,0.18));
#2889 = VECTOR('',#2890,1.);
#2890 = DIRECTION('',(-0.8,0.,-0.6));
#2891 = PCURVE('',#2846,#2892);
#2892 = DEFINITIONAL_REPRESENTATION('',(#2893),#2897);
#2893 = LINE('',#2894,#2895);
#2894 = CARTESIAN_POINT('',(0.,-0.3));
#2895 = VECTOR('',#2896,1.);
#2896 = DIRECTION('',(1.,0.));
#2897 = ( GEOMETRIC_REPRESENTATION_CONTEXT(2) 
PARAMETRIC_REPRESENTATION_CONTEXT() REPRESENTATION_CONTEXT('2D SPACE',''
  ) );
#2898 = PCURVE('',#2661,#2899);
#2899 = DEFINITIONAL_REPRESENTATION('',(#2900),#2904);
#2900 = LINE('',#2901,#2902);
#2901 = CARTESIAN_POINT('',(7.409761206749E-02,-6.384209364257E-02));
#2902 = VECTOR('',#2903,1.);
#2903 = DIRECTION('',(0.6,-0.8));
#2904 = ( GEOMETRIC_REPRESENTATION_CONTEXT(2) 
PARAMETRIC_REPRESENTATION_CONTEXT() REPRESENTATION_CONTEXT('2D SPACE',''
  ) );
#2905 = ORIENTED_EDGE('',*,*,#2906,.F.);
#2906 = EDGE_CURVE('',#2907,#2884,#2909,.T.);
#2907 = VERTEX_POINT('',#2908);
#2908 = CARTESIAN_POINT('',(-1.14,0.175,0.15));
#2909 = SURFACE_CURVE('',#2910,(#2914,#2921),.PCURVE_S1.);
#2910 = LINE('',#2911,#2912);
#2911 = CARTESIAN_POINT('',(-1.14,0.175,0.15));
#2912 = VECTOR('',#2913,1.);
#2913 = DIRECTION('',(0.,1.,0.));
#2914 = PCURVE('',#2846,#2915);
#2915 = DEFINITIONAL_REPRESENTATION('',(#2916),#2920);
#2916 = LINE('',#2917,#2918);
#2917 = CARTESIAN_POINT('',(5.E-02,0.));
#2918 = VECTOR('',#2919,1.);
#2919 = DIRECTION('',(0.,-1.));
#2920 = ( GEOMETRIC_REPRESENTATION_CONTEXT(2) 
PARAMETRIC_REPRESENTATION_CONTEXT() REPRESENTATION_CONTEXT('2D SPACE',''
  ) );
#2921 = PCURVE('',#2922,#2927);
#2922 = PLANE('',#2923);
#2923 = AXIS2_PLACEMENT_3D('',#2924,#2925,#2926);
#2924 = CARTESIAN_POINT('',(-1.14,0.175,0.15));
#2925 = DIRECTION('',(0.,-0.,1.));
#2926 = DIRECTION('',(-1.,0.,0.));
#2927 = DEFINITIONAL_REPRESENTATION('',(#2928),#2932);
#2928 = LINE('',#2929,#2930);
#2929 = CARTESIAN_POINT('',(0.,0.));
#2930 = VECTOR('',#2931,1.);
#2931 = DIRECTION('',(0.,-1.));
#2932 = ( GEOMETRIC_REPRESENTATION_CONTEXT(2) 
PARAMETRIC_REPRESENTATION_CONTEXT() REPRESENTATION_CONTEXT('2D SPACE',''
  ) );
#2933 = ORIENTED_EDGE('',*,*,#2934,.F.);
#2934 = EDGE_CURVE('',#2831,#2907,#2935,.T.);
#2935 = SURFACE_CURVE('',#2936,(#2940,#2947),.PCURVE_S1.);
#2936 = LINE('',#2937,#2938);
#2937 = CARTESIAN_POINT('',(-1.1,0.175,0.18));
#2938 = VECTOR('',#2939,1.);
#2939 = DIRECTION('',(-0.8,0.,-0.6));
#2940 = PCURVE('',#2846,#2941);
#2941 = DEFINITIONAL_REPRESENTATION('',(#2942),#2946);
#2942 = LINE('',#2943,#2944);
#2943 = CARTESIAN_POINT('',(0.,0.));
#2944 = VECTOR('',#2945,1.);
#2945 = DIRECTION('',(1.,0.));
#2946 = ( GEOMETRIC_REPRESENTATION_CONTEXT(2) 
PARAMETRIC_REPRESENTATION_CONTEXT() REPRESENTATION_CONTEXT('2D SPACE',''
  ) );
#2947 = PCURVE('',#2715,#2948);
#2948 = DEFINITIONAL_REPRESENTATION('',(#2949),#2953);
#2949 = LINE('',#2950,#2951);
#2950 = CARTESIAN_POINT('',(7.409761206749E-02,-6.384209364257E-02));
#2951 = VECTOR('',#2952,1.);
#2952 = DIRECTION('',(0.6,-0.8));
#2953 = ( GEOMETRIC_REPRESENTATION_CONTEXT(2) 
PARAMETRIC_REPRESENTATION_CONTEXT() REPRESENTATION_CONTEXT('2D SPACE',''
  ) );
#2954 = ADVANCED_FACE('',(#2955),#2922,.T.);
#2955 = FACE_BOUND('',#2956,.T.);
#2956 = EDGE_LOOP('',(#2957,#2958,#2981,#3009));
#2957 = ORIENTED_EDGE('',*,*,#2906,.T.);
#2958 = ORIENTED_EDGE('',*,*,#2959,.T.);
#2959 = EDGE_CURVE('',#2884,#2960,#2962,.T.);
#2960 = VERTEX_POINT('',#2961);
#2961 = CARTESIAN_POINT('',(-1.4,0.475,0.15));
#2962 = SURFACE_CURVE('',#2963,(#2967,#2974),.PCURVE_S1.);
#2963 = LINE('',#2964,#2965);
#2964 = CARTESIAN_POINT('',(-1.14,0.475,0.15));
#2965 = VECTOR('',#2966,1.);
#2966 = DIRECTION('',(-1.,0.,0.));
#2967 = PCURVE('',#2922,#2968);
#2968 = DEFINITIONAL_REPRESENTATION('',(#2969),#2973);
#2969 = LINE('',#2970,#2971);
#2970 = CARTESIAN_POINT('',(0.,-0.3));
#2971 = VECTOR('',#2972,1.);
#2972 = DIRECTION('',(1.,0.));
#2973 = ( GEOMETRIC_REPRESENTATION_CONTEXT(2) 
PARAMETRIC_REPRESENTATION_CONTEXT() REPRESENTATION_CONTEXT('2D SPACE',''
  ) );
#2974 = PCURVE('',#2661,#2975);
#2975 = DEFINITIONAL_REPRESENTATION('',(#2976),#2980);
#2976 = LINE('',#2977,#2978);
#2977 = CARTESIAN_POINT('',(0.104097612067,-0.103842093643));
#2978 = VECTOR('',#2979,1.);
#2979 = DIRECTION('',(0.,-1.));
#2980 = ( GEOMETRIC_REPRESENTATION_CONTEXT(2) 
PARAMETRIC_REPRESENTATION_CONTEXT() REPRESENTATION_CONTEXT('2D SPACE',''
  ) );
#2981 = ORIENTED_EDGE('',*,*,#2982,.F.);
#2982 = EDGE_CURVE('',#2983,#2960,#2985,.T.);
#2983 = VERTEX_POINT('',#2984);
#2984 = CARTESIAN_POINT('',(-1.4,0.175,0.15));
#2985 = SURFACE_CURVE('',#2986,(#2990,#2997),.PCURVE_S1.);
#2986 = LINE('',#2987,#2988);
#2987 = CARTESIAN_POINT('',(-1.4,0.175,0.15));
#2988 = VECTOR('',#2989,1.);
#2989 = DIRECTION('',(0.,1.,0.));
#2990 = PCURVE('',#2922,#2991);
#2991 = DEFINITIONAL_REPRESENTATION('',(#2992),#2996);
#2992 = LINE('',#2993,#2994);
#2993 = CARTESIAN_POINT('',(0.26,0.));
#2994 = VECTOR('',#2995,1.);
#2995 = DIRECTION('',(0.,-1.));
#2996 = ( GEOMETRIC_REPRESENTATION_CONTEXT(2) 
PARAMETRIC_REPRESENTATION_CONTEXT() REPRESENTATION_CONTEXT('2D SPACE',''
  ) );
#2997 = PCURVE('',#2998,#3003);
#2998 = PLANE('',#2999);
#2999 = AXIS2_PLACEMENT_3D('',#3000,#3001,#3002);
#3000 = CARTESIAN_POINT('',(-1.4,0.175,0.15));
#3001 = DIRECTION('',(-1.,0.,0.));
#3002 = DIRECTION('',(0.,0.,-1.));
#3003 = DEFINITIONAL_REPRESENTATION('',(#3004),#3008);
#3004 = LINE('',#3005,#3006);
#3005 = CARTESIAN_POINT('',(0.,-0.));
#3006 = VECTOR('',#3007,1.);
#3007 = DIRECTION('',(0.,-1.));
#3008 = ( GEOMETRIC_REPRESENTATION_CONTEXT(2) 
PARAMETRIC_REPRESENTATION_CONTEXT() REPRESENTATION_CONTEXT('2D SPACE',''
  ) );
#3009 = ORIENTED_EDGE('',*,*,#3010,.F.);
#3010 = EDGE_CURVE('',#2907,#2983,#3011,.T.);
#3011 = SURFACE_CURVE('',#3012,(#3016,#3023),.PCURVE_S1.);
#3012 = LINE('',#3013,#3014);
#3013 = CARTESIAN_POINT('',(-1.14,0.175,0.15));
#3014 = VECTOR('',#3015,1.);
#3015 = DIRECTION('',(-1.,0.,0.));
#3016 = PCURVE('',#2922,#3017);
#3017 = DEFINITIONAL_REPRESENTATION('',(#3018),#3022);
#3018 = LINE('',#3019,#3020);
#3019 = CARTESIAN_POINT('',(0.,0.));
#3020 = VECTOR('',#3021,1.);
#3021 = DIRECTION('',(1.,0.));
#3022 = ( GEOMETRIC_REPRESENTATION_CONTEXT(2) 
PARAMETRIC_REPRESENTATION_CONTEXT() REPRESENTATION_CONTEXT('2D SPACE',''
  ) );
#3023 = PCURVE('',#2715,#3024);
#3024 = DEFINITIONAL_REPRESENTATION('',(#3025),#3029);
#3025 = LINE('',#3026,#3027);
#3026 = CARTESIAN_POINT('',(0.104097612067,-0.103842093643));
#3027 = VECTOR('',#3028,1.);
#3028 = DIRECTION('',(0.,-1.));
#3029 = ( GEOMETRIC_REPRESENTATION_CONTEXT(2) 
PARAMETRIC_REPRESENTATION_CONTEXT() REPRESENTATION_CONTEXT('2D SPACE',''
  ) );
#3030 = ADVANCED_FACE('',(#3031),#2998,.T.);
#3031 = FACE_BOUND('',#3032,.T.);
#3032 = EDGE_LOOP('',(#3033,#3034,#3057,#3085));
#3033 = ORIENTED_EDGE('',*,*,#2982,.T.);
#3034 = ORIENTED_EDGE('',*,*,#3035,.T.);
#3035 = EDGE_CURVE('',#2960,#3036,#3038,.T.);
#3036 = VERTEX_POINT('',#3037);
#3037 = CARTESIAN_POINT('',(-1.4,0.475,0.));
#3038 = SURFACE_CURVE('',#3039,(#3043,#3050),.PCURVE_S1.);
#3039 = LINE('',#3040,#3041);
#3040 = CARTESIAN_POINT('',(-1.4,0.475,0.15));
#3041 = VECTOR('',#3042,1.);
#3042 = DIRECTION('',(0.,0.,-1.));
#3043 = PCURVE('',#2998,#3044);
#3044 = DEFINITIONAL_REPRESENTATION('',(#3045),#3049);
#3045 = LINE('',#3046,#3047);
#3046 = CARTESIAN_POINT('',(0.,-0.3));
#3047 = VECTOR('',#3048,1.);
#3048 = DIRECTION('',(1.,0.));
#3049 = ( GEOMETRIC_REPRESENTATION_CONTEXT(2) 
PARAMETRIC_REPRESENTATION_CONTEXT() REPRESENTATION_CONTEXT('2D SPACE',''
  ) );
#3050 = PCURVE('',#2661,#3051);
#3051 = DEFINITIONAL_REPRESENTATION('',(#3052),#3056);
#3052 = LINE('',#3053,#3054);
#3053 = CARTESIAN_POINT('',(0.104097612067,-0.363842093643));
#3054 = VECTOR('',#3055,1.);
#3055 = DIRECTION('',(1.,0.));
#3056 = ( GEOMETRIC_REPRESENTATION_CONTEXT(2) 
PARAMETRIC_REPRESENTATION_CONTEXT() REPRESENTATION_CONTEXT('2D SPACE',''
  ) );
#3057 = ORIENTED_EDGE('',*,*,#3058,.F.);
#3058 = EDGE_CURVE('',#3059,#3036,#3061,.T.);
#3059 = VERTEX_POINT('',#3060);
#3060 = CARTESIAN_POINT('',(-1.4,0.175,0.));
#3061 = SURFACE_CURVE('',#3062,(#3066,#3073),.PCURVE_S1.);
#3062 = LINE('',#3063,#3064);
#3063 = CARTESIAN_POINT('',(-1.4,0.175,0.));
#3064 = VECTOR('',#3065,1.);
#3065 = DIRECTION('',(0.,1.,0.));
#3066 = PCURVE('',#2998,#3067);
#3067 = DEFINITIONAL_REPRESENTATION('',(#3068),#3072);
#3068 = LINE('',#3069,#3070);
#3069 = CARTESIAN_POINT('',(0.15,0.));
#3070 = VECTOR('',#3071,1.);
#3071 = DIRECTION('',(0.,-1.));
#3072 = ( GEOMETRIC_REPRESENTATION_CONTEXT(2) 
PARAMETRIC_REPRESENTATION_CONTEXT() REPRESENTATION_CONTEXT('2D SPACE',''
  ) );
#3073 = PCURVE('',#3074,#3079);
#3074 = PLANE('',#3075);
#3075 = AXIS2_PLACEMENT_3D('',#3076,#3077,#3078);
#3076 = CARTESIAN_POINT('',(-1.4,0.175,0.));
#3077 = DIRECTION('',(0.,0.,-1.));
#3078 = DIRECTION('',(1.,0.,0.));
#3079 = DEFINITIONAL_REPRESENTATION('',(#3080),#3084);
#3080 = LINE('',#3081,#3082);
#3081 = CARTESIAN_POINT('',(0.,0.));
#3082 = VECTOR('',#3083,1.);
#3083 = DIRECTION('',(0.,-1.));
#3084 = ( GEOMETRIC_REPRESENTATION_CONTEXT(2) 
PARAMETRIC_REPRESENTATION_CONTEXT() REPRESENTATION_CONTEXT('2D SPACE',''
  ) );
#3085 = ORIENTED_EDGE('',*,*,#3086,.F.);
#3086 = EDGE_CURVE('',#2983,#3059,#3087,.T.);
#3087 = SURFACE_CURVE('',#3088,(#3092,#3099),.PCURVE_S1.);
#3088 = LINE('',#3089,#3090);
#3089 = CARTESIAN_POINT('',(-1.4,0.175,0.15));
#3090 = VECTOR('',#3091,1.);
#3091 = DIRECTION('',(0.,0.,-1.));
#3092 = PCURVE('',#2998,#3093);
#3093 = DEFINITIONAL_REPRESENTATION('',(#3094),#3098);
#3094 = LINE('',#3095,#3096);
#3095 = CARTESIAN_POINT('',(0.,-0.));
#3096 = VECTOR('',#3097,1.);
#3097 = DIRECTION('',(1.,0.));
#3098 = ( GEOMETRIC_REPRESENTATION_CONTEXT(2) 
PARAMETRIC_REPRESENTATION_CONTEXT() REPRESENTATION_CONTEXT('2D SPACE',''
  ) );
#3099 = PCURVE('',#2715,#3100);
#3100 = DEFINITIONAL_REPRESENTATION('',(#3101),#3105);
#3101 = LINE('',#3102,#3103);
#3102 = CARTESIAN_POINT('',(0.104097612067,-0.363842093643));
#3103 = VECTOR('',#3104,1.);
#3104 = DIRECTION('',(1.,0.));
#3105 = ( GEOMETRIC_REPRESENTATION_CONTEXT(2) 
PARAMETRIC_REPRESENTATION_CONTEXT() REPRESENTATION_CONTEXT('2D SPACE',''
  ) );
#3106 = ADVANCED_FACE('',(#3107),#3074,.T.);
#3107 = FACE_BOUND('',#3108,.T.);
#3108 = EDGE_LOOP('',(#3109,#3110,#3133,#3161));
#3109 = ORIENTED_EDGE('',*,*,#3058,.T.);
#3110 = ORIENTED_EDGE('',*,*,#3111,.T.);
#3111 = EDGE_CURVE('',#3036,#3112,#3114,.T.);
#3112 = VERTEX_POINT('',#3113);
#3113 = CARTESIAN_POINT('',(-1.05,0.475,0.));
#3114 = SURFACE_CURVE('',#3115,(#3119,#3126),.PCURVE_S1.);
#3115 = LINE('',#3116,#3117);
#3116 = CARTESIAN_POINT('',(-1.4,0.475,0.));
#3117 = VECTOR('',#3118,1.);
#3118 = DIRECTION('',(1.,0.,0.));
#3119 = PCURVE('',#3074,#3120);
#3120 = DEFINITIONAL_REPRESENTATION('',(#3121),#3125);
#3121 = LINE('',#3122,#3123);
#3122 = CARTESIAN_POINT('',(0.,-0.3));
#3123 = VECTOR('',#3124,1.);
#3124 = DIRECTION('',(1.,0.));
#3125 = ( GEOMETRIC_REPRESENTATION_CONTEXT(2) 
PARAMETRIC_REPRESENTATION_CONTEXT() REPRESENTATION_CONTEXT('2D SPACE',''
  ) );
#3126 = PCURVE('',#2661,#3127);
#3127 = DEFINITIONAL_REPRESENTATION('',(#3128),#3132);
#3128 = LINE('',#3129,#3130);
#3129 = CARTESIAN_POINT('',(0.254097612067,-0.363842093643));
#3130 = VECTOR('',#3131,1.);
#3131 = DIRECTION('',(0.,1.));
#3132 = ( GEOMETRIC_REPRESENTATION_CONTEXT(2) 
PARAMETRIC_REPRESENTATION_CONTEXT() REPRESENTATION_CONTEXT('2D SPACE',''
  ) );
#3133 = ORIENTED_EDGE('',*,*,#3134,.F.);
#3134 = EDGE_CURVE('',#3135,#3112,#3137,.T.);
#3135 = VERTEX_POINT('',#3136);
#3136 = CARTESIAN_POINT('',(-1.05,0.175,0.));
#3137 = SURFACE_CURVE('',#3138,(#3142,#3149),.PCURVE_S1.);
#3138 = LINE('',#3139,#3140);
#3139 = CARTESIAN_POINT('',(-1.05,0.175,0.));
#3140 = VECTOR('',#3141,1.);
#3141 = DIRECTION('',(0.,1.,0.));
#3142 = PCURVE('',#3074,#3143);
#3143 = DEFINITIONAL_REPRESENTATION('',(#3144),#3148);
#3144 = LINE('',#3145,#3146);
#3145 = CARTESIAN_POINT('',(0.35,0.));
#3146 = VECTOR('',#3147,1.);
#3147 = DIRECTION('',(0.,-1.));
#3148 = ( GEOMETRIC_REPRESENTATION_CONTEXT(2) 
PARAMETRIC_REPRESENTATION_CONTEXT() REPRESENTATION_CONTEXT('2D SPACE',''
  ) );
#3149 = PCURVE('',#3150,#3155);
#3150 = PLANE('',#3151);
#3151 = AXIS2_PLACEMENT_3D('',#3152,#3153,#3154);
#3152 = CARTESIAN_POINT('',(-1.05,0.175,0.));
#3153 = DIRECTION('',(0.554700196225,0.,-0.832050294338));
#3154 = DIRECTION('',(0.832050294338,0.,0.554700196225));
#3155 = DEFINITIONAL_REPRESENTATION('',(#3156),#3160);
#3156 = LINE('',#3157,#3158);
#3157 = CARTESIAN_POINT('',(0.,0.));
#3158 = VECTOR('',#3159,1.);
#3159 = DIRECTION('',(0.,-1.));
#3160 = ( GEOMETRIC_REPRESENTATION_CONTEXT(2) 
PARAMETRIC_REPRESENTATION_CONTEXT() REPRESENTATION_CONTEXT('2D SPACE',''
  ) );
#3161 = ORIENTED_EDGE('',*,*,#3162,.F.);
#3162 = EDGE_CURVE('',#3059,#3135,#3163,.T.);
#3163 = SURFACE_CURVE('',#3164,(#3168,#3175),.PCURVE_S1.);
#3164 = LINE('',#3165,#3166);
#3165 = CARTESIAN_POINT('',(-1.4,0.175,0.));
#3166 = VECTOR('',#3167,1.);
#3167 = DIRECTION('',(1.,0.,0.));
#3168 = PCURVE('',#3074,#3169);
#3169 = DEFINITIONAL_REPRESENTATION('',(#3170),#3174);
#3170 = LINE('',#3171,#3172);
#3171 = CARTESIAN_POINT('',(0.,0.));
#3172 = VECTOR('',#3173,1.);
#3173 = DIRECTION('',(1.,0.));
#3174 = ( GEOMETRIC_REPRESENTATION_CONTEXT(2) 
PARAMETRIC_REPRESENTATION_CONTEXT() REPRESENTATION_CONTEXT('2D SPACE',''
  ) );
#3175 = PCURVE('',#2715,#3176);
#3176 = DEFINITIONAL_REPRESENTATION('',(#3177),#3181);
#3177 = LINE('',#3178,#3179);
#3178 = CARTESIAN_POINT('',(0.254097612067,-0.363842093643));
#3179 = VECTOR('',#3180,1.);
#3180 = DIRECTION('',(0.,1.));
#3181 = ( GEOMETRIC_REPRESENTATION_CONTEXT(2) 
PARAMETRIC_REPRESENTATION_CONTEXT() REPRESENTATION_CONTEXT('2D SPACE',''
  ) );
#3182 = ADVANCED_FACE('',(#3183),#3150,.T.);
#3183 = FACE_BOUND('',#3184,.T.);
#3184 = EDGE_LOOP('',(#3185,#3186,#3209,#3237));
#3185 = ORIENTED_EDGE('',*,*,#3134,.T.);
#3186 = ORIENTED_EDGE('',*,*,#3187,.T.);
#3187 = EDGE_CURVE('',#3112,#3188,#3190,.T.);
#3188 = VERTEX_POINT('',#3189);
#3189 = CARTESIAN_POINT('',(-0.99,0.475,4.E-02));
#3190 = SURFACE_CURVE('',#3191,(#3195,#3202),.PCURVE_S1.);
#3191 = LINE('',#3192,#3193);
#3192 = CARTESIAN_POINT('',(-1.05,0.475,0.));
#3193 = VECTOR('',#3194,1.);
#3194 = DIRECTION('',(0.832050294338,0.,0.554700196225));
#3195 = PCURVE('',#3150,#3196);
#3196 = DEFINITIONAL_REPRESENTATION('',(#3197),#3201);
#3197 = LINE('',#3198,#3199);
#3198 = CARTESIAN_POINT('',(0.,-0.3));
#3199 = VECTOR('',#3200,1.);
#3200 = DIRECTION('',(1.,0.));
#3201 = ( GEOMETRIC_REPRESENTATION_CONTEXT(2) 
PARAMETRIC_REPRESENTATION_CONTEXT() REPRESENTATION_CONTEXT('2D SPACE',''
  ) );
#3202 = PCURVE('',#2661,#3203);
#3203 = DEFINITIONAL_REPRESENTATION('',(#3204),#3208);
#3204 = LINE('',#3205,#3206);
#3205 = CARTESIAN_POINT('',(0.254097612067,-1.384209364257E-02));
#3206 = VECTOR('',#3207,1.);
#3207 = DIRECTION('',(-0.554700196225,0.832050294338));
#3208 = ( GEOMETRIC_REPRESENTATION_CONTEXT(2) 
PARAMETRIC_REPRESENTATION_CONTEXT() REPRESENTATION_CONTEXT('2D SPACE',''
  ) );
#3209 = ORIENTED_EDGE('',*,*,#3210,.F.);
#3210 = EDGE_CURVE('',#3211,#3188,#3213,.T.);
#3211 = VERTEX_POINT('',#3212);
#3212 = CARTESIAN_POINT('',(-0.99,0.175,4.E-02));
#3213 = SURFACE_CURVE('',#3214,(#3218,#3225),.PCURVE_S1.);
#3214 = LINE('',#3215,#3216);
#3215 = CARTESIAN_POINT('',(-0.99,0.175,4.E-02));
#3216 = VECTOR('',#3217,1.);
#3217 = DIRECTION('',(0.,1.,0.));
#3218 = PCURVE('',#3150,#3219);
#3219 = DEFINITIONAL_REPRESENTATION('',(#3220),#3224);
#3220 = LINE('',#3221,#3222);
#3221 = CARTESIAN_POINT('',(7.211102550928E-02,0.));
#3222 = VECTOR('',#3223,1.);
#3223 = DIRECTION('',(0.,-1.));
#3224 = ( GEOMETRIC_REPRESENTATION_CONTEXT(2) 
PARAMETRIC_REPRESENTATION_CONTEXT() REPRESENTATION_CONTEXT('2D SPACE',''
  ) );
#3225 = PCURVE('',#3226,#3231);
#3226 = PLANE('',#3227);
#3227 = AXIS2_PLACEMENT_3D('',#3228,#3229,#3230);
#3228 = CARTESIAN_POINT('',(-0.99,0.175,4.E-02));
#3229 = DIRECTION('',(0.948683298051,0.,-0.316227766017));
#3230 = DIRECTION('',(0.316227766017,0.,0.948683298051));
#3231 = DEFINITIONAL_REPRESENTATION('',(#3232),#3236);
#3232 = LINE('',#3233,#3234);
#3233 = CARTESIAN_POINT('',(0.,0.));
#3234 = VECTOR('',#3235,1.);
#3235 = DIRECTION('',(0.,-1.));
#3236 = ( GEOMETRIC_REPRESENTATION_CONTEXT(2) 
PARAMETRIC_REPRESENTATION_CONTEXT() REPRESENTATION_CONTEXT('2D SPACE',''
  ) );
#3237 = ORIENTED_EDGE('',*,*,#3238,.F.);
#3238 = EDGE_CURVE('',#3135,#3211,#3239,.T.);
#3239 = SURFACE_CURVE('',#3240,(#3244,#3251),.PCURVE_S1.);
#3240 = LINE('',#3241,#3242);
#3241 = CARTESIAN_POINT('',(-1.05,0.175,0.));
#3242 = VECTOR('',#3243,1.);
#3243 = DIRECTION('',(0.832050294338,0.,0.554700196225));
#3244 = PCURVE('',#3150,#3245);
#3245 = DEFINITIONAL_REPRESENTATION('',(#3246),#3250);
#3246 = LINE('',#3247,#3248);
#3247 = CARTESIAN_POINT('',(0.,0.));
#3248 = VECTOR('',#3249,1.);
#3249 = DIRECTION('',(1.,0.));
#3250 = ( GEOMETRIC_REPRESENTATION_CONTEXT(2) 
PARAMETRIC_REPRESENTATION_CONTEXT() REPRESENTATION_CONTEXT('2D SPACE',''
  ) );
#3251 = PCURVE('',#2715,#3252);
#3252 = DEFINITIONAL_REPRESENTATION('',(#3253),#3257);
#3253 = LINE('',#3254,#3255);
#3254 = CARTESIAN_POINT('',(0.254097612067,-1.384209364257E-02));
#3255 = VECTOR('',#3256,1.);
#3256 = DIRECTION('',(-0.554700196225,0.832050294338));
#3257 = ( GEOMETRIC_REPRESENTATION_CONTEXT(2) 
PARAMETRIC_REPRESENTATION_CONTEXT() REPRESENTATION_CONTEXT('2D SPACE',''
  ) );
#3258 = ADVANCED_FACE('',(#3259),#3226,.T.);
#3259 = FACE_BOUND('',#3260,.T.);
#3260 = EDGE_LOOP('',(#3261,#3262,#3285,#3313));
#3261 = ORIENTED_EDGE('',*,*,#3210,.T.);
#3262 = ORIENTED_EDGE('',*,*,#3263,.T.);
#3263 = EDGE_CURVE('',#3188,#3264,#3266,.T.);
#3264 = VERTEX_POINT('',#3265);
#3265 = CARTESIAN_POINT('',(-0.88,0.475,0.37));
#3266 = SURFACE_CURVE('',#3267,(#3271,#3278),.PCURVE_S1.);
#3267 = LINE('',#3268,#3269);
#3268 = CARTESIAN_POINT('',(-0.99,0.475,4.E-02));
#3269 = VECTOR('',#3270,1.);
#3270 = DIRECTION('',(0.316227766017,0.,0.948683298051));
#3271 = PCURVE('',#3226,#3272);
#3272 = DEFINITIONAL_REPRESENTATION('',(#3273),#3277);
#3273 = LINE('',#3274,#3275);
#3274 = CARTESIAN_POINT('',(0.,-0.3));
#3275 = VECTOR('',#3276,1.);
#3276 = DIRECTION('',(1.,0.));
#3277 = ( GEOMETRIC_REPRESENTATION_CONTEXT(2) 
PARAMETRIC_REPRESENTATION_CONTEXT() REPRESENTATION_CONTEXT('2D SPACE',''
  ) );
#3278 = PCURVE('',#2661,#3279);
#3279 = DEFINITIONAL_REPRESENTATION('',(#3280),#3284);
#3280 = LINE('',#3281,#3282);
#3281 = CARTESIAN_POINT('',(0.214097612067,4.615790635743E-02));
#3282 = VECTOR('',#3283,1.);
#3283 = DIRECTION('',(-0.948683298051,0.316227766017));
#3284 = ( GEOMETRIC_REPRESENTATION_CONTEXT(2) 
PARAMETRIC_REPRESENTATION_CONTEXT() REPRESENTATION_CONTEXT('2D SPACE',''
  ) );
#3285 = ORIENTED_EDGE('',*,*,#3286,.F.);
#3286 = EDGE_CURVE('',#3287,#3264,#3289,.T.);
#3287 = VERTEX_POINT('',#3288);
#3288 = CARTESIAN_POINT('',(-0.88,0.175,0.37));
#3289 = SURFACE_CURVE('',#3290,(#3294,#3301),.PCURVE_S1.);
#3290 = LINE('',#3291,#3292);
#3291 = CARTESIAN_POINT('',(-0.88,0.175,0.37));
#3292 = VECTOR('',#3293,1.);
#3293 = DIRECTION('',(0.,1.,0.));
#3294 = PCURVE('',#3226,#3295);
#3295 = DEFINITIONAL_REPRESENTATION('',(#3296),#3300);
#3296 = LINE('',#3297,#3298);
#3297 = CARTESIAN_POINT('',(0.347850542619,0.));
#3298 = VECTOR('',#3299,1.);
#3299 = DIRECTION('',(0.,-1.));
#3300 = ( GEOMETRIC_REPRESENTATION_CONTEXT(2) 
PARAMETRIC_REPRESENTATION_CONTEXT() REPRESENTATION_CONTEXT('2D SPACE',''
  ) );
#3301 = PCURVE('',#3302,#3307);
#3302 = PLANE('',#3303);
#3303 = AXIS2_PLACEMENT_3D('',#3304,#3305,#3306);
#3304 = CARTESIAN_POINT('',(-0.88,0.175,0.37));
#3305 = DIRECTION('',(0.6,0.,-0.8));
#3306 = DIRECTION('',(0.8,0.,0.6));
#3307 = DEFINITIONAL_REPRESENTATION('',(#3308),#3312);
#3308 = LINE('',#3309,#3310);
#3309 = CARTESIAN_POINT('',(0.,0.));
#3310 = VECTOR('',#3311,1.);
#3311 = DIRECTION('',(0.,-1.));
#3312 = ( GEOMETRIC_REPRESENTATION_CONTEXT(2) 
PARAMETRIC_REPRESENTATION_CONTEXT() REPRESENTATION_CONTEXT('2D SPACE',''
  ) );
#3313 = ORIENTED_EDGE('',*,*,#3314,.F.);
#3314 = EDGE_CURVE('',#3211,#3287,#3315,.T.);
#3315 = SURFACE_CURVE('',#3316,(#3320,#3327),.PCURVE_S1.);
#3316 = LINE('',#3317,#3318);
#3317 = CARTESIAN_POINT('',(-0.99,0.175,4.E-02));
#3318 = VECTOR('',#3319,1.);
#3319 = DIRECTION('',(0.316227766017,0.,0.948683298051));
#3320 = PCURVE('',#3226,#3321);
#3321 = DEFINITIONAL_REPRESENTATION('',(#3322),#3326);
#3322 = LINE('',#3323,#3324);
#3323 = CARTESIAN_POINT('',(0.,0.));
#3324 = VECTOR('',#3325,1.);
#3325 = DIRECTION('',(1.,0.));
#3326 = ( GEOMETRIC_REPRESENTATION_CONTEXT(2) 
PARAMETRIC_REPRESENTATION_CONTEXT() REPRESENTATION_CONTEXT('2D SPACE',''
  ) );
#3327 = PCURVE('',#2715,#3328);
#3328 = DEFINITIONAL_REPRESENTATION('',(#3329),#3333);
#3329 = LINE('',#3330,#3331);
#3330 = CARTESIAN_POINT('',(0.214097612067,4.615790635743E-02));
#3331 = VECTOR('',#3332,1.);
#3332 = DIRECTION('',(-0.948683298051,0.316227766017));
#3333 = ( GEOMETRIC_REPRESENTATION_CONTEXT(2) 
PARAMETRIC_REPRESENTATION_CONTEXT() REPRESENTATION_CONTEXT('2D SPACE',''
  ) );
#3334 = ADVANCED_FACE('',(#3335),#3302,.T.);
#3335 = FACE_BOUND('',#3336,.T.);
#3336 = EDGE_LOOP('',(#3337,#3338,#3361,#3389));
#3337 = ORIENTED_EDGE('',*,*,#3286,.T.);
#3338 = ORIENTED_EDGE('',*,*,#3339,.T.);
#3339 = EDGE_CURVE('',#3264,#3340,#3342,.T.);
#3340 = VERTEX_POINT('',#3341);
#3341 = CARTESIAN_POINT('',(-0.84,0.475,0.4));
#3342 = SURFACE_CURVE('',#3343,(#3347,#3354),.PCURVE_S1.);
#3343 = LINE('',#3344,#3345);
#3344 = CARTESIAN_POINT('',(-0.88,0.475,0.37));
#3345 = VECTOR('',#3346,1.);
#3346 = DIRECTION('',(0.8,0.,0.6));
#3347 = PCURVE('',#3302,#3348);
#3348 = DEFINITIONAL_REPRESENTATION('',(#3349),#3353);
#3349 = LINE('',#3350,#3351);
#3350 = CARTESIAN_POINT('',(0.,-0.3));
#3351 = VECTOR('',#3352,1.);
#3352 = DIRECTION('',(1.,0.));
#3353 = ( GEOMETRIC_REPRESENTATION_CONTEXT(2) 
PARAMETRIC_REPRESENTATION_CONTEXT() REPRESENTATION_CONTEXT('2D SPACE',''
  ) );
#3354 = PCURVE('',#2661,#3355);
#3355 = DEFINITIONAL_REPRESENTATION('',(#3356),#3360);
#3356 = LINE('',#3357,#3358);
#3357 = CARTESIAN_POINT('',(-0.115902387933,0.156157906357));
#3358 = VECTOR('',#3359,1.);
#3359 = DIRECTION('',(-0.6,0.8));
#3360 = ( GEOMETRIC_REPRESENTATION_CONTEXT(2) 
PARAMETRIC_REPRESENTATION_CONTEXT() REPRESENTATION_CONTEXT('2D SPACE',''
  ) );
#3361 = ORIENTED_EDGE('',*,*,#3362,.F.);
#3362 = EDGE_CURVE('',#3363,#3340,#3365,.T.);
#3363 = VERTEX_POINT('',#3364);
#3364 = CARTESIAN_POINT('',(-0.84,0.175,0.4));
#3365 = SURFACE_CURVE('',#3366,(#3370,#3377),.PCURVE_S1.);
#3366 = LINE('',#3367,#3368);
#3367 = CARTESIAN_POINT('',(-0.84,0.175,0.4));
#3368 = VECTOR('',#3369,1.);
#3369 = DIRECTION('',(0.,1.,0.));
#3370 = PCURVE('',#3302,#3371);
#3371 = DEFINITIONAL_REPRESENTATION('',(#3372),#3376);
#3372 = LINE('',#3373,#3374);
#3373 = CARTESIAN_POINT('',(5.E-02,0.));
#3374 = VECTOR('',#3375,1.);
#3375 = DIRECTION('',(0.,-1.));
#3376 = ( GEOMETRIC_REPRESENTATION_CONTEXT(2) 
PARAMETRIC_REPRESENTATION_CONTEXT() REPRESENTATION_CONTEXT('2D SPACE',''
  ) );
#3377 = PCURVE('',#3378,#3383);
#3378 = PLANE('',#3379);
#3379 = AXIS2_PLACEMENT_3D('',#3380,#3381,#3382);
#3380 = CARTESIAN_POINT('',(-0.84,0.175,0.4));
#3381 = DIRECTION('',(0.,0.,-1.));
#3382 = DIRECTION('',(1.,0.,0.));
#3383 = DEFINITIONAL_REPRESENTATION('',(#3384),#3388);
#3384 = LINE('',#3385,#3386);
#3385 = CARTESIAN_POINT('',(0.,0.));
#3386 = VECTOR('',#3387,1.);
#3387 = DIRECTION('',(0.,-1.));
#3388 = ( GEOMETRIC_REPRESENTATION_CONTEXT(2) 
PARAMETRIC_REPRESENTATION_CONTEXT() REPRESENTATION_CONTEXT('2D SPACE',''
  ) );
#3389 = ORIENTED_EDGE('',*,*,#3390,.F.);
#3390 = EDGE_CURVE('',#3287,#3363,#3391,.T.);
#3391 = SURFACE_CURVE('',#3392,(#3396,#3403),.PCURVE_S1.);
#3392 = LINE('',#3393,#3394);
#3393 = CARTESIAN_POINT('',(-0.88,0.175,0.37));
#3394 = VECTOR('',#3395,1.);
#3395 = DIRECTION('',(0.8,0.,0.6));
#3396 = PCURVE('',#3302,#3397);
#3397 = DEFINITIONAL_REPRESENTATION('',(#3398),#3402);
#3398 = LINE('',#3399,#3400);
#3399 = CARTESIAN_POINT('',(0.,0.));
#3400 = VECTOR('',#3401,1.);
#3401 = DIRECTION('',(1.,0.));
#3402 = ( GEOMETRIC_REPRESENTATION_CONTEXT(2) 
PARAMETRIC_REPRESENTATION_CONTEXT() REPRESENTATION_CONTEXT('2D SPACE',''
  ) );
#3403 = PCURVE('',#2715,#3404);
#3404 = DEFINITIONAL_REPRESENTATION('',(#3405),#3409);
#3405 = LINE('',#3406,#3407);
#3406 = CARTESIAN_POINT('',(-0.115902387933,0.156157906357));
#3407 = VECTOR('',#3408,1.);
#3408 = DIRECTION('',(-0.6,0.8));
#3409 = ( GEOMETRIC_REPRESENTATION_CONTEXT(2) 
PARAMETRIC_REPRESENTATION_CONTEXT() REPRESENTATION_CONTEXT('2D SPACE',''
  ) );
#3410 = ADVANCED_FACE('',(#3411),#3378,.T.);
#3411 = FACE_BOUND('',#3412,.T.);
#3412 = EDGE_LOOP('',(#3413,#3414,#3437,#3460));
#3413 = ORIENTED_EDGE('',*,*,#3362,.T.);
#3414 = ORIENTED_EDGE('',*,*,#3415,.T.);
#3415 = EDGE_CURVE('',#3340,#3416,#3418,.T.);
#3416 = VERTEX_POINT('',#3417);
#3417 = CARTESIAN_POINT('',(-0.7,0.475,0.4));
#3418 = SURFACE_CURVE('',#3419,(#3423,#3430),.PCURVE_S1.);
#3419 = LINE('',#3420,#3421);
#3420 = CARTESIAN_POINT('',(-0.84,0.475,0.4));
#3421 = VECTOR('',#3422,1.);
#3422 = DIRECTION('',(1.,0.,0.));
#3423 = PCURVE('',#3378,#3424);
#3424 = DEFINITIONAL_REPRESENTATION('',(#3425),#3429);
#3425 = LINE('',#3426,#3427);
#3426 = CARTESIAN_POINT('',(0.,-0.3));
#3427 = VECTOR('',#3428,1.);
#3428 = DIRECTION('',(1.,0.));
#3429 = ( GEOMETRIC_REPRESENTATION_CONTEXT(2) 
PARAMETRIC_REPRESENTATION_CONTEXT() REPRESENTATION_CONTEXT('2D SPACE',''
  ) );
#3430 = PCURVE('',#2661,#3431);
#3431 = DEFINITIONAL_REPRESENTATION('',(#3432),#3436);
#3432 = LINE('',#3433,#3434);
#3433 = CARTESIAN_POINT('',(-0.145902387933,0.196157906357));
#3434 = VECTOR('',#3435,1.);
#3435 = DIRECTION('',(0.,1.));
#3436 = ( GEOMETRIC_REPRESENTATION_CONTEXT(2) 
PARAMETRIC_REPRESENTATION_CONTEXT() REPRESENTATION_CONTEXT('2D SPACE',''
  ) );
#3437 = ORIENTED_EDGE('',*,*,#3438,.F.);
#3438 = EDGE_CURVE('',#3439,#3416,#3441,.T.);
#3439 = VERTEX_POINT('',#3440);
#3440 = CARTESIAN_POINT('',(-0.7,0.175,0.4));
#3441 = SURFACE_CURVE('',#3442,(#3446,#3453),.PCURVE_S1.);
#3442 = LINE('',#3443,#3444);
#3443 = CARTESIAN_POINT('',(-0.7,0.175,0.4));
#3444 = VECTOR('',#3445,1.);
#3445 = DIRECTION('',(0.,1.,0.));
#3446 = PCURVE('',#3378,#3447);
#3447 = DEFINITIONAL_REPRESENTATION('',(#3448),#3452);
#3448 = LINE('',#3449,#3450);
#3449 = CARTESIAN_POINT('',(0.14,0.));
#3450 = VECTOR('',#3451,1.);
#3451 = DIRECTION('',(0.,-1.));
#3452 = ( GEOMETRIC_REPRESENTATION_CONTEXT(2) 
PARAMETRIC_REPRESENTATION_CONTEXT() REPRESENTATION_CONTEXT('2D SPACE',''
  ) );
#3453 = PCURVE('',#2633,#3454);
#3454 = DEFINITIONAL_REPRESENTATION('',(#3455),#3459);
#3455 = LINE('',#3456,#3457);
#3456 = CARTESIAN_POINT('',(0.,0.));
#3457 = VECTOR('',#3458,1.);
#3458 = DIRECTION('',(0.,-1.));
#3459 = ( GEOMETRIC_REPRESENTATION_CONTEXT(2) 
PARAMETRIC_REPRESENTATION_CONTEXT() REPRESENTATION_CONTEXT('2D SPACE',''
  ) );
#3460 = ORIENTED_EDGE('',*,*,#3461,.F.);
#3461 = EDGE_CURVE('',#3363,#3439,#3462,.T.);
#3462 = SURFACE_CURVE('',#3463,(#3467,#3474),.PCURVE_S1.);
#3463 = LINE('',#3464,#3465);
#3464 = CARTESIAN_POINT('',(-0.84,0.175,0.4));
#3465 = VECTOR('',#3466,1.);
#3466 = DIRECTION('',(1.,0.,0.));
#3467 = PCURVE('',#3378,#3468);
#3468 = DEFINITIONAL_REPRESENTATION('',(#3469),#3473);
#3469 = LINE('',#3470,#3471);
#3470 = CARTESIAN_POINT('',(0.,0.));
#3471 = VECTOR('',#3472,1.);
#3472 = DIRECTION('',(1.,0.));
#3473 = ( GEOMETRIC_REPRESENTATION_CONTEXT(2) 
PARAMETRIC_REPRESENTATION_CONTEXT() REPRESENTATION_CONTEXT('2D SPACE',''
  ) );
#3474 = PCURVE('',#2715,#3475);
#3475 = DEFINITIONAL_REPRESENTATION('',(#3476),#3480);
#3476 = LINE('',#3477,#3478);
#3477 = CARTESIAN_POINT('',(-0.145902387933,0.196157906357));
#3478 = VECTOR('',#3479,1.);
#3479 = DIRECTION('',(0.,1.));
#3480 = ( GEOMETRIC_REPRESENTATION_CONTEXT(2) 
PARAMETRIC_REPRESENTATION_CONTEXT() REPRESENTATION_CONTEXT('2D SPACE',''
  ) );
#3481 = ADVANCED_FACE('',(#3482),#2633,.T.);
#3482 = FACE_BOUND('',#3483,.T.);
#3483 = EDGE_LOOP('',(#3484,#3485,#3506,#3507));
#3484 = ORIENTED_EDGE('',*,*,#3438,.T.);
#3485 = ORIENTED_EDGE('',*,*,#3486,.T.);
#3486 = EDGE_CURVE('',#3416,#2613,#3487,.T.);
#3487 = SURFACE_CURVE('',#3488,(#3492,#3499),.PCURVE_S1.);
#3488 = LINE('',#3489,#3490);
#3489 = CARTESIAN_POINT('',(-0.7,0.475,0.4));
#3490 = VECTOR('',#3491,1.);
#3491 = DIRECTION('',(0.,0.,1.));
#3492 = PCURVE('',#2633,#3493);
#3493 = DEFINITIONAL_REPRESENTATION('',(#3494),#3498);
#3494 = LINE('',#3495,#3496);
#3495 = CARTESIAN_POINT('',(0.,-0.3));
#3496 = VECTOR('',#3497,1.);
#3497 = DIRECTION('',(1.,0.));
#3498 = ( GEOMETRIC_REPRESENTATION_CONTEXT(2) 
PARAMETRIC_REPRESENTATION_CONTEXT() REPRESENTATION_CONTEXT('2D SPACE',''
  ) );
#3499 = PCURVE('',#2661,#3500);
#3500 = DEFINITIONAL_REPRESENTATION('',(#3501),#3505);
#3501 = LINE('',#3502,#3503);
#3502 = CARTESIAN_POINT('',(-0.145902387933,0.336157906357));
#3503 = VECTOR('',#3504,1.);
#3504 = DIRECTION('',(-1.,0.));
#3505 = ( GEOMETRIC_REPRESENTATION_CONTEXT(2) 
PARAMETRIC_REPRESENTATION_CONTEXT() REPRESENTATION_CONTEXT('2D SPACE',''
  ) );
#3506 = ORIENTED_EDGE('',*,*,#2610,.F.);
#3507 = ORIENTED_EDGE('',*,*,#3508,.F.);
#3508 = EDGE_CURVE('',#3439,#2611,#3509,.T.);
#3509 = SURFACE_CURVE('',#3510,(#3514,#3521),.PCURVE_S1.);
#3510 = LINE('',#3511,#3512);
#3511 = CARTESIAN_POINT('',(-0.7,0.175,0.4));
#3512 = VECTOR('',#3513,1.);
#3513 = DIRECTION('',(0.,0.,1.));
#3514 = PCURVE('',#2633,#3515);
#3515 = DEFINITIONAL_REPRESENTATION('',(#3516),#3520);
#3516 = LINE('',#3517,#3518);
#3517 = CARTESIAN_POINT('',(0.,0.));
#3518 = VECTOR('',#3519,1.);
#3519 = DIRECTION('',(1.,0.));
#3520 = ( GEOMETRIC_REPRESENTATION_CONTEXT(2) 
PARAMETRIC_REPRESENTATION_CONTEXT() REPRESENTATION_CONTEXT('2D SPACE',''
  ) );
#3521 = PCURVE('',#2715,#3522);
#3522 = DEFINITIONAL_REPRESENTATION('',(#3523),#3527);
#3523 = LINE('',#3524,#3525);
#3524 = CARTESIAN_POINT('',(-0.145902387933,0.336157906357));
#3525 = VECTOR('',#3526,1.);
#3526 = DIRECTION('',(-1.,0.));
#3527 = ( GEOMETRIC_REPRESENTATION_CONTEXT(2) 
PARAMETRIC_REPRESENTATION_CONTEXT() REPRESENTATION_CONTEXT('2D SPACE',''
  ) );
#3528 = ADVANCED_FACE('',(#3529),#2715,.T.);
#3529 = FACE_BOUND('',#3530,.T.);
#3530 = EDGE_LOOP('',(#3531,#3532,#3533,#3534,#3535,#3536,#3537,#3538,
    #3539,#3540,#3541,#3542));
#3531 = ORIENTED_EDGE('',*,*,#2701,.T.);
#3532 = ORIENTED_EDGE('',*,*,#2782,.T.);
#3533 = ORIENTED_EDGE('',*,*,#2858,.T.);
#3534 = ORIENTED_EDGE('',*,*,#2934,.T.);
#3535 = ORIENTED_EDGE('',*,*,#3010,.T.);
#3536 = ORIENTED_EDGE('',*,*,#3086,.T.);
#3537 = ORIENTED_EDGE('',*,*,#3162,.T.);
#3538 = ORIENTED_EDGE('',*,*,#3238,.T.);
#3539 = ORIENTED_EDGE('',*,*,#3314,.T.);
#3540 = ORIENTED_EDGE('',*,*,#3390,.T.);
#3541 = ORIENTED_EDGE('',*,*,#3461,.T.);
#3542 = ORIENTED_EDGE('',*,*,#3508,.T.);
#3543 = ADVANCED_FACE('',(#3544),#2661,.F.);
#3544 = FACE_BOUND('',#3545,.F.);
#3545 = EDGE_LOOP('',(#3546,#3547,#3548,#3549,#3550,#3551,#3552,#3553,
    #3554,#3555,#3556,#3557));
#3546 = ORIENTED_EDGE('',*,*,#2645,.T.);
#3547 = ORIENTED_EDGE('',*,*,#2731,.T.);
#3548 = ORIENTED_EDGE('',*,*,#2807,.T.);
#3549 = ORIENTED_EDGE('',*,*,#2883,.T.);
#3550 = ORIENTED_EDGE('',*,*,#2959,.T.);
#3551 = ORIENTED_EDGE('',*,*,#3035,.T.);
#3552 = ORIENTED_EDGE('',*,*,#3111,.T.);
#3553 = ORIENTED_EDGE('',*,*,#3187,.T.);
#3554 = ORIENTED_EDGE('',*,*,#3263,.T.);
#3555 = ORIENTED_EDGE('',*,*,#3339,.T.);
#3556 = ORIENTED_EDGE('',*,*,#3415,.T.);
#3557 = ORIENTED_EDGE('',*,*,#3486,.T.);
#3558 = MANIFOLD_SOLID_BREP('',#3559);
#3559 = CLOSED_SHELL('',(#3560,#3680,#3756,#3832,#3908,#3984,#4060,#4136
    ,#4212,#4288,#4364,#4435,#4482,#4497));
#3560 = ADVANCED_FACE('',(#3561),#3575,.F.);
#3561 = FACE_BOUND('',#3562,.F.);
#3562 = EDGE_LOOP('',(#3563,#3598,#3626,#3654));
#3563 = ORIENTED_EDGE('',*,*,#3564,.T.);
#3564 = EDGE_CURVE('',#3565,#3567,#3569,.T.);
#3565 = VERTEX_POINT('',#3566);
#3566 = CARTESIAN_POINT('',(0.7,0.175,0.55));
#3567 = VERTEX_POINT('',#3568);
#3568 = CARTESIAN_POINT('',(0.7,0.475,0.55));
#3569 = SURFACE_CURVE('',#3570,(#3574,#3586),.PCURVE_S1.);
#3570 = LINE('',#3571,#3572);
#3571 = CARTESIAN_POINT('',(0.7,0.175,0.55));
#3572 = VECTOR('',#3573,1.);
#3573 = DIRECTION('',(0.,1.,0.));
#3574 = PCURVE('',#3575,#3580);
#3575 = PLANE('',#3576);
#3576 = AXIS2_PLACEMENT_3D('',#3577,#3578,#3579);
#3577 = CARTESIAN_POINT('',(0.7,0.175,0.55));
#3578 = DIRECTION('',(0.,0.,-1.));
#3579 = DIRECTION('',(1.,0.,0.));
#3580 = DEFINITIONAL_REPRESENTATION('',(#3581),#3585);
#3581 = LINE('',#3582,#3583);
#3582 = CARTESIAN_POINT('',(0.,0.));
#3583 = VECTOR('',#3584,1.);
#3584 = DIRECTION('',(0.,-1.));
#3585 = ( GEOMETRIC_REPRESENTATION_CONTEXT(2) 
PARAMETRIC_REPRESENTATION_CONTEXT() REPRESENTATION_CONTEXT('2D SPACE',''
  ) );
#3586 = PCURVE('',#3587,#3592);
#3587 = PLANE('',#3588);
#3588 = AXIS2_PLACEMENT_3D('',#3589,#3590,#3591);
#3589 = CARTESIAN_POINT('',(0.7,0.175,0.4));
#3590 = DIRECTION('',(1.,0.,0.));
#3591 = DIRECTION('',(0.,0.,1.));
#3592 = DEFINITIONAL_REPRESENTATION('',(#3593),#3597);
#3593 = LINE('',#3594,#3595);
#3594 = CARTESIAN_POINT('',(0.15,0.));
#3595 = VECTOR('',#3596,1.);
#3596 = DIRECTION('',(0.,-1.));
#3597 = ( GEOMETRIC_REPRESENTATION_CONTEXT(2) 
PARAMETRIC_REPRESENTATION_CONTEXT() REPRESENTATION_CONTEXT('2D SPACE',''
  ) );
#3598 = ORIENTED_EDGE('',*,*,#3599,.T.);
#3599 = EDGE_CURVE('',#3567,#3600,#3602,.T.);
#3600 = VERTEX_POINT('',#3601);
#3601 = CARTESIAN_POINT('',(0.93,0.475,0.55));
#3602 = SURFACE_CURVE('',#3603,(#3607,#3614),.PCURVE_S1.);
#3603 = LINE('',#3604,#3605);
#3604 = CARTESIAN_POINT('',(0.7,0.475,0.55));
#3605 = VECTOR('',#3606,1.);
#3606 = DIRECTION('',(1.,0.,0.));
#3607 = PCURVE('',#3575,#3608);
#3608 = DEFINITIONAL_REPRESENTATION('',(#3609),#3613);
#3609 = LINE('',#3610,#3611);
#3610 = CARTESIAN_POINT('',(0.,-0.3));
#3611 = VECTOR('',#3612,1.);
#3612 = DIRECTION('',(1.,0.));
#3613 = ( GEOMETRIC_REPRESENTATION_CONTEXT(2) 
PARAMETRIC_REPRESENTATION_CONTEXT() REPRESENTATION_CONTEXT('2D SPACE',''
  ) );
#3614 = PCURVE('',#3615,#3620);
#3615 = PLANE('',#3616);
#3616 = AXIS2_PLACEMENT_3D('',#3617,#3618,#3619);
#3617 = CARTESIAN_POINT('',(1.036157906357,0.475,0.254097612067));
#3618 = DIRECTION('',(0.,1.,0.));
#3619 = DIRECTION('',(0.,-0.,1.));
#3620 = DEFINITIONAL_REPRESENTATION('',(#3621),#3625);
#3621 = LINE('',#3622,#3623);
#3622 = CARTESIAN_POINT('',(0.295902387933,-0.336157906357));
#3623 = VECTOR('',#3624,1.);
#3624 = DIRECTION('',(0.,1.));
#3625 = ( GEOMETRIC_REPRESENTATION_CONTEXT(2) 
PARAMETRIC_REPRESENTATION_CONTEXT() REPRESENTATION_CONTEXT('2D SPACE',''
  ) );
#3626 = ORIENTED_EDGE('',*,*,#3627,.F.);
#3627 = EDGE_CURVE('',#3628,#3600,#3630,.T.);
#3628 = VERTEX_POINT('',#3629);
#3629 = CARTESIAN_POINT('',(0.93,0.175,0.55));
#3630 = SURFACE_CURVE('',#3631,(#3635,#3642),.PCURVE_S1.);
#3631 = LINE('',#3632,#3633);
#3632 = CARTESIAN_POINT('',(0.93,0.175,0.55));
#3633 = VECTOR('',#3634,1.);
#3634 = DIRECTION('',(0.,1.,0.));
#3635 = PCURVE('',#3575,#3636);
#3636 = DEFINITIONAL_REPRESENTATION('',(#3637),#3641);
#3637 = LINE('',#3638,#3639);
#3638 = CARTESIAN_POINT('',(0.23,0.));
#3639 = VECTOR('',#3640,1.);
#3640 = DIRECTION('',(0.,-1.));
#3641 = ( GEOMETRIC_REPRESENTATION_CONTEXT(2) 
PARAMETRIC_REPRESENTATION_CONTEXT() REPRESENTATION_CONTEXT('2D SPACE',''
  ) );
#3642 = PCURVE('',#3643,#3648);
#3643 = PLANE('',#3644);
#3644 = AXIS2_PLACEMENT_3D('',#3645,#3646,#3647);
#3645 = CARTESIAN_POINT('',(0.93,0.175,0.55));
#3646 = DIRECTION('',(-0.4472135955,0.,-0.894427191));
#3647 = DIRECTION('',(0.894427191,0.,-0.4472135955));
#3648 = DEFINITIONAL_REPRESENTATION('',(#3649),#3653);
#3649 = LINE('',#3650,#3651);
#3650 = CARTESIAN_POINT('',(0.,0.));
#3651 = VECTOR('',#3652,1.);
#3652 = DIRECTION('',(0.,-1.));
#3653 = ( GEOMETRIC_REPRESENTATION_CONTEXT(2) 
PARAMETRIC_REPRESENTATION_CONTEXT() REPRESENTATION_CONTEXT('2D SPACE',''
  ) );
#3654 = ORIENTED_EDGE('',*,*,#3655,.F.);
#3655 = EDGE_CURVE('',#3565,#3628,#3656,.T.);
#3656 = SURFACE_CURVE('',#3657,(#3661,#3668),.PCURVE_S1.);
#3657 = LINE('',#3658,#3659);
#3658 = CARTESIAN_POINT('',(0.7,0.175,0.55));
#3659 = VECTOR('',#3660,1.);
#3660 = DIRECTION('',(1.,0.,0.));
#3661 = PCURVE('',#3575,#3662);
#3662 = DEFINITIONAL_REPRESENTATION('',(#3663),#3667);
#3663 = LINE('',#3664,#3665);
#3664 = CARTESIAN_POINT('',(0.,0.));
#3665 = VECTOR('',#3666,1.);
#3666 = DIRECTION('',(1.,0.));
#3667 = ( GEOMETRIC_REPRESENTATION_CONTEXT(2) 
PARAMETRIC_REPRESENTATION_CONTEXT() REPRESENTATION_CONTEXT('2D SPACE',''
  ) );
#3668 = PCURVE('',#3669,#3674);
#3669 = PLANE('',#3670);
#3670 = AXIS2_PLACEMENT_3D('',#3671,#3672,#3673);
#3671 = CARTESIAN_POINT('',(1.036157906357,0.175,0.254097612067));
#3672 = DIRECTION('',(0.,1.,0.));
#3673 = DIRECTION('',(0.,-0.,1.));
#3674 = DEFINITIONAL_REPRESENTATION('',(#3675),#3679);
#3675 = LINE('',#3676,#3677);
#3676 = CARTESIAN_POINT('',(0.295902387933,-0.336157906357));
#3677 = VECTOR('',#3678,1.);
#3678 = DIRECTION('',(0.,1.));
#3679 = ( GEOMETRIC_REPRESENTATION_CONTEXT(2) 
PARAMETRIC_REPRESENTATION_CONTEXT() REPRESENTATION_CONTEXT('2D SPACE',''
  ) );
#3680 = ADVANCED_FACE('',(#3681),#3643,.F.);
#3681 = FACE_BOUND('',#3682,.F.);
#3682 = EDGE_LOOP('',(#3683,#3684,#3707,#3735));
#3683 = ORIENTED_EDGE('',*,*,#3627,.T.);
#3684 = ORIENTED_EDGE('',*,*,#3685,.T.);
#3685 = EDGE_CURVE('',#3600,#3686,#3688,.T.);
#3686 = VERTEX_POINT('',#3687);
#3687 = CARTESIAN_POINT('',(0.99,0.475,0.52));
#3688 = SURFACE_CURVE('',#3689,(#3693,#3700),.PCURVE_S1.);
#3689 = LINE('',#3690,#3691);
#3690 = CARTESIAN_POINT('',(0.93,0.475,0.55));
#3691 = VECTOR('',#3692,1.);
#3692 = DIRECTION('',(0.894427191,0.,-0.4472135955));
#3693 = PCURVE('',#3643,#3694);
#3694 = DEFINITIONAL_REPRESENTATION('',(#3695),#3699);
#3695 = LINE('',#3696,#3697);
#3696 = CARTESIAN_POINT('',(0.,-0.3));
#3697 = VECTOR('',#3698,1.);
#3698 = DIRECTION('',(1.,0.));
#3699 = ( GEOMETRIC_REPRESENTATION_CONTEXT(2) 
PARAMETRIC_REPRESENTATION_CONTEXT() REPRESENTATION_CONTEXT('2D SPACE',''
  ) );
#3700 = PCURVE('',#3615,#3701);
#3701 = DEFINITIONAL_REPRESENTATION('',(#3702),#3706);
#3702 = LINE('',#3703,#3704);
#3703 = CARTESIAN_POINT('',(0.295902387933,-0.106157906357));
#3704 = VECTOR('',#3705,1.);
#3705 = DIRECTION('',(-0.4472135955,0.894427191));
#3706 = ( GEOMETRIC_REPRESENTATION_CONTEXT(2) 
PARAMETRIC_REPRESENTATION_CONTEXT() REPRESENTATION_CONTEXT('2D SPACE',''
  ) );
#3707 = ORIENTED_EDGE('',*,*,#3708,.F.);
#3708 = EDGE_CURVE('',#3709,#3686,#3711,.T.);
#3709 = VERTEX_POINT('',#3710);
#3710 = CARTESIAN_POINT('',(0.99,0.175,0.52));
#3711 = SURFACE_CURVE('',#3712,(#3716,#3723),.PCURVE_S1.);
#3712 = LINE('',#3713,#3714);
#3713 = CARTESIAN_POINT('',(0.99,0.175,0.52));
#3714 = VECTOR('',#3715,1.);
#3715 = DIRECTION('',(0.,1.,0.));
#3716 = PCURVE('',#3643,#3717);
#3717 = DEFINITIONAL_REPRESENTATION('',(#3718),#3722);
#3718 = LINE('',#3719,#3720);
#3719 = CARTESIAN_POINT('',(6.708203932499E-02,0.));
#3720 = VECTOR('',#3721,1.);
#3721 = DIRECTION('',(0.,-1.));
#3722 = ( GEOMETRIC_REPRESENTATION_CONTEXT(2) 
PARAMETRIC_REPRESENTATION_CONTEXT() REPRESENTATION_CONTEXT('2D SPACE',''
  ) );
#3723 = PCURVE('',#3724,#3729);
#3724 = PLANE('',#3725);
#3725 = AXIS2_PLACEMENT_3D('',#3726,#3727,#3728);
#3726 = CARTESIAN_POINT('',(0.99,0.175,0.52));
#3727 = DIRECTION('',(-0.951444518554,0.,-0.307820285415));
#3728 = DIRECTION('',(0.307820285415,0.,-0.951444518554));
#3729 = DEFINITIONAL_REPRESENTATION('',(#3730),#3734);
#3730 = LINE('',#3731,#3732);
#3731 = CARTESIAN_POINT('',(0.,0.));
#3732 = VECTOR('',#3733,1.);
#3733 = DIRECTION('',(0.,-1.));
#3734 = ( GEOMETRIC_REPRESENTATION_CONTEXT(2) 
PARAMETRIC_REPRESENTATION_CONTEXT() REPRESENTATION_CONTEXT('2D SPACE',''
  ) );
#3735 = ORIENTED_EDGE('',*,*,#3736,.F.);
#3736 = EDGE_CURVE('',#3628,#3709,#3737,.T.);
#3737 = SURFACE_CURVE('',#3738,(#3742,#3749),.PCURVE_S1.);
#3738 = LINE('',#3739,#3740);
#3739 = CARTESIAN_POINT('',(0.93,0.175,0.55));
#3740 = VECTOR('',#3741,1.);
#3741 = DIRECTION('',(0.894427191,0.,-0.4472135955));
#3742 = PCURVE('',#3643,#3743);
#3743 = DEFINITIONAL_REPRESENTATION('',(#3744),#3748);
#3744 = LINE('',#3745,#3746);
#3745 = CARTESIAN_POINT('',(0.,0.));
#3746 = VECTOR('',#3747,1.);
#3747 = DIRECTION('',(1.,0.));
#3748 = ( GEOMETRIC_REPRESENTATION_CONTEXT(2) 
PARAMETRIC_REPRESENTATION_CONTEXT() REPRESENTATION_CONTEXT('2D SPACE',''
  ) );
#3749 = PCURVE('',#3669,#3750);
#3750 = DEFINITIONAL_REPRESENTATION('',(#3751),#3755);
#3751 = LINE('',#3752,#3753);
#3752 = CARTESIAN_POINT('',(0.295902387933,-0.106157906357));
#3753 = VECTOR('',#3754,1.);
#3754 = DIRECTION('',(-0.4472135955,0.894427191));
#3755 = ( GEOMETRIC_REPRESENTATION_CONTEXT(2) 
PARAMETRIC_REPRESENTATION_CONTEXT() REPRESENTATION_CONTEXT('2D SPACE',''
  ) );
#3756 = ADVANCED_FACE('',(#3757),#3724,.F.);
#3757 = FACE_BOUND('',#3758,.F.);
#3758 = EDGE_LOOP('',(#3759,#3760,#3783,#3811));
#3759 = ORIENTED_EDGE('',*,*,#3708,.T.);
#3760 = ORIENTED_EDGE('',*,*,#3761,.T.);
#3761 = EDGE_CURVE('',#3686,#3762,#3764,.T.);
#3762 = VERTEX_POINT('',#3763);
#3763 = CARTESIAN_POINT('',(1.1,0.475,0.18));
#3764 = SURFACE_CURVE('',#3765,(#3769,#3776),.PCURVE_S1.);
#3765 = LINE('',#3766,#3767);
#3766 = CARTESIAN_POINT('',(0.99,0.475,0.52));
#3767 = VECTOR('',#3768,1.);
#3768 = DIRECTION('',(0.307820285415,0.,-0.951444518554));
#3769 = PCURVE('',#3724,#3770);
#3770 = DEFINITIONAL_REPRESENTATION('',(#3771),#3775);
#3771 = LINE('',#3772,#3773);
#3772 = CARTESIAN_POINT('',(0.,-0.3));
#3773 = VECTOR('',#3774,1.);
#3774 = DIRECTION('',(1.,0.));
#3775 = ( GEOMETRIC_REPRESENTATION_CONTEXT(2) 
PARAMETRIC_REPRESENTATION_CONTEXT() REPRESENTATION_CONTEXT('2D SPACE',''
  ) );
#3776 = PCURVE('',#3615,#3777);
#3777 = DEFINITIONAL_REPRESENTATION('',(#3778),#3782);
#3778 = LINE('',#3779,#3780);
#3779 = CARTESIAN_POINT('',(0.265902387933,-4.615790635743E-02));
#3780 = VECTOR('',#3781,1.);
#3781 = DIRECTION('',(-0.951444518554,0.307820285415));
#3782 = ( GEOMETRIC_REPRESENTATION_CONTEXT(2) 
PARAMETRIC_REPRESENTATION_CONTEXT() REPRESENTATION_CONTEXT('2D SPACE',''
  ) );
#3783 = ORIENTED_EDGE('',*,*,#3784,.F.);
#3784 = EDGE_CURVE('',#3785,#3762,#3787,.T.);
#3785 = VERTEX_POINT('',#3786);
#3786 = CARTESIAN_POINT('',(1.1,0.175,0.18));
#3787 = SURFACE_CURVE('',#3788,(#3792,#3799),.PCURVE_S1.);
#3788 = LINE('',#3789,#3790);
#3789 = CARTESIAN_POINT('',(1.1,0.175,0.18));
#3790 = VECTOR('',#3791,1.);
#3791 = DIRECTION('',(0.,1.,0.));
#3792 = PCURVE('',#3724,#3793);
#3793 = DEFINITIONAL_REPRESENTATION('',(#3794),#3798);
#3794 = LINE('',#3795,#3796);
#3795 = CARTESIAN_POINT('',(0.357351367704,0.));
#3796 = VECTOR('',#3797,1.);
#3797 = DIRECTION('',(0.,-1.));
#3798 = ( GEOMETRIC_REPRESENTATION_CONTEXT(2) 
PARAMETRIC_REPRESENTATION_CONTEXT() REPRESENTATION_CONTEXT('2D SPACE',''
  ) );
#3799 = PCURVE('',#3800,#3805);
#3800 = PLANE('',#3801);
#3801 = AXIS2_PLACEMENT_3D('',#3802,#3803,#3804);
#3802 = CARTESIAN_POINT('',(1.1,0.175,0.18));
#3803 = DIRECTION('',(-0.6,0.,-0.8));
#3804 = DIRECTION('',(0.8,0.,-0.6));
#3805 = DEFINITIONAL_REPRESENTATION('',(#3806),#3810);
#3806 = LINE('',#3807,#3808);
#3807 = CARTESIAN_POINT('',(0.,0.));
#3808 = VECTOR('',#3809,1.);
#3809 = DIRECTION('',(0.,-1.));
#3810 = ( GEOMETRIC_REPRESENTATION_CONTEXT(2) 
PARAMETRIC_REPRESENTATION_CONTEXT() REPRESENTATION_CONTEXT('2D SPACE',''
  ) );
#3811 = ORIENTED_EDGE('',*,*,#3812,.F.);
#3812 = EDGE_CURVE('',#3709,#3785,#3813,.T.);
#3813 = SURFACE_CURVE('',#3814,(#3818,#3825),.PCURVE_S1.);
#3814 = LINE('',#3815,#3816);
#3815 = CARTESIAN_POINT('',(0.99,0.175,0.52));
#3816 = VECTOR('',#3817,1.);
#3817 = DIRECTION('',(0.307820285415,0.,-0.951444518554));
#3818 = PCURVE('',#3724,#3819);
#3819 = DEFINITIONAL_REPRESENTATION('',(#3820),#3824);
#3820 = LINE('',#3821,#3822);
#3821 = CARTESIAN_POINT('',(0.,0.));
#3822 = VECTOR('',#3823,1.);
#3823 = DIRECTION('',(1.,0.));
#3824 = ( GEOMETRIC_REPRESENTATION_CONTEXT(2) 
PARAMETRIC_REPRESENTATION_CONTEXT() REPRESENTATION_CONTEXT('2D SPACE',''
  ) );
#3825 = PCURVE('',#3669,#3826);
#3826 = DEFINITIONAL_REPRESENTATION('',(#3827),#3831);
#3827 = LINE('',#3828,#3829);
#3828 = CARTESIAN_POINT('',(0.265902387933,-4.615790635743E-02));
#3829 = VECTOR('',#3830,1.);
#3830 = DIRECTION('',(-0.951444518554,0.307820285415));
#3831 = ( GEOMETRIC_REPRESENTATION_CONTEXT(2) 
PARAMETRIC_REPRESENTATION_CONTEXT() REPRESENTATION_CONTEXT('2D SPACE',''
  ) );
#3832 = ADVANCED_FACE('',(#3833),#3800,.F.);
#3833 = FACE_BOUND('',#3834,.F.);
#3834 = EDGE_LOOP('',(#3835,#3836,#3859,#3887));
#3835 = ORIENTED_EDGE('',*,*,#3784,.T.);
#3836 = ORIENTED_EDGE('',*,*,#3837,.T.);
#3837 = EDGE_CURVE('',#3762,#3838,#3840,.T.);
#3838 = VERTEX_POINT('',#3839);
#3839 = CARTESIAN_POINT('',(1.14,0.475,0.15));
#3840 = SURFACE_CURVE('',#3841,(#3845,#3852),.PCURVE_S1.);
#3841 = LINE('',#3842,#3843);
#3842 = CARTESIAN_POINT('',(1.1,0.475,0.18));
#3843 = VECTOR('',#3844,1.);
#3844 = DIRECTION('',(0.8,0.,-0.6));
#3845 = PCURVE('',#3800,#3846);
#3846 = DEFINITIONAL_REPRESENTATION('',(#3847),#3851);
#3847 = LINE('',#3848,#3849);
#3848 = CARTESIAN_POINT('',(0.,-0.3));
#3849 = VECTOR('',#3850,1.);
#3850 = DIRECTION('',(1.,0.));
#3851 = ( GEOMETRIC_REPRESENTATION_CONTEXT(2) 
PARAMETRIC_REPRESENTATION_CONTEXT() REPRESENTATION_CONTEXT('2D SPACE',''
  ) );
#3852 = PCURVE('',#3615,#3853);
#3853 = DEFINITIONAL_REPRESENTATION('',(#3854),#3858);
#3854 = LINE('',#3855,#3856);
#3855 = CARTESIAN_POINT('',(-7.409761206749E-02,6.384209364257E-02));
#3856 = VECTOR('',#3857,1.);
#3857 = DIRECTION('',(-0.6,0.8));
#3858 = ( GEOMETRIC_REPRESENTATION_CONTEXT(2) 
PARAMETRIC_REPRESENTATION_CONTEXT() REPRESENTATION_CONTEXT('2D SPACE',''
  ) );
#3859 = ORIENTED_EDGE('',*,*,#3860,.F.);
#3860 = EDGE_CURVE('',#3861,#3838,#3863,.T.);
#3861 = VERTEX_POINT('',#3862);
#3862 = CARTESIAN_POINT('',(1.14,0.175,0.15));
#3863 = SURFACE_CURVE('',#3864,(#3868,#3875),.PCURVE_S1.);
#3864 = LINE('',#3865,#3866);
#3865 = CARTESIAN_POINT('',(1.14,0.175,0.15));
#3866 = VECTOR('',#3867,1.);
#3867 = DIRECTION('',(0.,1.,0.));
#3868 = PCURVE('',#3800,#3869);
#3869 = DEFINITIONAL_REPRESENTATION('',(#3870),#3874);
#3870 = LINE('',#3871,#3872);
#3871 = CARTESIAN_POINT('',(5.E-02,0.));
#3872 = VECTOR('',#3873,1.);
#3873 = DIRECTION('',(0.,-1.));
#3874 = ( GEOMETRIC_REPRESENTATION_CONTEXT(2) 
PARAMETRIC_REPRESENTATION_CONTEXT() REPRESENTATION_CONTEXT('2D SPACE',''
  ) );
#3875 = PCURVE('',#3876,#3881);
#3876 = PLANE('',#3877);
#3877 = AXIS2_PLACEMENT_3D('',#3878,#3879,#3880);
#3878 = CARTESIAN_POINT('',(1.14,0.175,0.15));
#3879 = DIRECTION('',(0.,0.,-1.));
#3880 = DIRECTION('',(1.,0.,0.));
#3881 = DEFINITIONAL_REPRESENTATION('',(#3882),#3886);
#3882 = LINE('',#3883,#3884);
#3883 = CARTESIAN_POINT('',(0.,0.));
#3884 = VECTOR('',#3885,1.);
#3885 = DIRECTION('',(0.,-1.));
#3886 = ( GEOMETRIC_REPRESENTATION_CONTEXT(2) 
PARAMETRIC_REPRESENTATION_CONTEXT() REPRESENTATION_CONTEXT('2D SPACE',''
  ) );
#3887 = ORIENTED_EDGE('',*,*,#3888,.F.);
#3888 = EDGE_CURVE('',#3785,#3861,#3889,.T.);
#3889 = SURFACE_CURVE('',#3890,(#3894,#3901),.PCURVE_S1.);
#3890 = LINE('',#3891,#3892);
#3891 = CARTESIAN_POINT('',(1.1,0.175,0.18));
#3892 = VECTOR('',#3893,1.);
#3893 = DIRECTION('',(0.8,0.,-0.6));
#3894 = PCURVE('',#3800,#3895);
#3895 = DEFINITIONAL_REPRESENTATION('',(#3896),#3900);
#3896 = LINE('',#3897,#3898);
#3897 = CARTESIAN_POINT('',(0.,0.));
#3898 = VECTOR('',#3899,1.);
#3899 = DIRECTION('',(1.,0.));
#3900 = ( GEOMETRIC_REPRESENTATION_CONTEXT(2) 
PARAMETRIC_REPRESENTATION_CONTEXT() REPRESENTATION_CONTEXT('2D SPACE',''
  ) );
#3901 = PCURVE('',#3669,#3902);
#3902 = DEFINITIONAL_REPRESENTATION('',(#3903),#3907);
#3903 = LINE('',#3904,#3905);
#3904 = CARTESIAN_POINT('',(-7.409761206749E-02,6.384209364257E-02));
#3905 = VECTOR('',#3906,1.);
#3906 = DIRECTION('',(-0.6,0.8));
#3907 = ( GEOMETRIC_REPRESENTATION_CONTEXT(2) 
PARAMETRIC_REPRESENTATION_CONTEXT() REPRESENTATION_CONTEXT('2D SPACE',''
  ) );
#3908 = ADVANCED_FACE('',(#3909),#3876,.F.);
#3909 = FACE_BOUND('',#3910,.F.);
#3910 = EDGE_LOOP('',(#3911,#3912,#3935,#3963));
#3911 = ORIENTED_EDGE('',*,*,#3860,.T.);
#3912 = ORIENTED_EDGE('',*,*,#3913,.T.);
#3913 = EDGE_CURVE('',#3838,#3914,#3916,.T.);
#3914 = VERTEX_POINT('',#3915);
#3915 = CARTESIAN_POINT('',(1.4,0.475,0.15));
#3916 = SURFACE_CURVE('',#3917,(#3921,#3928),.PCURVE_S1.);
#3917 = LINE('',#3918,#3919);
#3918 = CARTESIAN_POINT('',(1.14,0.475,0.15));
#3919 = VECTOR('',#3920,1.);
#3920 = DIRECTION('',(1.,0.,0.));
#3921 = PCURVE('',#3876,#3922);
#3922 = DEFINITIONAL_REPRESENTATION('',(#3923),#3927);
#3923 = LINE('',#3924,#3925);
#3924 = CARTESIAN_POINT('',(0.,-0.3));
#3925 = VECTOR('',#3926,1.);
#3926 = DIRECTION('',(1.,0.));
#3927 = ( GEOMETRIC_REPRESENTATION_CONTEXT(2) 
PARAMETRIC_REPRESENTATION_CONTEXT() REPRESENTATION_CONTEXT('2D SPACE',''
  ) );
#3928 = PCURVE('',#3615,#3929);
#3929 = DEFINITIONAL_REPRESENTATION('',(#3930),#3934);
#3930 = LINE('',#3931,#3932);
#3931 = CARTESIAN_POINT('',(-0.104097612067,0.103842093643));
#3932 = VECTOR('',#3933,1.);
#3933 = DIRECTION('',(0.,1.));
#3934 = ( GEOMETRIC_REPRESENTATION_CONTEXT(2) 
PARAMETRIC_REPRESENTATION_CONTEXT() REPRESENTATION_CONTEXT('2D SPACE',''
  ) );
#3935 = ORIENTED_EDGE('',*,*,#3936,.F.);
#3936 = EDGE_CURVE('',#3937,#3914,#3939,.T.);
#3937 = VERTEX_POINT('',#3938);
#3938 = CARTESIAN_POINT('',(1.4,0.175,0.15));
#3939 = SURFACE_CURVE('',#3940,(#3944,#3951),.PCURVE_S1.);
#3940 = LINE('',#3941,#3942);
#3941 = CARTESIAN_POINT('',(1.4,0.175,0.15));
#3942 = VECTOR('',#3943,1.);
#3943 = DIRECTION('',(0.,1.,0.));
#3944 = PCURVE('',#3876,#3945);
#3945 = DEFINITIONAL_REPRESENTATION('',(#3946),#3950);
#3946 = LINE('',#3947,#3948);
#3947 = CARTESIAN_POINT('',(0.26,0.));
#3948 = VECTOR('',#3949,1.);
#3949 = DIRECTION('',(0.,-1.));
#3950 = ( GEOMETRIC_REPRESENTATION_CONTEXT(2) 
PARAMETRIC_REPRESENTATION_CONTEXT() REPRESENTATION_CONTEXT('2D SPACE',''
  ) );
#3951 = PCURVE('',#3952,#3957);
#3952 = PLANE('',#3953);
#3953 = AXIS2_PLACEMENT_3D('',#3954,#3955,#3956);
#3954 = CARTESIAN_POINT('',(1.4,0.175,0.15));
#3955 = DIRECTION('',(-1.,0.,0.));
#3956 = DIRECTION('',(0.,0.,-1.));
#3957 = DEFINITIONAL_REPRESENTATION('',(#3958),#3962);
#3958 = LINE('',#3959,#3960);
#3959 = CARTESIAN_POINT('',(0.,-0.));
#3960 = VECTOR('',#3961,1.);
#3961 = DIRECTION('',(0.,-1.));
#3962 = ( GEOMETRIC_REPRESENTATION_CONTEXT(2) 
PARAMETRIC_REPRESENTATION_CONTEXT() REPRESENTATION_CONTEXT('2D SPACE',''
  ) );
#3963 = ORIENTED_EDGE('',*,*,#3964,.F.);
#3964 = EDGE_CURVE('',#3861,#3937,#3965,.T.);
#3965 = SURFACE_CURVE('',#3966,(#3970,#3977),.PCURVE_S1.);
#3966 = LINE('',#3967,#3968);
#3967 = CARTESIAN_POINT('',(1.14,0.175,0.15));
#3968 = VECTOR('',#3969,1.);
#3969 = DIRECTION('',(1.,0.,0.));
#3970 = PCURVE('',#3876,#3971);
#3971 = DEFINITIONAL_REPRESENTATION('',(#3972),#3976);
#3972 = LINE('',#3973,#3974);
#3973 = CARTESIAN_POINT('',(0.,0.));
#3974 = VECTOR('',#3975,1.);
#3975 = DIRECTION('',(1.,0.));
#3976 = ( GEOMETRIC_REPRESENTATION_CONTEXT(2) 
PARAMETRIC_REPRESENTATION_CONTEXT() REPRESENTATION_CONTEXT('2D SPACE',''
  ) );
#3977 = PCURVE('',#3669,#3978);
#3978 = DEFINITIONAL_REPRESENTATION('',(#3979),#3983);
#3979 = LINE('',#3980,#3981);
#3980 = CARTESIAN_POINT('',(-0.104097612067,0.103842093643));
#3981 = VECTOR('',#3982,1.);
#3982 = DIRECTION('',(0.,1.));
#3983 = ( GEOMETRIC_REPRESENTATION_CONTEXT(2) 
PARAMETRIC_REPRESENTATION_CONTEXT() REPRESENTATION_CONTEXT('2D SPACE',''
  ) );
#3984 = ADVANCED_FACE('',(#3985),#3952,.F.);
#3985 = FACE_BOUND('',#3986,.F.);
#3986 = EDGE_LOOP('',(#3987,#3988,#4011,#4039));
#3987 = ORIENTED_EDGE('',*,*,#3936,.T.);
#3988 = ORIENTED_EDGE('',*,*,#3989,.T.);
#3989 = EDGE_CURVE('',#3914,#3990,#3992,.T.);
#3990 = VERTEX_POINT('',#3991);
#3991 = CARTESIAN_POINT('',(1.4,0.475,0.));
#3992 = SURFACE_CURVE('',#3993,(#3997,#4004),.PCURVE_S1.);
#3993 = LINE('',#3994,#3995);
#3994 = CARTESIAN_POINT('',(1.4,0.475,0.15));
#3995 = VECTOR('',#3996,1.);
#3996 = DIRECTION('',(0.,0.,-1.));
#3997 = PCURVE('',#3952,#3998);
#3998 = DEFINITIONAL_REPRESENTATION('',(#3999),#4003);
#3999 = LINE('',#4000,#4001);
#4000 = CARTESIAN_POINT('',(0.,-0.3));
#4001 = VECTOR('',#4002,1.);
#4002 = DIRECTION('',(1.,0.));
#4003 = ( GEOMETRIC_REPRESENTATION_CONTEXT(2) 
PARAMETRIC_REPRESENTATION_CONTEXT() REPRESENTATION_CONTEXT('2D SPACE',''
  ) );
#4004 = PCURVE('',#3615,#4005);
#4005 = DEFINITIONAL_REPRESENTATION('',(#4006),#4010);
#4006 = LINE('',#4007,#4008);
#4007 = CARTESIAN_POINT('',(-0.104097612067,0.363842093643));
#4008 = VECTOR('',#4009,1.);
#4009 = DIRECTION('',(-1.,0.));
#4010 = ( GEOMETRIC_REPRESENTATION_CONTEXT(2) 
PARAMETRIC_REPRESENTATION_CONTEXT() REPRESENTATION_CONTEXT('2D SPACE',''
  ) );
#4011 = ORIENTED_EDGE('',*,*,#4012,.F.);
#4012 = EDGE_CURVE('',#4013,#3990,#4015,.T.);
#4013 = VERTEX_POINT('',#4014);
#4014 = CARTESIAN_POINT('',(1.4,0.175,0.));
#4015 = SURFACE_CURVE('',#4016,(#4020,#4027),.PCURVE_S1.);
#4016 = LINE('',#4017,#4018);
#4017 = CARTESIAN_POINT('',(1.4,0.175,0.));
#4018 = VECTOR('',#4019,1.);
#4019 = DIRECTION('',(0.,1.,0.));
#4020 = PCURVE('',#3952,#4021);
#4021 = DEFINITIONAL_REPRESENTATION('',(#4022),#4026);
#4022 = LINE('',#4023,#4024);
#4023 = CARTESIAN_POINT('',(0.15,0.));
#4024 = VECTOR('',#4025,1.);
#4025 = DIRECTION('',(0.,-1.));
#4026 = ( GEOMETRIC_REPRESENTATION_CONTEXT(2) 
PARAMETRIC_REPRESENTATION_CONTEXT() REPRESENTATION_CONTEXT('2D SPACE',''
  ) );
#4027 = PCURVE('',#4028,#4033);
#4028 = PLANE('',#4029);
#4029 = AXIS2_PLACEMENT_3D('',#4030,#4031,#4032);
#4030 = CARTESIAN_POINT('',(1.4,0.175,0.));
#4031 = DIRECTION('',(0.,-0.,1.));
#4032 = DIRECTION('',(-1.,0.,0.));
#4033 = DEFINITIONAL_REPRESENTATION('',(#4034),#4038);
#4034 = LINE('',#4035,#4036);
#4035 = CARTESIAN_POINT('',(0.,0.));
#4036 = VECTOR('',#4037,1.);
#4037 = DIRECTION('',(0.,-1.));
#4038 = ( GEOMETRIC_REPRESENTATION_CONTEXT(2) 
PARAMETRIC_REPRESENTATION_CONTEXT() REPRESENTATION_CONTEXT('2D SPACE',''
  ) );
#4039 = ORIENTED_EDGE('',*,*,#4040,.F.);
#4040 = EDGE_CURVE('',#3937,#4013,#4041,.T.);
#4041 = SURFACE_CURVE('',#4042,(#4046,#4053),.PCURVE_S1.);
#4042 = LINE('',#4043,#4044);
#4043 = CARTESIAN_POINT('',(1.4,0.175,0.15));
#4044 = VECTOR('',#4045,1.);
#4045 = DIRECTION('',(0.,0.,-1.));
#4046 = PCURVE('',#3952,#4047);
#4047 = DEFINITIONAL_REPRESENTATION('',(#4048),#4052);
#4048 = LINE('',#4049,#4050);
#4049 = CARTESIAN_POINT('',(0.,-0.));
#4050 = VECTOR('',#4051,1.);
#4051 = DIRECTION('',(1.,0.));
#4052 = ( GEOMETRIC_REPRESENTATION_CONTEXT(2) 
PARAMETRIC_REPRESENTATION_CONTEXT() REPRESENTATION_CONTEXT('2D SPACE',''
  ) );
#4053 = PCURVE('',#3669,#4054);
#4054 = DEFINITIONAL_REPRESENTATION('',(#4055),#4059);
#4055 = LINE('',#4056,#4057);
#4056 = CARTESIAN_POINT('',(-0.104097612067,0.363842093643));
#4057 = VECTOR('',#4058,1.);
#4058 = DIRECTION('',(-1.,0.));
#4059 = ( GEOMETRIC_REPRESENTATION_CONTEXT(2) 
PARAMETRIC_REPRESENTATION_CONTEXT() REPRESENTATION_CONTEXT('2D SPACE',''
  ) );
#4060 = ADVANCED_FACE('',(#4061),#4028,.F.);
#4061 = FACE_BOUND('',#4062,.F.);
#4062 = EDGE_LOOP('',(#4063,#4064,#4087,#4115));
#4063 = ORIENTED_EDGE('',*,*,#4012,.T.);
#4064 = ORIENTED_EDGE('',*,*,#4065,.T.);
#4065 = EDGE_CURVE('',#3990,#4066,#4068,.T.);
#4066 = VERTEX_POINT('',#4067);
#4067 = CARTESIAN_POINT('',(1.05,0.475,0.));
#4068 = SURFACE_CURVE('',#4069,(#4073,#4080),.PCURVE_S1.);
#4069 = LINE('',#4070,#4071);
#4070 = CARTESIAN_POINT('',(1.4,0.475,0.));
#4071 = VECTOR('',#4072,1.);
#4072 = DIRECTION('',(-1.,0.,0.));
#4073 = PCURVE('',#4028,#4074);
#4074 = DEFINITIONAL_REPRESENTATION('',(#4075),#4079);
#4075 = LINE('',#4076,#4077);
#4076 = CARTESIAN_POINT('',(0.,-0.3));
#4077 = VECTOR('',#4078,1.);
#4078 = DIRECTION('',(1.,0.));
#4079 = ( GEOMETRIC_REPRESENTATION_CONTEXT(2) 
PARAMETRIC_REPRESENTATION_CONTEXT() REPRESENTATION_CONTEXT('2D SPACE',''
  ) );
#4080 = PCURVE('',#3615,#4081);
#4081 = DEFINITIONAL_REPRESENTATION('',(#4082),#4086);
#4082 = LINE('',#4083,#4084);
#4083 = CARTESIAN_POINT('',(-0.254097612067,0.363842093643));
#4084 = VECTOR('',#4085,1.);
#4085 = DIRECTION('',(0.,-1.));
#4086 = ( GEOMETRIC_REPRESENTATION_CONTEXT(2) 
PARAMETRIC_REPRESENTATION_CONTEXT() REPRESENTATION_CONTEXT('2D SPACE',''
  ) );
#4087 = ORIENTED_EDGE('',*,*,#4088,.F.);
#4088 = EDGE_CURVE('',#4089,#4066,#4091,.T.);
#4089 = VERTEX_POINT('',#4090);
#4090 = CARTESIAN_POINT('',(1.05,0.175,0.));
#4091 = SURFACE_CURVE('',#4092,(#4096,#4103),.PCURVE_S1.);
#4092 = LINE('',#4093,#4094);
#4093 = CARTESIAN_POINT('',(1.05,0.175,0.));
#4094 = VECTOR('',#4095,1.);
#4095 = DIRECTION('',(0.,1.,0.));
#4096 = PCURVE('',#4028,#4097);
#4097 = DEFINITIONAL_REPRESENTATION('',(#4098),#4102);
#4098 = LINE('',#4099,#4100);
#4099 = CARTESIAN_POINT('',(0.35,0.));
#4100 = VECTOR('',#4101,1.);
#4101 = DIRECTION('',(0.,-1.));
#4102 = ( GEOMETRIC_REPRESENTATION_CONTEXT(2) 
PARAMETRIC_REPRESENTATION_CONTEXT() REPRESENTATION_CONTEXT('2D SPACE',''
  ) );
#4103 = PCURVE('',#4104,#4109);
#4104 = PLANE('',#4105);
#4105 = AXIS2_PLACEMENT_3D('',#4106,#4107,#4108);
#4106 = CARTESIAN_POINT('',(1.05,0.175,0.));
#4107 = DIRECTION('',(0.554700196225,-0.,0.832050294338));
#4108 = DIRECTION('',(-0.832050294338,0.,0.554700196225));
#4109 = DEFINITIONAL_REPRESENTATION('',(#4110),#4114);
#4110 = LINE('',#4111,#4112);
#4111 = CARTESIAN_POINT('',(0.,0.));
#4112 = VECTOR('',#4113,1.);
#4113 = DIRECTION('',(0.,-1.));
#4114 = ( GEOMETRIC_REPRESENTATION_CONTEXT(2) 
PARAMETRIC_REPRESENTATION_CONTEXT() REPRESENTATION_CONTEXT('2D SPACE',''
  ) );
#4115 = ORIENTED_EDGE('',*,*,#4116,.F.);
#4116 = EDGE_CURVE('',#4013,#4089,#4117,.T.);
#4117 = SURFACE_CURVE('',#4118,(#4122,#4129),.PCURVE_S1.);
#4118 = LINE('',#4119,#4120);
#4119 = CARTESIAN_POINT('',(1.4,0.175,0.));
#4120 = VECTOR('',#4121,1.);
#4121 = DIRECTION('',(-1.,0.,0.));
#4122 = PCURVE('',#4028,#4123);
#4123 = DEFINITIONAL_REPRESENTATION('',(#4124),#4128);
#4124 = LINE('',#4125,#4126);
#4125 = CARTESIAN_POINT('',(0.,0.));
#4126 = VECTOR('',#4127,1.);
#4127 = DIRECTION('',(1.,0.));
#4128 = ( GEOMETRIC_REPRESENTATION_CONTEXT(2) 
PARAMETRIC_REPRESENTATION_CONTEXT() REPRESENTATION_CONTEXT('2D SPACE',''
  ) );
#4129 = PCURVE('',#3669,#4130);
#4130 = DEFINITIONAL_REPRESENTATION('',(#4131),#4135);
#4131 = LINE('',#4132,#4133);
#4132 = CARTESIAN_POINT('',(-0.254097612067,0.363842093643));
#4133 = VECTOR('',#4134,1.);
#4134 = DIRECTION('',(0.,-1.));
#4135 = ( GEOMETRIC_REPRESENTATION_CONTEXT(2) 
PARAMETRIC_REPRESENTATION_CONTEXT() REPRESENTATION_CONTEXT('2D SPACE',''
  ) );
#4136 = ADVANCED_FACE('',(#4137),#4104,.F.);
#4137 = FACE_BOUND('',#4138,.F.);
#4138 = EDGE_LOOP('',(#4139,#4140,#4163,#4191));
#4139 = ORIENTED_EDGE('',*,*,#4088,.T.);
#4140 = ORIENTED_EDGE('',*,*,#4141,.T.);
#4141 = EDGE_CURVE('',#4066,#4142,#4144,.T.);
#4142 = VERTEX_POINT('',#4143);
#4143 = CARTESIAN_POINT('',(0.99,0.475,4.E-02));
#4144 = SURFACE_CURVE('',#4145,(#4149,#4156),.PCURVE_S1.);
#4145 = LINE('',#4146,#4147);
#4146 = CARTESIAN_POINT('',(1.05,0.475,0.));
#4147 = VECTOR('',#4148,1.);
#4148 = DIRECTION('',(-0.832050294338,0.,0.554700196225));
#4149 = PCURVE('',#4104,#4150);
#4150 = DEFINITIONAL_REPRESENTATION('',(#4151),#4155);
#4151 = LINE('',#4152,#4153);
#4152 = CARTESIAN_POINT('',(0.,-0.3));
#4153 = VECTOR('',#4154,1.);
#4154 = DIRECTION('',(1.,0.));
#4155 = ( GEOMETRIC_REPRESENTATION_CONTEXT(2) 
PARAMETRIC_REPRESENTATION_CONTEXT() REPRESENTATION_CONTEXT('2D SPACE',''
  ) );
#4156 = PCURVE('',#3615,#4157);
#4157 = DEFINITIONAL_REPRESENTATION('',(#4158),#4162);
#4158 = LINE('',#4159,#4160);
#4159 = CARTESIAN_POINT('',(-0.254097612067,1.384209364257E-02));
#4160 = VECTOR('',#4161,1.);
#4161 = DIRECTION('',(0.554700196225,-0.832050294338));
#4162 = ( GEOMETRIC_REPRESENTATION_CONTEXT(2) 
PARAMETRIC_REPRESENTATION_CONTEXT() REPRESENTATION_CONTEXT('2D SPACE',''
  ) );
#4163 = ORIENTED_EDGE('',*,*,#4164,.F.);
#4164 = EDGE_CURVE('',#4165,#4142,#4167,.T.);
#4165 = VERTEX_POINT('',#4166);
#4166 = CARTESIAN_POINT('',(0.99,0.175,4.E-02));
#4167 = SURFACE_CURVE('',#4168,(#4172,#4179),.PCURVE_S1.);
#4168 = LINE('',#4169,#4170);
#4169 = CARTESIAN_POINT('',(0.99,0.175,4.E-02));
#4170 = VECTOR('',#4171,1.);
#4171 = DIRECTION('',(0.,1.,0.));
#4172 = PCURVE('',#4104,#4173);
#4173 = DEFINITIONAL_REPRESENTATION('',(#4174),#4178);
#4174 = LINE('',#4175,#4176);
#4175 = CARTESIAN_POINT('',(7.211102550928E-02,0.));
#4176 = VECTOR('',#4177,1.);
#4177 = DIRECTION('',(0.,-1.));
#4178 = ( GEOMETRIC_REPRESENTATION_CONTEXT(2) 
PARAMETRIC_REPRESENTATION_CONTEXT() REPRESENTATION_CONTEXT('2D SPACE',''
  ) );
#4179 = PCURVE('',#4180,#4185);
#4180 = PLANE('',#4181);
#4181 = AXIS2_PLACEMENT_3D('',#4182,#4183,#4184);
#4182 = CARTESIAN_POINT('',(0.99,0.175,4.E-02));
#4183 = DIRECTION('',(0.948683298051,-0.,0.316227766017));
#4184 = DIRECTION('',(-0.316227766017,0.,0.948683298051));
#4185 = DEFINITIONAL_REPRESENTATION('',(#4186),#4190);
#4186 = LINE('',#4187,#4188);
#4187 = CARTESIAN_POINT('',(0.,0.));
#4188 = VECTOR('',#4189,1.);
#4189 = DIRECTION('',(0.,-1.));
#4190 = ( GEOMETRIC_REPRESENTATION_CONTEXT(2) 
PARAMETRIC_REPRESENTATION_CONTEXT() REPRESENTATION_CONTEXT('2D SPACE',''
  ) );
#4191 = ORIENTED_EDGE('',*,*,#4192,.F.);
#4192 = EDGE_CURVE('',#4089,#4165,#4193,.T.);
#4193 = SURFACE_CURVE('',#4194,(#4198,#4205),.PCURVE_S1.);
#4194 = LINE('',#4195,#4196);
#4195 = CARTESIAN_POINT('',(1.05,0.175,0.));
#4196 = VECTOR('',#4197,1.);
#4197 = DIRECTION('',(-0.832050294338,0.,0.554700196225));
#4198 = PCURVE('',#4104,#4199);
#4199 = DEFINITIONAL_REPRESENTATION('',(#4200),#4204);
#4200 = LINE('',#4201,#4202);
#4201 = CARTESIAN_POINT('',(0.,0.));
#4202 = VECTOR('',#4203,1.);
#4203 = DIRECTION('',(1.,0.));
#4204 = ( GEOMETRIC_REPRESENTATION_CONTEXT(2) 
PARAMETRIC_REPRESENTATION_CONTEXT() REPRESENTATION_CONTEXT('2D SPACE',''
  ) );
#4205 = PCURVE('',#3669,#4206);
#4206 = DEFINITIONAL_REPRESENTATION('',(#4207),#4211);
#4207 = LINE('',#4208,#4209);
#4208 = CARTESIAN_POINT('',(-0.254097612067,1.384209364257E-02));
#4209 = VECTOR('',#4210,1.);
#4210 = DIRECTION('',(0.554700196225,-0.832050294338));
#4211 = ( GEOMETRIC_REPRESENTATION_CONTEXT(2) 
PARAMETRIC_REPRESENTATION_CONTEXT() REPRESENTATION_CONTEXT('2D SPACE',''
  ) );
#4212 = ADVANCED_FACE('',(#4213),#4180,.F.);
#4213 = FACE_BOUND('',#4214,.F.);
#4214 = EDGE_LOOP('',(#4215,#4216,#4239,#4267));
#4215 = ORIENTED_EDGE('',*,*,#4164,.T.);
#4216 = ORIENTED_EDGE('',*,*,#4217,.T.);
#4217 = EDGE_CURVE('',#4142,#4218,#4220,.T.);
#4218 = VERTEX_POINT('',#4219);
#4219 = CARTESIAN_POINT('',(0.88,0.475,0.37));
#4220 = SURFACE_CURVE('',#4221,(#4225,#4232),.PCURVE_S1.);
#4221 = LINE('',#4222,#4223);
#4222 = CARTESIAN_POINT('',(0.99,0.475,4.E-02));
#4223 = VECTOR('',#4224,1.);
#4224 = DIRECTION('',(-0.316227766017,0.,0.948683298051));
#4225 = PCURVE('',#4180,#4226);
#4226 = DEFINITIONAL_REPRESENTATION('',(#4227),#4231);
#4227 = LINE('',#4228,#4229);
#4228 = CARTESIAN_POINT('',(0.,-0.3));
#4229 = VECTOR('',#4230,1.);
#4230 = DIRECTION('',(1.,0.));
#4231 = ( GEOMETRIC_REPRESENTATION_CONTEXT(2) 
PARAMETRIC_REPRESENTATION_CONTEXT() REPRESENTATION_CONTEXT('2D SPACE',''
  ) );
#4232 = PCURVE('',#3615,#4233);
#4233 = DEFINITIONAL_REPRESENTATION('',(#4234),#4238);
#4234 = LINE('',#4235,#4236);
#4235 = CARTESIAN_POINT('',(-0.214097612067,-4.615790635743E-02));
#4236 = VECTOR('',#4237,1.);
#4237 = DIRECTION('',(0.948683298051,-0.316227766017));
#4238 = ( GEOMETRIC_REPRESENTATION_CONTEXT(2) 
PARAMETRIC_REPRESENTATION_CONTEXT() REPRESENTATION_CONTEXT('2D SPACE',''
  ) );
#4239 = ORIENTED_EDGE('',*,*,#4240,.F.);
#4240 = EDGE_CURVE('',#4241,#4218,#4243,.T.);
#4241 = VERTEX_POINT('',#4242);
#4242 = CARTESIAN_POINT('',(0.88,0.175,0.37));
#4243 = SURFACE_CURVE('',#4244,(#4248,#4255),.PCURVE_S1.);
#4244 = LINE('',#4245,#4246);
#4245 = CARTESIAN_POINT('',(0.88,0.175,0.37));
#4246 = VECTOR('',#4247,1.);
#4247 = DIRECTION('',(0.,1.,0.));
#4248 = PCURVE('',#4180,#4249);
#4249 = DEFINITIONAL_REPRESENTATION('',(#4250),#4254);
#4250 = LINE('',#4251,#4252);
#4251 = CARTESIAN_POINT('',(0.347850542619,0.));
#4252 = VECTOR('',#4253,1.);
#4253 = DIRECTION('',(0.,-1.));
#4254 = ( GEOMETRIC_REPRESENTATION_CONTEXT(2) 
PARAMETRIC_REPRESENTATION_CONTEXT() REPRESENTATION_CONTEXT('2D SPACE',''
  ) );
#4255 = PCURVE('',#4256,#4261);
#4256 = PLANE('',#4257);
#4257 = AXIS2_PLACEMENT_3D('',#4258,#4259,#4260);
#4258 = CARTESIAN_POINT('',(0.88,0.175,0.37));
#4259 = DIRECTION('',(0.6,-0.,0.8));
#4260 = DIRECTION('',(-0.8,0.,0.6));
#4261 = DEFINITIONAL_REPRESENTATION('',(#4262),#4266);
#4262 = LINE('',#4263,#4264);
#4263 = CARTESIAN_POINT('',(0.,0.));
#4264 = VECTOR('',#4265,1.);
#4265 = DIRECTION('',(0.,-1.));
#4266 = ( GEOMETRIC_REPRESENTATION_CONTEXT(2) 
PARAMETRIC_REPRESENTATION_CONTEXT() REPRESENTATION_CONTEXT('2D SPACE',''
  ) );
#4267 = ORIENTED_EDGE('',*,*,#4268,.F.);
#4268 = EDGE_CURVE('',#4165,#4241,#4269,.T.);
#4269 = SURFACE_CURVE('',#4270,(#4274,#4281),.PCURVE_S1.);
#4270 = LINE('',#4271,#4272);
#4271 = CARTESIAN_POINT('',(0.99,0.175,4.E-02));
#4272 = VECTOR('',#4273,1.);
#4273 = DIRECTION('',(-0.316227766017,0.,0.948683298051));
#4274 = PCURVE('',#4180,#4275);
#4275 = DEFINITIONAL_REPRESENTATION('',(#4276),#4280);
#4276 = LINE('',#4277,#4278);
#4277 = CARTESIAN_POINT('',(0.,0.));
#4278 = VECTOR('',#4279,1.);
#4279 = DIRECTION('',(1.,0.));
#4280 = ( GEOMETRIC_REPRESENTATION_CONTEXT(2) 
PARAMETRIC_REPRESENTATION_CONTEXT() REPRESENTATION_CONTEXT('2D SPACE',''
  ) );
#4281 = PCURVE('',#3669,#4282);
#4282 = DEFINITIONAL_REPRESENTATION('',(#4283),#4287);
#4283 = LINE('',#4284,#4285);
#4284 = CARTESIAN_POINT('',(-0.214097612067,-4.615790635743E-02));
#4285 = VECTOR('',#4286,1.);
#4286 = DIRECTION('',(0.948683298051,-0.316227766017));
#4287 = ( GEOMETRIC_REPRESENTATION_CONTEXT(2) 
PARAMETRIC_REPRESENTATION_CONTEXT() REPRESENTATION_CONTEXT('2D SPACE',''
  ) );
#4288 = ADVANCED_FACE('',(#4289),#4256,.F.);
#4289 = FACE_BOUND('',#4290,.F.);
#4290 = EDGE_LOOP('',(#4291,#4292,#4315,#4343));
#4291 = ORIENTED_EDGE('',*,*,#4240,.T.);
#4292 = ORIENTED_EDGE('',*,*,#4293,.T.);
#4293 = EDGE_CURVE('',#4218,#4294,#4296,.T.);
#4294 = VERTEX_POINT('',#4295);
#4295 = CARTESIAN_POINT('',(0.84,0.475,0.4));
#4296 = SURFACE_CURVE('',#4297,(#4301,#4308),.PCURVE_S1.);
#4297 = LINE('',#4298,#4299);
#4298 = CARTESIAN_POINT('',(0.88,0.475,0.37));
#4299 = VECTOR('',#4300,1.);
#4300 = DIRECTION('',(-0.8,0.,0.6));
#4301 = PCURVE('',#4256,#4302);
#4302 = DEFINITIONAL_REPRESENTATION('',(#4303),#4307);
#4303 = LINE('',#4304,#4305);
#4304 = CARTESIAN_POINT('',(0.,-0.3));
#4305 = VECTOR('',#4306,1.);
#4306 = DIRECTION('',(1.,0.));
#4307 = ( GEOMETRIC_REPRESENTATION_CONTEXT(2) 
PARAMETRIC_REPRESENTATION_CONTEXT() REPRESENTATION_CONTEXT('2D SPACE',''
  ) );
#4308 = PCURVE('',#3615,#4309);
#4309 = DEFINITIONAL_REPRESENTATION('',(#4310),#4314);
#4310 = LINE('',#4311,#4312);
#4311 = CARTESIAN_POINT('',(0.115902387933,-0.156157906357));
#4312 = VECTOR('',#4313,1.);
#4313 = DIRECTION('',(0.6,-0.8));
#4314 = ( GEOMETRIC_REPRESENTATION_CONTEXT(2) 
PARAMETRIC_REPRESENTATION_CONTEXT() REPRESENTATION_CONTEXT('2D SPACE',''
  ) );
#4315 = ORIENTED_EDGE('',*,*,#4316,.F.);
#4316 = EDGE_CURVE('',#4317,#4294,#4319,.T.);
#4317 = VERTEX_POINT('',#4318);
#4318 = CARTESIAN_POINT('',(0.84,0.175,0.4));
#4319 = SURFACE_CURVE('',#4320,(#4324,#4331),.PCURVE_S1.);
#4320 = LINE('',#4321,#4322);
#4321 = CARTESIAN_POINT('',(0.84,0.175,0.4));
#4322 = VECTOR('',#4323,1.);
#4323 = DIRECTION('',(0.,1.,0.));
#4324 = PCURVE('',#4256,#4325);
#4325 = DEFINITIONAL_REPRESENTATION('',(#4326),#4330);
#4326 = LINE('',#4327,#4328);
#4327 = CARTESIAN_POINT('',(5.E-02,0.));
#4328 = VECTOR('',#4329,1.);
#4329 = DIRECTION('',(0.,-1.));
#4330 = ( GEOMETRIC_REPRESENTATION_CONTEXT(2) 
PARAMETRIC_REPRESENTATION_CONTEXT() REPRESENTATION_CONTEXT('2D SPACE',''
  ) );
#4331 = PCURVE('',#4332,#4337);
#4332 = PLANE('',#4333);
#4333 = AXIS2_PLACEMENT_3D('',#4334,#4335,#4336);
#4334 = CARTESIAN_POINT('',(0.84,0.175,0.4));
#4335 = DIRECTION('',(0.,-0.,1.));
#4336 = DIRECTION('',(-1.,0.,0.));
#4337 = DEFINITIONAL_REPRESENTATION('',(#4338),#4342);
#4338 = LINE('',#4339,#4340);
#4339 = CARTESIAN_POINT('',(0.,0.));
#4340 = VECTOR('',#4341,1.);
#4341 = DIRECTION('',(0.,-1.));
#4342 = ( GEOMETRIC_REPRESENTATION_CONTEXT(2) 
PARAMETRIC_REPRESENTATION_CONTEXT() REPRESENTATION_CONTEXT('2D SPACE',''
  ) );
#4343 = ORIENTED_EDGE('',*,*,#4344,.F.);
#4344 = EDGE_CURVE('',#4241,#4317,#4345,.T.);
#4345 = SURFACE_CURVE('',#4346,(#4350,#4357),.PCURVE_S1.);
#4346 = LINE('',#4347,#4348);
#4347 = CARTESIAN_POINT('',(0.88,0.175,0.37));
#4348 = VECTOR('',#4349,1.);
#4349 = DIRECTION('',(-0.8,0.,0.6));
#4350 = PCURVE('',#4256,#4351);
#4351 = DEFINITIONAL_REPRESENTATION('',(#4352),#4356);
#4352 = LINE('',#4353,#4354);
#4353 = CARTESIAN_POINT('',(0.,0.));
#4354 = VECTOR('',#4355,1.);
#4355 = DIRECTION('',(1.,0.));
#4356 = ( GEOMETRIC_REPRESENTATION_CONTEXT(2) 
PARAMETRIC_REPRESENTATION_CONTEXT() REPRESENTATION_CONTEXT('2D SPACE',''
  ) );
#4357 = PCURVE('',#3669,#4358);
#4358 = DEFINITIONAL_REPRESENTATION('',(#4359),#4363);
#4359 = LINE('',#4360,#4361);
#4360 = CARTESIAN_POINT('',(0.115902387933,-0.156157906357));
#4361 = VECTOR('',#4362,1.);
#4362 = DIRECTION('',(0.6,-0.8));
#4363 = ( GEOMETRIC_REPRESENTATION_CONTEXT(2) 
PARAMETRIC_REPRESENTATION_CONTEXT() REPRESENTATION_CONTEXT('2D SPACE',''
  ) );
#4364 = ADVANCED_FACE('',(#4365),#4332,.F.);
#4365 = FACE_BOUND('',#4366,.F.);
#4366 = EDGE_LOOP('',(#4367,#4368,#4391,#4414));
#4367 = ORIENTED_EDGE('',*,*,#4316,.T.);
#4368 = ORIENTED_EDGE('',*,*,#4369,.T.);
#4369 = EDGE_CURVE('',#4294,#4370,#4372,.T.);
#4370 = VERTEX_POINT('',#4371);
#4371 = CARTESIAN_POINT('',(0.7,0.475,0.4));
#4372 = SURFACE_CURVE('',#4373,(#4377,#4384),.PCURVE_S1.);
#4373 = LINE('',#4374,#4375);
#4374 = CARTESIAN_POINT('',(0.84,0.475,0.4));
#4375 = VECTOR('',#4376,1.);
#4376 = DIRECTION('',(-1.,0.,0.));
#4377 = PCURVE('',#4332,#4378);
#4378 = DEFINITIONAL_REPRESENTATION('',(#4379),#4383);
#4379 = LINE('',#4380,#4381);
#4380 = CARTESIAN_POINT('',(0.,-0.3));
#4381 = VECTOR('',#4382,1.);
#4382 = DIRECTION('',(1.,0.));
#4383 = ( GEOMETRIC_REPRESENTATION_CONTEXT(2) 
PARAMETRIC_REPRESENTATION_CONTEXT() REPRESENTATION_CONTEXT('2D SPACE',''
  ) );
#4384 = PCURVE('',#3615,#4385);
#4385 = DEFINITIONAL_REPRESENTATION('',(#4386),#4390);
#4386 = LINE('',#4387,#4388);
#4387 = CARTESIAN_POINT('',(0.145902387933,-0.196157906357));
#4388 = VECTOR('',#4389,1.);
#4389 = DIRECTION('',(0.,-1.));
#4390 = ( GEOMETRIC_REPRESENTATION_CONTEXT(2) 
PARAMETRIC_REPRESENTATION_CONTEXT() REPRESENTATION_CONTEXT('2D SPACE',''
  ) );
#4391 = ORIENTED_EDGE('',*,*,#4392,.F.);
#4392 = EDGE_CURVE('',#4393,#4370,#4395,.T.);
#4393 = VERTEX_POINT('',#4394);
#4394 = CARTESIAN_POINT('',(0.7,0.175,0.4));
#4395 = SURFACE_CURVE('',#4396,(#4400,#4407),.PCURVE_S1.);
#4396 = LINE('',#4397,#4398);
#4397 = CARTESIAN_POINT('',(0.7,0.175,0.4));
#4398 = VECTOR('',#4399,1.);
#4399 = DIRECTION('',(0.,1.,0.));
#4400 = PCURVE('',#4332,#4401);
#4401 = DEFINITIONAL_REPRESENTATION('',(#4402),#4406);
#4402 = LINE('',#4403,#4404);
#4403 = CARTESIAN_POINT('',(0.14,0.));
#4404 = VECTOR('',#4405,1.);
#4405 = DIRECTION('',(0.,-1.));
#4406 = ( GEOMETRIC_REPRESENTATION_CONTEXT(2) 
PARAMETRIC_REPRESENTATION_CONTEXT() REPRESENTATION_CONTEXT('2D SPACE',''
  ) );
#4407 = PCURVE('',#3587,#4408);
#4408 = DEFINITIONAL_REPRESENTATION('',(#4409),#4413);
#4409 = LINE('',#4410,#4411);
#4410 = CARTESIAN_POINT('',(0.,0.));
#4411 = VECTOR('',#4412,1.);
#4412 = DIRECTION('',(0.,-1.));
#4413 = ( GEOMETRIC_REPRESENTATION_CONTEXT(2) 
PARAMETRIC_REPRESENTATION_CONTEXT() REPRESENTATION_CONTEXT('2D SPACE',''
  ) );
#4414 = ORIENTED_EDGE('',*,*,#4415,.F.);
#4415 = EDGE_CURVE('',#4317,#4393,#4416,.T.);
#4416 = SURFACE_CURVE('',#4417,(#4421,#4428),.PCURVE_S1.);
#4417 = LINE('',#4418,#4419);
#4418 = CARTESIAN_POINT('',(0.84,0.175,0.4));
#4419 = VECTOR('',#4420,1.);
#4420 = DIRECTION('',(-1.,0.,0.));
#4421 = PCURVE('',#4332,#4422);
#4422 = DEFINITIONAL_REPRESENTATION('',(#4423),#4427);
#4423 = LINE('',#4424,#4425);
#4424 = CARTESIAN_POINT('',(0.,0.));
#4425 = VECTOR('',#4426,1.);
#4426 = DIRECTION('',(1.,0.));
#4427 = ( GEOMETRIC_REPRESENTATION_CONTEXT(2) 
PARAMETRIC_REPRESENTATION_CONTEXT() REPRESENTATION_CONTEXT('2D SPACE',''
  ) );
#4428 = PCURVE('',#3669,#4429);
#4429 = DEFINITIONAL_REPRESENTATION('',(#4430),#4434);
#4430 = LINE('',#4431,#4432);
#4431 = CARTESIAN_POINT('',(0.145902387933,-0.196157906357));
#4432 = VECTOR('',#4433,1.);
#4433 = DIRECTION('',(0.,-1.));
#4434 = ( GEOMETRIC_REPRESENTATION_CONTEXT(2) 
PARAMETRIC_REPRESENTATION_CONTEXT() REPRESENTATION_CONTEXT('2D SPACE',''
  ) );
#4435 = ADVANCED_FACE('',(#4436),#3587,.F.);
#4436 = FACE_BOUND('',#4437,.F.);
#4437 = EDGE_LOOP('',(#4438,#4439,#4460,#4461));
#4438 = ORIENTED_EDGE('',*,*,#4392,.T.);
#4439 = ORIENTED_EDGE('',*,*,#4440,.T.);
#4440 = EDGE_CURVE('',#4370,#3567,#4441,.T.);
#4441 = SURFACE_CURVE('',#4442,(#4446,#4453),.PCURVE_S1.);
#4442 = LINE('',#4443,#4444);
#4443 = CARTESIAN_POINT('',(0.7,0.475,0.4));
#4444 = VECTOR('',#4445,1.);
#4445 = DIRECTION('',(0.,0.,1.));
#4446 = PCURVE('',#3587,#4447);
#4447 = DEFINITIONAL_REPRESENTATION('',(#4448),#4452);
#4448 = LINE('',#4449,#4450);
#4449 = CARTESIAN_POINT('',(0.,-0.3));
#4450 = VECTOR('',#4451,1.);
#4451 = DIRECTION('',(1.,0.));
#4452 = ( GEOMETRIC_REPRESENTATION_CONTEXT(2) 
PARAMETRIC_REPRESENTATION_CONTEXT() REPRESENTATION_CONTEXT('2D SPACE',''
  ) );
#4453 = PCURVE('',#3615,#4454);
#4454 = DEFINITIONAL_REPRESENTATION('',(#4455),#4459);
#4455 = LINE('',#4456,#4457);
#4456 = CARTESIAN_POINT('',(0.145902387933,-0.336157906357));
#4457 = VECTOR('',#4458,1.);
#4458 = DIRECTION('',(1.,0.));
#4459 = ( GEOMETRIC_REPRESENTATION_CONTEXT(2) 
PARAMETRIC_REPRESENTATION_CONTEXT() REPRESENTATION_CONTEXT('2D SPACE',''
  ) );
#4460 = ORIENTED_EDGE('',*,*,#3564,.F.);
#4461 = ORIENTED_EDGE('',*,*,#4462,.F.);
#4462 = EDGE_CURVE('',#4393,#3565,#4463,.T.);
#4463 = SURFACE_CURVE('',#4464,(#4468,#4475),.PCURVE_S1.);
#4464 = LINE('',#4465,#4466);
#4465 = CARTESIAN_POINT('',(0.7,0.175,0.4));
#4466 = VECTOR('',#4467,1.);
#4467 = DIRECTION('',(0.,0.,1.));
#4468 = PCURVE('',#3587,#4469);
#4469 = DEFINITIONAL_REPRESENTATION('',(#4470),#4474);
#4470 = LINE('',#4471,#4472);
#4471 = CARTESIAN_POINT('',(0.,0.));
#4472 = VECTOR('',#4473,1.);
#4473 = DIRECTION('',(1.,0.));
#4474 = ( GEOMETRIC_REPRESENTATION_CONTEXT(2) 
PARAMETRIC_REPRESENTATION_CONTEXT() REPRESENTATION_CONTEXT('2D SPACE',''
  ) );
#4475 = PCURVE('',#3669,#4476);
#4476 = DEFINITIONAL_REPRESENTATION('',(#4477),#4481);
#4477 = LINE('',#4478,#4479);
#4478 = CARTESIAN_POINT('',(0.145902387933,-0.336157906357));
#4479 = VECTOR('',#4480,1.);
#4480 = DIRECTION('',(1.,0.));
#4481 = ( GEOMETRIC_REPRESENTATION_CONTEXT(2) 
PARAMETRIC_REPRESENTATION_CONTEXT() REPRESENTATION_CONTEXT('2D SPACE',''
  ) );
#4482 = ADVANCED_FACE('',(#4483),#3669,.F.);
#4483 = FACE_BOUND('',#4484,.F.);
#4484 = EDGE_LOOP('',(#4485,#4486,#4487,#4488,#4489,#4490,#4491,#4492,
    #4493,#4494,#4495,#4496));
#4485 = ORIENTED_EDGE('',*,*,#3655,.T.);
#4486 = ORIENTED_EDGE('',*,*,#3736,.T.);
#4487 = ORIENTED_EDGE('',*,*,#3812,.T.);
#4488 = ORIENTED_EDGE('',*,*,#3888,.T.);
#4489 = ORIENTED_EDGE('',*,*,#3964,.T.);
#4490 = ORIENTED_EDGE('',*,*,#4040,.T.);
#4491 = ORIENTED_EDGE('',*,*,#4116,.T.);
#4492 = ORIENTED_EDGE('',*,*,#4192,.T.);
#4493 = ORIENTED_EDGE('',*,*,#4268,.T.);
#4494 = ORIENTED_EDGE('',*,*,#4344,.T.);
#4495 = ORIENTED_EDGE('',*,*,#4415,.T.);
#4496 = ORIENTED_EDGE('',*,*,#4462,.T.);
#4497 = ADVANCED_FACE('',(#4498),#3615,.T.);
#4498 = FACE_BOUND('',#4499,.T.);
#4499 = EDGE_LOOP('',(#4500,#4501,#4502,#4503,#4504,#4505,#4506,#4507,
    #4508,#4509,#4510,#4511));
#4500 = ORIENTED_EDGE('',*,*,#3599,.T.);
#4501 = ORIENTED_EDGE('',*,*,#3685,.T.);
#4502 = ORIENTED_EDGE('',*,*,#3761,.T.);
#4503 = ORIENTED_EDGE('',*,*,#3837,.T.);
#4504 = ORIENTED_EDGE('',*,*,#3913,.T.);
#4505 = ORIENTED_EDGE('',*,*,#3989,.T.);
#4506 = ORIENTED_EDGE('',*,*,#4065,.T.);
#4507 = ORIENTED_EDGE('',*,*,#4141,.T.);
#4508 = ORIENTED_EDGE('',*,*,#4217,.T.);
#4509 = ORIENTED_EDGE('',*,*,#4293,.T.);
#4510 = ORIENTED_EDGE('',*,*,#4369,.T.);
#4511 = ORIENTED_EDGE('',*,*,#4440,.T.);
#4512 = MANIFOLD_SOLID_BREP('',#4513);
#4513 = CLOSED_SHELL('',(#4514,#4634,#4710,#4786,#4862,#4938,#5014,#5090
    ,#5166,#5242,#5318,#5389,#5436,#5451));
#4514 = ADVANCED_FACE('',(#4515),#4529,.T.);
#4515 = FACE_BOUND('',#4516,.T.);
#4516 = EDGE_LOOP('',(#4517,#4552,#4580,#4608));
#4517 = ORIENTED_EDGE('',*,*,#4518,.T.);
#4518 = EDGE_CURVE('',#4519,#4521,#4523,.T.);
#4519 = VERTEX_POINT('',#4520);
#4520 = CARTESIAN_POINT('',(-0.7,-0.475,0.55));
#4521 = VERTEX_POINT('',#4522);
#4522 = CARTESIAN_POINT('',(-0.7,-0.175,0.55));
#4523 = SURFACE_CURVE('',#4524,(#4528,#4540),.PCURVE_S1.);
#4524 = LINE('',#4525,#4526);
#4525 = CARTESIAN_POINT('',(-0.7,-0.475,0.55));
#4526 = VECTOR('',#4527,1.);
#4527 = DIRECTION('',(0.,1.,0.));
#4528 = PCURVE('',#4529,#4534);
#4529 = PLANE('',#4530);
#4530 = AXIS2_PLACEMENT_3D('',#4531,#4532,#4533);
#4531 = CARTESIAN_POINT('',(-0.7,-0.475,0.55));
#4532 = DIRECTION('',(0.,-0.,1.));
#4533 = DIRECTION('',(-1.,0.,0.));
#4534 = DEFINITIONAL_REPRESENTATION('',(#4535),#4539);
#4535 = LINE('',#4536,#4537);
#4536 = CARTESIAN_POINT('',(0.,0.));
#4537 = VECTOR('',#4538,1.);
#4538 = DIRECTION('',(0.,-1.));
#4539 = ( GEOMETRIC_REPRESENTATION_CONTEXT(2) 
PARAMETRIC_REPRESENTATION_CONTEXT() REPRESENTATION_CONTEXT('2D SPACE',''
  ) );
#4540 = PCURVE('',#4541,#4546);
#4541 = PLANE('',#4542);
#4542 = AXIS2_PLACEMENT_3D('',#4543,#4544,#4545);
#4543 = CARTESIAN_POINT('',(-0.7,-0.475,0.4));
#4544 = DIRECTION('',(1.,0.,0.));
#4545 = DIRECTION('',(0.,0.,1.));
#4546 = DEFINITIONAL_REPRESENTATION('',(#4547),#4551);
#4547 = LINE('',#4548,#4549);
#4548 = CARTESIAN_POINT('',(0.15,0.));
#4549 = VECTOR('',#4550,1.);
#4550 = DIRECTION('',(0.,-1.));
#4551 = ( GEOMETRIC_REPRESENTATION_CONTEXT(2) 
PARAMETRIC_REPRESENTATION_CONTEXT() REPRESENTATION_CONTEXT('2D SPACE',''
  ) );
#4552 = ORIENTED_EDGE('',*,*,#4553,.T.);
#4553 = EDGE_CURVE('',#4521,#4554,#4556,.T.);
#4554 = VERTEX_POINT('',#4555);
#4555 = CARTESIAN_POINT('',(-0.93,-0.175,0.55));
#4556 = SURFACE_CURVE('',#4557,(#4561,#4568),.PCURVE_S1.);
#4557 = LINE('',#4558,#4559);
#4558 = CARTESIAN_POINT('',(-0.7,-0.175,0.55));
#4559 = VECTOR('',#4560,1.);
#4560 = DIRECTION('',(-1.,0.,0.));
#4561 = PCURVE('',#4529,#4562);
#4562 = DEFINITIONAL_REPRESENTATION('',(#4563),#4567);
#4563 = LINE('',#4564,#4565);
#4564 = CARTESIAN_POINT('',(0.,-0.3));
#4565 = VECTOR('',#4566,1.);
#4566 = DIRECTION('',(1.,0.));
#4567 = ( GEOMETRIC_REPRESENTATION_CONTEXT(2) 
PARAMETRIC_REPRESENTATION_CONTEXT() REPRESENTATION_CONTEXT('2D SPACE',''
  ) );
#4568 = PCURVE('',#4569,#4574);
#4569 = PLANE('',#4570);
#4570 = AXIS2_PLACEMENT_3D('',#4571,#4572,#4573);
#4571 = CARTESIAN_POINT('',(-1.036157906357,-0.175,0.254097612067));
#4572 = DIRECTION('',(-0.,-1.,-0.));
#4573 = DIRECTION('',(0.,0.,-1.));
#4574 = DEFINITIONAL_REPRESENTATION('',(#4575),#4579);
#4575 = LINE('',#4576,#4577);
#4576 = CARTESIAN_POINT('',(-0.295902387933,0.336157906357));
#4577 = VECTOR('',#4578,1.);
#4578 = DIRECTION('',(0.,-1.));
#4579 = ( GEOMETRIC_REPRESENTATION_CONTEXT(2) 
PARAMETRIC_REPRESENTATION_CONTEXT() REPRESENTATION_CONTEXT('2D SPACE',''
  ) );
#4580 = ORIENTED_EDGE('',*,*,#4581,.F.);
#4581 = EDGE_CURVE('',#4582,#4554,#4584,.T.);
#4582 = VERTEX_POINT('',#4583);
#4583 = CARTESIAN_POINT('',(-0.93,-0.475,0.55));
#4584 = SURFACE_CURVE('',#4585,(#4589,#4596),.PCURVE_S1.);
#4585 = LINE('',#4586,#4587);
#4586 = CARTESIAN_POINT('',(-0.93,-0.475,0.55));
#4587 = VECTOR('',#4588,1.);
#4588 = DIRECTION('',(0.,1.,0.));
#4589 = PCURVE('',#4529,#4590);
#4590 = DEFINITIONAL_REPRESENTATION('',(#4591),#4595);
#4591 = LINE('',#4592,#4593);
#4592 = CARTESIAN_POINT('',(0.23,0.));
#4593 = VECTOR('',#4594,1.);
#4594 = DIRECTION('',(0.,-1.));
#4595 = ( GEOMETRIC_REPRESENTATION_CONTEXT(2) 
PARAMETRIC_REPRESENTATION_CONTEXT() REPRESENTATION_CONTEXT('2D SPACE',''
  ) );
#4596 = PCURVE('',#4597,#4602);
#4597 = PLANE('',#4598);
#4598 = AXIS2_PLACEMENT_3D('',#4599,#4600,#4601);
#4599 = CARTESIAN_POINT('',(-0.93,-0.475,0.55));
#4600 = DIRECTION('',(-0.4472135955,0.,0.894427191));
#4601 = DIRECTION('',(-0.894427191,0.,-0.4472135955));
#4602 = DEFINITIONAL_REPRESENTATION('',(#4603),#4607);
#4603 = LINE('',#4604,#4605);
#4604 = CARTESIAN_POINT('',(0.,0.));
#4605 = VECTOR('',#4606,1.);
#4606 = DIRECTION('',(0.,-1.));
#4607 = ( GEOMETRIC_REPRESENTATION_CONTEXT(2) 
PARAMETRIC_REPRESENTATION_CONTEXT() REPRESENTATION_CONTEXT('2D SPACE',''
  ) );
#4608 = ORIENTED_EDGE('',*,*,#4609,.F.);
#4609 = EDGE_CURVE('',#4519,#4582,#4610,.T.);
#4610 = SURFACE_CURVE('',#4611,(#4615,#4622),.PCURVE_S1.);
#4611 = LINE('',#4612,#4613);
#4612 = CARTESIAN_POINT('',(-0.7,-0.475,0.55));
#4613 = VECTOR('',#4614,1.);
#4614 = DIRECTION('',(-1.,0.,0.));
#4615 = PCURVE('',#4529,#4616);
#4616 = DEFINITIONAL_REPRESENTATION('',(#4617),#4621);
#4617 = LINE('',#4618,#4619);
#4618 = CARTESIAN_POINT('',(0.,0.));
#4619 = VECTOR('',#4620,1.);
#4620 = DIRECTION('',(1.,0.));
#4621 = ( GEOMETRIC_REPRESENTATION_CONTEXT(2) 
PARAMETRIC_REPRESENTATION_CONTEXT() REPRESENTATION_CONTEXT('2D SPACE',''
  ) );
#4622 = PCURVE('',#4623,#4628);
#4623 = PLANE('',#4624);
#4624 = AXIS2_PLACEMENT_3D('',#4625,#4626,#4627);
#4625 = CARTESIAN_POINT('',(-1.036157906357,-0.475,0.254097612067));
#4626 = DIRECTION('',(-0.,-1.,-0.));
#4627 = DIRECTION('',(0.,0.,-1.));
#4628 = DEFINITIONAL_REPRESENTATION('',(#4629),#4633);
#4629 = LINE('',#4630,#4631);
#4630 = CARTESIAN_POINT('',(-0.295902387933,0.336157906357));
#4631 = VECTOR('',#4632,1.);
#4632 = DIRECTION('',(0.,-1.));
#4633 = ( GEOMETRIC_REPRESENTATION_CONTEXT(2) 
PARAMETRIC_REPRESENTATION_CONTEXT() REPRESENTATION_CONTEXT('2D SPACE',''
  ) );
#4634 = ADVANCED_FACE('',(#4635),#4597,.T.);
#4635 = FACE_BOUND('',#4636,.T.);
#4636 = EDGE_LOOP('',(#4637,#4638,#4661,#4689));
#4637 = ORIENTED_EDGE('',*,*,#4581,.T.);
#4638 = ORIENTED_EDGE('',*,*,#4639,.T.);
#4639 = EDGE_CURVE('',#4554,#4640,#4642,.T.);
#4640 = VERTEX_POINT('',#4641);
#4641 = CARTESIAN_POINT('',(-0.99,-0.175,0.52));
#4642 = SURFACE_CURVE('',#4643,(#4647,#4654),.PCURVE_S1.);
#4643 = LINE('',#4644,#4645);
#4644 = CARTESIAN_POINT('',(-0.93,-0.175,0.55));
#4645 = VECTOR('',#4646,1.);
#4646 = DIRECTION('',(-0.894427191,0.,-0.4472135955));
#4647 = PCURVE('',#4597,#4648);
#4648 = DEFINITIONAL_REPRESENTATION('',(#4649),#4653);
#4649 = LINE('',#4650,#4651);
#4650 = CARTESIAN_POINT('',(0.,-0.3));
#4651 = VECTOR('',#4652,1.);
#4652 = DIRECTION('',(1.,0.));
#4653 = ( GEOMETRIC_REPRESENTATION_CONTEXT(2) 
PARAMETRIC_REPRESENTATION_CONTEXT() REPRESENTATION_CONTEXT('2D SPACE',''
  ) );
#4654 = PCURVE('',#4569,#4655);
#4655 = DEFINITIONAL_REPRESENTATION('',(#4656),#4660);
#4656 = LINE('',#4657,#4658);
#4657 = CARTESIAN_POINT('',(-0.295902387933,0.106157906357));
#4658 = VECTOR('',#4659,1.);
#4659 = DIRECTION('',(0.4472135955,-0.894427191));
#4660 = ( GEOMETRIC_REPRESENTATION_CONTEXT(2) 
PARAMETRIC_REPRESENTATION_CONTEXT() REPRESENTATION_CONTEXT('2D SPACE',''
  ) );
#4661 = ORIENTED_EDGE('',*,*,#4662,.F.);
#4662 = EDGE_CURVE('',#4663,#4640,#4665,.T.);
#4663 = VERTEX_POINT('',#4664);
#4664 = CARTESIAN_POINT('',(-0.99,-0.475,0.52));
#4665 = SURFACE_CURVE('',#4666,(#4670,#4677),.PCURVE_S1.);
#4666 = LINE('',#4667,#4668);
#4667 = CARTESIAN_POINT('',(-0.99,-0.475,0.52));
#4668 = VECTOR('',#4669,1.);
#4669 = DIRECTION('',(0.,1.,0.));
#4670 = PCURVE('',#4597,#4671);
#4671 = DEFINITIONAL_REPRESENTATION('',(#4672),#4676);
#4672 = LINE('',#4673,#4674);
#4673 = CARTESIAN_POINT('',(6.708203932499E-02,0.));
#4674 = VECTOR('',#4675,1.);
#4675 = DIRECTION('',(0.,-1.));
#4676 = ( GEOMETRIC_REPRESENTATION_CONTEXT(2) 
PARAMETRIC_REPRESENTATION_CONTEXT() REPRESENTATION_CONTEXT('2D SPACE',''
  ) );
#4677 = PCURVE('',#4678,#4683);
#4678 = PLANE('',#4679);
#4679 = AXIS2_PLACEMENT_3D('',#4680,#4681,#4682);
#4680 = CARTESIAN_POINT('',(-0.99,-0.475,0.52));
#4681 = DIRECTION('',(-0.951444518554,0.,0.307820285415));
#4682 = DIRECTION('',(-0.307820285415,0.,-0.951444518554));
#4683 = DEFINITIONAL_REPRESENTATION('',(#4684),#4688);
#4684 = LINE('',#4685,#4686);
#4685 = CARTESIAN_POINT('',(0.,0.));
#4686 = VECTOR('',#4687,1.);
#4687 = DIRECTION('',(0.,-1.));
#4688 = ( GEOMETRIC_REPRESENTATION_CONTEXT(2) 
PARAMETRIC_REPRESENTATION_CONTEXT() REPRESENTATION_CONTEXT('2D SPACE',''
  ) );
#4689 = ORIENTED_EDGE('',*,*,#4690,.F.);
#4690 = EDGE_CURVE('',#4582,#4663,#4691,.T.);
#4691 = SURFACE_CURVE('',#4692,(#4696,#4703),.PCURVE_S1.);
#4692 = LINE('',#4693,#4694);
#4693 = CARTESIAN_POINT('',(-0.93,-0.475,0.55));
#4694 = VECTOR('',#4695,1.);
#4695 = DIRECTION('',(-0.894427191,0.,-0.4472135955));
#4696 = PCURVE('',#4597,#4697);
#4697 = DEFINITIONAL_REPRESENTATION('',(#4698),#4702);
#4698 = LINE('',#4699,#4700);
#4699 = CARTESIAN_POINT('',(0.,0.));
#4700 = VECTOR('',#4701,1.);
#4701 = DIRECTION('',(1.,0.));
#4702 = ( GEOMETRIC_REPRESENTATION_CONTEXT(2) 
PARAMETRIC_REPRESENTATION_CONTEXT() REPRESENTATION_CONTEXT('2D SPACE',''
  ) );
#4703 = PCURVE('',#4623,#4704);
#4704 = DEFINITIONAL_REPRESENTATION('',(#4705),#4709);
#4705 = LINE('',#4706,#4707);
#4706 = CARTESIAN_POINT('',(-0.295902387933,0.106157906357));
#4707 = VECTOR('',#4708,1.);
#4708 = DIRECTION('',(0.4472135955,-0.894427191));
#4709 = ( GEOMETRIC_REPRESENTATION_CONTEXT(2) 
PARAMETRIC_REPRESENTATION_CONTEXT() REPRESENTATION_CONTEXT('2D SPACE',''
  ) );
#4710 = ADVANCED_FACE('',(#4711),#4678,.T.);
#4711 = FACE_BOUND('',#4712,.T.);
#4712 = EDGE_LOOP('',(#4713,#4714,#4737,#4765));
#4713 = ORIENTED_EDGE('',*,*,#4662,.T.);
#4714 = ORIENTED_EDGE('',*,*,#4715,.T.);
#4715 = EDGE_CURVE('',#4640,#4716,#4718,.T.);
#4716 = VERTEX_POINT('',#4717);
#4717 = CARTESIAN_POINT('',(-1.1,-0.175,0.18));
#4718 = SURFACE_CURVE('',#4719,(#4723,#4730),.PCURVE_S1.);
#4719 = LINE('',#4720,#4721);
#4720 = CARTESIAN_POINT('',(-0.99,-0.175,0.52));
#4721 = VECTOR('',#4722,1.);
#4722 = DIRECTION('',(-0.307820285415,0.,-0.951444518554));
#4723 = PCURVE('',#4678,#4724);
#4724 = DEFINITIONAL_REPRESENTATION('',(#4725),#4729);
#4725 = LINE('',#4726,#4727);
#4726 = CARTESIAN_POINT('',(0.,-0.3));
#4727 = VECTOR('',#4728,1.);
#4728 = DIRECTION('',(1.,0.));
#4729 = ( GEOMETRIC_REPRESENTATION_CONTEXT(2) 
PARAMETRIC_REPRESENTATION_CONTEXT() REPRESENTATION_CONTEXT('2D SPACE',''
  ) );
#4730 = PCURVE('',#4569,#4731);
#4731 = DEFINITIONAL_REPRESENTATION('',(#4732),#4736);
#4732 = LINE('',#4733,#4734);
#4733 = CARTESIAN_POINT('',(-0.265902387933,4.615790635743E-02));
#4734 = VECTOR('',#4735,1.);
#4735 = DIRECTION('',(0.951444518554,-0.307820285415));
#4736 = ( GEOMETRIC_REPRESENTATION_CONTEXT(2) 
PARAMETRIC_REPRESENTATION_CONTEXT() REPRESENTATION_CONTEXT('2D SPACE',''
  ) );
#4737 = ORIENTED_EDGE('',*,*,#4738,.F.);
#4738 = EDGE_CURVE('',#4739,#4716,#4741,.T.);
#4739 = VERTEX_POINT('',#4740);
#4740 = CARTESIAN_POINT('',(-1.1,-0.475,0.18));
#4741 = SURFACE_CURVE('',#4742,(#4746,#4753),.PCURVE_S1.);
#4742 = LINE('',#4743,#4744);
#4743 = CARTESIAN_POINT('',(-1.1,-0.475,0.18));
#4744 = VECTOR('',#4745,1.);
#4745 = DIRECTION('',(0.,1.,0.));
#4746 = PCURVE('',#4678,#4747);
#4747 = DEFINITIONAL_REPRESENTATION('',(#4748),#4752);
#4748 = LINE('',#4749,#4750);
#4749 = CARTESIAN_POINT('',(0.357351367704,0.));
#4750 = VECTOR('',#4751,1.);
#4751 = DIRECTION('',(0.,-1.));
#4752 = ( GEOMETRIC_REPRESENTATION_CONTEXT(2) 
PARAMETRIC_REPRESENTATION_CONTEXT() REPRESENTATION_CONTEXT('2D SPACE',''
  ) );
#4753 = PCURVE('',#4754,#4759);
#4754 = PLANE('',#4755);
#4755 = AXIS2_PLACEMENT_3D('',#4756,#4757,#4758);
#4756 = CARTESIAN_POINT('',(-1.1,-0.475,0.18));
#4757 = DIRECTION('',(-0.6,0.,0.8));
#4758 = DIRECTION('',(-0.8,0.,-0.6));
#4759 = DEFINITIONAL_REPRESENTATION('',(#4760),#4764);
#4760 = LINE('',#4761,#4762);
#4761 = CARTESIAN_POINT('',(0.,0.));
#4762 = VECTOR('',#4763,1.);
#4763 = DIRECTION('',(0.,-1.));
#4764 = ( GEOMETRIC_REPRESENTATION_CONTEXT(2) 
PARAMETRIC_REPRESENTATION_CONTEXT() REPRESENTATION_CONTEXT('2D SPACE',''
  ) );
#4765 = ORIENTED_EDGE('',*,*,#4766,.F.);
#4766 = EDGE_CURVE('',#4663,#4739,#4767,.T.);
#4767 = SURFACE_CURVE('',#4768,(#4772,#4779),.PCURVE_S1.);
#4768 = LINE('',#4769,#4770);
#4769 = CARTESIAN_POINT('',(-0.99,-0.475,0.52));
#4770 = VECTOR('',#4771,1.);
#4771 = DIRECTION('',(-0.307820285415,0.,-0.951444518554));
#4772 = PCURVE('',#4678,#4773);
#4773 = DEFINITIONAL_REPRESENTATION('',(#4774),#4778);
#4774 = LINE('',#4775,#4776);
#4775 = CARTESIAN_POINT('',(0.,0.));
#4776 = VECTOR('',#4777,1.);
#4777 = DIRECTION('',(1.,0.));
#4778 = ( GEOMETRIC_REPRESENTATION_CONTEXT(2) 
PARAMETRIC_REPRESENTATION_CONTEXT() REPRESENTATION_CONTEXT('2D SPACE',''
  ) );
#4779 = PCURVE('',#4623,#4780);
#4780 = DEFINITIONAL_REPRESENTATION('',(#4781),#4785);
#4781 = LINE('',#4782,#4783);
#4782 = CARTESIAN_POINT('',(-0.265902387933,4.615790635743E-02));
#4783 = VECTOR('',#4784,1.);
#4784 = DIRECTION('',(0.951444518554,-0.307820285415));
#4785 = ( GEOMETRIC_REPRESENTATION_CONTEXT(2) 
PARAMETRIC_REPRESENTATION_CONTEXT() REPRESENTATION_CONTEXT('2D SPACE',''
  ) );
#4786 = ADVANCED_FACE('',(#4787),#4754,.T.);
#4787 = FACE_BOUND('',#4788,.T.);
#4788 = EDGE_LOOP('',(#4789,#4790,#4813,#4841));
#4789 = ORIENTED_EDGE('',*,*,#4738,.T.);
#4790 = ORIENTED_EDGE('',*,*,#4791,.T.);
#4791 = EDGE_CURVE('',#4716,#4792,#4794,.T.);
#4792 = VERTEX_POINT('',#4793);
#4793 = CARTESIAN_POINT('',(-1.14,-0.175,0.15));
#4794 = SURFACE_CURVE('',#4795,(#4799,#4806),.PCURVE_S1.);
#4795 = LINE('',#4796,#4797);
#4796 = CARTESIAN_POINT('',(-1.1,-0.175,0.18));
#4797 = VECTOR('',#4798,1.);
#4798 = DIRECTION('',(-0.8,0.,-0.6));
#4799 = PCURVE('',#4754,#4800);
#4800 = DEFINITIONAL_REPRESENTATION('',(#4801),#4805);
#4801 = LINE('',#4802,#4803);
#4802 = CARTESIAN_POINT('',(0.,-0.3));
#4803 = VECTOR('',#4804,1.);
#4804 = DIRECTION('',(1.,0.));
#4805 = ( GEOMETRIC_REPRESENTATION_CONTEXT(2) 
PARAMETRIC_REPRESENTATION_CONTEXT() REPRESENTATION_CONTEXT('2D SPACE',''
  ) );
#4806 = PCURVE('',#4569,#4807);
#4807 = DEFINITIONAL_REPRESENTATION('',(#4808),#4812);
#4808 = LINE('',#4809,#4810);
#4809 = CARTESIAN_POINT('',(7.409761206749E-02,-6.384209364257E-02));
#4810 = VECTOR('',#4811,1.);
#4811 = DIRECTION('',(0.6,-0.8));
#4812 = ( GEOMETRIC_REPRESENTATION_CONTEXT(2) 
PARAMETRIC_REPRESENTATION_CONTEXT() REPRESENTATION_CONTEXT('2D SPACE',''
  ) );
#4813 = ORIENTED_EDGE('',*,*,#4814,.F.);
#4814 = EDGE_CURVE('',#4815,#4792,#4817,.T.);
#4815 = VERTEX_POINT('',#4816);
#4816 = CARTESIAN_POINT('',(-1.14,-0.475,0.15));
#4817 = SURFACE_CURVE('',#4818,(#4822,#4829),.PCURVE_S1.);
#4818 = LINE('',#4819,#4820);
#4819 = CARTESIAN_POINT('',(-1.14,-0.475,0.15));
#4820 = VECTOR('',#4821,1.);
#4821 = DIRECTION('',(0.,1.,0.));
#4822 = PCURVE('',#4754,#4823);
#4823 = DEFINITIONAL_REPRESENTATION('',(#4824),#4828);
#4824 = LINE('',#4825,#4826);
#4825 = CARTESIAN_POINT('',(5.E-02,0.));
#4826 = VECTOR('',#4827,1.);
#4827 = DIRECTION('',(0.,-1.));
#4828 = ( GEOMETRIC_REPRESENTATION_CONTEXT(2) 
PARAMETRIC_REPRESENTATION_CONTEXT() REPRESENTATION_CONTEXT('2D SPACE',''
  ) );
#4829 = PCURVE('',#4830,#4835);
#4830 = PLANE('',#4831);
#4831 = AXIS2_PLACEMENT_3D('',#4832,#4833,#4834);
#4832 = CARTESIAN_POINT('',(-1.14,-0.475,0.15));
#4833 = DIRECTION('',(0.,-0.,1.));
#4834 = DIRECTION('',(-1.,0.,0.));
#4835 = DEFINITIONAL_REPRESENTATION('',(#4836),#4840);
#4836 = LINE('',#4837,#4838);
#4837 = CARTESIAN_POINT('',(0.,0.));
#4838 = VECTOR('',#4839,1.);
#4839 = DIRECTION('',(0.,-1.));
#4840 = ( GEOMETRIC_REPRESENTATION_CONTEXT(2) 
PARAMETRIC_REPRESENTATION_CONTEXT() REPRESENTATION_CONTEXT('2D SPACE',''
  ) );
#4841 = ORIENTED_EDGE('',*,*,#4842,.F.);
#4842 = EDGE_CURVE('',#4739,#4815,#4843,.T.);
#4843 = SURFACE_CURVE('',#4844,(#4848,#4855),.PCURVE_S1.);
#4844 = LINE('',#4845,#4846);
#4845 = CARTESIAN_POINT('',(-1.1,-0.475,0.18));
#4846 = VECTOR('',#4847,1.);
#4847 = DIRECTION('',(-0.8,0.,-0.6));
#4848 = PCURVE('',#4754,#4849);
#4849 = DEFINITIONAL_REPRESENTATION('',(#4850),#4854);
#4850 = LINE('',#4851,#4852);
#4851 = CARTESIAN_POINT('',(0.,0.));
#4852 = VECTOR('',#4853,1.);
#4853 = DIRECTION('',(1.,0.));
#4854 = ( GEOMETRIC_REPRESENTATION_CONTEXT(2) 
PARAMETRIC_REPRESENTATION_CONTEXT() REPRESENTATION_CONTEXT('2D SPACE',''
  ) );
#4855 = PCURVE('',#4623,#4856);
#4856 = DEFINITIONAL_REPRESENTATION('',(#4857),#4861);
#4857 = LINE('',#4858,#4859);
#4858 = CARTESIAN_POINT('',(7.409761206749E-02,-6.384209364257E-02));
#4859 = VECTOR('',#4860,1.);
#4860 = DIRECTION('',(0.6,-0.8));
#4861 = ( GEOMETRIC_REPRESENTATION_CONTEXT(2) 
PARAMETRIC_REPRESENTATION_CONTEXT() REPRESENTATION_CONTEXT('2D SPACE',''
  ) );
#4862 = ADVANCED_FACE('',(#4863),#4830,.T.);
#4863 = FACE_BOUND('',#4864,.T.);
#4864 = EDGE_LOOP('',(#4865,#4866,#4889,#4917));
#4865 = ORIENTED_EDGE('',*,*,#4814,.T.);
#4866 = ORIENTED_EDGE('',*,*,#4867,.T.);
#4867 = EDGE_CURVE('',#4792,#4868,#4870,.T.);
#4868 = VERTEX_POINT('',#4869);
#4869 = CARTESIAN_POINT('',(-1.4,-0.175,0.15));
#4870 = SURFACE_CURVE('',#4871,(#4875,#4882),.PCURVE_S1.);
#4871 = LINE('',#4872,#4873);
#4872 = CARTESIAN_POINT('',(-1.14,-0.175,0.15));
#4873 = VECTOR('',#4874,1.);
#4874 = DIRECTION('',(-1.,0.,0.));
#4875 = PCURVE('',#4830,#4876);
#4876 = DEFINITIONAL_REPRESENTATION('',(#4877),#4881);
#4877 = LINE('',#4878,#4879);
#4878 = CARTESIAN_POINT('',(0.,-0.3));
#4879 = VECTOR('',#4880,1.);
#4880 = DIRECTION('',(1.,0.));
#4881 = ( GEOMETRIC_REPRESENTATION_CONTEXT(2) 
PARAMETRIC_REPRESENTATION_CONTEXT() REPRESENTATION_CONTEXT('2D SPACE',''
  ) );
#4882 = PCURVE('',#4569,#4883);
#4883 = DEFINITIONAL_REPRESENTATION('',(#4884),#4888);
#4884 = LINE('',#4885,#4886);
#4885 = CARTESIAN_POINT('',(0.104097612067,-0.103842093643));
#4886 = VECTOR('',#4887,1.);
#4887 = DIRECTION('',(0.,-1.));
#4888 = ( GEOMETRIC_REPRESENTATION_CONTEXT(2) 
PARAMETRIC_REPRESENTATION_CONTEXT() REPRESENTATION_CONTEXT('2D SPACE',''
  ) );
#4889 = ORIENTED_EDGE('',*,*,#4890,.F.);
#4890 = EDGE_CURVE('',#4891,#4868,#4893,.T.);
#4891 = VERTEX_POINT('',#4892);
#4892 = CARTESIAN_POINT('',(-1.4,-0.475,0.15));
#4893 = SURFACE_CURVE('',#4894,(#4898,#4905),.PCURVE_S1.);
#4894 = LINE('',#4895,#4896);
#4895 = CARTESIAN_POINT('',(-1.4,-0.475,0.15));
#4896 = VECTOR('',#4897,1.);
#4897 = DIRECTION('',(0.,1.,0.));
#4898 = PCURVE('',#4830,#4899);
#4899 = DEFINITIONAL_REPRESENTATION('',(#4900),#4904);
#4900 = LINE('',#4901,#4902);
#4901 = CARTESIAN_POINT('',(0.26,0.));
#4902 = VECTOR('',#4903,1.);
#4903 = DIRECTION('',(0.,-1.));
#4904 = ( GEOMETRIC_REPRESENTATION_CONTEXT(2) 
PARAMETRIC_REPRESENTATION_CONTEXT() REPRESENTATION_CONTEXT('2D SPACE',''
  ) );
#4905 = PCURVE('',#4906,#4911);
#4906 = PLANE('',#4907);
#4907 = AXIS2_PLACEMENT_3D('',#4908,#4909,#4910);
#4908 = CARTESIAN_POINT('',(-1.4,-0.475,0.15));
#4909 = DIRECTION('',(-1.,0.,0.));
#4910 = DIRECTION('',(0.,0.,-1.));
#4911 = DEFINITIONAL_REPRESENTATION('',(#4912),#4916);
#4912 = LINE('',#4913,#4914);
#4913 = CARTESIAN_POINT('',(0.,-0.));
#4914 = VECTOR('',#4915,1.);
#4915 = DIRECTION('',(0.,-1.));
#4916 = ( GEOMETRIC_REPRESENTATION_CONTEXT(2) 
PARAMETRIC_REPRESENTATION_CONTEXT() REPRESENTATION_CONTEXT('2D SPACE',''
  ) );
#4917 = ORIENTED_EDGE('',*,*,#4918,.F.);
#4918 = EDGE_CURVE('',#4815,#4891,#4919,.T.);
#4919 = SURFACE_CURVE('',#4920,(#4924,#4931),.PCURVE_S1.);
#4920 = LINE('',#4921,#4922);
#4921 = CARTESIAN_POINT('',(-1.14,-0.475,0.15));
#4922 = VECTOR('',#4923,1.);
#4923 = DIRECTION('',(-1.,0.,0.));
#4924 = PCURVE('',#4830,#4925);
#4925 = DEFINITIONAL_REPRESENTATION('',(#4926),#4930);
#4926 = LINE('',#4927,#4928);
#4927 = CARTESIAN_POINT('',(0.,0.));
#4928 = VECTOR('',#4929,1.);
#4929 = DIRECTION('',(1.,0.));
#4930 = ( GEOMETRIC_REPRESENTATION_CONTEXT(2) 
PARAMETRIC_REPRESENTATION_CONTEXT() REPRESENTATION_CONTEXT('2D SPACE',''
  ) );
#4931 = PCURVE('',#4623,#4932);
#4932 = DEFINITIONAL_REPRESENTATION('',(#4933),#4937);
#4933 = LINE('',#4934,#4935);
#4934 = CARTESIAN_POINT('',(0.104097612067,-0.103842093643));
#4935 = VECTOR('',#4936,1.);
#4936 = DIRECTION('',(0.,-1.));
#4937 = ( GEOMETRIC_REPRESENTATION_CONTEXT(2) 
PARAMETRIC_REPRESENTATION_CONTEXT() REPRESENTATION_CONTEXT('2D SPACE',''
  ) );
#4938 = ADVANCED_FACE('',(#4939),#4906,.T.);
#4939 = FACE_BOUND('',#4940,.T.);
#4940 = EDGE_LOOP('',(#4941,#4942,#4965,#4993));
#4941 = ORIENTED_EDGE('',*,*,#4890,.T.);
#4942 = ORIENTED_EDGE('',*,*,#4943,.T.);
#4943 = EDGE_CURVE('',#4868,#4944,#4946,.T.);
#4944 = VERTEX_POINT('',#4945);
#4945 = CARTESIAN_POINT('',(-1.4,-0.175,0.));
#4946 = SURFACE_CURVE('',#4947,(#4951,#4958),.PCURVE_S1.);
#4947 = LINE('',#4948,#4949);
#4948 = CARTESIAN_POINT('',(-1.4,-0.175,0.15));
#4949 = VECTOR('',#4950,1.);
#4950 = DIRECTION('',(0.,0.,-1.));
#4951 = PCURVE('',#4906,#4952);
#4952 = DEFINITIONAL_REPRESENTATION('',(#4953),#4957);
#4953 = LINE('',#4954,#4955);
#4954 = CARTESIAN_POINT('',(0.,-0.3));
#4955 = VECTOR('',#4956,1.);
#4956 = DIRECTION('',(1.,0.));
#4957 = ( GEOMETRIC_REPRESENTATION_CONTEXT(2) 
PARAMETRIC_REPRESENTATION_CONTEXT() REPRESENTATION_CONTEXT('2D SPACE',''
  ) );
#4958 = PCURVE('',#4569,#4959);
#4959 = DEFINITIONAL_REPRESENTATION('',(#4960),#4964);
#4960 = LINE('',#4961,#4962);
#4961 = CARTESIAN_POINT('',(0.104097612067,-0.363842093643));
#4962 = VECTOR('',#4963,1.);
#4963 = DIRECTION('',(1.,0.));
#4964 = ( GEOMETRIC_REPRESENTATION_CONTEXT(2) 
PARAMETRIC_REPRESENTATION_CONTEXT() REPRESENTATION_CONTEXT('2D SPACE',''
  ) );
#4965 = ORIENTED_EDGE('',*,*,#4966,.F.);
#4966 = EDGE_CURVE('',#4967,#4944,#4969,.T.);
#4967 = VERTEX_POINT('',#4968);
#4968 = CARTESIAN_POINT('',(-1.4,-0.475,0.));
#4969 = SURFACE_CURVE('',#4970,(#4974,#4981),.PCURVE_S1.);
#4970 = LINE('',#4971,#4972);
#4971 = CARTESIAN_POINT('',(-1.4,-0.475,0.));
#4972 = VECTOR('',#4973,1.);
#4973 = DIRECTION('',(0.,1.,0.));
#4974 = PCURVE('',#4906,#4975);
#4975 = DEFINITIONAL_REPRESENTATION('',(#4976),#4980);
#4976 = LINE('',#4977,#4978);
#4977 = CARTESIAN_POINT('',(0.15,0.));
#4978 = VECTOR('',#4979,1.);
#4979 = DIRECTION('',(0.,-1.));
#4980 = ( GEOMETRIC_REPRESENTATION_CONTEXT(2) 
PARAMETRIC_REPRESENTATION_CONTEXT() REPRESENTATION_CONTEXT('2D SPACE',''
  ) );
#4981 = PCURVE('',#4982,#4987);
#4982 = PLANE('',#4983);
#4983 = AXIS2_PLACEMENT_3D('',#4984,#4985,#4986);
#4984 = CARTESIAN_POINT('',(-1.4,-0.475,0.));
#4985 = DIRECTION('',(0.,0.,-1.));
#4986 = DIRECTION('',(1.,0.,0.));
#4987 = DEFINITIONAL_REPRESENTATION('',(#4988),#4992);
#4988 = LINE('',#4989,#4990);
#4989 = CARTESIAN_POINT('',(0.,0.));
#4990 = VECTOR('',#4991,1.);
#4991 = DIRECTION('',(0.,-1.));
#4992 = ( GEOMETRIC_REPRESENTATION_CONTEXT(2) 
PARAMETRIC_REPRESENTATION_CONTEXT() REPRESENTATION_CONTEXT('2D SPACE',''
  ) );
#4993 = ORIENTED_EDGE('',*,*,#4994,.F.);
#4994 = EDGE_CURVE('',#4891,#4967,#4995,.T.);
#4995 = SURFACE_CURVE('',#4996,(#5000,#5007),.PCURVE_S1.);
#4996 = LINE('',#4997,#4998);
#4997 = CARTESIAN_POINT('',(-1.4,-0.475,0.15));
#4998 = VECTOR('',#4999,1.);
#4999 = DIRECTION('',(0.,0.,-1.));
#5000 = PCURVE('',#4906,#5001);
#5001 = DEFINITIONAL_REPRESENTATION('',(#5002),#5006);
#5002 = LINE('',#5003,#5004);
#5003 = CARTESIAN_POINT('',(0.,-0.));
#5004 = VECTOR('',#5005,1.);
#5005 = DIRECTION('',(1.,0.));
#5006 = ( GEOMETRIC_REPRESENTATION_CONTEXT(2) 
PARAMETRIC_REPRESENTATION_CONTEXT() REPRESENTATION_CONTEXT('2D SPACE',''
  ) );
#5007 = PCURVE('',#4623,#5008);
#5008 = DEFINITIONAL_REPRESENTATION('',(#5009),#5013);
#5009 = LINE('',#5010,#5011);
#5010 = CARTESIAN_POINT('',(0.104097612067,-0.363842093643));
#5011 = VECTOR('',#5012,1.);
#5012 = DIRECTION('',(1.,0.));
#5013 = ( GEOMETRIC_REPRESENTATION_CONTEXT(2) 
PARAMETRIC_REPRESENTATION_CONTEXT() REPRESENTATION_CONTEXT('2D SPACE',''
  ) );
#5014 = ADVANCED_FACE('',(#5015),#4982,.T.);
#5015 = FACE_BOUND('',#5016,.T.);
#5016 = EDGE_LOOP('',(#5017,#5018,#5041,#5069));
#5017 = ORIENTED_EDGE('',*,*,#4966,.T.);
#5018 = ORIENTED_EDGE('',*,*,#5019,.T.);
#5019 = EDGE_CURVE('',#4944,#5020,#5022,.T.);
#5020 = VERTEX_POINT('',#5021);
#5021 = CARTESIAN_POINT('',(-1.05,-0.175,0.));
#5022 = SURFACE_CURVE('',#5023,(#5027,#5034),.PCURVE_S1.);
#5023 = LINE('',#5024,#5025);
#5024 = CARTESIAN_POINT('',(-1.4,-0.175,0.));
#5025 = VECTOR('',#5026,1.);
#5026 = DIRECTION('',(1.,0.,0.));
#5027 = PCURVE('',#4982,#5028);
#5028 = DEFINITIONAL_REPRESENTATION('',(#5029),#5033);
#5029 = LINE('',#5030,#5031);
#5030 = CARTESIAN_POINT('',(0.,-0.3));
#5031 = VECTOR('',#5032,1.);
#5032 = DIRECTION('',(1.,0.));
#5033 = ( GEOMETRIC_REPRESENTATION_CONTEXT(2) 
PARAMETRIC_REPRESENTATION_CONTEXT() REPRESENTATION_CONTEXT('2D SPACE',''
  ) );
#5034 = PCURVE('',#4569,#5035);
#5035 = DEFINITIONAL_REPRESENTATION('',(#5036),#5040);
#5036 = LINE('',#5037,#5038);
#5037 = CARTESIAN_POINT('',(0.254097612067,-0.363842093643));
#5038 = VECTOR('',#5039,1.);
#5039 = DIRECTION('',(0.,1.));
#5040 = ( GEOMETRIC_REPRESENTATION_CONTEXT(2) 
PARAMETRIC_REPRESENTATION_CONTEXT() REPRESENTATION_CONTEXT('2D SPACE',''
  ) );
#5041 = ORIENTED_EDGE('',*,*,#5042,.F.);
#5042 = EDGE_CURVE('',#5043,#5020,#5045,.T.);
#5043 = VERTEX_POINT('',#5044);
#5044 = CARTESIAN_POINT('',(-1.05,-0.475,0.));
#5045 = SURFACE_CURVE('',#5046,(#5050,#5057),.PCURVE_S1.);
#5046 = LINE('',#5047,#5048);
#5047 = CARTESIAN_POINT('',(-1.05,-0.475,0.));
#5048 = VECTOR('',#5049,1.);
#5049 = DIRECTION('',(0.,1.,0.));
#5050 = PCURVE('',#4982,#5051);
#5051 = DEFINITIONAL_REPRESENTATION('',(#5052),#5056);
#5052 = LINE('',#5053,#5054);
#5053 = CARTESIAN_POINT('',(0.35,0.));
#5054 = VECTOR('',#5055,1.);
#5055 = DIRECTION('',(0.,-1.));
#5056 = ( GEOMETRIC_REPRESENTATION_CONTEXT(2) 
PARAMETRIC_REPRESENTATION_CONTEXT() REPRESENTATION_CONTEXT('2D SPACE',''
  ) );
#5057 = PCURVE('',#5058,#5063);
#5058 = PLANE('',#5059);
#5059 = AXIS2_PLACEMENT_3D('',#5060,#5061,#5062);
#5060 = CARTESIAN_POINT('',(-1.05,-0.475,0.));
#5061 = DIRECTION('',(0.554700196225,0.,-0.832050294338));
#5062 = DIRECTION('',(0.832050294338,0.,0.554700196225));
#5063 = DEFINITIONAL_REPRESENTATION('',(#5064),#5068);
#5064 = LINE('',#5065,#5066);
#5065 = CARTESIAN_POINT('',(0.,0.));
#5066 = VECTOR('',#5067,1.);
#5067 = DIRECTION('',(0.,-1.));
#5068 = ( GEOMETRIC_REPRESENTATION_CONTEXT(2) 
PARAMETRIC_REPRESENTATION_CONTEXT() REPRESENTATION_CONTEXT('2D SPACE',''
  ) );
#5069 = ORIENTED_EDGE('',*,*,#5070,.F.);
#5070 = EDGE_CURVE('',#4967,#5043,#5071,.T.);
#5071 = SURFACE_CURVE('',#5072,(#5076,#5083),.PCURVE_S1.);
#5072 = LINE('',#5073,#5074);
#5073 = CARTESIAN_POINT('',(-1.4,-0.475,0.));
#5074 = VECTOR('',#5075,1.);
#5075 = DIRECTION('',(1.,0.,0.));
#5076 = PCURVE('',#4982,#5077);
#5077 = DEFINITIONAL_REPRESENTATION('',(#5078),#5082);
#5078 = LINE('',#5079,#5080);
#5079 = CARTESIAN_POINT('',(0.,0.));
#5080 = VECTOR('',#5081,1.);
#5081 = DIRECTION('',(1.,0.));
#5082 = ( GEOMETRIC_REPRESENTATION_CONTEXT(2) 
PARAMETRIC_REPRESENTATION_CONTEXT() REPRESENTATION_CONTEXT('2D SPACE',''
  ) );
#5083 = PCURVE('',#4623,#5084);
#5084 = DEFINITIONAL_REPRESENTATION('',(#5085),#5089);
#5085 = LINE('',#5086,#5087);
#5086 = CARTESIAN_POINT('',(0.254097612067,-0.363842093643));
#5087 = VECTOR('',#5088,1.);
#5088 = DIRECTION('',(0.,1.));
#5089 = ( GEOMETRIC_REPRESENTATION_CONTEXT(2) 
PARAMETRIC_REPRESENTATION_CONTEXT() REPRESENTATION_CONTEXT('2D SPACE',''
  ) );
#5090 = ADVANCED_FACE('',(#5091),#5058,.T.);
#5091 = FACE_BOUND('',#5092,.T.);
#5092 = EDGE_LOOP('',(#5093,#5094,#5117,#5145));
#5093 = ORIENTED_EDGE('',*,*,#5042,.T.);
#5094 = ORIENTED_EDGE('',*,*,#5095,.T.);
#5095 = EDGE_CURVE('',#5020,#5096,#5098,.T.);
#5096 = VERTEX_POINT('',#5097);
#5097 = CARTESIAN_POINT('',(-0.99,-0.175,4.E-02));
#5098 = SURFACE_CURVE('',#5099,(#5103,#5110),.PCURVE_S1.);
#5099 = LINE('',#5100,#5101);
#5100 = CARTESIAN_POINT('',(-1.05,-0.175,0.));
#5101 = VECTOR('',#5102,1.);
#5102 = DIRECTION('',(0.832050294338,0.,0.554700196225));
#5103 = PCURVE('',#5058,#5104);
#5104 = DEFINITIONAL_REPRESENTATION('',(#5105),#5109);
#5105 = LINE('',#5106,#5107);
#5106 = CARTESIAN_POINT('',(0.,-0.3));
#5107 = VECTOR('',#5108,1.);
#5108 = DIRECTION('',(1.,0.));
#5109 = ( GEOMETRIC_REPRESENTATION_CONTEXT(2) 
PARAMETRIC_REPRESENTATION_CONTEXT() REPRESENTATION_CONTEXT('2D SPACE',''
  ) );
#5110 = PCURVE('',#4569,#5111);
#5111 = DEFINITIONAL_REPRESENTATION('',(#5112),#5116);
#5112 = LINE('',#5113,#5114);
#5113 = CARTESIAN_POINT('',(0.254097612067,-1.384209364257E-02));
#5114 = VECTOR('',#5115,1.);
#5115 = DIRECTION('',(-0.554700196225,0.832050294338));
#5116 = ( GEOMETRIC_REPRESENTATION_CONTEXT(2) 
PARAMETRIC_REPRESENTATION_CONTEXT() REPRESENTATION_CONTEXT('2D SPACE',''
  ) );
#5117 = ORIENTED_EDGE('',*,*,#5118,.F.);
#5118 = EDGE_CURVE('',#5119,#5096,#5121,.T.);
#5119 = VERTEX_POINT('',#5120);
#5120 = CARTESIAN_POINT('',(-0.99,-0.475,4.E-02));
#5121 = SURFACE_CURVE('',#5122,(#5126,#5133),.PCURVE_S1.);
#5122 = LINE('',#5123,#5124);
#5123 = CARTESIAN_POINT('',(-0.99,-0.475,4.E-02));
#5124 = VECTOR('',#5125,1.);
#5125 = DIRECTION('',(0.,1.,0.));
#5126 = PCURVE('',#5058,#5127);
#5127 = DEFINITIONAL_REPRESENTATION('',(#5128),#5132);
#5128 = LINE('',#5129,#5130);
#5129 = CARTESIAN_POINT('',(7.211102550928E-02,0.));
#5130 = VECTOR('',#5131,1.);
#5131 = DIRECTION('',(0.,-1.));
#5132 = ( GEOMETRIC_REPRESENTATION_CONTEXT(2) 
PARAMETRIC_REPRESENTATION_CONTEXT() REPRESENTATION_CONTEXT('2D SPACE',''
  ) );
#5133 = PCURVE('',#5134,#5139);
#5134 = PLANE('',#5135);
#5135 = AXIS2_PLACEMENT_3D('',#5136,#5137,#5138);
#5136 = CARTESIAN_POINT('',(-0.99,-0.475,4.E-02));
#5137 = DIRECTION('',(0.948683298051,0.,-0.316227766017));
#5138 = DIRECTION('',(0.316227766017,0.,0.948683298051));
#5139 = DEFINITIONAL_REPRESENTATION('',(#5140),#5144);
#5140 = LINE('',#5141,#5142);
#5141 = CARTESIAN_POINT('',(0.,0.));
#5142 = VECTOR('',#5143,1.);
#5143 = DIRECTION('',(0.,-1.));
#5144 = ( GEOMETRIC_REPRESENTATION_CONTEXT(2) 
PARAMETRIC_REPRESENTATION_CONTEXT() REPRESENTATION_CONTEXT('2D SPACE',''
  ) );
#5145 = ORIENTED_EDGE('',*,*,#5146,.F.);
#5146 = EDGE_CURVE('',#5043,#5119,#5147,.T.);
#5147 = SURFACE_CURVE('',#5148,(#5152,#5159),.PCURVE_S1.);
#5148 = LINE('',#5149,#5150);
#5149 = CARTESIAN_POINT('',(-1.05,-0.475,0.));
#5150 = VECTOR('',#5151,1.);
#5151 = DIRECTION('',(0.832050294338,0.,0.554700196225));
#5152 = PCURVE('',#5058,#5153);
#5153 = DEFINITIONAL_REPRESENTATION('',(#5154),#5158);
#5154 = LINE('',#5155,#5156);
#5155 = CARTESIAN_POINT('',(0.,0.));
#5156 = VECTOR('',#5157,1.);
#5157 = DIRECTION('',(1.,0.));
#5158 = ( GEOMETRIC_REPRESENTATION_CONTEXT(2) 
PARAMETRIC_REPRESENTATION_CONTEXT() REPRESENTATION_CONTEXT('2D SPACE',''
  ) );
#5159 = PCURVE('',#4623,#5160);
#5160 = DEFINITIONAL_REPRESENTATION('',(#5161),#5165);
#5161 = LINE('',#5162,#5163);
#5162 = CARTESIAN_POINT('',(0.254097612067,-1.384209364257E-02));
#5163 = VECTOR('',#5164,1.);
#5164 = DIRECTION('',(-0.554700196225,0.832050294338));
#5165 = ( GEOMETRIC_REPRESENTATION_CONTEXT(2) 
PARAMETRIC_REPRESENTATION_CONTEXT() REPRESENTATION_CONTEXT('2D SPACE',''
  ) );
#5166 = ADVANCED_FACE('',(#5167),#5134,.T.);
#5167 = FACE_BOUND('',#5168,.T.);
#5168 = EDGE_LOOP('',(#5169,#5170,#5193,#5221));
#5169 = ORIENTED_EDGE('',*,*,#5118,.T.);
#5170 = ORIENTED_EDGE('',*,*,#5171,.T.);
#5171 = EDGE_CURVE('',#5096,#5172,#5174,.T.);
#5172 = VERTEX_POINT('',#5173);
#5173 = CARTESIAN_POINT('',(-0.88,-0.175,0.37));
#5174 = SURFACE_CURVE('',#5175,(#5179,#5186),.PCURVE_S1.);
#5175 = LINE('',#5176,#5177);
#5176 = CARTESIAN_POINT('',(-0.99,-0.175,4.E-02));
#5177 = VECTOR('',#5178,1.);
#5178 = DIRECTION('',(0.316227766017,0.,0.948683298051));
#5179 = PCURVE('',#5134,#5180);
#5180 = DEFINITIONAL_REPRESENTATION('',(#5181),#5185);
#5181 = LINE('',#5182,#5183);
#5182 = CARTESIAN_POINT('',(0.,-0.3));
#5183 = VECTOR('',#5184,1.);
#5184 = DIRECTION('',(1.,0.));
#5185 = ( GEOMETRIC_REPRESENTATION_CONTEXT(2) 
PARAMETRIC_REPRESENTATION_CONTEXT() REPRESENTATION_CONTEXT('2D SPACE',''
  ) );
#5186 = PCURVE('',#4569,#5187);
#5187 = DEFINITIONAL_REPRESENTATION('',(#5188),#5192);
#5188 = LINE('',#5189,#5190);
#5189 = CARTESIAN_POINT('',(0.214097612067,4.615790635743E-02));
#5190 = VECTOR('',#5191,1.);
#5191 = DIRECTION('',(-0.948683298051,0.316227766017));
#5192 = ( GEOMETRIC_REPRESENTATION_CONTEXT(2) 
PARAMETRIC_REPRESENTATION_CONTEXT() REPRESENTATION_CONTEXT('2D SPACE',''
  ) );
#5193 = ORIENTED_EDGE('',*,*,#5194,.F.);
#5194 = EDGE_CURVE('',#5195,#5172,#5197,.T.);
#5195 = VERTEX_POINT('',#5196);
#5196 = CARTESIAN_POINT('',(-0.88,-0.475,0.37));
#5197 = SURFACE_CURVE('',#5198,(#5202,#5209),.PCURVE_S1.);
#5198 = LINE('',#5199,#5200);
#5199 = CARTESIAN_POINT('',(-0.88,-0.475,0.37));
#5200 = VECTOR('',#5201,1.);
#5201 = DIRECTION('',(0.,1.,0.));
#5202 = PCURVE('',#5134,#5203);
#5203 = DEFINITIONAL_REPRESENTATION('',(#5204),#5208);
#5204 = LINE('',#5205,#5206);
#5205 = CARTESIAN_POINT('',(0.347850542619,0.));
#5206 = VECTOR('',#5207,1.);
#5207 = DIRECTION('',(0.,-1.));
#5208 = ( GEOMETRIC_REPRESENTATION_CONTEXT(2) 
PARAMETRIC_REPRESENTATION_CONTEXT() REPRESENTATION_CONTEXT('2D SPACE',''
  ) );
#5209 = PCURVE('',#5210,#5215);
#5210 = PLANE('',#5211);
#5211 = AXIS2_PLACEMENT_3D('',#5212,#5213,#5214);
#5212 = CARTESIAN_POINT('',(-0.88,-0.475,0.37));
#5213 = DIRECTION('',(0.6,0.,-0.8));
#5214 = DIRECTION('',(0.8,0.,0.6));
#5215 = DEFINITIONAL_REPRESENTATION('',(#5216),#5220);
#5216 = LINE('',#5217,#5218);
#5217 = CARTESIAN_POINT('',(0.,0.));
#5218 = VECTOR('',#5219,1.);
#5219 = DIRECTION('',(0.,-1.));
#5220 = ( GEOMETRIC_REPRESENTATION_CONTEXT(2) 
PARAMETRIC_REPRESENTATION_CONTEXT() REPRESENTATION_CONTEXT('2D SPACE',''
  ) );
#5221 = ORIENTED_EDGE('',*,*,#5222,.F.);
#5222 = EDGE_CURVE('',#5119,#5195,#5223,.T.);
#5223 = SURFACE_CURVE('',#5224,(#5228,#5235),.PCURVE_S1.);
#5224 = LINE('',#5225,#5226);
#5225 = CARTESIAN_POINT('',(-0.99,-0.475,4.E-02));
#5226 = VECTOR('',#5227,1.);
#5227 = DIRECTION('',(0.316227766017,0.,0.948683298051));
#5228 = PCURVE('',#5134,#5229);
#5229 = DEFINITIONAL_REPRESENTATION('',(#5230),#5234);
#5230 = LINE('',#5231,#5232);
#5231 = CARTESIAN_POINT('',(0.,0.));
#5232 = VECTOR('',#5233,1.);
#5233 = DIRECTION('',(1.,0.));
#5234 = ( GEOMETRIC_REPRESENTATION_CONTEXT(2) 
PARAMETRIC_REPRESENTATION_CONTEXT() REPRESENTATION_CONTEXT('2D SPACE',''
  ) );
#5235 = PCURVE('',#4623,#5236);
#5236 = DEFINITIONAL_REPRESENTATION('',(#5237),#5241);
#5237 = LINE('',#5238,#5239);
#5238 = CARTESIAN_POINT('',(0.214097612067,4.615790635743E-02));
#5239 = VECTOR('',#5240,1.);
#5240 = DIRECTION('',(-0.948683298051,0.316227766017));
#5241 = ( GEOMETRIC_REPRESENTATION_CONTEXT(2) 
PARAMETRIC_REPRESENTATION_CONTEXT() REPRESENTATION_CONTEXT('2D SPACE',''
  ) );
#5242 = ADVANCED_FACE('',(#5243),#5210,.T.);
#5243 = FACE_BOUND('',#5244,.T.);
#5244 = EDGE_LOOP('',(#5245,#5246,#5269,#5297));
#5245 = ORIENTED_EDGE('',*,*,#5194,.T.);
#5246 = ORIENTED_EDGE('',*,*,#5247,.T.);
#5247 = EDGE_CURVE('',#5172,#5248,#5250,.T.);
#5248 = VERTEX_POINT('',#5249);
#5249 = CARTESIAN_POINT('',(-0.84,-0.175,0.4));
#5250 = SURFACE_CURVE('',#5251,(#5255,#5262),.PCURVE_S1.);
#5251 = LINE('',#5252,#5253);
#5252 = CARTESIAN_POINT('',(-0.88,-0.175,0.37));
#5253 = VECTOR('',#5254,1.);
#5254 = DIRECTION('',(0.8,0.,0.6));
#5255 = PCURVE('',#5210,#5256);
#5256 = DEFINITIONAL_REPRESENTATION('',(#5257),#5261);
#5257 = LINE('',#5258,#5259);
#5258 = CARTESIAN_POINT('',(0.,-0.3));
#5259 = VECTOR('',#5260,1.);
#5260 = DIRECTION('',(1.,0.));
#5261 = ( GEOMETRIC_REPRESENTATION_CONTEXT(2) 
PARAMETRIC_REPRESENTATION_CONTEXT() REPRESENTATION_CONTEXT('2D SPACE',''
  ) );
#5262 = PCURVE('',#4569,#5263);
#5263 = DEFINITIONAL_REPRESENTATION('',(#5264),#5268);
#5264 = LINE('',#5265,#5266);
#5265 = CARTESIAN_POINT('',(-0.115902387933,0.156157906357));
#5266 = VECTOR('',#5267,1.);
#5267 = DIRECTION('',(-0.6,0.8));
#5268 = ( GEOMETRIC_REPRESENTATION_CONTEXT(2) 
PARAMETRIC_REPRESENTATION_CONTEXT() REPRESENTATION_CONTEXT('2D SPACE',''
  ) );
#5269 = ORIENTED_EDGE('',*,*,#5270,.F.);
#5270 = EDGE_CURVE('',#5271,#5248,#5273,.T.);
#5271 = VERTEX_POINT('',#5272);
#5272 = CARTESIAN_POINT('',(-0.84,-0.475,0.4));
#5273 = SURFACE_CURVE('',#5274,(#5278,#5285),.PCURVE_S1.);
#5274 = LINE('',#5275,#5276);
#5275 = CARTESIAN_POINT('',(-0.84,-0.475,0.4));
#5276 = VECTOR('',#5277,1.);
#5277 = DIRECTION('',(0.,1.,0.));
#5278 = PCURVE('',#5210,#5279);
#5279 = DEFINITIONAL_REPRESENTATION('',(#5280),#5284);
#5280 = LINE('',#5281,#5282);
#5281 = CARTESIAN_POINT('',(5.E-02,0.));
#5282 = VECTOR('',#5283,1.);
#5283 = DIRECTION('',(0.,-1.));
#5284 = ( GEOMETRIC_REPRESENTATION_CONTEXT(2) 
PARAMETRIC_REPRESENTATION_CONTEXT() REPRESENTATION_CONTEXT('2D SPACE',''
  ) );
#5285 = PCURVE('',#5286,#5291);
#5286 = PLANE('',#5287);
#5287 = AXIS2_PLACEMENT_3D('',#5288,#5289,#5290);
#5288 = CARTESIAN_POINT('',(-0.84,-0.475,0.4));
#5289 = DIRECTION('',(0.,0.,-1.));
#5290 = DIRECTION('',(1.,0.,0.));
#5291 = DEFINITIONAL_REPRESENTATION('',(#5292),#5296);
#5292 = LINE('',#5293,#5294);
#5293 = CARTESIAN_POINT('',(0.,0.));
#5294 = VECTOR('',#5295,1.);
#5295 = DIRECTION('',(0.,-1.));
#5296 = ( GEOMETRIC_REPRESENTATION_CONTEXT(2) 
PARAMETRIC_REPRESENTATION_CONTEXT() REPRESENTATION_CONTEXT('2D SPACE',''
  ) );
#5297 = ORIENTED_EDGE('',*,*,#5298,.F.);
#5298 = EDGE_CURVE('',#5195,#5271,#5299,.T.);
#5299 = SURFACE_CURVE('',#5300,(#5304,#5311),.PCURVE_S1.);
#5300 = LINE('',#5301,#5302);
#5301 = CARTESIAN_POINT('',(-0.88,-0.475,0.37));
#5302 = VECTOR('',#5303,1.);
#5303 = DIRECTION('',(0.8,0.,0.6));
#5304 = PCURVE('',#5210,#5305);
#5305 = DEFINITIONAL_REPRESENTATION('',(#5306),#5310);
#5306 = LINE('',#5307,#5308);
#5307 = CARTESIAN_POINT('',(0.,0.));
#5308 = VECTOR('',#5309,1.);
#5309 = DIRECTION('',(1.,0.));
#5310 = ( GEOMETRIC_REPRESENTATION_CONTEXT(2) 
PARAMETRIC_REPRESENTATION_CONTEXT() REPRESENTATION_CONTEXT('2D SPACE',''
  ) );
#5311 = PCURVE('',#4623,#5312);
#5312 = DEFINITIONAL_REPRESENTATION('',(#5313),#5317);
#5313 = LINE('',#5314,#5315);
#5314 = CARTESIAN_POINT('',(-0.115902387933,0.156157906357));
#5315 = VECTOR('',#5316,1.);
#5316 = DIRECTION('',(-0.6,0.8));
#5317 = ( GEOMETRIC_REPRESENTATION_CONTEXT(2) 
PARAMETRIC_REPRESENTATION_CONTEXT() REPRESENTATION_CONTEXT('2D SPACE',''
  ) );
#5318 = ADVANCED_FACE('',(#5319),#5286,.T.);
#5319 = FACE_BOUND('',#5320,.T.);
#5320 = EDGE_LOOP('',(#5321,#5322,#5345,#5368));
#5321 = ORIENTED_EDGE('',*,*,#5270,.T.);
#5322 = ORIENTED_EDGE('',*,*,#5323,.T.);
#5323 = EDGE_CURVE('',#5248,#5324,#5326,.T.);
#5324 = VERTEX_POINT('',#5325);
#5325 = CARTESIAN_POINT('',(-0.7,-0.175,0.4));
#5326 = SURFACE_CURVE('',#5327,(#5331,#5338),.PCURVE_S1.);
#5327 = LINE('',#5328,#5329);
#5328 = CARTESIAN_POINT('',(-0.84,-0.175,0.4));
#5329 = VECTOR('',#5330,1.);
#5330 = DIRECTION('',(1.,0.,0.));
#5331 = PCURVE('',#5286,#5332);
#5332 = DEFINITIONAL_REPRESENTATION('',(#5333),#5337);
#5333 = LINE('',#5334,#5335);
#5334 = CARTESIAN_POINT('',(0.,-0.3));
#5335 = VECTOR('',#5336,1.);
#5336 = DIRECTION('',(1.,0.));
#5337 = ( GEOMETRIC_REPRESENTATION_CONTEXT(2) 
PARAMETRIC_REPRESENTATION_CONTEXT() REPRESENTATION_CONTEXT('2D SPACE',''
  ) );
#5338 = PCURVE('',#4569,#5339);
#5339 = DEFINITIONAL_REPRESENTATION('',(#5340),#5344);
#5340 = LINE('',#5341,#5342);
#5341 = CARTESIAN_POINT('',(-0.145902387933,0.196157906357));
#5342 = VECTOR('',#5343,1.);
#5343 = DIRECTION('',(0.,1.));
#5344 = ( GEOMETRIC_REPRESENTATION_CONTEXT(2) 
PARAMETRIC_REPRESENTATION_CONTEXT() REPRESENTATION_CONTEXT('2D SPACE',''
  ) );
#5345 = ORIENTED_EDGE('',*,*,#5346,.F.);
#5346 = EDGE_CURVE('',#5347,#5324,#5349,.T.);
#5347 = VERTEX_POINT('',#5348);
#5348 = CARTESIAN_POINT('',(-0.7,-0.475,0.4));
#5349 = SURFACE_CURVE('',#5350,(#5354,#5361),.PCURVE_S1.);
#5350 = LINE('',#5351,#5352);
#5351 = CARTESIAN_POINT('',(-0.7,-0.475,0.4));
#5352 = VECTOR('',#5353,1.);
#5353 = DIRECTION('',(0.,1.,0.));
#5354 = PCURVE('',#5286,#5355);
#5355 = DEFINITIONAL_REPRESENTATION('',(#5356),#5360);
#5356 = LINE('',#5357,#5358);
#5357 = CARTESIAN_POINT('',(0.14,0.));
#5358 = VECTOR('',#5359,1.);
#5359 = DIRECTION('',(0.,-1.));
#5360 = ( GEOMETRIC_REPRESENTATION_CONTEXT(2) 
PARAMETRIC_REPRESENTATION_CONTEXT() REPRESENTATION_CONTEXT('2D SPACE',''
  ) );
#5361 = PCURVE('',#4541,#5362);
#5362 = DEFINITIONAL_REPRESENTATION('',(#5363),#5367);
#5363 = LINE('',#5364,#5365);
#5364 = CARTESIAN_POINT('',(0.,0.));
#5365 = VECTOR('',#5366,1.);
#5366 = DIRECTION('',(0.,-1.));
#5367 = ( GEOMETRIC_REPRESENTATION_CONTEXT(2) 
PARAMETRIC_REPRESENTATION_CONTEXT() REPRESENTATION_CONTEXT('2D SPACE',''
  ) );
#5368 = ORIENTED_EDGE('',*,*,#5369,.F.);
#5369 = EDGE_CURVE('',#5271,#5347,#5370,.T.);
#5370 = SURFACE_CURVE('',#5371,(#5375,#5382),.PCURVE_S1.);
#5371 = LINE('',#5372,#5373);
#5372 = CARTESIAN_POINT('',(-0.84,-0.475,0.4));
#5373 = VECTOR('',#5374,1.);
#5374 = DIRECTION('',(1.,0.,0.));
#5375 = PCURVE('',#5286,#5376);
#5376 = DEFINITIONAL_REPRESENTATION('',(#5377),#5381);
#5377 = LINE('',#5378,#5379);
#5378 = CARTESIAN_POINT('',(0.,0.));
#5379 = VECTOR('',#5380,1.);
#5380 = DIRECTION('',(1.,0.));
#5381 = ( GEOMETRIC_REPRESENTATION_CONTEXT(2) 
PARAMETRIC_REPRESENTATION_CONTEXT() REPRESENTATION_CONTEXT('2D SPACE',''
  ) );
#5382 = PCURVE('',#4623,#5383);
#5383 = DEFINITIONAL_REPRESENTATION('',(#5384),#5388);
#5384 = LINE('',#5385,#5386);
#5385 = CARTESIAN_POINT('',(-0.145902387933,0.196157906357));
#5386 = VECTOR('',#5387,1.);
#5387 = DIRECTION('',(0.,1.));
#5388 = ( GEOMETRIC_REPRESENTATION_CONTEXT(2) 
PARAMETRIC_REPRESENTATION_CONTEXT() REPRESENTATION_CONTEXT('2D SPACE',''
  ) );
#5389 = ADVANCED_FACE('',(#5390),#4541,.T.);
#5390 = FACE_BOUND('',#5391,.T.);
#5391 = EDGE_LOOP('',(#5392,#5393,#5414,#5415));
#5392 = ORIENTED_EDGE('',*,*,#5346,.T.);
#5393 = ORIENTED_EDGE('',*,*,#5394,.T.);
#5394 = EDGE_CURVE('',#5324,#4521,#5395,.T.);
#5395 = SURFACE_CURVE('',#5396,(#5400,#5407),.PCURVE_S1.);
#5396 = LINE('',#5397,#5398);
#5397 = CARTESIAN_POINT('',(-0.7,-0.175,0.4));
#5398 = VECTOR('',#5399,1.);
#5399 = DIRECTION('',(0.,0.,1.));
#5400 = PCURVE('',#4541,#5401);
#5401 = DEFINITIONAL_REPRESENTATION('',(#5402),#5406);
#5402 = LINE('',#5403,#5404);
#5403 = CARTESIAN_POINT('',(0.,-0.3));
#5404 = VECTOR('',#5405,1.);
#5405 = DIRECTION('',(1.,0.));
#5406 = ( GEOMETRIC_REPRESENTATION_CONTEXT(2) 
PARAMETRIC_REPRESENTATION_CONTEXT() REPRESENTATION_CONTEXT('2D SPACE',''
  ) );
#5407 = PCURVE('',#4569,#5408);
#5408 = DEFINITIONAL_REPRESENTATION('',(#5409),#5413);
#5409 = LINE('',#5410,#5411);
#5410 = CARTESIAN_POINT('',(-0.145902387933,0.336157906357));
#5411 = VECTOR('',#5412,1.);
#5412 = DIRECTION('',(-1.,0.));
#5413 = ( GEOMETRIC_REPRESENTATION_CONTEXT(2) 
PARAMETRIC_REPRESENTATION_CONTEXT() REPRESENTATION_CONTEXT('2D SPACE',''
  ) );
#5414 = ORIENTED_EDGE('',*,*,#4518,.F.);
#5415 = ORIENTED_EDGE('',*,*,#5416,.F.);
#5416 = EDGE_CURVE('',#5347,#4519,#5417,.T.);
#5417 = SURFACE_CURVE('',#5418,(#5422,#5429),.PCURVE_S1.);
#5418 = LINE('',#5419,#5420);
#5419 = CARTESIAN_POINT('',(-0.7,-0.475,0.4));
#5420 = VECTOR('',#5421,1.);
#5421 = DIRECTION('',(0.,0.,1.));
#5422 = PCURVE('',#4541,#5423);
#5423 = DEFINITIONAL_REPRESENTATION('',(#5424),#5428);
#5424 = LINE('',#5425,#5426);
#5425 = CARTESIAN_POINT('',(0.,0.));
#5426 = VECTOR('',#5427,1.);
#5427 = DIRECTION('',(1.,0.));
#5428 = ( GEOMETRIC_REPRESENTATION_CONTEXT(2) 
PARAMETRIC_REPRESENTATION_CONTEXT() REPRESENTATION_CONTEXT('2D SPACE',''
  ) );
#5429 = PCURVE('',#4623,#5430);
#5430 = DEFINITIONAL_REPRESENTATION('',(#5431),#5435);
#5431 = LINE('',#5432,#5433);
#5432 = CARTESIAN_POINT('',(-0.145902387933,0.336157906357));
#5433 = VECTOR('',#5434,1.);
#5434 = DIRECTION('',(-1.,0.));
#5435 = ( GEOMETRIC_REPRESENTATION_CONTEXT(2) 
PARAMETRIC_REPRESENTATION_CONTEXT() REPRESENTATION_CONTEXT('2D SPACE',''
  ) );
#5436 = ADVANCED_FACE('',(#5437),#4623,.T.);
#5437 = FACE_BOUND('',#5438,.T.);
#5438 = EDGE_LOOP('',(#5439,#5440,#5441,#5442,#5443,#5444,#5445,#5446,
    #5447,#5448,#5449,#5450));
#5439 = ORIENTED_EDGE('',*,*,#4609,.T.);
#5440 = ORIENTED_EDGE('',*,*,#4690,.T.);
#5441 = ORIENTED_EDGE('',*,*,#4766,.T.);
#5442 = ORIENTED_EDGE('',*,*,#4842,.T.);
#5443 = ORIENTED_EDGE('',*,*,#4918,.T.);
#5444 = ORIENTED_EDGE('',*,*,#4994,.T.);
#5445 = ORIENTED_EDGE('',*,*,#5070,.T.);
#5446 = ORIENTED_EDGE('',*,*,#5146,.T.);
#5447 = ORIENTED_EDGE('',*,*,#5222,.T.);
#5448 = ORIENTED_EDGE('',*,*,#5298,.T.);
#5449 = ORIENTED_EDGE('',*,*,#5369,.T.);
#5450 = ORIENTED_EDGE('',*,*,#5416,.T.);
#5451 = ADVANCED_FACE('',(#5452),#4569,.F.);
#5452 = FACE_BOUND('',#5453,.F.);
#5453 = EDGE_LOOP('',(#5454,#5455,#5456,#5457,#5458,#5459,#5460,#5461,
    #5462,#5463,#5464,#5465));
#5454 = ORIENTED_EDGE('',*,*,#4553,.T.);
#5455 = ORIENTED_EDGE('',*,*,#4639,.T.);
#5456 = ORIENTED_EDGE('',*,*,#4715,.T.);
#5457 = ORIENTED_EDGE('',*,*,#4791,.T.);
#5458 = ORIENTED_EDGE('',*,*,#4867,.T.);
#5459 = ORIENTED_EDGE('',*,*,#4943,.T.);
#5460 = ORIENTED_EDGE('',*,*,#5019,.T.);
#5461 = ORIENTED_EDGE('',*,*,#5095,.T.);
#5462 = ORIENTED_EDGE('',*,*,#5171,.T.);
#5463 = ORIENTED_EDGE('',*,*,#5247,.T.);
#5464 = ORIENTED_EDGE('',*,*,#5323,.T.);
#5465 = ORIENTED_EDGE('',*,*,#5394,.T.);
#5466 = MANIFOLD_SOLID_BREP('',#5467);
#5467 = CLOSED_SHELL('',(#5468,#5588,#5664,#5740,#5816,#5892,#5968,#6044
    ,#6120,#6196,#6272,#6343,#6390,#6405));
#5468 = ADVANCED_FACE('',(#5469),#5483,.F.);
#5469 = FACE_BOUND('',#5470,.F.);
#5470 = EDGE_LOOP('',(#5471,#5506,#5534,#5562));
#5471 = ORIENTED_EDGE('',*,*,#5472,.T.);
#5472 = EDGE_CURVE('',#5473,#5475,#5477,.T.);
#5473 = VERTEX_POINT('',#5474);
#5474 = CARTESIAN_POINT('',(0.7,-0.475,0.55));
#5475 = VERTEX_POINT('',#5476);
#5476 = CARTESIAN_POINT('',(0.7,-0.175,0.55));
#5477 = SURFACE_CURVE('',#5478,(#5482,#5494),.PCURVE_S1.);
#5478 = LINE('',#5479,#5480);
#5479 = CARTESIAN_POINT('',(0.7,-0.475,0.55));
#5480 = VECTOR('',#5481,1.);
#5481 = DIRECTION('',(0.,1.,0.));
#5482 = PCURVE('',#5483,#5488);
#5483 = PLANE('',#5484);
#5484 = AXIS2_PLACEMENT_3D('',#5485,#5486,#5487);
#5485 = CARTESIAN_POINT('',(0.7,-0.475,0.55));
#5486 = DIRECTION('',(0.,0.,-1.));
#5487 = DIRECTION('',(1.,0.,0.));
#5488 = DEFINITIONAL_REPRESENTATION('',(#5489),#5493);
#5489 = LINE('',#5490,#5491);
#5490 = CARTESIAN_POINT('',(0.,0.));
#5491 = VECTOR('',#5492,1.);
#5492 = DIRECTION('',(0.,-1.));
#5493 = ( GEOMETRIC_REPRESENTATION_CONTEXT(2) 
PARAMETRIC_REPRESENTATION_CONTEXT() REPRESENTATION_CONTEXT('2D SPACE',''
  ) );
#5494 = PCURVE('',#5495,#5500);
#5495 = PLANE('',#5496);
#5496 = AXIS2_PLACEMENT_3D('',#5497,#5498,#5499);
#5497 = CARTESIAN_POINT('',(0.7,-0.475,0.4));
#5498 = DIRECTION('',(1.,0.,0.));
#5499 = DIRECTION('',(0.,0.,1.));
#5500 = DEFINITIONAL_REPRESENTATION('',(#5501),#5505);
#5501 = LINE('',#5502,#5503);
#5502 = CARTESIAN_POINT('',(0.15,0.));
#5503 = VECTOR('',#5504,1.);
#5504 = DIRECTION('',(0.,-1.));
#5505 = ( GEOMETRIC_REPRESENTATION_CONTEXT(2) 
PARAMETRIC_REPRESENTATION_CONTEXT() REPRESENTATION_CONTEXT('2D SPACE',''
  ) );
#5506 = ORIENTED_EDGE('',*,*,#5507,.T.);
#5507 = EDGE_CURVE('',#5475,#5508,#5510,.T.);
#5508 = VERTEX_POINT('',#5509);
#5509 = CARTESIAN_POINT('',(0.93,-0.175,0.55));
#5510 = SURFACE_CURVE('',#5511,(#5515,#5522),.PCURVE_S1.);
#5511 = LINE('',#5512,#5513);
#5512 = CARTESIAN_POINT('',(0.7,-0.175,0.55));
#5513 = VECTOR('',#5514,1.);
#5514 = DIRECTION('',(1.,0.,0.));
#5515 = PCURVE('',#5483,#5516);
#5516 = DEFINITIONAL_REPRESENTATION('',(#5517),#5521);
#5517 = LINE('',#5518,#5519);
#5518 = CARTESIAN_POINT('',(0.,-0.3));
#5519 = VECTOR('',#5520,1.);
#5520 = DIRECTION('',(1.,0.));
#5521 = ( GEOMETRIC_REPRESENTATION_CONTEXT(2) 
PARAMETRIC_REPRESENTATION_CONTEXT() REPRESENTATION_CONTEXT('2D SPACE',''
  ) );
#5522 = PCURVE('',#5523,#5528);
#5523 = PLANE('',#5524);
#5524 = AXIS2_PLACEMENT_3D('',#5525,#5526,#5527);
#5525 = CARTESIAN_POINT('',(1.036157906357,-0.175,0.254097612067));
#5526 = DIRECTION('',(0.,1.,0.));
#5527 = DIRECTION('',(0.,-0.,1.));
#5528 = DEFINITIONAL_REPRESENTATION('',(#5529),#5533);
#5529 = LINE('',#5530,#5531);
#5530 = CARTESIAN_POINT('',(0.295902387933,-0.336157906357));
#5531 = VECTOR('',#5532,1.);
#5532 = DIRECTION('',(0.,1.));
#5533 = ( GEOMETRIC_REPRESENTATION_CONTEXT(2) 
PARAMETRIC_REPRESENTATION_CONTEXT() REPRESENTATION_CONTEXT('2D SPACE',''
  ) );
#5534 = ORIENTED_EDGE('',*,*,#5535,.F.);
#5535 = EDGE_CURVE('',#5536,#5508,#5538,.T.);
#5536 = VERTEX_POINT('',#5537);
#5537 = CARTESIAN_POINT('',(0.93,-0.475,0.55));
#5538 = SURFACE_CURVE('',#5539,(#5543,#5550),.PCURVE_S1.);
#5539 = LINE('',#5540,#5541);
#5540 = CARTESIAN_POINT('',(0.93,-0.475,0.55));
#5541 = VECTOR('',#5542,1.);
#5542 = DIRECTION('',(0.,1.,0.));
#5543 = PCURVE('',#5483,#5544);
#5544 = DEFINITIONAL_REPRESENTATION('',(#5545),#5549);
#5545 = LINE('',#5546,#5547);
#5546 = CARTESIAN_POINT('',(0.23,0.));
#5547 = VECTOR('',#5548,1.);
#5548 = DIRECTION('',(0.,-1.));
#5549 = ( GEOMETRIC_REPRESENTATION_CONTEXT(2) 
PARAMETRIC_REPRESENTATION_CONTEXT() REPRESENTATION_CONTEXT('2D SPACE',''
  ) );
#5550 = PCURVE('',#5551,#5556);
#5551 = PLANE('',#5552);
#5552 = AXIS2_PLACEMENT_3D('',#5553,#5554,#5555);
#5553 = CARTESIAN_POINT('',(0.93,-0.475,0.55));
#5554 = DIRECTION('',(-0.4472135955,0.,-0.894427191));
#5555 = DIRECTION('',(0.894427191,0.,-0.4472135955));
#5556 = DEFINITIONAL_REPRESENTATION('',(#5557),#5561);
#5557 = LINE('',#5558,#5559);
#5558 = CARTESIAN_POINT('',(0.,0.));
#5559 = VECTOR('',#5560,1.);
#5560 = DIRECTION('',(0.,-1.));
#5561 = ( GEOMETRIC_REPRESENTATION_CONTEXT(2) 
PARAMETRIC_REPRESENTATION_CONTEXT() REPRESENTATION_CONTEXT('2D SPACE',''
  ) );
#5562 = ORIENTED_EDGE('',*,*,#5563,.F.);
#5563 = EDGE_CURVE('',#5473,#5536,#5564,.T.);
#5564 = SURFACE_CURVE('',#5565,(#5569,#5576),.PCURVE_S1.);
#5565 = LINE('',#5566,#5567);
#5566 = CARTESIAN_POINT('',(0.7,-0.475,0.55));
#5567 = VECTOR('',#5568,1.);
#5568 = DIRECTION('',(1.,0.,0.));
#5569 = PCURVE('',#5483,#5570);
#5570 = DEFINITIONAL_REPRESENTATION('',(#5571),#5575);
#5571 = LINE('',#5572,#5573);
#5572 = CARTESIAN_POINT('',(0.,0.));
#5573 = VECTOR('',#5574,1.);
#5574 = DIRECTION('',(1.,0.));
#5575 = ( GEOMETRIC_REPRESENTATION_CONTEXT(2) 
PARAMETRIC_REPRESENTATION_CONTEXT() REPRESENTATION_CONTEXT('2D SPACE',''
  ) );
#5576 = PCURVE('',#5577,#5582);
#5577 = PLANE('',#5578);
#5578 = AXIS2_PLACEMENT_3D('',#5579,#5580,#5581);
#5579 = CARTESIAN_POINT('',(1.036157906357,-0.475,0.254097612067));
#5580 = DIRECTION('',(0.,1.,0.));
#5581 = DIRECTION('',(0.,-0.,1.));
#5582 = DEFINITIONAL_REPRESENTATION('',(#5583),#5587);
#5583 = LINE('',#5584,#5585);
#5584 = CARTESIAN_POINT('',(0.295902387933,-0.336157906357));
#5585 = VECTOR('',#5586,1.);
#5586 = DIRECTION('',(0.,1.));
#5587 = ( GEOMETRIC_REPRESENTATION_CONTEXT(2) 
PARAMETRIC_REPRESENTATION_CONTEXT() REPRESENTATION_CONTEXT('2D SPACE',''
  ) );
#5588 = ADVANCED_FACE('',(#5589),#5551,.F.);
#5589 = FACE_BOUND('',#5590,.F.);
#5590 = EDGE_LOOP('',(#5591,#5592,#5615,#5643));
#5591 = ORIENTED_EDGE('',*,*,#5535,.T.);
#5592 = ORIENTED_EDGE('',*,*,#5593,.T.);
#5593 = EDGE_CURVE('',#5508,#5594,#5596,.T.);
#5594 = VERTEX_POINT('',#5595);
#5595 = CARTESIAN_POINT('',(0.99,-0.175,0.52));
#5596 = SURFACE_CURVE('',#5597,(#5601,#5608),.PCURVE_S1.);
#5597 = LINE('',#5598,#5599);
#5598 = CARTESIAN_POINT('',(0.93,-0.175,0.55));
#5599 = VECTOR('',#5600,1.);
#5600 = DIRECTION('',(0.894427191,0.,-0.4472135955));
#5601 = PCURVE('',#5551,#5602);
#5602 = DEFINITIONAL_REPRESENTATION('',(#5603),#5607);
#5603 = LINE('',#5604,#5605);
#5604 = CARTESIAN_POINT('',(0.,-0.3));
#5605 = VECTOR('',#5606,1.);
#5606 = DIRECTION('',(1.,0.));
#5607 = ( GEOMETRIC_REPRESENTATION_CONTEXT(2) 
PARAMETRIC_REPRESENTATION_CONTEXT() REPRESENTATION_CONTEXT('2D SPACE',''
  ) );
#5608 = PCURVE('',#5523,#5609);
#5609 = DEFINITIONAL_REPRESENTATION('',(#5610),#5614);
#5610 = LINE('',#5611,#5612);
#5611 = CARTESIAN_POINT('',(0.295902387933,-0.106157906357));
#5612 = VECTOR('',#5613,1.);
#5613 = DIRECTION('',(-0.4472135955,0.894427191));
#5614 = ( GEOMETRIC_REPRESENTATION_CONTEXT(2) 
PARAMETRIC_REPRESENTATION_CONTEXT() REPRESENTATION_CONTEXT('2D SPACE',''
  ) );
#5615 = ORIENTED_EDGE('',*,*,#5616,.F.);
#5616 = EDGE_CURVE('',#5617,#5594,#5619,.T.);
#5617 = VERTEX_POINT('',#5618);
#5618 = CARTESIAN_POINT('',(0.99,-0.475,0.52));
#5619 = SURFACE_CURVE('',#5620,(#5624,#5631),.PCURVE_S1.);
#5620 = LINE('',#5621,#5622);
#5621 = CARTESIAN_POINT('',(0.99,-0.475,0.52));
#5622 = VECTOR('',#5623,1.);
#5623 = DIRECTION('',(0.,1.,0.));
#5624 = PCURVE('',#5551,#5625);
#5625 = DEFINITIONAL_REPRESENTATION('',(#5626),#5630);
#5626 = LINE('',#5627,#5628);
#5627 = CARTESIAN_POINT('',(6.708203932499E-02,0.));
#5628 = VECTOR('',#5629,1.);
#5629 = DIRECTION('',(0.,-1.));
#5630 = ( GEOMETRIC_REPRESENTATION_CONTEXT(2) 
PARAMETRIC_REPRESENTATION_CONTEXT() REPRESENTATION_CONTEXT('2D SPACE',''
  ) );
#5631 = PCURVE('',#5632,#5637);
#5632 = PLANE('',#5633);
#5633 = AXIS2_PLACEMENT_3D('',#5634,#5635,#5636);
#5634 = CARTESIAN_POINT('',(0.99,-0.475,0.52));
#5635 = DIRECTION('',(-0.951444518554,0.,-0.307820285415));
#5636 = DIRECTION('',(0.307820285415,0.,-0.951444518554));
#5637 = DEFINITIONAL_REPRESENTATION('',(#5638),#5642);
#5638 = LINE('',#5639,#5640);
#5639 = CARTESIAN_POINT('',(0.,0.));
#5640 = VECTOR('',#5641,1.);
#5641 = DIRECTION('',(0.,-1.));
#5642 = ( GEOMETRIC_REPRESENTATION_CONTEXT(2) 
PARAMETRIC_REPRESENTATION_CONTEXT() REPRESENTATION_CONTEXT('2D SPACE',''
  ) );
#5643 = ORIENTED_EDGE('',*,*,#5644,.F.);
#5644 = EDGE_CURVE('',#5536,#5617,#5645,.T.);
#5645 = SURFACE_CURVE('',#5646,(#5650,#5657),.PCURVE_S1.);
#5646 = LINE('',#5647,#5648);
#5647 = CARTESIAN_POINT('',(0.93,-0.475,0.55));
#5648 = VECTOR('',#5649,1.);
#5649 = DIRECTION('',(0.894427191,0.,-0.4472135955));
#5650 = PCURVE('',#5551,#5651);
#5651 = DEFINITIONAL_REPRESENTATION('',(#5652),#5656);
#5652 = LINE('',#5653,#5654);
#5653 = CARTESIAN_POINT('',(0.,0.));
#5654 = VECTOR('',#5655,1.);
#5655 = DIRECTION('',(1.,0.));
#5656 = ( GEOMETRIC_REPRESENTATION_CONTEXT(2) 
PARAMETRIC_REPRESENTATION_CONTEXT() REPRESENTATION_CONTEXT('2D SPACE',''
  ) );
#5657 = PCURVE('',#5577,#5658);
#5658 = DEFINITIONAL_REPRESENTATION('',(#5659),#5663);
#5659 = LINE('',#5660,#5661);
#5660 = CARTESIAN_POINT('',(0.295902387933,-0.106157906357));
#5661 = VECTOR('',#5662,1.);
#5662 = DIRECTION('',(-0.4472135955,0.894427191));
#5663 = ( GEOMETRIC_REPRESENTATION_CONTEXT(2) 
PARAMETRIC_REPRESENTATION_CONTEXT() REPRESENTATION_CONTEXT('2D SPACE',''
  ) );
#5664 = ADVANCED_FACE('',(#5665),#5632,.F.);
#5665 = FACE_BOUND('',#5666,.F.);
#5666 = EDGE_LOOP('',(#5667,#5668,#5691,#5719));
#5667 = ORIENTED_EDGE('',*,*,#5616,.T.);
#5668 = ORIENTED_EDGE('',*,*,#5669,.T.);
#5669 = EDGE_CURVE('',#5594,#5670,#5672,.T.);
#5670 = VERTEX_POINT('',#5671);
#5671 = CARTESIAN_POINT('',(1.1,-0.175,0.18));
#5672 = SURFACE_CURVE('',#5673,(#5677,#5684),.PCURVE_S1.);
#5673 = LINE('',#5674,#5675);
#5674 = CARTESIAN_POINT('',(0.99,-0.175,0.52));
#5675 = VECTOR('',#5676,1.);
#5676 = DIRECTION('',(0.307820285415,0.,-0.951444518554));
#5677 = PCURVE('',#5632,#5678);
#5678 = DEFINITIONAL_REPRESENTATION('',(#5679),#5683);
#5679 = LINE('',#5680,#5681);
#5680 = CARTESIAN_POINT('',(0.,-0.3));
#5681 = VECTOR('',#5682,1.);
#5682 = DIRECTION('',(1.,0.));
#5683 = ( GEOMETRIC_REPRESENTATION_CONTEXT(2) 
PARAMETRIC_REPRESENTATION_CONTEXT() REPRESENTATION_CONTEXT('2D SPACE',''
  ) );
#5684 = PCURVE('',#5523,#5685);
#5685 = DEFINITIONAL_REPRESENTATION('',(#5686),#5690);
#5686 = LINE('',#5687,#5688);
#5687 = CARTESIAN_POINT('',(0.265902387933,-4.615790635743E-02));
#5688 = VECTOR('',#5689,1.);
#5689 = DIRECTION('',(-0.951444518554,0.307820285415));
#5690 = ( GEOMETRIC_REPRESENTATION_CONTEXT(2) 
PARAMETRIC_REPRESENTATION_CONTEXT() REPRESENTATION_CONTEXT('2D SPACE',''
  ) );
#5691 = ORIENTED_EDGE('',*,*,#5692,.F.);
#5692 = EDGE_CURVE('',#5693,#5670,#5695,.T.);
#5693 = VERTEX_POINT('',#5694);
#5694 = CARTESIAN_POINT('',(1.1,-0.475,0.18));
#5695 = SURFACE_CURVE('',#5696,(#5700,#5707),.PCURVE_S1.);
#5696 = LINE('',#5697,#5698);
#5697 = CARTESIAN_POINT('',(1.1,-0.475,0.18));
#5698 = VECTOR('',#5699,1.);
#5699 = DIRECTION('',(0.,1.,0.));
#5700 = PCURVE('',#5632,#5701);
#5701 = DEFINITIONAL_REPRESENTATION('',(#5702),#5706);
#5702 = LINE('',#5703,#5704);
#5703 = CARTESIAN_POINT('',(0.357351367704,0.));
#5704 = VECTOR('',#5705,1.);
#5705 = DIRECTION('',(0.,-1.));
#5706 = ( GEOMETRIC_REPRESENTATION_CONTEXT(2) 
PARAMETRIC_REPRESENTATION_CONTEXT() REPRESENTATION_CONTEXT('2D SPACE',''
  ) );
#5707 = PCURVE('',#5708,#5713);
#5708 = PLANE('',#5709);
#5709 = AXIS2_PLACEMENT_3D('',#5710,#5711,#5712);
#5710 = CARTESIAN_POINT('',(1.1,-0.475,0.18));
#5711 = DIRECTION('',(-0.6,0.,-0.8));
#5712 = DIRECTION('',(0.8,0.,-0.6));
#5713 = DEFINITIONAL_REPRESENTATION('',(#5714),#5718);
#5714 = LINE('',#5715,#5716);
#5715 = CARTESIAN_POINT('',(0.,0.));
#5716 = VECTOR('',#5717,1.);
#5717 = DIRECTION('',(0.,-1.));
#5718 = ( GEOMETRIC_REPRESENTATION_CONTEXT(2) 
PARAMETRIC_REPRESENTATION_CONTEXT() REPRESENTATION_CONTEXT('2D SPACE',''
  ) );
#5719 = ORIENTED_EDGE('',*,*,#5720,.F.);
#5720 = EDGE_CURVE('',#5617,#5693,#5721,.T.);
#5721 = SURFACE_CURVE('',#5722,(#5726,#5733),.PCURVE_S1.);
#5722 = LINE('',#5723,#5724);
#5723 = CARTESIAN_POINT('',(0.99,-0.475,0.52));
#5724 = VECTOR('',#5725,1.);
#5725 = DIRECTION('',(0.307820285415,0.,-0.951444518554));
#5726 = PCURVE('',#5632,#5727);
#5727 = DEFINITIONAL_REPRESENTATION('',(#5728),#5732);
#5728 = LINE('',#5729,#5730);
#5729 = CARTESIAN_POINT('',(0.,0.));
#5730 = VECTOR('',#5731,1.);
#5731 = DIRECTION('',(1.,0.));
#5732 = ( GEOMETRIC_REPRESENTATION_CONTEXT(2) 
PARAMETRIC_REPRESENTATION_CONTEXT() REPRESENTATION_CONTEXT('2D SPACE',''
  ) );
#5733 = PCURVE('',#5577,#5734);
#5734 = DEFINITIONAL_REPRESENTATION('',(#5735),#5739);
#5735 = LINE('',#5736,#5737);
#5736 = CARTESIAN_POINT('',(0.265902387933,-4.615790635743E-02));
#5737 = VECTOR('',#5738,1.);
#5738 = DIRECTION('',(-0.951444518554,0.307820285415));
#5739 = ( GEOMETRIC_REPRESENTATION_CONTEXT(2) 
PARAMETRIC_REPRESENTATION_CONTEXT() REPRESENTATION_CONTEXT('2D SPACE',''
  ) );
#5740 = ADVANCED_FACE('',(#5741),#5708,.F.);
#5741 = FACE_BOUND('',#5742,.F.);
#5742 = EDGE_LOOP('',(#5743,#5744,#5767,#5795));
#5743 = ORIENTED_EDGE('',*,*,#5692,.T.);
#5744 = ORIENTED_EDGE('',*,*,#5745,.T.);
#5745 = EDGE_CURVE('',#5670,#5746,#5748,.T.);
#5746 = VERTEX_POINT('',#5747);
#5747 = CARTESIAN_POINT('',(1.14,-0.175,0.15));
#5748 = SURFACE_CURVE('',#5749,(#5753,#5760),.PCURVE_S1.);
#5749 = LINE('',#5750,#5751);
#5750 = CARTESIAN_POINT('',(1.1,-0.175,0.18));
#5751 = VECTOR('',#5752,1.);
#5752 = DIRECTION('',(0.8,0.,-0.6));
#5753 = PCURVE('',#5708,#5754);
#5754 = DEFINITIONAL_REPRESENTATION('',(#5755),#5759);
#5755 = LINE('',#5756,#5757);
#5756 = CARTESIAN_POINT('',(0.,-0.3));
#5757 = VECTOR('',#5758,1.);
#5758 = DIRECTION('',(1.,0.));
#5759 = ( GEOMETRIC_REPRESENTATION_CONTEXT(2) 
PARAMETRIC_REPRESENTATION_CONTEXT() REPRESENTATION_CONTEXT('2D SPACE',''
  ) );
#5760 = PCURVE('',#5523,#5761);
#5761 = DEFINITIONAL_REPRESENTATION('',(#5762),#5766);
#5762 = LINE('',#5763,#5764);
#5763 = CARTESIAN_POINT('',(-7.409761206749E-02,6.384209364257E-02));
#5764 = VECTOR('',#5765,1.);
#5765 = DIRECTION('',(-0.6,0.8));
#5766 = ( GEOMETRIC_REPRESENTATION_CONTEXT(2) 
PARAMETRIC_REPRESENTATION_CONTEXT() REPRESENTATION_CONTEXT('2D SPACE',''
  ) );
#5767 = ORIENTED_EDGE('',*,*,#5768,.F.);
#5768 = EDGE_CURVE('',#5769,#5746,#5771,.T.);
#5769 = VERTEX_POINT('',#5770);
#5770 = CARTESIAN_POINT('',(1.14,-0.475,0.15));
#5771 = SURFACE_CURVE('',#5772,(#5776,#5783),.PCURVE_S1.);
#5772 = LINE('',#5773,#5774);
#5773 = CARTESIAN_POINT('',(1.14,-0.475,0.15));
#5774 = VECTOR('',#5775,1.);
#5775 = DIRECTION('',(0.,1.,0.));
#5776 = PCURVE('',#5708,#5777);
#5777 = DEFINITIONAL_REPRESENTATION('',(#5778),#5782);
#5778 = LINE('',#5779,#5780);
#5779 = CARTESIAN_POINT('',(5.E-02,0.));
#5780 = VECTOR('',#5781,1.);
#5781 = DIRECTION('',(0.,-1.));
#5782 = ( GEOMETRIC_REPRESENTATION_CONTEXT(2) 
PARAMETRIC_REPRESENTATION_CONTEXT() REPRESENTATION_CONTEXT('2D SPACE',''
  ) );
#5783 = PCURVE('',#5784,#5789);
#5784 = PLANE('',#5785);
#5785 = AXIS2_PLACEMENT_3D('',#5786,#5787,#5788);
#5786 = CARTESIAN_POINT('',(1.14,-0.475,0.15));
#5787 = DIRECTION('',(0.,0.,-1.));
#5788 = DIRECTION('',(1.,0.,0.));
#5789 = DEFINITIONAL_REPRESENTATION('',(#5790),#5794);
#5790 = LINE('',#5791,#5792);
#5791 = CARTESIAN_POINT('',(0.,0.));
#5792 = VECTOR('',#5793,1.);
#5793 = DIRECTION('',(0.,-1.));
#5794 = ( GEOMETRIC_REPRESENTATION_CONTEXT(2) 
PARAMETRIC_REPRESENTATION_CONTEXT() REPRESENTATION_CONTEXT('2D SPACE',''
  ) );
#5795 = ORIENTED_EDGE('',*,*,#5796,.F.);
#5796 = EDGE_CURVE('',#5693,#5769,#5797,.T.);
#5797 = SURFACE_CURVE('',#5798,(#5802,#5809),.PCURVE_S1.);
#5798 = LINE('',#5799,#5800);
#5799 = CARTESIAN_POINT('',(1.1,-0.475,0.18));
#5800 = VECTOR('',#5801,1.);
#5801 = DIRECTION('',(0.8,0.,-0.6));
#5802 = PCURVE('',#5708,#5803);
#5803 = DEFINITIONAL_REPRESENTATION('',(#5804),#5808);
#5804 = LINE('',#5805,#5806);
#5805 = CARTESIAN_POINT('',(0.,0.));
#5806 = VECTOR('',#5807,1.);
#5807 = DIRECTION('',(1.,0.));
#5808 = ( GEOMETRIC_REPRESENTATION_CONTEXT(2) 
PARAMETRIC_REPRESENTATION_CONTEXT() REPRESENTATION_CONTEXT('2D SPACE',''
  ) );
#5809 = PCURVE('',#5577,#5810);
#5810 = DEFINITIONAL_REPRESENTATION('',(#5811),#5815);
#5811 = LINE('',#5812,#5813);
#5812 = CARTESIAN_POINT('',(-7.409761206749E-02,6.384209364257E-02));
#5813 = VECTOR('',#5814,1.);
#5814 = DIRECTION('',(-0.6,0.8));
#5815 = ( GEOMETRIC_REPRESENTATION_CONTEXT(2) 
PARAMETRIC_REPRESENTATION_CONTEXT() REPRESENTATION_CONTEXT('2D SPACE',''
  ) );
#5816 = ADVANCED_FACE('',(#5817),#5784,.F.);
#5817 = FACE_BOUND('',#5818,.F.);
#5818 = EDGE_LOOP('',(#5819,#5820,#5843,#5871));
#5819 = ORIENTED_EDGE('',*,*,#5768,.T.);
#5820 = ORIENTED_EDGE('',*,*,#5821,.T.);
#5821 = EDGE_CURVE('',#5746,#5822,#5824,.T.);
#5822 = VERTEX_POINT('',#5823);
#5823 = CARTESIAN_POINT('',(1.4,-0.175,0.15));
#5824 = SURFACE_CURVE('',#5825,(#5829,#5836),.PCURVE_S1.);
#5825 = LINE('',#5826,#5827);
#5826 = CARTESIAN_POINT('',(1.14,-0.175,0.15));
#5827 = VECTOR('',#5828,1.);
#5828 = DIRECTION('',(1.,0.,0.));
#5829 = PCURVE('',#5784,#5830);
#5830 = DEFINITIONAL_REPRESENTATION('',(#5831),#5835);
#5831 = LINE('',#5832,#5833);
#5832 = CARTESIAN_POINT('',(0.,-0.3));
#5833 = VECTOR('',#5834,1.);
#5834 = DIRECTION('',(1.,0.));
#5835 = ( GEOMETRIC_REPRESENTATION_CONTEXT(2) 
PARAMETRIC_REPRESENTATION_CONTEXT() REPRESENTATION_CONTEXT('2D SPACE',''
  ) );
#5836 = PCURVE('',#5523,#5837);
#5837 = DEFINITIONAL_REPRESENTATION('',(#5838),#5842);
#5838 = LINE('',#5839,#5840);
#5839 = CARTESIAN_POINT('',(-0.104097612067,0.103842093643));
#5840 = VECTOR('',#5841,1.);
#5841 = DIRECTION('',(0.,1.));
#5842 = ( GEOMETRIC_REPRESENTATION_CONTEXT(2) 
PARAMETRIC_REPRESENTATION_CONTEXT() REPRESENTATION_CONTEXT('2D SPACE',''
  ) );
#5843 = ORIENTED_EDGE('',*,*,#5844,.F.);
#5844 = EDGE_CURVE('',#5845,#5822,#5847,.T.);
#5845 = VERTEX_POINT('',#5846);
#5846 = CARTESIAN_POINT('',(1.4,-0.475,0.15));
#5847 = SURFACE_CURVE('',#5848,(#5852,#5859),.PCURVE_S1.);
#5848 = LINE('',#5849,#5850);
#5849 = CARTESIAN_POINT('',(1.4,-0.475,0.15));
#5850 = VECTOR('',#5851,1.);
#5851 = DIRECTION('',(0.,1.,0.));
#5852 = PCURVE('',#5784,#5853);
#5853 = DEFINITIONAL_REPRESENTATION('',(#5854),#5858);
#5854 = LINE('',#5855,#5856);
#5855 = CARTESIAN_POINT('',(0.26,0.));
#5856 = VECTOR('',#5857,1.);
#5857 = DIRECTION('',(0.,-1.));
#5858 = ( GEOMETRIC_REPRESENTATION_CONTEXT(2) 
PARAMETRIC_REPRESENTATION_CONTEXT() REPRESENTATION_CONTEXT('2D SPACE',''
  ) );
#5859 = PCURVE('',#5860,#5865);
#5860 = PLANE('',#5861);
#5861 = AXIS2_PLACEMENT_3D('',#5862,#5863,#5864);
#5862 = CARTESIAN_POINT('',(1.4,-0.475,0.15));
#5863 = DIRECTION('',(-1.,0.,0.));
#5864 = DIRECTION('',(0.,0.,-1.));
#5865 = DEFINITIONAL_REPRESENTATION('',(#5866),#5870);
#5866 = LINE('',#5867,#5868);
#5867 = CARTESIAN_POINT('',(0.,-0.));
#5868 = VECTOR('',#5869,1.);
#5869 = DIRECTION('',(0.,-1.));
#5870 = ( GEOMETRIC_REPRESENTATION_CONTEXT(2) 
PARAMETRIC_REPRESENTATION_CONTEXT() REPRESENTATION_CONTEXT('2D SPACE',''
  ) );
#5871 = ORIENTED_EDGE('',*,*,#5872,.F.);
#5872 = EDGE_CURVE('',#5769,#5845,#5873,.T.);
#5873 = SURFACE_CURVE('',#5874,(#5878,#5885),.PCURVE_S1.);
#5874 = LINE('',#5875,#5876);
#5875 = CARTESIAN_POINT('',(1.14,-0.475,0.15));
#5876 = VECTOR('',#5877,1.);
#5877 = DIRECTION('',(1.,0.,0.));
#5878 = PCURVE('',#5784,#5879);
#5879 = DEFINITIONAL_REPRESENTATION('',(#5880),#5884);
#5880 = LINE('',#5881,#5882);
#5881 = CARTESIAN_POINT('',(0.,0.));
#5882 = VECTOR('',#5883,1.);
#5883 = DIRECTION('',(1.,0.));
#5884 = ( GEOMETRIC_REPRESENTATION_CONTEXT(2) 
PARAMETRIC_REPRESENTATION_CONTEXT() REPRESENTATION_CONTEXT('2D SPACE',''
  ) );
#5885 = PCURVE('',#5577,#5886);
#5886 = DEFINITIONAL_REPRESENTATION('',(#5887),#5891);
#5887 = LINE('',#5888,#5889);
#5888 = CARTESIAN_POINT('',(-0.104097612067,0.103842093643));
#5889 = VECTOR('',#5890,1.);
#5890 = DIRECTION('',(0.,1.));
#5891 = ( GEOMETRIC_REPRESENTATION_CONTEXT(2) 
PARAMETRIC_REPRESENTATION_CONTEXT() REPRESENTATION_CONTEXT('2D SPACE',''
  ) );
#5892 = ADVANCED_FACE('',(#5893),#5860,.F.);
#5893 = FACE_BOUND('',#5894,.F.);
#5894 = EDGE_LOOP('',(#5895,#5896,#5919,#5947));
#5895 = ORIENTED_EDGE('',*,*,#5844,.T.);
#5896 = ORIENTED_EDGE('',*,*,#5897,.T.);
#5897 = EDGE_CURVE('',#5822,#5898,#5900,.T.);
#5898 = VERTEX_POINT('',#5899);
#5899 = CARTESIAN_POINT('',(1.4,-0.175,0.));
#5900 = SURFACE_CURVE('',#5901,(#5905,#5912),.PCURVE_S1.);
#5901 = LINE('',#5902,#5903);
#5902 = CARTESIAN_POINT('',(1.4,-0.175,0.15));
#5903 = VECTOR('',#5904,1.);
#5904 = DIRECTION('',(0.,0.,-1.));
#5905 = PCURVE('',#5860,#5906);
#5906 = DEFINITIONAL_REPRESENTATION('',(#5907),#5911);
#5907 = LINE('',#5908,#5909);
#5908 = CARTESIAN_POINT('',(0.,-0.3));
#5909 = VECTOR('',#5910,1.);
#5910 = DIRECTION('',(1.,0.));
#5911 = ( GEOMETRIC_REPRESENTATION_CONTEXT(2) 
PARAMETRIC_REPRESENTATION_CONTEXT() REPRESENTATION_CONTEXT('2D SPACE',''
  ) );
#5912 = PCURVE('',#5523,#5913);
#5913 = DEFINITIONAL_REPRESENTATION('',(#5914),#5918);
#5914 = LINE('',#5915,#5916);
#5915 = CARTESIAN_POINT('',(-0.104097612067,0.363842093643));
#5916 = VECTOR('',#5917,1.);
#5917 = DIRECTION('',(-1.,0.));
#5918 = ( GEOMETRIC_REPRESENTATION_CONTEXT(2) 
PARAMETRIC_REPRESENTATION_CONTEXT() REPRESENTATION_CONTEXT('2D SPACE',''
  ) );
#5919 = ORIENTED_EDGE('',*,*,#5920,.F.);
#5920 = EDGE_CURVE('',#5921,#5898,#5923,.T.);
#5921 = VERTEX_POINT('',#5922);
#5922 = CARTESIAN_POINT('',(1.4,-0.475,0.));
#5923 = SURFACE_CURVE('',#5924,(#5928,#5935),.PCURVE_S1.);
#5924 = LINE('',#5925,#5926);
#5925 = CARTESIAN_POINT('',(1.4,-0.475,0.));
#5926 = VECTOR('',#5927,1.);
#5927 = DIRECTION('',(0.,1.,0.));
#5928 = PCURVE('',#5860,#5929);
#5929 = DEFINITIONAL_REPRESENTATION('',(#5930),#5934);
#5930 = LINE('',#5931,#5932);
#5931 = CARTESIAN_POINT('',(0.15,0.));
#5932 = VECTOR('',#5933,1.);
#5933 = DIRECTION('',(0.,-1.));
#5934 = ( GEOMETRIC_REPRESENTATION_CONTEXT(2) 
PARAMETRIC_REPRESENTATION_CONTEXT() REPRESENTATION_CONTEXT('2D SPACE',''
  ) );
#5935 = PCURVE('',#5936,#5941);
#5936 = PLANE('',#5937);
#5937 = AXIS2_PLACEMENT_3D('',#5938,#5939,#5940);
#5938 = CARTESIAN_POINT('',(1.4,-0.475,0.));
#5939 = DIRECTION('',(0.,-0.,1.));
#5940 = DIRECTION('',(-1.,0.,0.));
#5941 = DEFINITIONAL_REPRESENTATION('',(#5942),#5946);
#5942 = LINE('',#5943,#5944);
#5943 = CARTESIAN_POINT('',(0.,0.));
#5944 = VECTOR('',#5945,1.);
#5945 = DIRECTION('',(0.,-1.));
#5946 = ( GEOMETRIC_REPRESENTATION_CONTEXT(2) 
PARAMETRIC_REPRESENTATION_CONTEXT() REPRESENTATION_CONTEXT('2D SPACE',''
  ) );
#5947 = ORIENTED_EDGE('',*,*,#5948,.F.);
#5948 = EDGE_CURVE('',#5845,#5921,#5949,.T.);
#5949 = SURFACE_CURVE('',#5950,(#5954,#5961),.PCURVE_S1.);
#5950 = LINE('',#5951,#5952);
#5951 = CARTESIAN_POINT('',(1.4,-0.475,0.15));
#5952 = VECTOR('',#5953,1.);
#5953 = DIRECTION('',(0.,0.,-1.));
#5954 = PCURVE('',#5860,#5955);
#5955 = DEFINITIONAL_REPRESENTATION('',(#5956),#5960);
#5956 = LINE('',#5957,#5958);
#5957 = CARTESIAN_POINT('',(0.,-0.));
#5958 = VECTOR('',#5959,1.);
#5959 = DIRECTION('',(1.,0.));
#5960 = ( GEOMETRIC_REPRESENTATION_CONTEXT(2) 
PARAMETRIC_REPRESENTATION_CONTEXT() REPRESENTATION_CONTEXT('2D SPACE',''
  ) );
#5961 = PCURVE('',#5577,#5962);
#5962 = DEFINITIONAL_REPRESENTATION('',(#5963),#5967);
#5963 = LINE('',#5964,#5965);
#5964 = CARTESIAN_POINT('',(-0.104097612067,0.363842093643));
#5965 = VECTOR('',#5966,1.);
#5966 = DIRECTION('',(-1.,0.));
#5967 = ( GEOMETRIC_REPRESENTATION_CONTEXT(2) 
PARAMETRIC_REPRESENTATION_CONTEXT() REPRESENTATION_CONTEXT('2D SPACE',''
  ) );
#5968 = ADVANCED_FACE('',(#5969),#5936,.F.);
#5969 = FACE_BOUND('',#5970,.F.);
#5970 = EDGE_LOOP('',(#5971,#5972,#5995,#6023));
#5971 = ORIENTED_EDGE('',*,*,#5920,.T.);
#5972 = ORIENTED_EDGE('',*,*,#5973,.T.);
#5973 = EDGE_CURVE('',#5898,#5974,#5976,.T.);
#5974 = VERTEX_POINT('',#5975);
#5975 = CARTESIAN_POINT('',(1.05,-0.175,0.));
#5976 = SURFACE_CURVE('',#5977,(#5981,#5988),.PCURVE_S1.);
#5977 = LINE('',#5978,#5979);
#5978 = CARTESIAN_POINT('',(1.4,-0.175,0.));
#5979 = VECTOR('',#5980,1.);
#5980 = DIRECTION('',(-1.,0.,0.));
#5981 = PCURVE('',#5936,#5982);
#5982 = DEFINITIONAL_REPRESENTATION('',(#5983),#5987);
#5983 = LINE('',#5984,#5985);
#5984 = CARTESIAN_POINT('',(0.,-0.3));
#5985 = VECTOR('',#5986,1.);
#5986 = DIRECTION('',(1.,0.));
#5987 = ( GEOMETRIC_REPRESENTATION_CONTEXT(2) 
PARAMETRIC_REPRESENTATION_CONTEXT() REPRESENTATION_CONTEXT('2D SPACE',''
  ) );
#5988 = PCURVE('',#5523,#5989);
#5989 = DEFINITIONAL_REPRESENTATION('',(#5990),#5994);
#5990 = LINE('',#5991,#5992);
#5991 = CARTESIAN_POINT('',(-0.254097612067,0.363842093643));
#5992 = VECTOR('',#5993,1.);
#5993 = DIRECTION('',(0.,-1.));
#5994 = ( GEOMETRIC_REPRESENTATION_CONTEXT(2) 
PARAMETRIC_REPRESENTATION_CONTEXT() REPRESENTATION_CONTEXT('2D SPACE',''
  ) );
#5995 = ORIENTED_EDGE('',*,*,#5996,.F.);
#5996 = EDGE_CURVE('',#5997,#5974,#5999,.T.);
#5997 = VERTEX_POINT('',#5998);
#5998 = CARTESIAN_POINT('',(1.05,-0.475,0.));
#5999 = SURFACE_CURVE('',#6000,(#6004,#6011),.PCURVE_S1.);
#6000 = LINE('',#6001,#6002);
#6001 = CARTESIAN_POINT('',(1.05,-0.475,0.));
#6002 = VECTOR('',#6003,1.);
#6003 = DIRECTION('',(0.,1.,0.));
#6004 = PCURVE('',#5936,#6005);
#6005 = DEFINITIONAL_REPRESENTATION('',(#6006),#6010);
#6006 = LINE('',#6007,#6008);
#6007 = CARTESIAN_POINT('',(0.35,0.));
#6008 = VECTOR('',#6009,1.);
#6009 = DIRECTION('',(0.,-1.));
#6010 = ( GEOMETRIC_REPRESENTATION_CONTEXT(2) 
PARAMETRIC_REPRESENTATION_CONTEXT() REPRESENTATION_CONTEXT('2D SPACE',''
  ) );
#6011 = PCURVE('',#6012,#6017);
#6012 = PLANE('',#6013);
#6013 = AXIS2_PLACEMENT_3D('',#6014,#6015,#6016);
#6014 = CARTESIAN_POINT('',(1.05,-0.475,0.));
#6015 = DIRECTION('',(0.554700196225,-0.,0.832050294338));
#6016 = DIRECTION('',(-0.832050294338,0.,0.554700196225));
#6017 = DEFINITIONAL_REPRESENTATION('',(#6018),#6022);
#6018 = LINE('',#6019,#6020);
#6019 = CARTESIAN_POINT('',(0.,0.));
#6020 = VECTOR('',#6021,1.);
#6021 = DIRECTION('',(0.,-1.));
#6022 = ( GEOMETRIC_REPRESENTATION_CONTEXT(2) 
PARAMETRIC_REPRESENTATION_CONTEXT() REPRESENTATION_CONTEXT('2D SPACE',''
  ) );
#6023 = ORIENTED_EDGE('',*,*,#6024,.F.);
#6024 = EDGE_CURVE('',#5921,#5997,#6025,.T.);
#6025 = SURFACE_CURVE('',#6026,(#6030,#6037),.PCURVE_S1.);
#6026 = LINE('',#6027,#6028);
#6027 = CARTESIAN_POINT('',(1.4,-0.475,0.));
#6028 = VECTOR('',#6029,1.);
#6029 = DIRECTION('',(-1.,0.,0.));
#6030 = PCURVE('',#5936,#6031);
#6031 = DEFINITIONAL_REPRESENTATION('',(#6032),#6036);
#6032 = LINE('',#6033,#6034);
#6033 = CARTESIAN_POINT('',(0.,0.));
#6034 = VECTOR('',#6035,1.);
#6035 = DIRECTION('',(1.,0.));
#6036 = ( GEOMETRIC_REPRESENTATION_CONTEXT(2) 
PARAMETRIC_REPRESENTATION_CONTEXT() REPRESENTATION_CONTEXT('2D SPACE',''
  ) );
#6037 = PCURVE('',#5577,#6038);
#6038 = DEFINITIONAL_REPRESENTATION('',(#6039),#6043);
#6039 = LINE('',#6040,#6041);
#6040 = CARTESIAN_POINT('',(-0.254097612067,0.363842093643));
#6041 = VECTOR('',#6042,1.);
#6042 = DIRECTION('',(0.,-1.));
#6043 = ( GEOMETRIC_REPRESENTATION_CONTEXT(2) 
PARAMETRIC_REPRESENTATION_CONTEXT() REPRESENTATION_CONTEXT('2D SPACE',''
  ) );
#6044 = ADVANCED_FACE('',(#6045),#6012,.F.);
#6045 = FACE_BOUND('',#6046,.F.);
#6046 = EDGE_LOOP('',(#6047,#6048,#6071,#6099));
#6047 = ORIENTED_EDGE('',*,*,#5996,.T.);
#6048 = ORIENTED_EDGE('',*,*,#6049,.T.);
#6049 = EDGE_CURVE('',#5974,#6050,#6052,.T.);
#6050 = VERTEX_POINT('',#6051);
#6051 = CARTESIAN_POINT('',(0.99,-0.175,4.E-02));
#6052 = SURFACE_CURVE('',#6053,(#6057,#6064),.PCURVE_S1.);
#6053 = LINE('',#6054,#6055);
#6054 = CARTESIAN_POINT('',(1.05,-0.175,0.));
#6055 = VECTOR('',#6056,1.);
#6056 = DIRECTION('',(-0.832050294338,0.,0.554700196225));
#6057 = PCURVE('',#6012,#6058);
#6058 = DEFINITIONAL_REPRESENTATION('',(#6059),#6063);
#6059 = LINE('',#6060,#6061);
#6060 = CARTESIAN_POINT('',(0.,-0.3));
#6061 = VECTOR('',#6062,1.);
#6062 = DIRECTION('',(1.,0.));
#6063 = ( GEOMETRIC_REPRESENTATION_CONTEXT(2) 
PARAMETRIC_REPRESENTATION_CONTEXT() REPRESENTATION_CONTEXT('2D SPACE',''
  ) );
#6064 = PCURVE('',#5523,#6065);
#6065 = DEFINITIONAL_REPRESENTATION('',(#6066),#6070);
#6066 = LINE('',#6067,#6068);
#6067 = CARTESIAN_POINT('',(-0.254097612067,1.384209364257E-02));
#6068 = VECTOR('',#6069,1.);
#6069 = DIRECTION('',(0.554700196225,-0.832050294338));
#6070 = ( GEOMETRIC_REPRESENTATION_CONTEXT(2) 
PARAMETRIC_REPRESENTATION_CONTEXT() REPRESENTATION_CONTEXT('2D SPACE',''
  ) );
#6071 = ORIENTED_EDGE('',*,*,#6072,.F.);
#6072 = EDGE_CURVE('',#6073,#6050,#6075,.T.);
#6073 = VERTEX_POINT('',#6074);
#6074 = CARTESIAN_POINT('',(0.99,-0.475,4.E-02));
#6075 = SURFACE_CURVE('',#6076,(#6080,#6087),.PCURVE_S1.);
#6076 = LINE('',#6077,#6078);
#6077 = CARTESIAN_POINT('',(0.99,-0.475,4.E-02));
#6078 = VECTOR('',#6079,1.);
#6079 = DIRECTION('',(0.,1.,0.));
#6080 = PCURVE('',#6012,#6081);
#6081 = DEFINITIONAL_REPRESENTATION('',(#6082),#6086);
#6082 = LINE('',#6083,#6084);
#6083 = CARTESIAN_POINT('',(7.211102550928E-02,0.));
#6084 = VECTOR('',#6085,1.);
#6085 = DIRECTION('',(0.,-1.));
#6086 = ( GEOMETRIC_REPRESENTATION_CONTEXT(2) 
PARAMETRIC_REPRESENTATION_CONTEXT() REPRESENTATION_CONTEXT('2D SPACE',''
  ) );
#6087 = PCURVE('',#6088,#6093);
#6088 = PLANE('',#6089);
#6089 = AXIS2_PLACEMENT_3D('',#6090,#6091,#6092);
#6090 = CARTESIAN_POINT('',(0.99,-0.475,4.E-02));
#6091 = DIRECTION('',(0.948683298051,-0.,0.316227766017));
#6092 = DIRECTION('',(-0.316227766017,0.,0.948683298051));
#6093 = DEFINITIONAL_REPRESENTATION('',(#6094),#6098);
#6094 = LINE('',#6095,#6096);
#6095 = CARTESIAN_POINT('',(0.,0.));
#6096 = VECTOR('',#6097,1.);
#6097 = DIRECTION('',(0.,-1.));
#6098 = ( GEOMETRIC_REPRESENTATION_CONTEXT(2) 
PARAMETRIC_REPRESENTATION_CONTEXT() REPRESENTATION_CONTEXT('2D SPACE',''
  ) );
#6099 = ORIENTED_EDGE('',*,*,#6100,.F.);
#6100 = EDGE_CURVE('',#5997,#6073,#6101,.T.);
#6101 = SURFACE_CURVE('',#6102,(#6106,#6113),.PCURVE_S1.);
#6102 = LINE('',#6103,#6104);
#6103 = CARTESIAN_POINT('',(1.05,-0.475,0.));
#6104 = VECTOR('',#6105,1.);
#6105 = DIRECTION('',(-0.832050294338,0.,0.554700196225));
#6106 = PCURVE('',#6012,#6107);
#6107 = DEFINITIONAL_REPRESENTATION('',(#6108),#6112);
#6108 = LINE('',#6109,#6110);
#6109 = CARTESIAN_POINT('',(0.,0.));
#6110 = VECTOR('',#6111,1.);
#6111 = DIRECTION('',(1.,0.));
#6112 = ( GEOMETRIC_REPRESENTATION_CONTEXT(2) 
PARAMETRIC_REPRESENTATION_CONTEXT() REPRESENTATION_CONTEXT('2D SPACE',''
  ) );
#6113 = PCURVE('',#5577,#6114);
#6114 = DEFINITIONAL_REPRESENTATION('',(#6115),#6119);
#6115 = LINE('',#6116,#6117);
#6116 = CARTESIAN_POINT('',(-0.254097612067,1.384209364257E-02));
#6117 = VECTOR('',#6118,1.);
#6118 = DIRECTION('',(0.554700196225,-0.832050294338));
#6119 = ( GEOMETRIC_REPRESENTATION_CONTEXT(2) 
PARAMETRIC_REPRESENTATION_CONTEXT() REPRESENTATION_CONTEXT('2D SPACE',''
  ) );
#6120 = ADVANCED_FACE('',(#6121),#6088,.F.);
#6121 = FACE_BOUND('',#6122,.F.);
#6122 = EDGE_LOOP('',(#6123,#6124,#6147,#6175));
#6123 = ORIENTED_EDGE('',*,*,#6072,.T.);
#6124 = ORIENTED_EDGE('',*,*,#6125,.T.);
#6125 = EDGE_CURVE('',#6050,#6126,#6128,.T.);
#6126 = VERTEX_POINT('',#6127);
#6127 = CARTESIAN_POINT('',(0.88,-0.175,0.37));
#6128 = SURFACE_CURVE('',#6129,(#6133,#6140),.PCURVE_S1.);
#6129 = LINE('',#6130,#6131);
#6130 = CARTESIAN_POINT('',(0.99,-0.175,4.E-02));
#6131 = VECTOR('',#6132,1.);
#6132 = DIRECTION('',(-0.316227766017,0.,0.948683298051));
#6133 = PCURVE('',#6088,#6134);
#6134 = DEFINITIONAL_REPRESENTATION('',(#6135),#6139);
#6135 = LINE('',#6136,#6137);
#6136 = CARTESIAN_POINT('',(0.,-0.3));
#6137 = VECTOR('',#6138,1.);
#6138 = DIRECTION('',(1.,0.));
#6139 = ( GEOMETRIC_REPRESENTATION_CONTEXT(2) 
PARAMETRIC_REPRESENTATION_CONTEXT() REPRESENTATION_CONTEXT('2D SPACE',''
  ) );
#6140 = PCURVE('',#5523,#6141);
#6141 = DEFINITIONAL_REPRESENTATION('',(#6142),#6146);
#6142 = LINE('',#6143,#6144);
#6143 = CARTESIAN_POINT('',(-0.214097612067,-4.615790635743E-02));
#6144 = VECTOR('',#6145,1.);
#6145 = DIRECTION('',(0.948683298051,-0.316227766017));
#6146 = ( GEOMETRIC_REPRESENTATION_CONTEXT(2) 
PARAMETRIC_REPRESENTATION_CONTEXT() REPRESENTATION_CONTEXT('2D SPACE',''
  ) );
#6147 = ORIENTED_EDGE('',*,*,#6148,.F.);
#6148 = EDGE_CURVE('',#6149,#6126,#6151,.T.);
#6149 = VERTEX_POINT('',#6150);
#6150 = CARTESIAN_POINT('',(0.88,-0.475,0.37));
#6151 = SURFACE_CURVE('',#6152,(#6156,#6163),.PCURVE_S1.);
#6152 = LINE('',#6153,#6154);
#6153 = CARTESIAN_POINT('',(0.88,-0.475,0.37));
#6154 = VECTOR('',#6155,1.);
#6155 = DIRECTION('',(0.,1.,0.));
#6156 = PCURVE('',#6088,#6157);
#6157 = DEFINITIONAL_REPRESENTATION('',(#6158),#6162);
#6158 = LINE('',#6159,#6160);
#6159 = CARTESIAN_POINT('',(0.347850542619,0.));
#6160 = VECTOR('',#6161,1.);
#6161 = DIRECTION('',(0.,-1.));
#6162 = ( GEOMETRIC_REPRESENTATION_CONTEXT(2) 
PARAMETRIC_REPRESENTATION_CONTEXT() REPRESENTATION_CONTEXT('2D SPACE',''
  ) );
#6163 = PCURVE('',#6164,#6169);
#6164 = PLANE('',#6165);
#6165 = AXIS2_PLACEMENT_3D('',#6166,#6167,#6168);
#6166 = CARTESIAN_POINT('',(0.88,-0.475,0.37));
#6167 = DIRECTION('',(0.6,-0.,0.8));
#6168 = DIRECTION('',(-0.8,0.,0.6));
#6169 = DEFINITIONAL_REPRESENTATION('',(#6170),#6174);
#6170 = LINE('',#6171,#6172);
#6171 = CARTESIAN_POINT('',(0.,0.));
#6172 = VECTOR('',#6173,1.);
#6173 = DIRECTION('',(0.,-1.));
#6174 = ( GEOMETRIC_REPRESENTATION_CONTEXT(2) 
PARAMETRIC_REPRESENTATION_CONTEXT() REPRESENTATION_CONTEXT('2D SPACE',''
  ) );
#6175 = ORIENTED_EDGE('',*,*,#6176,.F.);
#6176 = EDGE_CURVE('',#6073,#6149,#6177,.T.);
#6177 = SURFACE_CURVE('',#6178,(#6182,#6189),.PCURVE_S1.);
#6178 = LINE('',#6179,#6180);
#6179 = CARTESIAN_POINT('',(0.99,-0.475,4.E-02));
#6180 = VECTOR('',#6181,1.);
#6181 = DIRECTION('',(-0.316227766017,0.,0.948683298051));
#6182 = PCURVE('',#6088,#6183);
#6183 = DEFINITIONAL_REPRESENTATION('',(#6184),#6188);
#6184 = LINE('',#6185,#6186);
#6185 = CARTESIAN_POINT('',(0.,0.));
#6186 = VECTOR('',#6187,1.);
#6187 = DIRECTION('',(1.,0.));
#6188 = ( GEOMETRIC_REPRESENTATION_CONTEXT(2) 
PARAMETRIC_REPRESENTATION_CONTEXT() REPRESENTATION_CONTEXT('2D SPACE',''
  ) );
#6189 = PCURVE('',#5577,#6190);
#6190 = DEFINITIONAL_REPRESENTATION('',(#6191),#6195);
#6191 = LINE('',#6192,#6193);
#6192 = CARTESIAN_POINT('',(-0.214097612067,-4.615790635743E-02));
#6193 = VECTOR('',#6194,1.);
#6194 = DIRECTION('',(0.948683298051,-0.316227766017));
#6195 = ( GEOMETRIC_REPRESENTATION_CONTEXT(2) 
PARAMETRIC_REPRESENTATION_CONTEXT() REPRESENTATION_CONTEXT('2D SPACE',''
  ) );
#6196 = ADVANCED_FACE('',(#6197),#6164,.F.);
#6197 = FACE_BOUND('',#6198,.F.);
#6198 = EDGE_LOOP('',(#6199,#6200,#6223,#6251));
#6199 = ORIENTED_EDGE('',*,*,#6148,.T.);
#6200 = ORIENTED_EDGE('',*,*,#6201,.T.);
#6201 = EDGE_CURVE('',#6126,#6202,#6204,.T.);
#6202 = VERTEX_POINT('',#6203);
#6203 = CARTESIAN_POINT('',(0.84,-0.175,0.4));
#6204 = SURFACE_CURVE('',#6205,(#6209,#6216),.PCURVE_S1.);
#6205 = LINE('',#6206,#6207);
#6206 = CARTESIAN_POINT('',(0.88,-0.175,0.37));
#6207 = VECTOR('',#6208,1.);
#6208 = DIRECTION('',(-0.8,0.,0.6));
#6209 = PCURVE('',#6164,#6210);
#6210 = DEFINITIONAL_REPRESENTATION('',(#6211),#6215);
#6211 = LINE('',#6212,#6213);
#6212 = CARTESIAN_POINT('',(0.,-0.3));
#6213 = VECTOR('',#6214,1.);
#6214 = DIRECTION('',(1.,0.));
#6215 = ( GEOMETRIC_REPRESENTATION_CONTEXT(2) 
PARAMETRIC_REPRESENTATION_CONTEXT() REPRESENTATION_CONTEXT('2D SPACE',''
  ) );
#6216 = PCURVE('',#5523,#6217);
#6217 = DEFINITIONAL_REPRESENTATION('',(#6218),#6222);
#6218 = LINE('',#6219,#6220);
#6219 = CARTESIAN_POINT('',(0.115902387933,-0.156157906357));
#6220 = VECTOR('',#6221,1.);
#6221 = DIRECTION('',(0.6,-0.8));
#6222 = ( GEOMETRIC_REPRESENTATION_CONTEXT(2) 
PARAMETRIC_REPRESENTATION_CONTEXT() REPRESENTATION_CONTEXT('2D SPACE',''
  ) );
#6223 = ORIENTED_EDGE('',*,*,#6224,.F.);
#6224 = EDGE_CURVE('',#6225,#6202,#6227,.T.);
#6225 = VERTEX_POINT('',#6226);
#6226 = CARTESIAN_POINT('',(0.84,-0.475,0.4));
#6227 = SURFACE_CURVE('',#6228,(#6232,#6239),.PCURVE_S1.);
#6228 = LINE('',#6229,#6230);
#6229 = CARTESIAN_POINT('',(0.84,-0.475,0.4));
#6230 = VECTOR('',#6231,1.);
#6231 = DIRECTION('',(0.,1.,0.));
#6232 = PCURVE('',#6164,#6233);
#6233 = DEFINITIONAL_REPRESENTATION('',(#6234),#6238);
#6234 = LINE('',#6235,#6236);
#6235 = CARTESIAN_POINT('',(5.E-02,0.));
#6236 = VECTOR('',#6237,1.);
#6237 = DIRECTION('',(0.,-1.));
#6238 = ( GEOMETRIC_REPRESENTATION_CONTEXT(2) 
PARAMETRIC_REPRESENTATION_CONTEXT() REPRESENTATION_CONTEXT('2D SPACE',''
  ) );
#6239 = PCURVE('',#6240,#6245);
#6240 = PLANE('',#6241);
#6241 = AXIS2_PLACEMENT_3D('',#6242,#6243,#6244);
#6242 = CARTESIAN_POINT('',(0.84,-0.475,0.4));
#6243 = DIRECTION('',(0.,-0.,1.));
#6244 = DIRECTION('',(-1.,0.,0.));
#6245 = DEFINITIONAL_REPRESENTATION('',(#6246),#6250);
#6246 = LINE('',#6247,#6248);
#6247 = CARTESIAN_POINT('',(0.,0.));
#6248 = VECTOR('',#6249,1.);
#6249 = DIRECTION('',(0.,-1.));
#6250 = ( GEOMETRIC_REPRESENTATION_CONTEXT(2) 
PARAMETRIC_REPRESENTATION_CONTEXT() REPRESENTATION_CONTEXT('2D SPACE',''
  ) );
#6251 = ORIENTED_EDGE('',*,*,#6252,.F.);
#6252 = EDGE_CURVE('',#6149,#6225,#6253,.T.);
#6253 = SURFACE_CURVE('',#6254,(#6258,#6265),.PCURVE_S1.);
#6254 = LINE('',#6255,#6256);
#6255 = CARTESIAN_POINT('',(0.88,-0.475,0.37));
#6256 = VECTOR('',#6257,1.);
#6257 = DIRECTION('',(-0.8,0.,0.6));
#6258 = PCURVE('',#6164,#6259);
#6259 = DEFINITIONAL_REPRESENTATION('',(#6260),#6264);
#6260 = LINE('',#6261,#6262);
#6261 = CARTESIAN_POINT('',(0.,0.));
#6262 = VECTOR('',#6263,1.);
#6263 = DIRECTION('',(1.,0.));
#6264 = ( GEOMETRIC_REPRESENTATION_CONTEXT(2) 
PARAMETRIC_REPRESENTATION_CONTEXT() REPRESENTATION_CONTEXT('2D SPACE',''
  ) );
#6265 = PCURVE('',#5577,#6266);
#6266 = DEFINITIONAL_REPRESENTATION('',(#6267),#6271);
#6267 = LINE('',#6268,#6269);
#6268 = CARTESIAN_POINT('',(0.115902387933,-0.156157906357));
#6269 = VECTOR('',#6270,1.);
#6270 = DIRECTION('',(0.6,-0.8));
#6271 = ( GEOMETRIC_REPRESENTATION_CONTEXT(2) 
PARAMETRIC_REPRESENTATION_CONTEXT() REPRESENTATION_CONTEXT('2D SPACE',''
  ) );
#6272 = ADVANCED_FACE('',(#6273),#6240,.F.);
#6273 = FACE_BOUND('',#6274,.F.);
#6274 = EDGE_LOOP('',(#6275,#6276,#6299,#6322));
#6275 = ORIENTED_EDGE('',*,*,#6224,.T.);
#6276 = ORIENTED_EDGE('',*,*,#6277,.T.);
#6277 = EDGE_CURVE('',#6202,#6278,#6280,.T.);
#6278 = VERTEX_POINT('',#6279);
#6279 = CARTESIAN_POINT('',(0.7,-0.175,0.4));
#6280 = SURFACE_CURVE('',#6281,(#6285,#6292),.PCURVE_S1.);
#6281 = LINE('',#6282,#6283);
#6282 = CARTESIAN_POINT('',(0.84,-0.175,0.4));
#6283 = VECTOR('',#6284,1.);
#6284 = DIRECTION('',(-1.,0.,0.));
#6285 = PCURVE('',#6240,#6286);
#6286 = DEFINITIONAL_REPRESENTATION('',(#6287),#6291);
#6287 = LINE('',#6288,#6289);
#6288 = CARTESIAN_POINT('',(0.,-0.3));
#6289 = VECTOR('',#6290,1.);
#6290 = DIRECTION('',(1.,0.));
#6291 = ( GEOMETRIC_REPRESENTATION_CONTEXT(2) 
PARAMETRIC_REPRESENTATION_CONTEXT() REPRESENTATION_CONTEXT('2D SPACE',''
  ) );
#6292 = PCURVE('',#5523,#6293);
#6293 = DEFINITIONAL_REPRESENTATION('',(#6294),#6298);
#6294 = LINE('',#6295,#6296);
#6295 = CARTESIAN_POINT('',(0.145902387933,-0.196157906357));
#6296 = VECTOR('',#6297,1.);
#6297 = DIRECTION('',(0.,-1.));
#6298 = ( GEOMETRIC_REPRESENTATION_CONTEXT(2) 
PARAMETRIC_REPRESENTATION_CONTEXT() REPRESENTATION_CONTEXT('2D SPACE',''
  ) );
#6299 = ORIENTED_EDGE('',*,*,#6300,.F.);
#6300 = EDGE_CURVE('',#6301,#6278,#6303,.T.);
#6301 = VERTEX_POINT('',#6302);
#6302 = CARTESIAN_POINT('',(0.7,-0.475,0.4));
#6303 = SURFACE_CURVE('',#6304,(#6308,#6315),.PCURVE_S1.);
#6304 = LINE('',#6305,#6306);
#6305 = CARTESIAN_POINT('',(0.7,-0.475,0.4));
#6306 = VECTOR('',#6307,1.);
#6307 = DIRECTION('',(0.,1.,0.));
#6308 = PCURVE('',#6240,#6309);
#6309 = DEFINITIONAL_REPRESENTATION('',(#6310),#6314);
#6310 = LINE('',#6311,#6312);
#6311 = CARTESIAN_POINT('',(0.14,0.));
#6312 = VECTOR('',#6313,1.);
#6313 = DIRECTION('',(0.,-1.));
#6314 = ( GEOMETRIC_REPRESENTATION_CONTEXT(2) 
PARAMETRIC_REPRESENTATION_CONTEXT() REPRESENTATION_CONTEXT('2D SPACE',''
  ) );
#6315 = PCURVE('',#5495,#6316);
#6316 = DEFINITIONAL_REPRESENTATION('',(#6317),#6321);
#6317 = LINE('',#6318,#6319);
#6318 = CARTESIAN_POINT('',(0.,0.));
#6319 = VECTOR('',#6320,1.);
#6320 = DIRECTION('',(0.,-1.));
#6321 = ( GEOMETRIC_REPRESENTATION_CONTEXT(2) 
PARAMETRIC_REPRESENTATION_CONTEXT() REPRESENTATION_CONTEXT('2D SPACE',''
  ) );
#6322 = ORIENTED_EDGE('',*,*,#6323,.F.);
#6323 = EDGE_CURVE('',#6225,#6301,#6324,.T.);
#6324 = SURFACE_CURVE('',#6325,(#6329,#6336),.PCURVE_S1.);
#6325 = LINE('',#6326,#6327);
#6326 = CARTESIAN_POINT('',(0.84,-0.475,0.4));
#6327 = VECTOR('',#6328,1.);
#6328 = DIRECTION('',(-1.,0.,0.));
#6329 = PCURVE('',#6240,#6330);
#6330 = DEFINITIONAL_REPRESENTATION('',(#6331),#6335);
#6331 = LINE('',#6332,#6333);
#6332 = CARTESIAN_POINT('',(0.,0.));
#6333 = VECTOR('',#6334,1.);
#6334 = DIRECTION('',(1.,0.));
#6335 = ( GEOMETRIC_REPRESENTATION_CONTEXT(2) 
PARAMETRIC_REPRESENTATION_CONTEXT() REPRESENTATION_CONTEXT('2D SPACE',''
  ) );
#6336 = PCURVE('',#5577,#6337);
#6337 = DEFINITIONAL_REPRESENTATION('',(#6338),#6342);
#6338 = LINE('',#6339,#6340);
#6339 = CARTESIAN_POINT('',(0.145902387933,-0.196157906357));
#6340 = VECTOR('',#6341,1.);
#6341 = DIRECTION('',(0.,-1.));
#6342 = ( GEOMETRIC_REPRESENTATION_CONTEXT(2) 
PARAMETRIC_REPRESENTATION_CONTEXT() REPRESENTATION_CONTEXT('2D SPACE',''
  ) );
#6343 = ADVANCED_FACE('',(#6344),#5495,.F.);
#6344 = FACE_BOUND('',#6345,.F.);
#6345 = EDGE_LOOP('',(#6346,#6347,#6368,#6369));
#6346 = ORIENTED_EDGE('',*,*,#6300,.T.);
#6347 = ORIENTED_EDGE('',*,*,#6348,.T.);
#6348 = EDGE_CURVE('',#6278,#5475,#6349,.T.);
#6349 = SURFACE_CURVE('',#6350,(#6354,#6361),.PCURVE_S1.);
#6350 = LINE('',#6351,#6352);
#6351 = CARTESIAN_POINT('',(0.7,-0.175,0.4));
#6352 = VECTOR('',#6353,1.);
#6353 = DIRECTION('',(0.,0.,1.));
#6354 = PCURVE('',#5495,#6355);
#6355 = DEFINITIONAL_REPRESENTATION('',(#6356),#6360);
#6356 = LINE('',#6357,#6358);
#6357 = CARTESIAN_POINT('',(0.,-0.3));
#6358 = VECTOR('',#6359,1.);
#6359 = DIRECTION('',(1.,0.));
#6360 = ( GEOMETRIC_REPRESENTATION_CONTEXT(2) 
PARAMETRIC_REPRESENTATION_CONTEXT() REPRESENTATION_CONTEXT('2D SPACE',''
  ) );
#6361 = PCURVE('',#5523,#6362);
#6362 = DEFINITIONAL_REPRESENTATION('',(#6363),#6367);
#6363 = LINE('',#6364,#6365);
#6364 = CARTESIAN_POINT('',(0.145902387933,-0.336157906357));
#6365 = VECTOR('',#6366,1.);
#6366 = DIRECTION('',(1.,0.));
#6367 = ( GEOMETRIC_REPRESENTATION_CONTEXT(2) 
PARAMETRIC_REPRESENTATION_CONTEXT() REPRESENTATION_CONTEXT('2D SPACE',''
  ) );
#6368 = ORIENTED_EDGE('',*,*,#5472,.F.);
#6369 = ORIENTED_EDGE('',*,*,#6370,.F.);
#6370 = EDGE_CURVE('',#6301,#5473,#6371,.T.);
#6371 = SURFACE_CURVE('',#6372,(#6376,#6383),.PCURVE_S1.);
#6372 = LINE('',#6373,#6374);
#6373 = CARTESIAN_POINT('',(0.7,-0.475,0.4));
#6374 = VECTOR('',#6375,1.);
#6375 = DIRECTION('',(0.,0.,1.));
#6376 = PCURVE('',#5495,#6377);
#6377 = DEFINITIONAL_REPRESENTATION('',(#6378),#6382);
#6378 = LINE('',#6379,#6380);
#6379 = CARTESIAN_POINT('',(0.,0.));
#6380 = VECTOR('',#6381,1.);
#6381 = DIRECTION('',(1.,0.));
#6382 = ( GEOMETRIC_REPRESENTATION_CONTEXT(2) 
PARAMETRIC_REPRESENTATION_CONTEXT() REPRESENTATION_CONTEXT('2D SPACE',''
  ) );
#6383 = PCURVE('',#5577,#6384);
#6384 = DEFINITIONAL_REPRESENTATION('',(#6385),#6389);
#6385 = LINE('',#6386,#6387);
#6386 = CARTESIAN_POINT('',(0.145902387933,-0.336157906357));
#6387 = VECTOR('',#6388,1.);
#6388 = DIRECTION('',(1.,0.));
#6389 = ( GEOMETRIC_REPRESENTATION_CONTEXT(2) 
PARAMETRIC_REPRESENTATION_CONTEXT() REPRESENTATION_CONTEXT('2D SPACE',''
  ) );
#6390 = ADVANCED_FACE('',(#6391),#5577,.F.);
#6391 = FACE_BOUND('',#6392,.F.);
#6392 = EDGE_LOOP('',(#6393,#6394,#6395,#6396,#6397,#6398,#6399,#6400,
    #6401,#6402,#6403,#6404));
#6393 = ORIENTED_EDGE('',*,*,#5563,.T.);
#6394 = ORIENTED_EDGE('',*,*,#5644,.T.);
#6395 = ORIENTED_EDGE('',*,*,#5720,.T.);
#6396 = ORIENTED_EDGE('',*,*,#5796,.T.);
#6397 = ORIENTED_EDGE('',*,*,#5872,.T.);
#6398 = ORIENTED_EDGE('',*,*,#5948,.T.);
#6399 = ORIENTED_EDGE('',*,*,#6024,.T.);
#6400 = ORIENTED_EDGE('',*,*,#6100,.T.);
#6401 = ORIENTED_EDGE('',*,*,#6176,.T.);
#6402 = ORIENTED_EDGE('',*,*,#6252,.T.);
#6403 = ORIENTED_EDGE('',*,*,#6323,.T.);
#6404 = ORIENTED_EDGE('',*,*,#6370,.T.);
#6405 = ADVANCED_FACE('',(#6406),#5523,.T.);
#6406 = FACE_BOUND('',#6407,.T.);
#6407 = EDGE_LOOP('',(#6408,#6409,#6410,#6411,#6412,#6413,#6414,#6415,
    #6416,#6417,#6418,#6419));
#6408 = ORIENTED_EDGE('',*,*,#5507,.T.);
#6409 = ORIENTED_EDGE('',*,*,#5593,.T.);
#6410 = ORIENTED_EDGE('',*,*,#5669,.T.);
#6411 = ORIENTED_EDGE('',*,*,#5745,.T.);
#6412 = ORIENTED_EDGE('',*,*,#5821,.T.);
#6413 = ORIENTED_EDGE('',*,*,#5897,.T.);
#6414 = ORIENTED_EDGE('',*,*,#5973,.T.);
#6415 = ORIENTED_EDGE('',*,*,#6049,.T.);
#6416 = ORIENTED_EDGE('',*,*,#6125,.T.);
#6417 = ORIENTED_EDGE('',*,*,#6201,.T.);
#6418 = ORIENTED_EDGE('',*,*,#6277,.T.);
#6419 = ORIENTED_EDGE('',*,*,#6348,.T.);
#6420 = MANIFOLD_SOLID_BREP('',#6421);
#6421 = CLOSED_SHELL('',(#6422,#6542,#6618,#6694,#6770,#6846,#6922,#6998
    ,#7074,#7150,#7226,#7297,#7344,#7359));
#6422 = ADVANCED_FACE('',(#6423),#6437,.T.);
#6423 = FACE_BOUND('',#6424,.T.);
#6424 = EDGE_LOOP('',(#6425,#6460,#6488,#6516));
#6425 = ORIENTED_EDGE('',*,*,#6426,.T.);
#6426 = EDGE_CURVE('',#6427,#6429,#6431,.T.);
#6427 = VERTEX_POINT('',#6428);
#6428 = CARTESIAN_POINT('',(-0.7,-1.125,0.55));
#6429 = VERTEX_POINT('',#6430);
#6430 = CARTESIAN_POINT('',(-0.7,-0.825,0.55));
#6431 = SURFACE_CURVE('',#6432,(#6436,#6448),.PCURVE_S1.);
#6432 = LINE('',#6433,#6434);
#6433 = CARTESIAN_POINT('',(-0.7,-1.125,0.55));
#6434 = VECTOR('',#6435,1.);
#6435 = DIRECTION('',(0.,1.,0.));
#6436 = PCURVE('',#6437,#6442);
#6437 = PLANE('',#6438);
#6438 = AXIS2_PLACEMENT_3D('',#6439,#6440,#6441);
#6439 = CARTESIAN_POINT('',(-0.7,-1.125,0.55));
#6440 = DIRECTION('',(0.,-0.,1.));
#6441 = DIRECTION('',(-1.,0.,0.));
#6442 = DEFINITIONAL_REPRESENTATION('',(#6443),#6447);
#6443 = LINE('',#6444,#6445);
#6444 = CARTESIAN_POINT('',(0.,0.));
#6445 = VECTOR('',#6446,1.);
#6446 = DIRECTION('',(0.,-1.));
#6447 = ( GEOMETRIC_REPRESENTATION_CONTEXT(2) 
PARAMETRIC_REPRESENTATION_CONTEXT() REPRESENTATION_CONTEXT('2D SPACE',''
  ) );
#6448 = PCURVE('',#6449,#6454);
#6449 = PLANE('',#6450);
#6450 = AXIS2_PLACEMENT_3D('',#6451,#6452,#6453);
#6451 = CARTESIAN_POINT('',(-0.7,-1.125,0.4));
#6452 = DIRECTION('',(1.,0.,0.));
#6453 = DIRECTION('',(0.,0.,1.));
#6454 = DEFINITIONAL_REPRESENTATION('',(#6455),#6459);
#6455 = LINE('',#6456,#6457);
#6456 = CARTESIAN_POINT('',(0.15,0.));
#6457 = VECTOR('',#6458,1.);
#6458 = DIRECTION('',(0.,-1.));
#6459 = ( GEOMETRIC_REPRESENTATION_CONTEXT(2) 
PARAMETRIC_REPRESENTATION_CONTEXT() REPRESENTATION_CONTEXT('2D SPACE',''
  ) );
#6460 = ORIENTED_EDGE('',*,*,#6461,.T.);
#6461 = EDGE_CURVE('',#6429,#6462,#6464,.T.);
#6462 = VERTEX_POINT('',#6463);
#6463 = CARTESIAN_POINT('',(-0.93,-0.825,0.55));
#6464 = SURFACE_CURVE('',#6465,(#6469,#6476),.PCURVE_S1.);
#6465 = LINE('',#6466,#6467);
#6466 = CARTESIAN_POINT('',(-0.7,-0.825,0.55));
#6467 = VECTOR('',#6468,1.);
#6468 = DIRECTION('',(-1.,0.,0.));
#6469 = PCURVE('',#6437,#6470);
#6470 = DEFINITIONAL_REPRESENTATION('',(#6471),#6475);
#6471 = LINE('',#6472,#6473);
#6472 = CARTESIAN_POINT('',(0.,-0.3));
#6473 = VECTOR('',#6474,1.);
#6474 = DIRECTION('',(1.,0.));
#6475 = ( GEOMETRIC_REPRESENTATION_CONTEXT(2) 
PARAMETRIC_REPRESENTATION_CONTEXT() REPRESENTATION_CONTEXT('2D SPACE',''
  ) );
#6476 = PCURVE('',#6477,#6482);
#6477 = PLANE('',#6478);
#6478 = AXIS2_PLACEMENT_3D('',#6479,#6480,#6481);
#6479 = CARTESIAN_POINT('',(-1.036157906357,-0.825,0.254097612067));
#6480 = DIRECTION('',(-0.,-1.,-0.));
#6481 = DIRECTION('',(0.,0.,-1.));
#6482 = DEFINITIONAL_REPRESENTATION('',(#6483),#6487);
#6483 = LINE('',#6484,#6485);
#6484 = CARTESIAN_POINT('',(-0.295902387933,0.336157906357));
#6485 = VECTOR('',#6486,1.);
#6486 = DIRECTION('',(0.,-1.));
#6487 = ( GEOMETRIC_REPRESENTATION_CONTEXT(2) 
PARAMETRIC_REPRESENTATION_CONTEXT() REPRESENTATION_CONTEXT('2D SPACE',''
  ) );
#6488 = ORIENTED_EDGE('',*,*,#6489,.F.);
#6489 = EDGE_CURVE('',#6490,#6462,#6492,.T.);
#6490 = VERTEX_POINT('',#6491);
#6491 = CARTESIAN_POINT('',(-0.93,-1.125,0.55));
#6492 = SURFACE_CURVE('',#6493,(#6497,#6504),.PCURVE_S1.);
#6493 = LINE('',#6494,#6495);
#6494 = CARTESIAN_POINT('',(-0.93,-1.125,0.55));
#6495 = VECTOR('',#6496,1.);
#6496 = DIRECTION('',(0.,1.,0.));
#6497 = PCURVE('',#6437,#6498);
#6498 = DEFINITIONAL_REPRESENTATION('',(#6499),#6503);
#6499 = LINE('',#6500,#6501);
#6500 = CARTESIAN_POINT('',(0.23,0.));
#6501 = VECTOR('',#6502,1.);
#6502 = DIRECTION('',(0.,-1.));
#6503 = ( GEOMETRIC_REPRESENTATION_CONTEXT(2) 
PARAMETRIC_REPRESENTATION_CONTEXT() REPRESENTATION_CONTEXT('2D SPACE',''
  ) );
#6504 = PCURVE('',#6505,#6510);
#6505 = PLANE('',#6506);
#6506 = AXIS2_PLACEMENT_3D('',#6507,#6508,#6509);
#6507 = CARTESIAN_POINT('',(-0.93,-1.125,0.55));
#6508 = DIRECTION('',(-0.4472135955,0.,0.894427191));
#6509 = DIRECTION('',(-0.894427191,0.,-0.4472135955));
#6510 = DEFINITIONAL_REPRESENTATION('',(#6511),#6515);
#6511 = LINE('',#6512,#6513);
#6512 = CARTESIAN_POINT('',(0.,0.));
#6513 = VECTOR('',#6514,1.);
#6514 = DIRECTION('',(0.,-1.));
#6515 = ( GEOMETRIC_REPRESENTATION_CONTEXT(2) 
PARAMETRIC_REPRESENTATION_CONTEXT() REPRESENTATION_CONTEXT('2D SPACE',''
  ) );
#6516 = ORIENTED_EDGE('',*,*,#6517,.F.);
#6517 = EDGE_CURVE('',#6427,#6490,#6518,.T.);
#6518 = SURFACE_CURVE('',#6519,(#6523,#6530),.PCURVE_S1.);
#6519 = LINE('',#6520,#6521);
#6520 = CARTESIAN_POINT('',(-0.7,-1.125,0.55));
#6521 = VECTOR('',#6522,1.);
#6522 = DIRECTION('',(-1.,0.,0.));
#6523 = PCURVE('',#6437,#6524);
#6524 = DEFINITIONAL_REPRESENTATION('',(#6525),#6529);
#6525 = LINE('',#6526,#6527);
#6526 = CARTESIAN_POINT('',(0.,0.));
#6527 = VECTOR('',#6528,1.);
#6528 = DIRECTION('',(1.,0.));
#6529 = ( GEOMETRIC_REPRESENTATION_CONTEXT(2) 
PARAMETRIC_REPRESENTATION_CONTEXT() REPRESENTATION_CONTEXT('2D SPACE',''
  ) );
#6530 = PCURVE('',#6531,#6536);
#6531 = PLANE('',#6532);
#6532 = AXIS2_PLACEMENT_3D('',#6533,#6534,#6535);
#6533 = CARTESIAN_POINT('',(-1.036157906357,-1.125,0.254097612067));
#6534 = DIRECTION('',(-0.,-1.,-0.));
#6535 = DIRECTION('',(0.,0.,-1.));
#6536 = DEFINITIONAL_REPRESENTATION('',(#6537),#6541);
#6537 = LINE('',#6538,#6539);
#6538 = CARTESIAN_POINT('',(-0.295902387933,0.336157906357));
#6539 = VECTOR('',#6540,1.);
#6540 = DIRECTION('',(0.,-1.));
#6541 = ( GEOMETRIC_REPRESENTATION_CONTEXT(2) 
PARAMETRIC_REPRESENTATION_CONTEXT() REPRESENTATION_CONTEXT('2D SPACE',''
  ) );
#6542 = ADVANCED_FACE('',(#6543),#6505,.T.);
#6543 = FACE_BOUND('',#6544,.T.);
#6544 = EDGE_LOOP('',(#6545,#6546,#6569,#6597));
#6545 = ORIENTED_EDGE('',*,*,#6489,.T.);
#6546 = ORIENTED_EDGE('',*,*,#6547,.T.);
#6547 = EDGE_CURVE('',#6462,#6548,#6550,.T.);
#6548 = VERTEX_POINT('',#6549);
#6549 = CARTESIAN_POINT('',(-0.99,-0.825,0.52));
#6550 = SURFACE_CURVE('',#6551,(#6555,#6562),.PCURVE_S1.);
#6551 = LINE('',#6552,#6553);
#6552 = CARTESIAN_POINT('',(-0.93,-0.825,0.55));
#6553 = VECTOR('',#6554,1.);
#6554 = DIRECTION('',(-0.894427191,0.,-0.4472135955));
#6555 = PCURVE('',#6505,#6556);
#6556 = DEFINITIONAL_REPRESENTATION('',(#6557),#6561);
#6557 = LINE('',#6558,#6559);
#6558 = CARTESIAN_POINT('',(0.,-0.3));
#6559 = VECTOR('',#6560,1.);
#6560 = DIRECTION('',(1.,0.));
#6561 = ( GEOMETRIC_REPRESENTATION_CONTEXT(2) 
PARAMETRIC_REPRESENTATION_CONTEXT() REPRESENTATION_CONTEXT('2D SPACE',''
  ) );
#6562 = PCURVE('',#6477,#6563);
#6563 = DEFINITIONAL_REPRESENTATION('',(#6564),#6568);
#6564 = LINE('',#6565,#6566);
#6565 = CARTESIAN_POINT('',(-0.295902387933,0.106157906357));
#6566 = VECTOR('',#6567,1.);
#6567 = DIRECTION('',(0.4472135955,-0.894427191));
#6568 = ( GEOMETRIC_REPRESENTATION_CONTEXT(2) 
PARAMETRIC_REPRESENTATION_CONTEXT() REPRESENTATION_CONTEXT('2D SPACE',''
  ) );
#6569 = ORIENTED_EDGE('',*,*,#6570,.F.);
#6570 = EDGE_CURVE('',#6571,#6548,#6573,.T.);
#6571 = VERTEX_POINT('',#6572);
#6572 = CARTESIAN_POINT('',(-0.99,-1.125,0.52));
#6573 = SURFACE_CURVE('',#6574,(#6578,#6585),.PCURVE_S1.);
#6574 = LINE('',#6575,#6576);
#6575 = CARTESIAN_POINT('',(-0.99,-1.125,0.52));
#6576 = VECTOR('',#6577,1.);
#6577 = DIRECTION('',(0.,1.,0.));
#6578 = PCURVE('',#6505,#6579);
#6579 = DEFINITIONAL_REPRESENTATION('',(#6580),#6584);
#6580 = LINE('',#6581,#6582);
#6581 = CARTESIAN_POINT('',(6.708203932499E-02,0.));
#6582 = VECTOR('',#6583,1.);
#6583 = DIRECTION('',(0.,-1.));
#6584 = ( GEOMETRIC_REPRESENTATION_CONTEXT(2) 
PARAMETRIC_REPRESENTATION_CONTEXT() REPRESENTATION_CONTEXT('2D SPACE',''
  ) );
#6585 = PCURVE('',#6586,#6591);
#6586 = PLANE('',#6587);
#6587 = AXIS2_PLACEMENT_3D('',#6588,#6589,#6590);
#6588 = CARTESIAN_POINT('',(-0.99,-1.125,0.52));
#6589 = DIRECTION('',(-0.951444518554,0.,0.307820285415));
#6590 = DIRECTION('',(-0.307820285415,0.,-0.951444518554));
#6591 = DEFINITIONAL_REPRESENTATION('',(#6592),#6596);
#6592 = LINE('',#6593,#6594);
#6593 = CARTESIAN_POINT('',(0.,0.));
#6594 = VECTOR('',#6595,1.);
#6595 = DIRECTION('',(0.,-1.));
#6596 = ( GEOMETRIC_REPRESENTATION_CONTEXT(2) 
PARAMETRIC_REPRESENTATION_CONTEXT() REPRESENTATION_CONTEXT('2D SPACE',''
  ) );
#6597 = ORIENTED_EDGE('',*,*,#6598,.F.);
#6598 = EDGE_CURVE('',#6490,#6571,#6599,.T.);
#6599 = SURFACE_CURVE('',#6600,(#6604,#6611),.PCURVE_S1.);
#6600 = LINE('',#6601,#6602);
#6601 = CARTESIAN_POINT('',(-0.93,-1.125,0.55));
#6602 = VECTOR('',#6603,1.);
#6603 = DIRECTION('',(-0.894427191,0.,-0.4472135955));
#6604 = PCURVE('',#6505,#6605);
#6605 = DEFINITIONAL_REPRESENTATION('',(#6606),#6610);
#6606 = LINE('',#6607,#6608);
#6607 = CARTESIAN_POINT('',(0.,0.));
#6608 = VECTOR('',#6609,1.);
#6609 = DIRECTION('',(1.,0.));
#6610 = ( GEOMETRIC_REPRESENTATION_CONTEXT(2) 
PARAMETRIC_REPRESENTATION_CONTEXT() REPRESENTATION_CONTEXT('2D SPACE',''
  ) );
#6611 = PCURVE('',#6531,#6612);
#6612 = DEFINITIONAL_REPRESENTATION('',(#6613),#6617);
#6613 = LINE('',#6614,#6615);
#6614 = CARTESIAN_POINT('',(-0.295902387933,0.106157906357));
#6615 = VECTOR('',#6616,1.);
#6616 = DIRECTION('',(0.4472135955,-0.894427191));
#6617 = ( GEOMETRIC_REPRESENTATION_CONTEXT(2) 
PARAMETRIC_REPRESENTATION_CONTEXT() REPRESENTATION_CONTEXT('2D SPACE',''
  ) );
#6618 = ADVANCED_FACE('',(#6619),#6586,.T.);
#6619 = FACE_BOUND('',#6620,.T.);
#6620 = EDGE_LOOP('',(#6621,#6622,#6645,#6673));
#6621 = ORIENTED_EDGE('',*,*,#6570,.T.);
#6622 = ORIENTED_EDGE('',*,*,#6623,.T.);
#6623 = EDGE_CURVE('',#6548,#6624,#6626,.T.);
#6624 = VERTEX_POINT('',#6625);
#6625 = CARTESIAN_POINT('',(-1.1,-0.825,0.18));
#6626 = SURFACE_CURVE('',#6627,(#6631,#6638),.PCURVE_S1.);
#6627 = LINE('',#6628,#6629);
#6628 = CARTESIAN_POINT('',(-0.99,-0.825,0.52));
#6629 = VECTOR('',#6630,1.);
#6630 = DIRECTION('',(-0.307820285415,0.,-0.951444518554));
#6631 = PCURVE('',#6586,#6632);
#6632 = DEFINITIONAL_REPRESENTATION('',(#6633),#6637);
#6633 = LINE('',#6634,#6635);
#6634 = CARTESIAN_POINT('',(0.,-0.3));
#6635 = VECTOR('',#6636,1.);
#6636 = DIRECTION('',(1.,0.));
#6637 = ( GEOMETRIC_REPRESENTATION_CONTEXT(2) 
PARAMETRIC_REPRESENTATION_CONTEXT() REPRESENTATION_CONTEXT('2D SPACE',''
  ) );
#6638 = PCURVE('',#6477,#6639);
#6639 = DEFINITIONAL_REPRESENTATION('',(#6640),#6644);
#6640 = LINE('',#6641,#6642);
#6641 = CARTESIAN_POINT('',(-0.265902387933,4.615790635743E-02));
#6642 = VECTOR('',#6643,1.);
#6643 = DIRECTION('',(0.951444518554,-0.307820285415));
#6644 = ( GEOMETRIC_REPRESENTATION_CONTEXT(2) 
PARAMETRIC_REPRESENTATION_CONTEXT() REPRESENTATION_CONTEXT('2D SPACE',''
  ) );
#6645 = ORIENTED_EDGE('',*,*,#6646,.F.);
#6646 = EDGE_CURVE('',#6647,#6624,#6649,.T.);
#6647 = VERTEX_POINT('',#6648);
#6648 = CARTESIAN_POINT('',(-1.1,-1.125,0.18));
#6649 = SURFACE_CURVE('',#6650,(#6654,#6661),.PCURVE_S1.);
#6650 = LINE('',#6651,#6652);
#6651 = CARTESIAN_POINT('',(-1.1,-1.125,0.18));
#6652 = VECTOR('',#6653,1.);
#6653 = DIRECTION('',(0.,1.,0.));
#6654 = PCURVE('',#6586,#6655);
#6655 = DEFINITIONAL_REPRESENTATION('',(#6656),#6660);
#6656 = LINE('',#6657,#6658);
#6657 = CARTESIAN_POINT('',(0.357351367704,0.));
#6658 = VECTOR('',#6659,1.);
#6659 = DIRECTION('',(0.,-1.));
#6660 = ( GEOMETRIC_REPRESENTATION_CONTEXT(2) 
PARAMETRIC_REPRESENTATION_CONTEXT() REPRESENTATION_CONTEXT('2D SPACE',''
  ) );
#6661 = PCURVE('',#6662,#6667);
#6662 = PLANE('',#6663);
#6663 = AXIS2_PLACEMENT_3D('',#6664,#6665,#6666);
#6664 = CARTESIAN_POINT('',(-1.1,-1.125,0.18));
#6665 = DIRECTION('',(-0.6,0.,0.8));
#6666 = DIRECTION('',(-0.8,0.,-0.6));
#6667 = DEFINITIONAL_REPRESENTATION('',(#6668),#6672);
#6668 = LINE('',#6669,#6670);
#6669 = CARTESIAN_POINT('',(0.,0.));
#6670 = VECTOR('',#6671,1.);
#6671 = DIRECTION('',(0.,-1.));
#6672 = ( GEOMETRIC_REPRESENTATION_CONTEXT(2) 
PARAMETRIC_REPRESENTATION_CONTEXT() REPRESENTATION_CONTEXT('2D SPACE',''
  ) );
#6673 = ORIENTED_EDGE('',*,*,#6674,.F.);
#6674 = EDGE_CURVE('',#6571,#6647,#6675,.T.);
#6675 = SURFACE_CURVE('',#6676,(#6680,#6687),.PCURVE_S1.);
#6676 = LINE('',#6677,#6678);
#6677 = CARTESIAN_POINT('',(-0.99,-1.125,0.52));
#6678 = VECTOR('',#6679,1.);
#6679 = DIRECTION('',(-0.307820285415,0.,-0.951444518554));
#6680 = PCURVE('',#6586,#6681);
#6681 = DEFINITIONAL_REPRESENTATION('',(#6682),#6686);
#6682 = LINE('',#6683,#6684);
#6683 = CARTESIAN_POINT('',(0.,0.));
#6684 = VECTOR('',#6685,1.);
#6685 = DIRECTION('',(1.,0.));
#6686 = ( GEOMETRIC_REPRESENTATION_CONTEXT(2) 
PARAMETRIC_REPRESENTATION_CONTEXT() REPRESENTATION_CONTEXT('2D SPACE',''
  ) );
#6687 = PCURVE('',#6531,#6688);
#6688 = DEFINITIONAL_REPRESENTATION('',(#6689),#6693);
#6689 = LINE('',#6690,#6691);
#6690 = CARTESIAN_POINT('',(-0.265902387933,4.615790635743E-02));
#6691 = VECTOR('',#6692,1.);
#6692 = DIRECTION('',(0.951444518554,-0.307820285415));
#6693 = ( GEOMETRIC_REPRESENTATION_CONTEXT(2) 
PARAMETRIC_REPRESENTATION_CONTEXT() REPRESENTATION_CONTEXT('2D SPACE',''
  ) );
#6694 = ADVANCED_FACE('',(#6695),#6662,.T.);
#6695 = FACE_BOUND('',#6696,.T.);
#6696 = EDGE_LOOP('',(#6697,#6698,#6721,#6749));
#6697 = ORIENTED_EDGE('',*,*,#6646,.T.);
#6698 = ORIENTED_EDGE('',*,*,#6699,.T.);
#6699 = EDGE_CURVE('',#6624,#6700,#6702,.T.);
#6700 = VERTEX_POINT('',#6701);
#6701 = CARTESIAN_POINT('',(-1.14,-0.825,0.15));
#6702 = SURFACE_CURVE('',#6703,(#6707,#6714),.PCURVE_S1.);
#6703 = LINE('',#6704,#6705);
#6704 = CARTESIAN_POINT('',(-1.1,-0.825,0.18));
#6705 = VECTOR('',#6706,1.);
#6706 = DIRECTION('',(-0.8,0.,-0.6));
#6707 = PCURVE('',#6662,#6708);
#6708 = DEFINITIONAL_REPRESENTATION('',(#6709),#6713);
#6709 = LINE('',#6710,#6711);
#6710 = CARTESIAN_POINT('',(0.,-0.3));
#6711 = VECTOR('',#6712,1.);
#6712 = DIRECTION('',(1.,0.));
#6713 = ( GEOMETRIC_REPRESENTATION_CONTEXT(2) 
PARAMETRIC_REPRESENTATION_CONTEXT() REPRESENTATION_CONTEXT('2D SPACE',''
  ) );
#6714 = PCURVE('',#6477,#6715);
#6715 = DEFINITIONAL_REPRESENTATION('',(#6716),#6720);
#6716 = LINE('',#6717,#6718);
#6717 = CARTESIAN_POINT('',(7.409761206749E-02,-6.384209364257E-02));
#6718 = VECTOR('',#6719,1.);
#6719 = DIRECTION('',(0.6,-0.8));
#6720 = ( GEOMETRIC_REPRESENTATION_CONTEXT(2) 
PARAMETRIC_REPRESENTATION_CONTEXT() REPRESENTATION_CONTEXT('2D SPACE',''
  ) );
#6721 = ORIENTED_EDGE('',*,*,#6722,.F.);
#6722 = EDGE_CURVE('',#6723,#6700,#6725,.T.);
#6723 = VERTEX_POINT('',#6724);
#6724 = CARTESIAN_POINT('',(-1.14,-1.125,0.15));
#6725 = SURFACE_CURVE('',#6726,(#6730,#6737),.PCURVE_S1.);
#6726 = LINE('',#6727,#6728);
#6727 = CARTESIAN_POINT('',(-1.14,-1.125,0.15));
#6728 = VECTOR('',#6729,1.);
#6729 = DIRECTION('',(0.,1.,0.));
#6730 = PCURVE('',#6662,#6731);
#6731 = DEFINITIONAL_REPRESENTATION('',(#6732),#6736);
#6732 = LINE('',#6733,#6734);
#6733 = CARTESIAN_POINT('',(5.E-02,0.));
#6734 = VECTOR('',#6735,1.);
#6735 = DIRECTION('',(0.,-1.));
#6736 = ( GEOMETRIC_REPRESENTATION_CONTEXT(2) 
PARAMETRIC_REPRESENTATION_CONTEXT() REPRESENTATION_CONTEXT('2D SPACE',''
  ) );
#6737 = PCURVE('',#6738,#6743);
#6738 = PLANE('',#6739);
#6739 = AXIS2_PLACEMENT_3D('',#6740,#6741,#6742);
#6740 = CARTESIAN_POINT('',(-1.14,-1.125,0.15));
#6741 = DIRECTION('',(0.,-0.,1.));
#6742 = DIRECTION('',(-1.,0.,0.));
#6743 = DEFINITIONAL_REPRESENTATION('',(#6744),#6748);
#6744 = LINE('',#6745,#6746);
#6745 = CARTESIAN_POINT('',(0.,0.));
#6746 = VECTOR('',#6747,1.);
#6747 = DIRECTION('',(0.,-1.));
#6748 = ( GEOMETRIC_REPRESENTATION_CONTEXT(2) 
PARAMETRIC_REPRESENTATION_CONTEXT() REPRESENTATION_CONTEXT('2D SPACE',''
  ) );
#6749 = ORIENTED_EDGE('',*,*,#6750,.F.);
#6750 = EDGE_CURVE('',#6647,#6723,#6751,.T.);
#6751 = SURFACE_CURVE('',#6752,(#6756,#6763),.PCURVE_S1.);
#6752 = LINE('',#6753,#6754);
#6753 = CARTESIAN_POINT('',(-1.1,-1.125,0.18));
#6754 = VECTOR('',#6755,1.);
#6755 = DIRECTION('',(-0.8,0.,-0.6));
#6756 = PCURVE('',#6662,#6757);
#6757 = DEFINITIONAL_REPRESENTATION('',(#6758),#6762);
#6758 = LINE('',#6759,#6760);
#6759 = CARTESIAN_POINT('',(0.,0.));
#6760 = VECTOR('',#6761,1.);
#6761 = DIRECTION('',(1.,0.));
#6762 = ( GEOMETRIC_REPRESENTATION_CONTEXT(2) 
PARAMETRIC_REPRESENTATION_CONTEXT() REPRESENTATION_CONTEXT('2D SPACE',''
  ) );
#6763 = PCURVE('',#6531,#6764);
#6764 = DEFINITIONAL_REPRESENTATION('',(#6765),#6769);
#6765 = LINE('',#6766,#6767);
#6766 = CARTESIAN_POINT('',(7.409761206749E-02,-6.384209364257E-02));
#6767 = VECTOR('',#6768,1.);
#6768 = DIRECTION('',(0.6,-0.8));
#6769 = ( GEOMETRIC_REPRESENTATION_CONTEXT(2) 
PARAMETRIC_REPRESENTATION_CONTEXT() REPRESENTATION_CONTEXT('2D SPACE',''
  ) );
#6770 = ADVANCED_FACE('',(#6771),#6738,.T.);
#6771 = FACE_BOUND('',#6772,.T.);
#6772 = EDGE_LOOP('',(#6773,#6774,#6797,#6825));
#6773 = ORIENTED_EDGE('',*,*,#6722,.T.);
#6774 = ORIENTED_EDGE('',*,*,#6775,.T.);
#6775 = EDGE_CURVE('',#6700,#6776,#6778,.T.);
#6776 = VERTEX_POINT('',#6777);
#6777 = CARTESIAN_POINT('',(-1.4,-0.825,0.15));
#6778 = SURFACE_CURVE('',#6779,(#6783,#6790),.PCURVE_S1.);
#6779 = LINE('',#6780,#6781);
#6780 = CARTESIAN_POINT('',(-1.14,-0.825,0.15));
#6781 = VECTOR('',#6782,1.);
#6782 = DIRECTION('',(-1.,0.,0.));
#6783 = PCURVE('',#6738,#6784);
#6784 = DEFINITIONAL_REPRESENTATION('',(#6785),#6789);
#6785 = LINE('',#6786,#6787);
#6786 = CARTESIAN_POINT('',(0.,-0.3));
#6787 = VECTOR('',#6788,1.);
#6788 = DIRECTION('',(1.,0.));
#6789 = ( GEOMETRIC_REPRESENTATION_CONTEXT(2) 
PARAMETRIC_REPRESENTATION_CONTEXT() REPRESENTATION_CONTEXT('2D SPACE',''
  ) );
#6790 = PCURVE('',#6477,#6791);
#6791 = DEFINITIONAL_REPRESENTATION('',(#6792),#6796);
#6792 = LINE('',#6793,#6794);
#6793 = CARTESIAN_POINT('',(0.104097612067,-0.103842093643));
#6794 = VECTOR('',#6795,1.);
#6795 = DIRECTION('',(0.,-1.));
#6796 = ( GEOMETRIC_REPRESENTATION_CONTEXT(2) 
PARAMETRIC_REPRESENTATION_CONTEXT() REPRESENTATION_CONTEXT('2D SPACE',''
  ) );
#6797 = ORIENTED_EDGE('',*,*,#6798,.F.);
#6798 = EDGE_CURVE('',#6799,#6776,#6801,.T.);
#6799 = VERTEX_POINT('',#6800);
#6800 = CARTESIAN_POINT('',(-1.4,-1.125,0.15));
#6801 = SURFACE_CURVE('',#6802,(#6806,#6813),.PCURVE_S1.);
#6802 = LINE('',#6803,#6804);
#6803 = CARTESIAN_POINT('',(-1.4,-1.125,0.15));
#6804 = VECTOR('',#6805,1.);
#6805 = DIRECTION('',(0.,1.,0.));
#6806 = PCURVE('',#6738,#6807);
#6807 = DEFINITIONAL_REPRESENTATION('',(#6808),#6812);
#6808 = LINE('',#6809,#6810);
#6809 = CARTESIAN_POINT('',(0.26,0.));
#6810 = VECTOR('',#6811,1.);
#6811 = DIRECTION('',(0.,-1.));
#6812 = ( GEOMETRIC_REPRESENTATION_CONTEXT(2) 
PARAMETRIC_REPRESENTATION_CONTEXT() REPRESENTATION_CONTEXT('2D SPACE',''
  ) );
#6813 = PCURVE('',#6814,#6819);
#6814 = PLANE('',#6815);
#6815 = AXIS2_PLACEMENT_3D('',#6816,#6817,#6818);
#6816 = CARTESIAN_POINT('',(-1.4,-1.125,0.15));
#6817 = DIRECTION('',(-1.,0.,0.));
#6818 = DIRECTION('',(0.,0.,-1.));
#6819 = DEFINITIONAL_REPRESENTATION('',(#6820),#6824);
#6820 = LINE('',#6821,#6822);
#6821 = CARTESIAN_POINT('',(0.,-0.));
#6822 = VECTOR('',#6823,1.);
#6823 = DIRECTION('',(0.,-1.));
#6824 = ( GEOMETRIC_REPRESENTATION_CONTEXT(2) 
PARAMETRIC_REPRESENTATION_CONTEXT() REPRESENTATION_CONTEXT('2D SPACE',''
  ) );
#6825 = ORIENTED_EDGE('',*,*,#6826,.F.);
#6826 = EDGE_CURVE('',#6723,#6799,#6827,.T.);
#6827 = SURFACE_CURVE('',#6828,(#6832,#6839),.PCURVE_S1.);
#6828 = LINE('',#6829,#6830);
#6829 = CARTESIAN_POINT('',(-1.14,-1.125,0.15));
#6830 = VECTOR('',#6831,1.);
#6831 = DIRECTION('',(-1.,0.,0.));
#6832 = PCURVE('',#6738,#6833);
#6833 = DEFINITIONAL_REPRESENTATION('',(#6834),#6838);
#6834 = LINE('',#6835,#6836);
#6835 = CARTESIAN_POINT('',(0.,0.));
#6836 = VECTOR('',#6837,1.);
#6837 = DIRECTION('',(1.,0.));
#6838 = ( GEOMETRIC_REPRESENTATION_CONTEXT(2) 
PARAMETRIC_REPRESENTATION_CONTEXT() REPRESENTATION_CONTEXT('2D SPACE',''
  ) );
#6839 = PCURVE('',#6531,#6840);
#6840 = DEFINITIONAL_REPRESENTATION('',(#6841),#6845);
#6841 = LINE('',#6842,#6843);
#6842 = CARTESIAN_POINT('',(0.104097612067,-0.103842093643));
#6843 = VECTOR('',#6844,1.);
#6844 = DIRECTION('',(0.,-1.));
#6845 = ( GEOMETRIC_REPRESENTATION_CONTEXT(2) 
PARAMETRIC_REPRESENTATION_CONTEXT() REPRESENTATION_CONTEXT('2D SPACE',''
  ) );
#6846 = ADVANCED_FACE('',(#6847),#6814,.T.);
#6847 = FACE_BOUND('',#6848,.T.);
#6848 = EDGE_LOOP('',(#6849,#6850,#6873,#6901));
#6849 = ORIENTED_EDGE('',*,*,#6798,.T.);
#6850 = ORIENTED_EDGE('',*,*,#6851,.T.);
#6851 = EDGE_CURVE('',#6776,#6852,#6854,.T.);
#6852 = VERTEX_POINT('',#6853);
#6853 = CARTESIAN_POINT('',(-1.4,-0.825,0.));
#6854 = SURFACE_CURVE('',#6855,(#6859,#6866),.PCURVE_S1.);
#6855 = LINE('',#6856,#6857);
#6856 = CARTESIAN_POINT('',(-1.4,-0.825,0.15));
#6857 = VECTOR('',#6858,1.);
#6858 = DIRECTION('',(0.,0.,-1.));
#6859 = PCURVE('',#6814,#6860);
#6860 = DEFINITIONAL_REPRESENTATION('',(#6861),#6865);
#6861 = LINE('',#6862,#6863);
#6862 = CARTESIAN_POINT('',(0.,-0.3));
#6863 = VECTOR('',#6864,1.);
#6864 = DIRECTION('',(1.,0.));
#6865 = ( GEOMETRIC_REPRESENTATION_CONTEXT(2) 
PARAMETRIC_REPRESENTATION_CONTEXT() REPRESENTATION_CONTEXT('2D SPACE',''
  ) );
#6866 = PCURVE('',#6477,#6867);
#6867 = DEFINITIONAL_REPRESENTATION('',(#6868),#6872);
#6868 = LINE('',#6869,#6870);
#6869 = CARTESIAN_POINT('',(0.104097612067,-0.363842093643));
#6870 = VECTOR('',#6871,1.);
#6871 = DIRECTION('',(1.,0.));
#6872 = ( GEOMETRIC_REPRESENTATION_CONTEXT(2) 
PARAMETRIC_REPRESENTATION_CONTEXT() REPRESENTATION_CONTEXT('2D SPACE',''
  ) );
#6873 = ORIENTED_EDGE('',*,*,#6874,.F.);
#6874 = EDGE_CURVE('',#6875,#6852,#6877,.T.);
#6875 = VERTEX_POINT('',#6876);
#6876 = CARTESIAN_POINT('',(-1.4,-1.125,0.));
#6877 = SURFACE_CURVE('',#6878,(#6882,#6889),.PCURVE_S1.);
#6878 = LINE('',#6879,#6880);
#6879 = CARTESIAN_POINT('',(-1.4,-1.125,0.));
#6880 = VECTOR('',#6881,1.);
#6881 = DIRECTION('',(0.,1.,0.));
#6882 = PCURVE('',#6814,#6883);
#6883 = DEFINITIONAL_REPRESENTATION('',(#6884),#6888);
#6884 = LINE('',#6885,#6886);
#6885 = CARTESIAN_POINT('',(0.15,0.));
#6886 = VECTOR('',#6887,1.);
#6887 = DIRECTION('',(0.,-1.));
#6888 = ( GEOMETRIC_REPRESENTATION_CONTEXT(2) 
PARAMETRIC_REPRESENTATION_CONTEXT() REPRESENTATION_CONTEXT('2D SPACE',''
  ) );
#6889 = PCURVE('',#6890,#6895);
#6890 = PLANE('',#6891);
#6891 = AXIS2_PLACEMENT_3D('',#6892,#6893,#6894);
#6892 = CARTESIAN_POINT('',(-1.4,-1.125,0.));
#6893 = DIRECTION('',(0.,0.,-1.));
#6894 = DIRECTION('',(1.,0.,0.));
#6895 = DEFINITIONAL_REPRESENTATION('',(#6896),#6900);
#6896 = LINE('',#6897,#6898);
#6897 = CARTESIAN_POINT('',(0.,0.));
#6898 = VECTOR('',#6899,1.);
#6899 = DIRECTION('',(0.,-1.));
#6900 = ( GEOMETRIC_REPRESENTATION_CONTEXT(2) 
PARAMETRIC_REPRESENTATION_CONTEXT() REPRESENTATION_CONTEXT('2D SPACE',''
  ) );
#6901 = ORIENTED_EDGE('',*,*,#6902,.F.);
#6902 = EDGE_CURVE('',#6799,#6875,#6903,.T.);
#6903 = SURFACE_CURVE('',#6904,(#6908,#6915),.PCURVE_S1.);
#6904 = LINE('',#6905,#6906);
#6905 = CARTESIAN_POINT('',(-1.4,-1.125,0.15));
#6906 = VECTOR('',#6907,1.);
#6907 = DIRECTION('',(0.,0.,-1.));
#6908 = PCURVE('',#6814,#6909);
#6909 = DEFINITIONAL_REPRESENTATION('',(#6910),#6914);
#6910 = LINE('',#6911,#6912);
#6911 = CARTESIAN_POINT('',(0.,-0.));
#6912 = VECTOR('',#6913,1.);
#6913 = DIRECTION('',(1.,0.));
#6914 = ( GEOMETRIC_REPRESENTATION_CONTEXT(2) 
PARAMETRIC_REPRESENTATION_CONTEXT() REPRESENTATION_CONTEXT('2D SPACE',''
  ) );
#6915 = PCURVE('',#6531,#6916);
#6916 = DEFINITIONAL_REPRESENTATION('',(#6917),#6921);
#6917 = LINE('',#6918,#6919);
#6918 = CARTESIAN_POINT('',(0.104097612067,-0.363842093643));
#6919 = VECTOR('',#6920,1.);
#6920 = DIRECTION('',(1.,0.));
#6921 = ( GEOMETRIC_REPRESENTATION_CONTEXT(2) 
PARAMETRIC_REPRESENTATION_CONTEXT() REPRESENTATION_CONTEXT('2D SPACE',''
  ) );
#6922 = ADVANCED_FACE('',(#6923),#6890,.T.);
#6923 = FACE_BOUND('',#6924,.T.);
#6924 = EDGE_LOOP('',(#6925,#6926,#6949,#6977));
#6925 = ORIENTED_EDGE('',*,*,#6874,.T.);
#6926 = ORIENTED_EDGE('',*,*,#6927,.T.);
#6927 = EDGE_CURVE('',#6852,#6928,#6930,.T.);
#6928 = VERTEX_POINT('',#6929);
#6929 = CARTESIAN_POINT('',(-1.05,-0.825,0.));
#6930 = SURFACE_CURVE('',#6931,(#6935,#6942),.PCURVE_S1.);
#6931 = LINE('',#6932,#6933);
#6932 = CARTESIAN_POINT('',(-1.4,-0.825,0.));
#6933 = VECTOR('',#6934,1.);
#6934 = DIRECTION('',(1.,0.,0.));
#6935 = PCURVE('',#6890,#6936);
#6936 = DEFINITIONAL_REPRESENTATION('',(#6937),#6941);
#6937 = LINE('',#6938,#6939);
#6938 = CARTESIAN_POINT('',(0.,-0.3));
#6939 = VECTOR('',#6940,1.);
#6940 = DIRECTION('',(1.,0.));
#6941 = ( GEOMETRIC_REPRESENTATION_CONTEXT(2) 
PARAMETRIC_REPRESENTATION_CONTEXT() REPRESENTATION_CONTEXT('2D SPACE',''
  ) );
#6942 = PCURVE('',#6477,#6943);
#6943 = DEFINITIONAL_REPRESENTATION('',(#6944),#6948);
#6944 = LINE('',#6945,#6946);
#6945 = CARTESIAN_POINT('',(0.254097612067,-0.363842093643));
#6946 = VECTOR('',#6947,1.);
#6947 = DIRECTION('',(0.,1.));
#6948 = ( GEOMETRIC_REPRESENTATION_CONTEXT(2) 
PARAMETRIC_REPRESENTATION_CONTEXT() REPRESENTATION_CONTEXT('2D SPACE',''
  ) );
#6949 = ORIENTED_EDGE('',*,*,#6950,.F.);
#6950 = EDGE_CURVE('',#6951,#6928,#6953,.T.);
#6951 = VERTEX_POINT('',#6952);
#6952 = CARTESIAN_POINT('',(-1.05,-1.125,0.));
#6953 = SURFACE_CURVE('',#6954,(#6958,#6965),.PCURVE_S1.);
#6954 = LINE('',#6955,#6956);
#6955 = CARTESIAN_POINT('',(-1.05,-1.125,0.));
#6956 = VECTOR('',#6957,1.);
#6957 = DIRECTION('',(0.,1.,0.));
#6958 = PCURVE('',#6890,#6959);
#6959 = DEFINITIONAL_REPRESENTATION('',(#6960),#6964);
#6960 = LINE('',#6961,#6962);
#6961 = CARTESIAN_POINT('',(0.35,0.));
#6962 = VECTOR('',#6963,1.);
#6963 = DIRECTION('',(0.,-1.));
#6964 = ( GEOMETRIC_REPRESENTATION_CONTEXT(2) 
PARAMETRIC_REPRESENTATION_CONTEXT() REPRESENTATION_CONTEXT('2D SPACE',''
  ) );
#6965 = PCURVE('',#6966,#6971);
#6966 = PLANE('',#6967);
#6967 = AXIS2_PLACEMENT_3D('',#6968,#6969,#6970);
#6968 = CARTESIAN_POINT('',(-1.05,-1.125,0.));
#6969 = DIRECTION('',(0.554700196225,0.,-0.832050294338));
#6970 = DIRECTION('',(0.832050294338,0.,0.554700196225));
#6971 = DEFINITIONAL_REPRESENTATION('',(#6972),#6976);
#6972 = LINE('',#6973,#6974);
#6973 = CARTESIAN_POINT('',(0.,0.));
#6974 = VECTOR('',#6975,1.);
#6975 = DIRECTION('',(0.,-1.));
#6976 = ( GEOMETRIC_REPRESENTATION_CONTEXT(2) 
PARAMETRIC_REPRESENTATION_CONTEXT() REPRESENTATION_CONTEXT('2D SPACE',''
  ) );
#6977 = ORIENTED_EDGE('',*,*,#6978,.F.);
#6978 = EDGE_CURVE('',#6875,#6951,#6979,.T.);
#6979 = SURFACE_CURVE('',#6980,(#6984,#6991),.PCURVE_S1.);
#6980 = LINE('',#6981,#6982);
#6981 = CARTESIAN_POINT('',(-1.4,-1.125,0.));
#6982 = VECTOR('',#6983,1.);
#6983 = DIRECTION('',(1.,0.,0.));
#6984 = PCURVE('',#6890,#6985);
#6985 = DEFINITIONAL_REPRESENTATION('',(#6986),#6990);
#6986 = LINE('',#6987,#6988);
#6987 = CARTESIAN_POINT('',(0.,0.));
#6988 = VECTOR('',#6989,1.);
#6989 = DIRECTION('',(1.,0.));
#6990 = ( GEOMETRIC_REPRESENTATION_CONTEXT(2) 
PARAMETRIC_REPRESENTATION_CONTEXT() REPRESENTATION_CONTEXT('2D SPACE',''
  ) );
#6991 = PCURVE('',#6531,#6992);
#6992 = DEFINITIONAL_REPRESENTATION('',(#6993),#6997);
#6993 = LINE('',#6994,#6995);
#6994 = CARTESIAN_POINT('',(0.254097612067,-0.363842093643));
#6995 = VECTOR('',#6996,1.);
#6996 = DIRECTION('',(0.,1.));
#6997 = ( GEOMETRIC_REPRESENTATION_CONTEXT(2) 
PARAMETRIC_REPRESENTATION_CONTEXT() REPRESENTATION_CONTEXT('2D SPACE',''
  ) );
#6998 = ADVANCED_FACE('',(#6999),#6966,.T.);
#6999 = FACE_BOUND('',#7000,.T.);
#7000 = EDGE_LOOP('',(#7001,#7002,#7025,#7053));
#7001 = ORIENTED_EDGE('',*,*,#6950,.T.);
#7002 = ORIENTED_EDGE('',*,*,#7003,.T.);
#7003 = EDGE_CURVE('',#6928,#7004,#7006,.T.);
#7004 = VERTEX_POINT('',#7005);
#7005 = CARTESIAN_POINT('',(-0.99,-0.825,4.E-02));
#7006 = SURFACE_CURVE('',#7007,(#7011,#7018),.PCURVE_S1.);
#7007 = LINE('',#7008,#7009);
#7008 = CARTESIAN_POINT('',(-1.05,-0.825,0.));
#7009 = VECTOR('',#7010,1.);
#7010 = DIRECTION('',(0.832050294338,0.,0.554700196225));
#7011 = PCURVE('',#6966,#7012);
#7012 = DEFINITIONAL_REPRESENTATION('',(#7013),#7017);
#7013 = LINE('',#7014,#7015);
#7014 = CARTESIAN_POINT('',(0.,-0.3));
#7015 = VECTOR('',#7016,1.);
#7016 = DIRECTION('',(1.,0.));
#7017 = ( GEOMETRIC_REPRESENTATION_CONTEXT(2) 
PARAMETRIC_REPRESENTATION_CONTEXT() REPRESENTATION_CONTEXT('2D SPACE',''
  ) );
#7018 = PCURVE('',#6477,#7019);
#7019 = DEFINITIONAL_REPRESENTATION('',(#7020),#7024);
#7020 = LINE('',#7021,#7022);
#7021 = CARTESIAN_POINT('',(0.254097612067,-1.384209364257E-02));
#7022 = VECTOR('',#7023,1.);
#7023 = DIRECTION('',(-0.554700196225,0.832050294338));
#7024 = ( GEOMETRIC_REPRESENTATION_CONTEXT(2) 
PARAMETRIC_REPRESENTATION_CONTEXT() REPRESENTATION_CONTEXT('2D SPACE',''
  ) );
#7025 = ORIENTED_EDGE('',*,*,#7026,.F.);
#7026 = EDGE_CURVE('',#7027,#7004,#7029,.T.);
#7027 = VERTEX_POINT('',#7028);
#7028 = CARTESIAN_POINT('',(-0.99,-1.125,4.E-02));
#7029 = SURFACE_CURVE('',#7030,(#7034,#7041),.PCURVE_S1.);
#7030 = LINE('',#7031,#7032);
#7031 = CARTESIAN_POINT('',(-0.99,-1.125,4.E-02));
#7032 = VECTOR('',#7033,1.);
#7033 = DIRECTION('',(0.,1.,0.));
#7034 = PCURVE('',#6966,#7035);
#7035 = DEFINITIONAL_REPRESENTATION('',(#7036),#7040);
#7036 = LINE('',#7037,#7038);
#7037 = CARTESIAN_POINT('',(7.211102550928E-02,0.));
#7038 = VECTOR('',#7039,1.);
#7039 = DIRECTION('',(0.,-1.));
#7040 = ( GEOMETRIC_REPRESENTATION_CONTEXT(2) 
PARAMETRIC_REPRESENTATION_CONTEXT() REPRESENTATION_CONTEXT('2D SPACE',''
  ) );
#7041 = PCURVE('',#7042,#7047);
#7042 = PLANE('',#7043);
#7043 = AXIS2_PLACEMENT_3D('',#7044,#7045,#7046);
#7044 = CARTESIAN_POINT('',(-0.99,-1.125,4.E-02));
#7045 = DIRECTION('',(0.948683298051,0.,-0.316227766017));
#7046 = DIRECTION('',(0.316227766017,0.,0.948683298051));
#7047 = DEFINITIONAL_REPRESENTATION('',(#7048),#7052);
#7048 = LINE('',#7049,#7050);
#7049 = CARTESIAN_POINT('',(0.,0.));
#7050 = VECTOR('',#7051,1.);
#7051 = DIRECTION('',(0.,-1.));
#7052 = ( GEOMETRIC_REPRESENTATION_CONTEXT(2) 
PARAMETRIC_REPRESENTATION_CONTEXT() REPRESENTATION_CONTEXT('2D SPACE',''
  ) );
#7053 = ORIENTED_EDGE('',*,*,#7054,.F.);
#7054 = EDGE_CURVE('',#6951,#7027,#7055,.T.);
#7055 = SURFACE_CURVE('',#7056,(#7060,#7067),.PCURVE_S1.);
#7056 = LINE('',#7057,#7058);
#7057 = CARTESIAN_POINT('',(-1.05,-1.125,0.));
#7058 = VECTOR('',#7059,1.);
#7059 = DIRECTION('',(0.832050294338,0.,0.554700196225));
#7060 = PCURVE('',#6966,#7061);
#7061 = DEFINITIONAL_REPRESENTATION('',(#7062),#7066);
#7062 = LINE('',#7063,#7064);
#7063 = CARTESIAN_POINT('',(0.,0.));
#7064 = VECTOR('',#7065,1.);
#7065 = DIRECTION('',(1.,0.));
#7066 = ( GEOMETRIC_REPRESENTATION_CONTEXT(2) 
PARAMETRIC_REPRESENTATION_CONTEXT() REPRESENTATION_CONTEXT('2D SPACE',''
  ) );
#7067 = PCURVE('',#6531,#7068);
#7068 = DEFINITIONAL_REPRESENTATION('',(#7069),#7073);
#7069 = LINE('',#7070,#7071);
#7070 = CARTESIAN_POINT('',(0.254097612067,-1.384209364257E-02));
#7071 = VECTOR('',#7072,1.);
#7072 = DIRECTION('',(-0.554700196225,0.832050294338));
#7073 = ( GEOMETRIC_REPRESENTATION_CONTEXT(2) 
PARAMETRIC_REPRESENTATION_CONTEXT() REPRESENTATION_CONTEXT('2D SPACE',''
  ) );
#7074 = ADVANCED_FACE('',(#7075),#7042,.T.);
#7075 = FACE_BOUND('',#7076,.T.);
#7076 = EDGE_LOOP('',(#7077,#7078,#7101,#7129));
#7077 = ORIENTED_EDGE('',*,*,#7026,.T.);
#7078 = ORIENTED_EDGE('',*,*,#7079,.T.);
#7079 = EDGE_CURVE('',#7004,#7080,#7082,.T.);
#7080 = VERTEX_POINT('',#7081);
#7081 = CARTESIAN_POINT('',(-0.88,-0.825,0.37));
#7082 = SURFACE_CURVE('',#7083,(#7087,#7094),.PCURVE_S1.);
#7083 = LINE('',#7084,#7085);
#7084 = CARTESIAN_POINT('',(-0.99,-0.825,4.E-02));
#7085 = VECTOR('',#7086,1.);
#7086 = DIRECTION('',(0.316227766017,0.,0.948683298051));
#7087 = PCURVE('',#7042,#7088);
#7088 = DEFINITIONAL_REPRESENTATION('',(#7089),#7093);
#7089 = LINE('',#7090,#7091);
#7090 = CARTESIAN_POINT('',(0.,-0.3));
#7091 = VECTOR('',#7092,1.);
#7092 = DIRECTION('',(1.,0.));
#7093 = ( GEOMETRIC_REPRESENTATION_CONTEXT(2) 
PARAMETRIC_REPRESENTATION_CONTEXT() REPRESENTATION_CONTEXT('2D SPACE',''
  ) );
#7094 = PCURVE('',#6477,#7095);
#7095 = DEFINITIONAL_REPRESENTATION('',(#7096),#7100);
#7096 = LINE('',#7097,#7098);
#7097 = CARTESIAN_POINT('',(0.214097612067,4.615790635743E-02));
#7098 = VECTOR('',#7099,1.);
#7099 = DIRECTION('',(-0.948683298051,0.316227766017));
#7100 = ( GEOMETRIC_REPRESENTATION_CONTEXT(2) 
PARAMETRIC_REPRESENTATION_CONTEXT() REPRESENTATION_CONTEXT('2D SPACE',''
  ) );
#7101 = ORIENTED_EDGE('',*,*,#7102,.F.);
#7102 = EDGE_CURVE('',#7103,#7080,#7105,.T.);
#7103 = VERTEX_POINT('',#7104);
#7104 = CARTESIAN_POINT('',(-0.88,-1.125,0.37));
#7105 = SURFACE_CURVE('',#7106,(#7110,#7117),.PCURVE_S1.);
#7106 = LINE('',#7107,#7108);
#7107 = CARTESIAN_POINT('',(-0.88,-1.125,0.37));
#7108 = VECTOR('',#7109,1.);
#7109 = DIRECTION('',(0.,1.,0.));
#7110 = PCURVE('',#7042,#7111);
#7111 = DEFINITIONAL_REPRESENTATION('',(#7112),#7116);
#7112 = LINE('',#7113,#7114);
#7113 = CARTESIAN_POINT('',(0.347850542619,0.));
#7114 = VECTOR('',#7115,1.);
#7115 = DIRECTION('',(0.,-1.));
#7116 = ( GEOMETRIC_REPRESENTATION_CONTEXT(2) 
PARAMETRIC_REPRESENTATION_CONTEXT() REPRESENTATION_CONTEXT('2D SPACE',''
  ) );
#7117 = PCURVE('',#7118,#7123);
#7118 = PLANE('',#7119);
#7119 = AXIS2_PLACEMENT_3D('',#7120,#7121,#7122);
#7120 = CARTESIAN_POINT('',(-0.88,-1.125,0.37));
#7121 = DIRECTION('',(0.6,0.,-0.8));
#7122 = DIRECTION('',(0.8,0.,0.6));
#7123 = DEFINITIONAL_REPRESENTATION('',(#7124),#7128);
#7124 = LINE('',#7125,#7126);
#7125 = CARTESIAN_POINT('',(0.,0.));
#7126 = VECTOR('',#7127,1.);
#7127 = DIRECTION('',(0.,-1.));
#7128 = ( GEOMETRIC_REPRESENTATION_CONTEXT(2) 
PARAMETRIC_REPRESENTATION_CONTEXT() REPRESENTATION_CONTEXT('2D SPACE',''
  ) );
#7129 = ORIENTED_EDGE('',*,*,#7130,.F.);
#7130 = EDGE_CURVE('',#7027,#7103,#7131,.T.);
#7131 = SURFACE_CURVE('',#7132,(#7136,#7143),.PCURVE_S1.);
#7132 = LINE('',#7133,#7134);
#7133 = CARTESIAN_POINT('',(-0.99,-1.125,4.E-02));
#7134 = VECTOR('',#7135,1.);
#7135 = DIRECTION('',(0.316227766017,0.,0.948683298051));
#7136 = PCURVE('',#7042,#7137);
#7137 = DEFINITIONAL_REPRESENTATION('',(#7138),#7142);
#7138 = LINE('',#7139,#7140);
#7139 = CARTESIAN_POINT('',(0.,0.));
#7140 = VECTOR('',#7141,1.);
#7141 = DIRECTION('',(1.,0.));
#7142 = ( GEOMETRIC_REPRESENTATION_CONTEXT(2) 
PARAMETRIC_REPRESENTATION_CONTEXT() REPRESENTATION_CONTEXT('2D SPACE',''
  ) );
#7143 = PCURVE('',#6531,#7144);
#7144 = DEFINITIONAL_REPRESENTATION('',(#7145),#7149);
#7145 = LINE('',#7146,#7147);
#7146 = CARTESIAN_POINT('',(0.214097612067,4.615790635743E-02));
#7147 = VECTOR('',#7148,1.);
#7148 = DIRECTION('',(-0.948683298051,0.316227766017));
#7149 = ( GEOMETRIC_REPRESENTATION_CONTEXT(2) 
PARAMETRIC_REPRESENTATION_CONTEXT() REPRESENTATION_CONTEXT('2D SPACE',''
  ) );
#7150 = ADVANCED_FACE('',(#7151),#7118,.T.);
#7151 = FACE_BOUND('',#7152,.T.);
#7152 = EDGE_LOOP('',(#7153,#7154,#7177,#7205));
#7153 = ORIENTED_EDGE('',*,*,#7102,.T.);
#7154 = ORIENTED_EDGE('',*,*,#7155,.T.);
#7155 = EDGE_CURVE('',#7080,#7156,#7158,.T.);
#7156 = VERTEX_POINT('',#7157);
#7157 = CARTESIAN_POINT('',(-0.84,-0.825,0.4));
#7158 = SURFACE_CURVE('',#7159,(#7163,#7170),.PCURVE_S1.);
#7159 = LINE('',#7160,#7161);
#7160 = CARTESIAN_POINT('',(-0.88,-0.825,0.37));
#7161 = VECTOR('',#7162,1.);
#7162 = DIRECTION('',(0.8,0.,0.6));
#7163 = PCURVE('',#7118,#7164);
#7164 = DEFINITIONAL_REPRESENTATION('',(#7165),#7169);
#7165 = LINE('',#7166,#7167);
#7166 = CARTESIAN_POINT('',(0.,-0.3));
#7167 = VECTOR('',#7168,1.);
#7168 = DIRECTION('',(1.,0.));
#7169 = ( GEOMETRIC_REPRESENTATION_CONTEXT(2) 
PARAMETRIC_REPRESENTATION_CONTEXT() REPRESENTATION_CONTEXT('2D SPACE',''
  ) );
#7170 = PCURVE('',#6477,#7171);
#7171 = DEFINITIONAL_REPRESENTATION('',(#7172),#7176);
#7172 = LINE('',#7173,#7174);
#7173 = CARTESIAN_POINT('',(-0.115902387933,0.156157906357));
#7174 = VECTOR('',#7175,1.);
#7175 = DIRECTION('',(-0.6,0.8));
#7176 = ( GEOMETRIC_REPRESENTATION_CONTEXT(2) 
PARAMETRIC_REPRESENTATION_CONTEXT() REPRESENTATION_CONTEXT('2D SPACE',''
  ) );
#7177 = ORIENTED_EDGE('',*,*,#7178,.F.);
#7178 = EDGE_CURVE('',#7179,#7156,#7181,.T.);
#7179 = VERTEX_POINT('',#7180);
#7180 = CARTESIAN_POINT('',(-0.84,-1.125,0.4));
#7181 = SURFACE_CURVE('',#7182,(#7186,#7193),.PCURVE_S1.);
#7182 = LINE('',#7183,#7184);
#7183 = CARTESIAN_POINT('',(-0.84,-1.125,0.4));
#7184 = VECTOR('',#7185,1.);
#7185 = DIRECTION('',(0.,1.,0.));
#7186 = PCURVE('',#7118,#7187);
#7187 = DEFINITIONAL_REPRESENTATION('',(#7188),#7192);
#7188 = LINE('',#7189,#7190);
#7189 = CARTESIAN_POINT('',(5.E-02,0.));
#7190 = VECTOR('',#7191,1.);
#7191 = DIRECTION('',(0.,-1.));
#7192 = ( GEOMETRIC_REPRESENTATION_CONTEXT(2) 
PARAMETRIC_REPRESENTATION_CONTEXT() REPRESENTATION_CONTEXT('2D SPACE',''
  ) );
#7193 = PCURVE('',#7194,#7199);
#7194 = PLANE('',#7195);
#7195 = AXIS2_PLACEMENT_3D('',#7196,#7197,#7198);
#7196 = CARTESIAN_POINT('',(-0.84,-1.125,0.4));
#7197 = DIRECTION('',(0.,0.,-1.));
#7198 = DIRECTION('',(1.,0.,0.));
#7199 = DEFINITIONAL_REPRESENTATION('',(#7200),#7204);
#7200 = LINE('',#7201,#7202);
#7201 = CARTESIAN_POINT('',(0.,0.));
#7202 = VECTOR('',#7203,1.);
#7203 = DIRECTION('',(0.,-1.));
#7204 = ( GEOMETRIC_REPRESENTATION_CONTEXT(2) 
PARAMETRIC_REPRESENTATION_CONTEXT() REPRESENTATION_CONTEXT('2D SPACE',''
  ) );
#7205 = ORIENTED_EDGE('',*,*,#7206,.F.);
#7206 = EDGE_CURVE('',#7103,#7179,#7207,.T.);
#7207 = SURFACE_CURVE('',#7208,(#7212,#7219),.PCURVE_S1.);
#7208 = LINE('',#7209,#7210);
#7209 = CARTESIAN_POINT('',(-0.88,-1.125,0.37));
#7210 = VECTOR('',#7211,1.);
#7211 = DIRECTION('',(0.8,0.,0.6));
#7212 = PCURVE('',#7118,#7213);
#7213 = DEFINITIONAL_REPRESENTATION('',(#7214),#7218);
#7214 = LINE('',#7215,#7216);
#7215 = CARTESIAN_POINT('',(0.,0.));
#7216 = VECTOR('',#7217,1.);
#7217 = DIRECTION('',(1.,0.));
#7218 = ( GEOMETRIC_REPRESENTATION_CONTEXT(2) 
PARAMETRIC_REPRESENTATION_CONTEXT() REPRESENTATION_CONTEXT('2D SPACE',''
  ) );
#7219 = PCURVE('',#6531,#7220);
#7220 = DEFINITIONAL_REPRESENTATION('',(#7221),#7225);
#7221 = LINE('',#7222,#7223);
#7222 = CARTESIAN_POINT('',(-0.115902387933,0.156157906357));
#7223 = VECTOR('',#7224,1.);
#7224 = DIRECTION('',(-0.6,0.8));
#7225 = ( GEOMETRIC_REPRESENTATION_CONTEXT(2) 
PARAMETRIC_REPRESENTATION_CONTEXT() REPRESENTATION_CONTEXT('2D SPACE',''
  ) );
#7226 = ADVANCED_FACE('',(#7227),#7194,.T.);
#7227 = FACE_BOUND('',#7228,.T.);
#7228 = EDGE_LOOP('',(#7229,#7230,#7253,#7276));
#7229 = ORIENTED_EDGE('',*,*,#7178,.T.);
#7230 = ORIENTED_EDGE('',*,*,#7231,.T.);
#7231 = EDGE_CURVE('',#7156,#7232,#7234,.T.);
#7232 = VERTEX_POINT('',#7233);
#7233 = CARTESIAN_POINT('',(-0.7,-0.825,0.4));
#7234 = SURFACE_CURVE('',#7235,(#7239,#7246),.PCURVE_S1.);
#7235 = LINE('',#7236,#7237);
#7236 = CARTESIAN_POINT('',(-0.84,-0.825,0.4));
#7237 = VECTOR('',#7238,1.);
#7238 = DIRECTION('',(1.,0.,0.));
#7239 = PCURVE('',#7194,#7240);
#7240 = DEFINITIONAL_REPRESENTATION('',(#7241),#7245);
#7241 = LINE('',#7242,#7243);
#7242 = CARTESIAN_POINT('',(0.,-0.3));
#7243 = VECTOR('',#7244,1.);
#7244 = DIRECTION('',(1.,0.));
#7245 = ( GEOMETRIC_REPRESENTATION_CONTEXT(2) 
PARAMETRIC_REPRESENTATION_CONTEXT() REPRESENTATION_CONTEXT('2D SPACE',''
  ) );
#7246 = PCURVE('',#6477,#7247);
#7247 = DEFINITIONAL_REPRESENTATION('',(#7248),#7252);
#7248 = LINE('',#7249,#7250);
#7249 = CARTESIAN_POINT('',(-0.145902387933,0.196157906357));
#7250 = VECTOR('',#7251,1.);
#7251 = DIRECTION('',(0.,1.));
#7252 = ( GEOMETRIC_REPRESENTATION_CONTEXT(2) 
PARAMETRIC_REPRESENTATION_CONTEXT() REPRESENTATION_CONTEXT('2D SPACE',''
  ) );
#7253 = ORIENTED_EDGE('',*,*,#7254,.F.);
#7254 = EDGE_CURVE('',#7255,#7232,#7257,.T.);
#7255 = VERTEX_POINT('',#7256);
#7256 = CARTESIAN_POINT('',(-0.7,-1.125,0.4));
#7257 = SURFACE_CURVE('',#7258,(#7262,#7269),.PCURVE_S1.);
#7258 = LINE('',#7259,#7260);
#7259 = CARTESIAN_POINT('',(-0.7,-1.125,0.4));
#7260 = VECTOR('',#7261,1.);
#7261 = DIRECTION('',(0.,1.,0.));
#7262 = PCURVE('',#7194,#7263);
#7263 = DEFINITIONAL_REPRESENTATION('',(#7264),#7268);
#7264 = LINE('',#7265,#7266);
#7265 = CARTESIAN_POINT('',(0.14,0.));
#7266 = VECTOR('',#7267,1.);
#7267 = DIRECTION('',(0.,-1.));
#7268 = ( GEOMETRIC_REPRESENTATION_CONTEXT(2) 
PARAMETRIC_REPRESENTATION_CONTEXT() REPRESENTATION_CONTEXT('2D SPACE',''
  ) );
#7269 = PCURVE('',#6449,#7270);
#7270 = DEFINITIONAL_REPRESENTATION('',(#7271),#7275);
#7271 = LINE('',#7272,#7273);
#7272 = CARTESIAN_POINT('',(0.,0.));
#7273 = VECTOR('',#7274,1.);
#7274 = DIRECTION('',(0.,-1.));
#7275 = ( GEOMETRIC_REPRESENTATION_CONTEXT(2) 
PARAMETRIC_REPRESENTATION_CONTEXT() REPRESENTATION_CONTEXT('2D SPACE',''
  ) );
#7276 = ORIENTED_EDGE('',*,*,#7277,.F.);
#7277 = EDGE_CURVE('',#7179,#7255,#7278,.T.);
#7278 = SURFACE_CURVE('',#7279,(#7283,#7290),.PCURVE_S1.);
#7279 = LINE('',#7280,#7281);
#7280 = CARTESIAN_POINT('',(-0.84,-1.125,0.4));
#7281 = VECTOR('',#7282,1.);
#7282 = DIRECTION('',(1.,0.,0.));
#7283 = PCURVE('',#7194,#7284);
#7284 = DEFINITIONAL_REPRESENTATION('',(#7285),#7289);
#7285 = LINE('',#7286,#7287);
#7286 = CARTESIAN_POINT('',(0.,0.));
#7287 = VECTOR('',#7288,1.);
#7288 = DIRECTION('',(1.,0.));
#7289 = ( GEOMETRIC_REPRESENTATION_CONTEXT(2) 
PARAMETRIC_REPRESENTATION_CONTEXT() REPRESENTATION_CONTEXT('2D SPACE',''
  ) );
#7290 = PCURVE('',#6531,#7291);
#7291 = DEFINITIONAL_REPRESENTATION('',(#7292),#7296);
#7292 = LINE('',#7293,#7294);
#7293 = CARTESIAN_POINT('',(-0.145902387933,0.196157906357));
#7294 = VECTOR('',#7295,1.);
#7295 = DIRECTION('',(0.,1.));
#7296 = ( GEOMETRIC_REPRESENTATION_CONTEXT(2) 
PARAMETRIC_REPRESENTATION_CONTEXT() REPRESENTATION_CONTEXT('2D SPACE',''
  ) );
#7297 = ADVANCED_FACE('',(#7298),#6449,.T.);
#7298 = FACE_BOUND('',#7299,.T.);
#7299 = EDGE_LOOP('',(#7300,#7301,#7322,#7323));
#7300 = ORIENTED_EDGE('',*,*,#7254,.T.);
#7301 = ORIENTED_EDGE('',*,*,#7302,.T.);
#7302 = EDGE_CURVE('',#7232,#6429,#7303,.T.);
#7303 = SURFACE_CURVE('',#7304,(#7308,#7315),.PCURVE_S1.);
#7304 = LINE('',#7305,#7306);
#7305 = CARTESIAN_POINT('',(-0.7,-0.825,0.4));
#7306 = VECTOR('',#7307,1.);
#7307 = DIRECTION('',(0.,0.,1.));
#7308 = PCURVE('',#6449,#7309);
#7309 = DEFINITIONAL_REPRESENTATION('',(#7310),#7314);
#7310 = LINE('',#7311,#7312);
#7311 = CARTESIAN_POINT('',(0.,-0.3));
#7312 = VECTOR('',#7313,1.);
#7313 = DIRECTION('',(1.,0.));
#7314 = ( GEOMETRIC_REPRESENTATION_CONTEXT(2) 
PARAMETRIC_REPRESENTATION_CONTEXT() REPRESENTATION_CONTEXT('2D SPACE',''
  ) );
#7315 = PCURVE('',#6477,#7316);
#7316 = DEFINITIONAL_REPRESENTATION('',(#7317),#7321);
#7317 = LINE('',#7318,#7319);
#7318 = CARTESIAN_POINT('',(-0.145902387933,0.336157906357));
#7319 = VECTOR('',#7320,1.);
#7320 = DIRECTION('',(-1.,0.));
#7321 = ( GEOMETRIC_REPRESENTATION_CONTEXT(2) 
PARAMETRIC_REPRESENTATION_CONTEXT() REPRESENTATION_CONTEXT('2D SPACE',''
  ) );
#7322 = ORIENTED_EDGE('',*,*,#6426,.F.);
#7323 = ORIENTED_EDGE('',*,*,#7324,.F.);
#7324 = EDGE_CURVE('',#7255,#6427,#7325,.T.);
#7325 = SURFACE_CURVE('',#7326,(#7330,#7337),.PCURVE_S1.);
#7326 = LINE('',#7327,#7328);
#7327 = CARTESIAN_POINT('',(-0.7,-1.125,0.4));
#7328 = VECTOR('',#7329,1.);
#7329 = DIRECTION('',(0.,0.,1.));
#7330 = PCURVE('',#6449,#7331);
#7331 = DEFINITIONAL_REPRESENTATION('',(#7332),#7336);
#7332 = LINE('',#7333,#7334);
#7333 = CARTESIAN_POINT('',(0.,0.));
#7334 = VECTOR('',#7335,1.);
#7335 = DIRECTION('',(1.,0.));
#7336 = ( GEOMETRIC_REPRESENTATION_CONTEXT(2) 
PARAMETRIC_REPRESENTATION_CONTEXT() REPRESENTATION_CONTEXT('2D SPACE',''
  ) );
#7337 = PCURVE('',#6531,#7338);
#7338 = DEFINITIONAL_REPRESENTATION('',(#7339),#7343);
#7339 = LINE('',#7340,#7341);
#7340 = CARTESIAN_POINT('',(-0.145902387933,0.336157906357));
#7341 = VECTOR('',#7342,1.);
#7342 = DIRECTION('',(-1.,0.));
#7343 = ( GEOMETRIC_REPRESENTATION_CONTEXT(2) 
PARAMETRIC_REPRESENTATION_CONTEXT() REPRESENTATION_CONTEXT('2D SPACE',''
  ) );
#7344 = ADVANCED_FACE('',(#7345),#6531,.T.);
#7345 = FACE_BOUND('',#7346,.T.);
#7346 = EDGE_LOOP('',(#7347,#7348,#7349,#7350,#7351,#7352,#7353,#7354,
    #7355,#7356,#7357,#7358));
#7347 = ORIENTED_EDGE('',*,*,#6517,.T.);
#7348 = ORIENTED_EDGE('',*,*,#6598,.T.);
#7349 = ORIENTED_EDGE('',*,*,#6674,.T.);
#7350 = ORIENTED_EDGE('',*,*,#6750,.T.);
#7351 = ORIENTED_EDGE('',*,*,#6826,.T.);
#7352 = ORIENTED_EDGE('',*,*,#6902,.T.);
#7353 = ORIENTED_EDGE('',*,*,#6978,.T.);
#7354 = ORIENTED_EDGE('',*,*,#7054,.T.);
#7355 = ORIENTED_EDGE('',*,*,#7130,.T.);
#7356 = ORIENTED_EDGE('',*,*,#7206,.T.);
#7357 = ORIENTED_EDGE('',*,*,#7277,.T.);
#7358 = ORIENTED_EDGE('',*,*,#7324,.T.);
#7359 = ADVANCED_FACE('',(#7360),#6477,.F.);
#7360 = FACE_BOUND('',#7361,.F.);
#7361 = EDGE_LOOP('',(#7362,#7363,#7364,#7365,#7366,#7367,#7368,#7369,
    #7370,#7371,#7372,#7373));
#7362 = ORIENTED_EDGE('',*,*,#6461,.T.);
#7363 = ORIENTED_EDGE('',*,*,#6547,.T.);
#7364 = ORIENTED_EDGE('',*,*,#6623,.T.);
#7365 = ORIENTED_EDGE('',*,*,#6699,.T.);
#7366 = ORIENTED_EDGE('',*,*,#6775,.T.);
#7367 = ORIENTED_EDGE('',*,*,#6851,.T.);
#7368 = ORIENTED_EDGE('',*,*,#6927,.T.);
#7369 = ORIENTED_EDGE('',*,*,#7003,.T.);
#7370 = ORIENTED_EDGE('',*,*,#7079,.T.);
#7371 = ORIENTED_EDGE('',*,*,#7155,.T.);
#7372 = ORIENTED_EDGE('',*,*,#7231,.T.);
#7373 = ORIENTED_EDGE('',*,*,#7302,.T.);
#7374 = MANIFOLD_SOLID_BREP('',#7375);
#7375 = CLOSED_SHELL('',(#7376,#7496,#7572,#7648,#7724,#7800,#7876,#7952
    ,#8028,#8104,#8180,#8251,#8298,#8313));
#7376 = ADVANCED_FACE('',(#7377),#7391,.F.);
#7377 = FACE_BOUND('',#7378,.F.);
#7378 = EDGE_LOOP('',(#7379,#7414,#7442,#7470));
#7379 = ORIENTED_EDGE('',*,*,#7380,.T.);
#7380 = EDGE_CURVE('',#7381,#7383,#7385,.T.);
#7381 = VERTEX_POINT('',#7382);
#7382 = CARTESIAN_POINT('',(0.7,-1.125,0.55));
#7383 = VERTEX_POINT('',#7384);
#7384 = CARTESIAN_POINT('',(0.7,-0.825,0.55));
#7385 = SURFACE_CURVE('',#7386,(#7390,#7402),.PCURVE_S1.);
#7386 = LINE('',#7387,#7388);
#7387 = CARTESIAN_POINT('',(0.7,-1.125,0.55));
#7388 = VECTOR('',#7389,1.);
#7389 = DIRECTION('',(0.,1.,0.));
#7390 = PCURVE('',#7391,#7396);
#7391 = PLANE('',#7392);
#7392 = AXIS2_PLACEMENT_3D('',#7393,#7394,#7395);
#7393 = CARTESIAN_POINT('',(0.7,-1.125,0.55));
#7394 = DIRECTION('',(0.,0.,-1.));
#7395 = DIRECTION('',(1.,0.,0.));
#7396 = DEFINITIONAL_REPRESENTATION('',(#7397),#7401);
#7397 = LINE('',#7398,#7399);
#7398 = CARTESIAN_POINT('',(0.,0.));
#7399 = VECTOR('',#7400,1.);
#7400 = DIRECTION('',(0.,-1.));
#7401 = ( GEOMETRIC_REPRESENTATION_CONTEXT(2) 
PARAMETRIC_REPRESENTATION_CONTEXT() REPRESENTATION_CONTEXT('2D SPACE',''
  ) );
#7402 = PCURVE('',#7403,#7408);
#7403 = PLANE('',#7404);
#7404 = AXIS2_PLACEMENT_3D('',#7405,#7406,#7407);
#7405 = CARTESIAN_POINT('',(0.7,-1.125,0.4));
#7406 = DIRECTION('',(1.,0.,0.));
#7407 = DIRECTION('',(0.,0.,1.));
#7408 = DEFINITIONAL_REPRESENTATION('',(#7409),#7413);
#7409 = LINE('',#7410,#7411);
#7410 = CARTESIAN_POINT('',(0.15,0.));
#7411 = VECTOR('',#7412,1.);
#7412 = DIRECTION('',(0.,-1.));
#7413 = ( GEOMETRIC_REPRESENTATION_CONTEXT(2) 
PARAMETRIC_REPRESENTATION_CONTEXT() REPRESENTATION_CONTEXT('2D SPACE',''
  ) );
#7414 = ORIENTED_EDGE('',*,*,#7415,.T.);
#7415 = EDGE_CURVE('',#7383,#7416,#7418,.T.);
#7416 = VERTEX_POINT('',#7417);
#7417 = CARTESIAN_POINT('',(0.93,-0.825,0.55));
#7418 = SURFACE_CURVE('',#7419,(#7423,#7430),.PCURVE_S1.);
#7419 = LINE('',#7420,#7421);
#7420 = CARTESIAN_POINT('',(0.7,-0.825,0.55));
#7421 = VECTOR('',#7422,1.);
#7422 = DIRECTION('',(1.,0.,0.));
#7423 = PCURVE('',#7391,#7424);
#7424 = DEFINITIONAL_REPRESENTATION('',(#7425),#7429);
#7425 = LINE('',#7426,#7427);
#7426 = CARTESIAN_POINT('',(0.,-0.3));
#7427 = VECTOR('',#7428,1.);
#7428 = DIRECTION('',(1.,0.));
#7429 = ( GEOMETRIC_REPRESENTATION_CONTEXT(2) 
PARAMETRIC_REPRESENTATION_CONTEXT() REPRESENTATION_CONTEXT('2D SPACE',''
  ) );
#7430 = PCURVE('',#7431,#7436);
#7431 = PLANE('',#7432);
#7432 = AXIS2_PLACEMENT_3D('',#7433,#7434,#7435);
#7433 = CARTESIAN_POINT('',(1.036157906357,-0.825,0.254097612067));
#7434 = DIRECTION('',(0.,1.,0.));
#7435 = DIRECTION('',(0.,-0.,1.));
#7436 = DEFINITIONAL_REPRESENTATION('',(#7437),#7441);
#7437 = LINE('',#7438,#7439);
#7438 = CARTESIAN_POINT('',(0.295902387933,-0.336157906357));
#7439 = VECTOR('',#7440,1.);
#7440 = DIRECTION('',(0.,1.));
#7441 = ( GEOMETRIC_REPRESENTATION_CONTEXT(2) 
PARAMETRIC_REPRESENTATION_CONTEXT() REPRESENTATION_CONTEXT('2D SPACE',''
  ) );
#7442 = ORIENTED_EDGE('',*,*,#7443,.F.);
#7443 = EDGE_CURVE('',#7444,#7416,#7446,.T.);
#7444 = VERTEX_POINT('',#7445);
#7445 = CARTESIAN_POINT('',(0.93,-1.125,0.55));
#7446 = SURFACE_CURVE('',#7447,(#7451,#7458),.PCURVE_S1.);
#7447 = LINE('',#7448,#7449);
#7448 = CARTESIAN_POINT('',(0.93,-1.125,0.55));
#7449 = VECTOR('',#7450,1.);
#7450 = DIRECTION('',(0.,1.,0.));
#7451 = PCURVE('',#7391,#7452);
#7452 = DEFINITIONAL_REPRESENTATION('',(#7453),#7457);
#7453 = LINE('',#7454,#7455);
#7454 = CARTESIAN_POINT('',(0.23,0.));
#7455 = VECTOR('',#7456,1.);
#7456 = DIRECTION('',(0.,-1.));
#7457 = ( GEOMETRIC_REPRESENTATION_CONTEXT(2) 
PARAMETRIC_REPRESENTATION_CONTEXT() REPRESENTATION_CONTEXT('2D SPACE',''
  ) );
#7458 = PCURVE('',#7459,#7464);
#7459 = PLANE('',#7460);
#7460 = AXIS2_PLACEMENT_3D('',#7461,#7462,#7463);
#7461 = CARTESIAN_POINT('',(0.93,-1.125,0.55));
#7462 = DIRECTION('',(-0.4472135955,0.,-0.894427191));
#7463 = DIRECTION('',(0.894427191,0.,-0.4472135955));
#7464 = DEFINITIONAL_REPRESENTATION('',(#7465),#7469);
#7465 = LINE('',#7466,#7467);
#7466 = CARTESIAN_POINT('',(0.,0.));
#7467 = VECTOR('',#7468,1.);
#7468 = DIRECTION('',(0.,-1.));
#7469 = ( GEOMETRIC_REPRESENTATION_CONTEXT(2) 
PARAMETRIC_REPRESENTATION_CONTEXT() REPRESENTATION_CONTEXT('2D SPACE',''
  ) );
#7470 = ORIENTED_EDGE('',*,*,#7471,.F.);
#7471 = EDGE_CURVE('',#7381,#7444,#7472,.T.);
#7472 = SURFACE_CURVE('',#7473,(#7477,#7484),.PCURVE_S1.);
#7473 = LINE('',#7474,#7475);
#7474 = CARTESIAN_POINT('',(0.7,-1.125,0.55));
#7475 = VECTOR('',#7476,1.);
#7476 = DIRECTION('',(1.,0.,0.));
#7477 = PCURVE('',#7391,#7478);
#7478 = DEFINITIONAL_REPRESENTATION('',(#7479),#7483);
#7479 = LINE('',#7480,#7481);
#7480 = CARTESIAN_POINT('',(0.,0.));
#7481 = VECTOR('',#7482,1.);
#7482 = DIRECTION('',(1.,0.));
#7483 = ( GEOMETRIC_REPRESENTATION_CONTEXT(2) 
PARAMETRIC_REPRESENTATION_CONTEXT() REPRESENTATION_CONTEXT('2D SPACE',''
  ) );
#7484 = PCURVE('',#7485,#7490);
#7485 = PLANE('',#7486);
#7486 = AXIS2_PLACEMENT_3D('',#7487,#7488,#7489);
#7487 = CARTESIAN_POINT('',(1.036157906357,-1.125,0.254097612067));
#7488 = DIRECTION('',(0.,1.,0.));
#7489 = DIRECTION('',(0.,-0.,1.));
#7490 = DEFINITIONAL_REPRESENTATION('',(#7491),#7495);
#7491 = LINE('',#7492,#7493);
#7492 = CARTESIAN_POINT('',(0.295902387933,-0.336157906357));
#7493 = VECTOR('',#7494,1.);
#7494 = DIRECTION('',(0.,1.));
#7495 = ( GEOMETRIC_REPRESENTATION_CONTEXT(2) 
PARAMETRIC_REPRESENTATION_CONTEXT() REPRESENTATION_CONTEXT('2D SPACE',''
  ) );
#7496 = ADVANCED_FACE('',(#7497),#7459,.F.);
#7497 = FACE_BOUND('',#7498,.F.);
#7498 = EDGE_LOOP('',(#7499,#7500,#7523,#7551));
#7499 = ORIENTED_EDGE('',*,*,#7443,.T.);
#7500 = ORIENTED_EDGE('',*,*,#7501,.T.);
#7501 = EDGE_CURVE('',#7416,#7502,#7504,.T.);
#7502 = VERTEX_POINT('',#7503);
#7503 = CARTESIAN_POINT('',(0.99,-0.825,0.52));
#7504 = SURFACE_CURVE('',#7505,(#7509,#7516),.PCURVE_S1.);
#7505 = LINE('',#7506,#7507);
#7506 = CARTESIAN_POINT('',(0.93,-0.825,0.55));
#7507 = VECTOR('',#7508,1.);
#7508 = DIRECTION('',(0.894427191,0.,-0.4472135955));
#7509 = PCURVE('',#7459,#7510);
#7510 = DEFINITIONAL_REPRESENTATION('',(#7511),#7515);
#7511 = LINE('',#7512,#7513);
#7512 = CARTESIAN_POINT('',(0.,-0.3));
#7513 = VECTOR('',#7514,1.);
#7514 = DIRECTION('',(1.,0.));
#7515 = ( GEOMETRIC_REPRESENTATION_CONTEXT(2) 
PARAMETRIC_REPRESENTATION_CONTEXT() REPRESENTATION_CONTEXT('2D SPACE',''
  ) );
#7516 = PCURVE('',#7431,#7517);
#7517 = DEFINITIONAL_REPRESENTATION('',(#7518),#7522);
#7518 = LINE('',#7519,#7520);
#7519 = CARTESIAN_POINT('',(0.295902387933,-0.106157906357));
#7520 = VECTOR('',#7521,1.);
#7521 = DIRECTION('',(-0.4472135955,0.894427191));
#7522 = ( GEOMETRIC_REPRESENTATION_CONTEXT(2) 
PARAMETRIC_REPRESENTATION_CONTEXT() REPRESENTATION_CONTEXT('2D SPACE',''
  ) );
#7523 = ORIENTED_EDGE('',*,*,#7524,.F.);
#7524 = EDGE_CURVE('',#7525,#7502,#7527,.T.);
#7525 = VERTEX_POINT('',#7526);
#7526 = CARTESIAN_POINT('',(0.99,-1.125,0.52));
#7527 = SURFACE_CURVE('',#7528,(#7532,#7539),.PCURVE_S1.);
#7528 = LINE('',#7529,#7530);
#7529 = CARTESIAN_POINT('',(0.99,-1.125,0.52));
#7530 = VECTOR('',#7531,1.);
#7531 = DIRECTION('',(0.,1.,0.));
#7532 = PCURVE('',#7459,#7533);
#7533 = DEFINITIONAL_REPRESENTATION('',(#7534),#7538);
#7534 = LINE('',#7535,#7536);
#7535 = CARTESIAN_POINT('',(6.708203932499E-02,0.));
#7536 = VECTOR('',#7537,1.);
#7537 = DIRECTION('',(0.,-1.));
#7538 = ( GEOMETRIC_REPRESENTATION_CONTEXT(2) 
PARAMETRIC_REPRESENTATION_CONTEXT() REPRESENTATION_CONTEXT('2D SPACE',''
  ) );
#7539 = PCURVE('',#7540,#7545);
#7540 = PLANE('',#7541);
#7541 = AXIS2_PLACEMENT_3D('',#7542,#7543,#7544);
#7542 = CARTESIAN_POINT('',(0.99,-1.125,0.52));
#7543 = DIRECTION('',(-0.951444518554,0.,-0.307820285415));
#7544 = DIRECTION('',(0.307820285415,0.,-0.951444518554));
#7545 = DEFINITIONAL_REPRESENTATION('',(#7546),#7550);
#7546 = LINE('',#7547,#7548);
#7547 = CARTESIAN_POINT('',(0.,0.));
#7548 = VECTOR('',#7549,1.);
#7549 = DIRECTION('',(0.,-1.));
#7550 = ( GEOMETRIC_REPRESENTATION_CONTEXT(2) 
PARAMETRIC_REPRESENTATION_CONTEXT() REPRESENTATION_CONTEXT('2D SPACE',''
  ) );
#7551 = ORIENTED_EDGE('',*,*,#7552,.F.);
#7552 = EDGE_CURVE('',#7444,#7525,#7553,.T.);
#7553 = SURFACE_CURVE('',#7554,(#7558,#7565),.PCURVE_S1.);
#7554 = LINE('',#7555,#7556);
#7555 = CARTESIAN_POINT('',(0.93,-1.125,0.55));
#7556 = VECTOR('',#7557,1.);
#7557 = DIRECTION('',(0.894427191,0.,-0.4472135955));
#7558 = PCURVE('',#7459,#7559);
#7559 = DEFINITIONAL_REPRESENTATION('',(#7560),#7564);
#7560 = LINE('',#7561,#7562);
#7561 = CARTESIAN_POINT('',(0.,0.));
#7562 = VECTOR('',#7563,1.);
#7563 = DIRECTION('',(1.,0.));
#7564 = ( GEOMETRIC_REPRESENTATION_CONTEXT(2) 
PARAMETRIC_REPRESENTATION_CONTEXT() REPRESENTATION_CONTEXT('2D SPACE',''
  ) );
#7565 = PCURVE('',#7485,#7566);
#7566 = DEFINITIONAL_REPRESENTATION('',(#7567),#7571);
#7567 = LINE('',#7568,#7569);
#7568 = CARTESIAN_POINT('',(0.295902387933,-0.106157906357));
#7569 = VECTOR('',#7570,1.);
#7570 = DIRECTION('',(-0.4472135955,0.894427191));
#7571 = ( GEOMETRIC_REPRESENTATION_CONTEXT(2) 
PARAMETRIC_REPRESENTATION_CONTEXT() REPRESENTATION_CONTEXT('2D SPACE',''
  ) );
#7572 = ADVANCED_FACE('',(#7573),#7540,.F.);
#7573 = FACE_BOUND('',#7574,.F.);
#7574 = EDGE_LOOP('',(#7575,#7576,#7599,#7627));
#7575 = ORIENTED_EDGE('',*,*,#7524,.T.);
#7576 = ORIENTED_EDGE('',*,*,#7577,.T.);
#7577 = EDGE_CURVE('',#7502,#7578,#7580,.T.);
#7578 = VERTEX_POINT('',#7579);
#7579 = CARTESIAN_POINT('',(1.1,-0.825,0.18));
#7580 = SURFACE_CURVE('',#7581,(#7585,#7592),.PCURVE_S1.);
#7581 = LINE('',#7582,#7583);
#7582 = CARTESIAN_POINT('',(0.99,-0.825,0.52));
#7583 = VECTOR('',#7584,1.);
#7584 = DIRECTION('',(0.307820285415,0.,-0.951444518554));
#7585 = PCURVE('',#7540,#7586);
#7586 = DEFINITIONAL_REPRESENTATION('',(#7587),#7591);
#7587 = LINE('',#7588,#7589);
#7588 = CARTESIAN_POINT('',(0.,-0.3));
#7589 = VECTOR('',#7590,1.);
#7590 = DIRECTION('',(1.,0.));
#7591 = ( GEOMETRIC_REPRESENTATION_CONTEXT(2) 
PARAMETRIC_REPRESENTATION_CONTEXT() REPRESENTATION_CONTEXT('2D SPACE',''
  ) );
#7592 = PCURVE('',#7431,#7593);
#7593 = DEFINITIONAL_REPRESENTATION('',(#7594),#7598);
#7594 = LINE('',#7595,#7596);
#7595 = CARTESIAN_POINT('',(0.265902387933,-4.615790635743E-02));
#7596 = VECTOR('',#7597,1.);
#7597 = DIRECTION('',(-0.951444518554,0.307820285415));
#7598 = ( GEOMETRIC_REPRESENTATION_CONTEXT(2) 
PARAMETRIC_REPRESENTATION_CONTEXT() REPRESENTATION_CONTEXT('2D SPACE',''
  ) );
#7599 = ORIENTED_EDGE('',*,*,#7600,.F.);
#7600 = EDGE_CURVE('',#7601,#7578,#7603,.T.);
#7601 = VERTEX_POINT('',#7602);
#7602 = CARTESIAN_POINT('',(1.1,-1.125,0.18));
#7603 = SURFACE_CURVE('',#7604,(#7608,#7615),.PCURVE_S1.);
#7604 = LINE('',#7605,#7606);
#7605 = CARTESIAN_POINT('',(1.1,-1.125,0.18));
#7606 = VECTOR('',#7607,1.);
#7607 = DIRECTION('',(0.,1.,0.));
#7608 = PCURVE('',#7540,#7609);
#7609 = DEFINITIONAL_REPRESENTATION('',(#7610),#7614);
#7610 = LINE('',#7611,#7612);
#7611 = CARTESIAN_POINT('',(0.357351367704,0.));
#7612 = VECTOR('',#7613,1.);
#7613 = DIRECTION('',(0.,-1.));
#7614 = ( GEOMETRIC_REPRESENTATION_CONTEXT(2) 
PARAMETRIC_REPRESENTATION_CONTEXT() REPRESENTATION_CONTEXT('2D SPACE',''
  ) );
#7615 = PCURVE('',#7616,#7621);
#7616 = PLANE('',#7617);
#7617 = AXIS2_PLACEMENT_3D('',#7618,#7619,#7620);
#7618 = CARTESIAN_POINT('',(1.1,-1.125,0.18));
#7619 = DIRECTION('',(-0.6,0.,-0.8));
#7620 = DIRECTION('',(0.8,0.,-0.6));
#7621 = DEFINITIONAL_REPRESENTATION('',(#7622),#7626);
#7622 = LINE('',#7623,#7624);
#7623 = CARTESIAN_POINT('',(0.,0.));
#7624 = VECTOR('',#7625,1.);
#7625 = DIRECTION('',(0.,-1.));
#7626 = ( GEOMETRIC_REPRESENTATION_CONTEXT(2) 
PARAMETRIC_REPRESENTATION_CONTEXT() REPRESENTATION_CONTEXT('2D SPACE',''
  ) );
#7627 = ORIENTED_EDGE('',*,*,#7628,.F.);
#7628 = EDGE_CURVE('',#7525,#7601,#7629,.T.);
#7629 = SURFACE_CURVE('',#7630,(#7634,#7641),.PCURVE_S1.);
#7630 = LINE('',#7631,#7632);
#7631 = CARTESIAN_POINT('',(0.99,-1.125,0.52));
#7632 = VECTOR('',#7633,1.);
#7633 = DIRECTION('',(0.307820285415,0.,-0.951444518554));
#7634 = PCURVE('',#7540,#7635);
#7635 = DEFINITIONAL_REPRESENTATION('',(#7636),#7640);
#7636 = LINE('',#7637,#7638);
#7637 = CARTESIAN_POINT('',(0.,0.));
#7638 = VECTOR('',#7639,1.);
#7639 = DIRECTION('',(1.,0.));
#7640 = ( GEOMETRIC_REPRESENTATION_CONTEXT(2) 
PARAMETRIC_REPRESENTATION_CONTEXT() REPRESENTATION_CONTEXT('2D SPACE',''
  ) );
#7641 = PCURVE('',#7485,#7642);
#7642 = DEFINITIONAL_REPRESENTATION('',(#7643),#7647);
#7643 = LINE('',#7644,#7645);
#7644 = CARTESIAN_POINT('',(0.265902387933,-4.615790635743E-02));
#7645 = VECTOR('',#7646,1.);
#7646 = DIRECTION('',(-0.951444518554,0.307820285415));
#7647 = ( GEOMETRIC_REPRESENTATION_CONTEXT(2) 
PARAMETRIC_REPRESENTATION_CONTEXT() REPRESENTATION_CONTEXT('2D SPACE',''
  ) );
#7648 = ADVANCED_FACE('',(#7649),#7616,.F.);
#7649 = FACE_BOUND('',#7650,.F.);
#7650 = EDGE_LOOP('',(#7651,#7652,#7675,#7703));
#7651 = ORIENTED_EDGE('',*,*,#7600,.T.);
#7652 = ORIENTED_EDGE('',*,*,#7653,.T.);
#7653 = EDGE_CURVE('',#7578,#7654,#7656,.T.);
#7654 = VERTEX_POINT('',#7655);
#7655 = CARTESIAN_POINT('',(1.14,-0.825,0.15));
#7656 = SURFACE_CURVE('',#7657,(#7661,#7668),.PCURVE_S1.);
#7657 = LINE('',#7658,#7659);
#7658 = CARTESIAN_POINT('',(1.1,-0.825,0.18));
#7659 = VECTOR('',#7660,1.);
#7660 = DIRECTION('',(0.8,0.,-0.6));
#7661 = PCURVE('',#7616,#7662);
#7662 = DEFINITIONAL_REPRESENTATION('',(#7663),#7667);
#7663 = LINE('',#7664,#7665);
#7664 = CARTESIAN_POINT('',(0.,-0.3));
#7665 = VECTOR('',#7666,1.);
#7666 = DIRECTION('',(1.,0.));
#7667 = ( GEOMETRIC_REPRESENTATION_CONTEXT(2) 
PARAMETRIC_REPRESENTATION_CONTEXT() REPRESENTATION_CONTEXT('2D SPACE',''
  ) );
#7668 = PCURVE('',#7431,#7669);
#7669 = DEFINITIONAL_REPRESENTATION('',(#7670),#7674);
#7670 = LINE('',#7671,#7672);
#7671 = CARTESIAN_POINT('',(-7.409761206749E-02,6.384209364257E-02));
#7672 = VECTOR('',#7673,1.);
#7673 = DIRECTION('',(-0.6,0.8));
#7674 = ( GEOMETRIC_REPRESENTATION_CONTEXT(2) 
PARAMETRIC_REPRESENTATION_CONTEXT() REPRESENTATION_CONTEXT('2D SPACE',''
  ) );
#7675 = ORIENTED_EDGE('',*,*,#7676,.F.);
#7676 = EDGE_CURVE('',#7677,#7654,#7679,.T.);
#7677 = VERTEX_POINT('',#7678);
#7678 = CARTESIAN_POINT('',(1.14,-1.125,0.15));
#7679 = SURFACE_CURVE('',#7680,(#7684,#7691),.PCURVE_S1.);
#7680 = LINE('',#7681,#7682);
#7681 = CARTESIAN_POINT('',(1.14,-1.125,0.15));
#7682 = VECTOR('',#7683,1.);
#7683 = DIRECTION('',(0.,1.,0.));
#7684 = PCURVE('',#7616,#7685);
#7685 = DEFINITIONAL_REPRESENTATION('',(#7686),#7690);
#7686 = LINE('',#7687,#7688);
#7687 = CARTESIAN_POINT('',(5.E-02,0.));
#7688 = VECTOR('',#7689,1.);
#7689 = DIRECTION('',(0.,-1.));
#7690 = ( GEOMETRIC_REPRESENTATION_CONTEXT(2) 
PARAMETRIC_REPRESENTATION_CONTEXT() REPRESENTATION_CONTEXT('2D SPACE',''
  ) );
#7691 = PCURVE('',#7692,#7697);
#7692 = PLANE('',#7693);
#7693 = AXIS2_PLACEMENT_3D('',#7694,#7695,#7696);
#7694 = CARTESIAN_POINT('',(1.14,-1.125,0.15));
#7695 = DIRECTION('',(0.,0.,-1.));
#7696 = DIRECTION('',(1.,0.,0.));
#7697 = DEFINITIONAL_REPRESENTATION('',(#7698),#7702);
#7698 = LINE('',#7699,#7700);
#7699 = CARTESIAN_POINT('',(0.,0.));
#7700 = VECTOR('',#7701,1.);
#7701 = DIRECTION('',(0.,-1.));
#7702 = ( GEOMETRIC_REPRESENTATION_CONTEXT(2) 
PARAMETRIC_REPRESENTATION_CONTEXT() REPRESENTATION_CONTEXT('2D SPACE',''
  ) );
#7703 = ORIENTED_EDGE('',*,*,#7704,.F.);
#7704 = EDGE_CURVE('',#7601,#7677,#7705,.T.);
#7705 = SURFACE_CURVE('',#7706,(#7710,#7717),.PCURVE_S1.);
#7706 = LINE('',#7707,#7708);
#7707 = CARTESIAN_POINT('',(1.1,-1.125,0.18));
#7708 = VECTOR('',#7709,1.);
#7709 = DIRECTION('',(0.8,0.,-0.6));
#7710 = PCURVE('',#7616,#7711);
#7711 = DEFINITIONAL_REPRESENTATION('',(#7712),#7716);
#7712 = LINE('',#7713,#7714);
#7713 = CARTESIAN_POINT('',(0.,0.));
#7714 = VECTOR('',#7715,1.);
#7715 = DIRECTION('',(1.,0.));
#7716 = ( GEOMETRIC_REPRESENTATION_CONTEXT(2) 
PARAMETRIC_REPRESENTATION_CONTEXT() REPRESENTATION_CONTEXT('2D SPACE',''
  ) );
#7717 = PCURVE('',#7485,#7718);
#7718 = DEFINITIONAL_REPRESENTATION('',(#7719),#7723);
#7719 = LINE('',#7720,#7721);
#7720 = CARTESIAN_POINT('',(-7.409761206749E-02,6.384209364257E-02));
#7721 = VECTOR('',#7722,1.);
#7722 = DIRECTION('',(-0.6,0.8));
#7723 = ( GEOMETRIC_REPRESENTATION_CONTEXT(2) 
PARAMETRIC_REPRESENTATION_CONTEXT() REPRESENTATION_CONTEXT('2D SPACE',''
  ) );
#7724 = ADVANCED_FACE('',(#7725),#7692,.F.);
#7725 = FACE_BOUND('',#7726,.F.);
#7726 = EDGE_LOOP('',(#7727,#7728,#7751,#7779));
#7727 = ORIENTED_EDGE('',*,*,#7676,.T.);
#7728 = ORIENTED_EDGE('',*,*,#7729,.T.);
#7729 = EDGE_CURVE('',#7654,#7730,#7732,.T.);
#7730 = VERTEX_POINT('',#7731);
#7731 = CARTESIAN_POINT('',(1.4,-0.825,0.15));
#7732 = SURFACE_CURVE('',#7733,(#7737,#7744),.PCURVE_S1.);
#7733 = LINE('',#7734,#7735);
#7734 = CARTESIAN_POINT('',(1.14,-0.825,0.15));
#7735 = VECTOR('',#7736,1.);
#7736 = DIRECTION('',(1.,0.,0.));
#7737 = PCURVE('',#7692,#7738);
#7738 = DEFINITIONAL_REPRESENTATION('',(#7739),#7743);
#7739 = LINE('',#7740,#7741);
#7740 = CARTESIAN_POINT('',(0.,-0.3));
#7741 = VECTOR('',#7742,1.);
#7742 = DIRECTION('',(1.,0.));
#7743 = ( GEOMETRIC_REPRESENTATION_CONTEXT(2) 
PARAMETRIC_REPRESENTATION_CONTEXT() REPRESENTATION_CONTEXT('2D SPACE',''
  ) );
#7744 = PCURVE('',#7431,#7745);
#7745 = DEFINITIONAL_REPRESENTATION('',(#7746),#7750);
#7746 = LINE('',#7747,#7748);
#7747 = CARTESIAN_POINT('',(-0.104097612067,0.103842093643));
#7748 = VECTOR('',#7749,1.);
#7749 = DIRECTION('',(0.,1.));
#7750 = ( GEOMETRIC_REPRESENTATION_CONTEXT(2) 
PARAMETRIC_REPRESENTATION_CONTEXT() REPRESENTATION_CONTEXT('2D SPACE',''
  ) );
#7751 = ORIENTED_EDGE('',*,*,#7752,.F.);
#7752 = EDGE_CURVE('',#7753,#7730,#7755,.T.);
#7753 = VERTEX_POINT('',#7754);
#7754 = CARTESIAN_POINT('',(1.4,-1.125,0.15));
#7755 = SURFACE_CURVE('',#7756,(#7760,#7767),.PCURVE_S1.);
#7756 = LINE('',#7757,#7758);
#7757 = CARTESIAN_POINT('',(1.4,-1.125,0.15));
#7758 = VECTOR('',#7759,1.);
#7759 = DIRECTION('',(0.,1.,0.));
#7760 = PCURVE('',#7692,#7761);
#7761 = DEFINITIONAL_REPRESENTATION('',(#7762),#7766);
#7762 = LINE('',#7763,#7764);
#7763 = CARTESIAN_POINT('',(0.26,0.));
#7764 = VECTOR('',#7765,1.);
#7765 = DIRECTION('',(0.,-1.));
#7766 = ( GEOMETRIC_REPRESENTATION_CONTEXT(2) 
PARAMETRIC_REPRESENTATION_CONTEXT() REPRESENTATION_CONTEXT('2D SPACE',''
  ) );
#7767 = PCURVE('',#7768,#7773);
#7768 = PLANE('',#7769);
#7769 = AXIS2_PLACEMENT_3D('',#7770,#7771,#7772);
#7770 = CARTESIAN_POINT('',(1.4,-1.125,0.15));
#7771 = DIRECTION('',(-1.,0.,0.));
#7772 = DIRECTION('',(0.,0.,-1.));
#7773 = DEFINITIONAL_REPRESENTATION('',(#7774),#7778);
#7774 = LINE('',#7775,#7776);
#7775 = CARTESIAN_POINT('',(0.,-0.));
#7776 = VECTOR('',#7777,1.);
#7777 = DIRECTION('',(0.,-1.));
#7778 = ( GEOMETRIC_REPRESENTATION_CONTEXT(2) 
PARAMETRIC_REPRESENTATION_CONTEXT() REPRESENTATION_CONTEXT('2D SPACE',''
  ) );
#7779 = ORIENTED_EDGE('',*,*,#7780,.F.);
#7780 = EDGE_CURVE('',#7677,#7753,#7781,.T.);
#7781 = SURFACE_CURVE('',#7782,(#7786,#7793),.PCURVE_S1.);
#7782 = LINE('',#7783,#7784);
#7783 = CARTESIAN_POINT('',(1.14,-1.125,0.15));
#7784 = VECTOR('',#7785,1.);
#7785 = DIRECTION('',(1.,0.,0.));
#7786 = PCURVE('',#7692,#7787);
#7787 = DEFINITIONAL_REPRESENTATION('',(#7788),#7792);
#7788 = LINE('',#7789,#7790);
#7789 = CARTESIAN_POINT('',(0.,0.));
#7790 = VECTOR('',#7791,1.);
#7791 = DIRECTION('',(1.,0.));
#7792 = ( GEOMETRIC_REPRESENTATION_CONTEXT(2) 
PARAMETRIC_REPRESENTATION_CONTEXT() REPRESENTATION_CONTEXT('2D SPACE',''
  ) );
#7793 = PCURVE('',#7485,#7794);
#7794 = DEFINITIONAL_REPRESENTATION('',(#7795),#7799);
#7795 = LINE('',#7796,#7797);
#7796 = CARTESIAN_POINT('',(-0.104097612067,0.103842093643));
#7797 = VECTOR('',#7798,1.);
#7798 = DIRECTION('',(0.,1.));
#7799 = ( GEOMETRIC_REPRESENTATION_CONTEXT(2) 
PARAMETRIC_REPRESENTATION_CONTEXT() REPRESENTATION_CONTEXT('2D SPACE',''
  ) );
#7800 = ADVANCED_FACE('',(#7801),#7768,.F.);
#7801 = FACE_BOUND('',#7802,.F.);
#7802 = EDGE_LOOP('',(#7803,#7804,#7827,#7855));
#7803 = ORIENTED_EDGE('',*,*,#7752,.T.);
#7804 = ORIENTED_EDGE('',*,*,#7805,.T.);
#7805 = EDGE_CURVE('',#7730,#7806,#7808,.T.);
#7806 = VERTEX_POINT('',#7807);
#7807 = CARTESIAN_POINT('',(1.4,-0.825,0.));
#7808 = SURFACE_CURVE('',#7809,(#7813,#7820),.PCURVE_S1.);
#7809 = LINE('',#7810,#7811);
#7810 = CARTESIAN_POINT('',(1.4,-0.825,0.15));
#7811 = VECTOR('',#7812,1.);
#7812 = DIRECTION('',(0.,0.,-1.));
#7813 = PCURVE('',#7768,#7814);
#7814 = DEFINITIONAL_REPRESENTATION('',(#7815),#7819);
#7815 = LINE('',#7816,#7817);
#7816 = CARTESIAN_POINT('',(0.,-0.3));
#7817 = VECTOR('',#7818,1.);
#7818 = DIRECTION('',(1.,0.));
#7819 = ( GEOMETRIC_REPRESENTATION_CONTEXT(2) 
PARAMETRIC_REPRESENTATION_CONTEXT() REPRESENTATION_CONTEXT('2D SPACE',''
  ) );
#7820 = PCURVE('',#7431,#7821);
#7821 = DEFINITIONAL_REPRESENTATION('',(#7822),#7826);
#7822 = LINE('',#7823,#7824);
#7823 = CARTESIAN_POINT('',(-0.104097612067,0.363842093643));
#7824 = VECTOR('',#7825,1.);
#7825 = DIRECTION('',(-1.,0.));
#7826 = ( GEOMETRIC_REPRESENTATION_CONTEXT(2) 
PARAMETRIC_REPRESENTATION_CONTEXT() REPRESENTATION_CONTEXT('2D SPACE',''
  ) );
#7827 = ORIENTED_EDGE('',*,*,#7828,.F.);
#7828 = EDGE_CURVE('',#7829,#7806,#7831,.T.);
#7829 = VERTEX_POINT('',#7830);
#7830 = CARTESIAN_POINT('',(1.4,-1.125,0.));
#7831 = SURFACE_CURVE('',#7832,(#7836,#7843),.PCURVE_S1.);
#7832 = LINE('',#7833,#7834);
#7833 = CARTESIAN_POINT('',(1.4,-1.125,0.));
#7834 = VECTOR('',#7835,1.);
#7835 = DIRECTION('',(0.,1.,0.));
#7836 = PCURVE('',#7768,#7837);
#7837 = DEFINITIONAL_REPRESENTATION('',(#7838),#7842);
#7838 = LINE('',#7839,#7840);
#7839 = CARTESIAN_POINT('',(0.15,0.));
#7840 = VECTOR('',#7841,1.);
#7841 = DIRECTION('',(0.,-1.));
#7842 = ( GEOMETRIC_REPRESENTATION_CONTEXT(2) 
PARAMETRIC_REPRESENTATION_CONTEXT() REPRESENTATION_CONTEXT('2D SPACE',''
  ) );
#7843 = PCURVE('',#7844,#7849);
#7844 = PLANE('',#7845);
#7845 = AXIS2_PLACEMENT_3D('',#7846,#7847,#7848);
#7846 = CARTESIAN_POINT('',(1.4,-1.125,0.));
#7847 = DIRECTION('',(0.,-0.,1.));
#7848 = DIRECTION('',(-1.,0.,0.));
#7849 = DEFINITIONAL_REPRESENTATION('',(#7850),#7854);
#7850 = LINE('',#7851,#7852);
#7851 = CARTESIAN_POINT('',(0.,0.));
#7852 = VECTOR('',#7853,1.);
#7853 = DIRECTION('',(0.,-1.));
#7854 = ( GEOMETRIC_REPRESENTATION_CONTEXT(2) 
PARAMETRIC_REPRESENTATION_CONTEXT() REPRESENTATION_CONTEXT('2D SPACE',''
  ) );
#7855 = ORIENTED_EDGE('',*,*,#7856,.F.);
#7856 = EDGE_CURVE('',#7753,#7829,#7857,.T.);
#7857 = SURFACE_CURVE('',#7858,(#7862,#7869),.PCURVE_S1.);
#7858 = LINE('',#7859,#7860);
#7859 = CARTESIAN_POINT('',(1.4,-1.125,0.15));
#7860 = VECTOR('',#7861,1.);
#7861 = DIRECTION('',(0.,0.,-1.));
#7862 = PCURVE('',#7768,#7863);
#7863 = DEFINITIONAL_REPRESENTATION('',(#7864),#7868);
#7864 = LINE('',#7865,#7866);
#7865 = CARTESIAN_POINT('',(0.,-0.));
#7866 = VECTOR('',#7867,1.);
#7867 = DIRECTION('',(1.,0.));
#7868 = ( GEOMETRIC_REPRESENTATION_CONTEXT(2) 
PARAMETRIC_REPRESENTATION_CONTEXT() REPRESENTATION_CONTEXT('2D SPACE',''
  ) );
#7869 = PCURVE('',#7485,#7870);
#7870 = DEFINITIONAL_REPRESENTATION('',(#7871),#7875);
#7871 = LINE('',#7872,#7873);
#7872 = CARTESIAN_POINT('',(-0.104097612067,0.363842093643));
#7873 = VECTOR('',#7874,1.);
#7874 = DIRECTION('',(-1.,0.));
#7875 = ( GEOMETRIC_REPRESENTATION_CONTEXT(2) 
PARAMETRIC_REPRESENTATION_CONTEXT() REPRESENTATION_CONTEXT('2D SPACE',''
  ) );
#7876 = ADVANCED_FACE('',(#7877),#7844,.F.);
#7877 = FACE_BOUND('',#7878,.F.);
#7878 = EDGE_LOOP('',(#7879,#7880,#7903,#7931));
#7879 = ORIENTED_EDGE('',*,*,#7828,.T.);
#7880 = ORIENTED_EDGE('',*,*,#7881,.T.);
#7881 = EDGE_CURVE('',#7806,#7882,#7884,.T.);
#7882 = VERTEX_POINT('',#7883);
#7883 = CARTESIAN_POINT('',(1.05,-0.825,0.));
#7884 = SURFACE_CURVE('',#7885,(#7889,#7896),.PCURVE_S1.);
#7885 = LINE('',#7886,#7887);
#7886 = CARTESIAN_POINT('',(1.4,-0.825,0.));
#7887 = VECTOR('',#7888,1.);
#7888 = DIRECTION('',(-1.,0.,0.));
#7889 = PCURVE('',#7844,#7890);
#7890 = DEFINITIONAL_REPRESENTATION('',(#7891),#7895);
#7891 = LINE('',#7892,#7893);
#7892 = CARTESIAN_POINT('',(0.,-0.3));
#7893 = VECTOR('',#7894,1.);
#7894 = DIRECTION('',(1.,0.));
#7895 = ( GEOMETRIC_REPRESENTATION_CONTEXT(2) 
PARAMETRIC_REPRESENTATION_CONTEXT() REPRESENTATION_CONTEXT('2D SPACE',''
  ) );
#7896 = PCURVE('',#7431,#7897);
#7897 = DEFINITIONAL_REPRESENTATION('',(#7898),#7902);
#7898 = LINE('',#7899,#7900);
#7899 = CARTESIAN_POINT('',(-0.254097612067,0.363842093643));
#7900 = VECTOR('',#7901,1.);
#7901 = DIRECTION('',(0.,-1.));
#7902 = ( GEOMETRIC_REPRESENTATION_CONTEXT(2) 
PARAMETRIC_REPRESENTATION_CONTEXT() REPRESENTATION_CONTEXT('2D SPACE',''
  ) );
#7903 = ORIENTED_EDGE('',*,*,#7904,.F.);
#7904 = EDGE_CURVE('',#7905,#7882,#7907,.T.);
#7905 = VERTEX_POINT('',#7906);
#7906 = CARTESIAN_POINT('',(1.05,-1.125,0.));
#7907 = SURFACE_CURVE('',#7908,(#7912,#7919),.PCURVE_S1.);
#7908 = LINE('',#7909,#7910);
#7909 = CARTESIAN_POINT('',(1.05,-1.125,0.));
#7910 = VECTOR('',#7911,1.);
#7911 = DIRECTION('',(0.,1.,0.));
#7912 = PCURVE('',#7844,#7913);
#7913 = DEFINITIONAL_REPRESENTATION('',(#7914),#7918);
#7914 = LINE('',#7915,#7916);
#7915 = CARTESIAN_POINT('',(0.35,0.));
#7916 = VECTOR('',#7917,1.);
#7917 = DIRECTION('',(0.,-1.));
#7918 = ( GEOMETRIC_REPRESENTATION_CONTEXT(2) 
PARAMETRIC_REPRESENTATION_CONTEXT() REPRESENTATION_CONTEXT('2D SPACE',''
  ) );
#7919 = PCURVE('',#7920,#7925);
#7920 = PLANE('',#7921);
#7921 = AXIS2_PLACEMENT_3D('',#7922,#7923,#7924);
#7922 = CARTESIAN_POINT('',(1.05,-1.125,0.));
#7923 = DIRECTION('',(0.554700196225,-0.,0.832050294338));
#7924 = DIRECTION('',(-0.832050294338,0.,0.554700196225));
#7925 = DEFINITIONAL_REPRESENTATION('',(#7926),#7930);
#7926 = LINE('',#7927,#7928);
#7927 = CARTESIAN_POINT('',(0.,0.));
#7928 = VECTOR('',#7929,1.);
#7929 = DIRECTION('',(0.,-1.));
#7930 = ( GEOMETRIC_REPRESENTATION_CONTEXT(2) 
PARAMETRIC_REPRESENTATION_CONTEXT() REPRESENTATION_CONTEXT('2D SPACE',''
  ) );
#7931 = ORIENTED_EDGE('',*,*,#7932,.F.);
#7932 = EDGE_CURVE('',#7829,#7905,#7933,.T.);
#7933 = SURFACE_CURVE('',#7934,(#7938,#7945),.PCURVE_S1.);
#7934 = LINE('',#7935,#7936);
#7935 = CARTESIAN_POINT('',(1.4,-1.125,0.));
#7936 = VECTOR('',#7937,1.);
#7937 = DIRECTION('',(-1.,0.,0.));
#7938 = PCURVE('',#7844,#7939);
#7939 = DEFINITIONAL_REPRESENTATION('',(#7940),#7944);
#7940 = LINE('',#7941,#7942);
#7941 = CARTESIAN_POINT('',(0.,0.));
#7942 = VECTOR('',#7943,1.);
#7943 = DIRECTION('',(1.,0.));
#7944 = ( GEOMETRIC_REPRESENTATION_CONTEXT(2) 
PARAMETRIC_REPRESENTATION_CONTEXT() REPRESENTATION_CONTEXT('2D SPACE',''
  ) );
#7945 = PCURVE('',#7485,#7946);
#7946 = DEFINITIONAL_REPRESENTATION('',(#7947),#7951);
#7947 = LINE('',#7948,#7949);
#7948 = CARTESIAN_POINT('',(-0.254097612067,0.363842093643));
#7949 = VECTOR('',#7950,1.);
#7950 = DIRECTION('',(0.,-1.));
#7951 = ( GEOMETRIC_REPRESENTATION_CONTEXT(2) 
PARAMETRIC_REPRESENTATION_CONTEXT() REPRESENTATION_CONTEXT('2D SPACE',''
  ) );
#7952 = ADVANCED_FACE('',(#7953),#7920,.F.);
#7953 = FACE_BOUND('',#7954,.F.);
#7954 = EDGE_LOOP('',(#7955,#7956,#7979,#8007));
#7955 = ORIENTED_EDGE('',*,*,#7904,.T.);
#7956 = ORIENTED_EDGE('',*,*,#7957,.T.);
#7957 = EDGE_CURVE('',#7882,#7958,#7960,.T.);
#7958 = VERTEX_POINT('',#7959);
#7959 = CARTESIAN_POINT('',(0.99,-0.825,4.E-02));
#7960 = SURFACE_CURVE('',#7961,(#7965,#7972),.PCURVE_S1.);
#7961 = LINE('',#7962,#7963);
#7962 = CARTESIAN_POINT('',(1.05,-0.825,0.));
#7963 = VECTOR('',#7964,1.);
#7964 = DIRECTION('',(-0.832050294338,0.,0.554700196225));
#7965 = PCURVE('',#7920,#7966);
#7966 = DEFINITIONAL_REPRESENTATION('',(#7967),#7971);
#7967 = LINE('',#7968,#7969);
#7968 = CARTESIAN_POINT('',(0.,-0.3));
#7969 = VECTOR('',#7970,1.);
#7970 = DIRECTION('',(1.,0.));
#7971 = ( GEOMETRIC_REPRESENTATION_CONTEXT(2) 
PARAMETRIC_REPRESENTATION_CONTEXT() REPRESENTATION_CONTEXT('2D SPACE',''
  ) );
#7972 = PCURVE('',#7431,#7973);
#7973 = DEFINITIONAL_REPRESENTATION('',(#7974),#7978);
#7974 = LINE('',#7975,#7976);
#7975 = CARTESIAN_POINT('',(-0.254097612067,1.384209364257E-02));
#7976 = VECTOR('',#7977,1.);
#7977 = DIRECTION('',(0.554700196225,-0.832050294338));
#7978 = ( GEOMETRIC_REPRESENTATION_CONTEXT(2) 
PARAMETRIC_REPRESENTATION_CONTEXT() REPRESENTATION_CONTEXT('2D SPACE',''
  ) );
#7979 = ORIENTED_EDGE('',*,*,#7980,.F.);
#7980 = EDGE_CURVE('',#7981,#7958,#7983,.T.);
#7981 = VERTEX_POINT('',#7982);
#7982 = CARTESIAN_POINT('',(0.99,-1.125,4.E-02));
#7983 = SURFACE_CURVE('',#7984,(#7988,#7995),.PCURVE_S1.);
#7984 = LINE('',#7985,#7986);
#7985 = CARTESIAN_POINT('',(0.99,-1.125,4.E-02));
#7986 = VECTOR('',#7987,1.);
#7987 = DIRECTION('',(0.,1.,0.));
#7988 = PCURVE('',#7920,#7989);
#7989 = DEFINITIONAL_REPRESENTATION('',(#7990),#7994);
#7990 = LINE('',#7991,#7992);
#7991 = CARTESIAN_POINT('',(7.211102550928E-02,0.));
#7992 = VECTOR('',#7993,1.);
#7993 = DIRECTION('',(0.,-1.));
#7994 = ( GEOMETRIC_REPRESENTATION_CONTEXT(2) 
PARAMETRIC_REPRESENTATION_CONTEXT() REPRESENTATION_CONTEXT('2D SPACE',''
  ) );
#7995 = PCURVE('',#7996,#8001);
#7996 = PLANE('',#7997);
#7997 = AXIS2_PLACEMENT_3D('',#7998,#7999,#8000);
#7998 = CARTESIAN_POINT('',(0.99,-1.125,4.E-02));
#7999 = DIRECTION('',(0.948683298051,-0.,0.316227766017));
#8000 = DIRECTION('',(-0.316227766017,0.,0.948683298051));
#8001 = DEFINITIONAL_REPRESENTATION('',(#8002),#8006);
#8002 = LINE('',#8003,#8004);
#8003 = CARTESIAN_POINT('',(0.,0.));
#8004 = VECTOR('',#8005,1.);
#8005 = DIRECTION('',(0.,-1.));
#8006 = ( GEOMETRIC_REPRESENTATION_CONTEXT(2) 
PARAMETRIC_REPRESENTATION_CONTEXT() REPRESENTATION_CONTEXT('2D SPACE',''
  ) );
#8007 = ORIENTED_EDGE('',*,*,#8008,.F.);
#8008 = EDGE_CURVE('',#7905,#7981,#8009,.T.);
#8009 = SURFACE_CURVE('',#8010,(#8014,#8021),.PCURVE_S1.);
#8010 = LINE('',#8011,#8012);
#8011 = CARTESIAN_POINT('',(1.05,-1.125,0.));
#8012 = VECTOR('',#8013,1.);
#8013 = DIRECTION('',(-0.832050294338,0.,0.554700196225));
#8014 = PCURVE('',#7920,#8015);
#8015 = DEFINITIONAL_REPRESENTATION('',(#8016),#8020);
#8016 = LINE('',#8017,#8018);
#8017 = CARTESIAN_POINT('',(0.,0.));
#8018 = VECTOR('',#8019,1.);
#8019 = DIRECTION('',(1.,0.));
#8020 = ( GEOMETRIC_REPRESENTATION_CONTEXT(2) 
PARAMETRIC_REPRESENTATION_CONTEXT() REPRESENTATION_CONTEXT('2D SPACE',''
  ) );
#8021 = PCURVE('',#7485,#8022);
#8022 = DEFINITIONAL_REPRESENTATION('',(#8023),#8027);
#8023 = LINE('',#8024,#8025);
#8024 = CARTESIAN_POINT('',(-0.254097612067,1.384209364257E-02));
#8025 = VECTOR('',#8026,1.);
#8026 = DIRECTION('',(0.554700196225,-0.832050294338));
#8027 = ( GEOMETRIC_REPRESENTATION_CONTEXT(2) 
PARAMETRIC_REPRESENTATION_CONTEXT() REPRESENTATION_CONTEXT('2D SPACE',''
  ) );
#8028 = ADVANCED_FACE('',(#8029),#7996,.F.);
#8029 = FACE_BOUND('',#8030,.F.);
#8030 = EDGE_LOOP('',(#8031,#8032,#8055,#8083));
#8031 = ORIENTED_EDGE('',*,*,#7980,.T.);
#8032 = ORIENTED_EDGE('',*,*,#8033,.T.);
#8033 = EDGE_CURVE('',#7958,#8034,#8036,.T.);
#8034 = VERTEX_POINT('',#8035);
#8035 = CARTESIAN_POINT('',(0.88,-0.825,0.37));
#8036 = SURFACE_CURVE('',#8037,(#8041,#8048),.PCURVE_S1.);
#8037 = LINE('',#8038,#8039);
#8038 = CARTESIAN_POINT('',(0.99,-0.825,4.E-02));
#8039 = VECTOR('',#8040,1.);
#8040 = DIRECTION('',(-0.316227766017,0.,0.948683298051));
#8041 = PCURVE('',#7996,#8042);
#8042 = DEFINITIONAL_REPRESENTATION('',(#8043),#8047);
#8043 = LINE('',#8044,#8045);
#8044 = CARTESIAN_POINT('',(0.,-0.3));
#8045 = VECTOR('',#8046,1.);
#8046 = DIRECTION('',(1.,0.));
#8047 = ( GEOMETRIC_REPRESENTATION_CONTEXT(2) 
PARAMETRIC_REPRESENTATION_CONTEXT() REPRESENTATION_CONTEXT('2D SPACE',''
  ) );
#8048 = PCURVE('',#7431,#8049);
#8049 = DEFINITIONAL_REPRESENTATION('',(#8050),#8054);
#8050 = LINE('',#8051,#8052);
#8051 = CARTESIAN_POINT('',(-0.214097612067,-4.615790635743E-02));
#8052 = VECTOR('',#8053,1.);
#8053 = DIRECTION('',(0.948683298051,-0.316227766017));
#8054 = ( GEOMETRIC_REPRESENTATION_CONTEXT(2) 
PARAMETRIC_REPRESENTATION_CONTEXT() REPRESENTATION_CONTEXT('2D SPACE',''
  ) );
#8055 = ORIENTED_EDGE('',*,*,#8056,.F.);
#8056 = EDGE_CURVE('',#8057,#8034,#8059,.T.);
#8057 = VERTEX_POINT('',#8058);
#8058 = CARTESIAN_POINT('',(0.88,-1.125,0.37));
#8059 = SURFACE_CURVE('',#8060,(#8064,#8071),.PCURVE_S1.);
#8060 = LINE('',#8061,#8062);
#8061 = CARTESIAN_POINT('',(0.88,-1.125,0.37));
#8062 = VECTOR('',#8063,1.);
#8063 = DIRECTION('',(0.,1.,0.));
#8064 = PCURVE('',#7996,#8065);
#8065 = DEFINITIONAL_REPRESENTATION('',(#8066),#8070);
#8066 = LINE('',#8067,#8068);
#8067 = CARTESIAN_POINT('',(0.347850542619,0.));
#8068 = VECTOR('',#8069,1.);
#8069 = DIRECTION('',(0.,-1.));
#8070 = ( GEOMETRIC_REPRESENTATION_CONTEXT(2) 
PARAMETRIC_REPRESENTATION_CONTEXT() REPRESENTATION_CONTEXT('2D SPACE',''
  ) );
#8071 = PCURVE('',#8072,#8077);
#8072 = PLANE('',#8073);
#8073 = AXIS2_PLACEMENT_3D('',#8074,#8075,#8076);
#8074 = CARTESIAN_POINT('',(0.88,-1.125,0.37));
#8075 = DIRECTION('',(0.6,-0.,0.8));
#8076 = DIRECTION('',(-0.8,0.,0.6));
#8077 = DEFINITIONAL_REPRESENTATION('',(#8078),#8082);
#8078 = LINE('',#8079,#8080);
#8079 = CARTESIAN_POINT('',(0.,0.));
#8080 = VECTOR('',#8081,1.);
#8081 = DIRECTION('',(0.,-1.));
#8082 = ( GEOMETRIC_REPRESENTATION_CONTEXT(2) 
PARAMETRIC_REPRESENTATION_CONTEXT() REPRESENTATION_CONTEXT('2D SPACE',''
  ) );
#8083 = ORIENTED_EDGE('',*,*,#8084,.F.);
#8084 = EDGE_CURVE('',#7981,#8057,#8085,.T.);
#8085 = SURFACE_CURVE('',#8086,(#8090,#8097),.PCURVE_S1.);
#8086 = LINE('',#8087,#8088);
#8087 = CARTESIAN_POINT('',(0.99,-1.125,4.E-02));
#8088 = VECTOR('',#8089,1.);
#8089 = DIRECTION('',(-0.316227766017,0.,0.948683298051));
#8090 = PCURVE('',#7996,#8091);
#8091 = DEFINITIONAL_REPRESENTATION('',(#8092),#8096);
#8092 = LINE('',#8093,#8094);
#8093 = CARTESIAN_POINT('',(0.,0.));
#8094 = VECTOR('',#8095,1.);
#8095 = DIRECTION('',(1.,0.));
#8096 = ( GEOMETRIC_REPRESENTATION_CONTEXT(2) 
PARAMETRIC_REPRESENTATION_CONTEXT() REPRESENTATION_CONTEXT('2D SPACE',''
  ) );
#8097 = PCURVE('',#7485,#8098);
#8098 = DEFINITIONAL_REPRESENTATION('',(#8099),#8103);
#8099 = LINE('',#8100,#8101);
#8100 = CARTESIAN_POINT('',(-0.214097612067,-4.615790635743E-02));
#8101 = VECTOR('',#8102,1.);
#8102 = DIRECTION('',(0.948683298051,-0.316227766017));
#8103 = ( GEOMETRIC_REPRESENTATION_CONTEXT(2) 
PARAMETRIC_REPRESENTATION_CONTEXT() REPRESENTATION_CONTEXT('2D SPACE',''
  ) );
#8104 = ADVANCED_FACE('',(#8105),#8072,.F.);
#8105 = FACE_BOUND('',#8106,.F.);
#8106 = EDGE_LOOP('',(#8107,#8108,#8131,#8159));
#8107 = ORIENTED_EDGE('',*,*,#8056,.T.);
#8108 = ORIENTED_EDGE('',*,*,#8109,.T.);
#8109 = EDGE_CURVE('',#8034,#8110,#8112,.T.);
#8110 = VERTEX_POINT('',#8111);
#8111 = CARTESIAN_POINT('',(0.84,-0.825,0.4));
#8112 = SURFACE_CURVE('',#8113,(#8117,#8124),.PCURVE_S1.);
#8113 = LINE('',#8114,#8115);
#8114 = CARTESIAN_POINT('',(0.88,-0.825,0.37));
#8115 = VECTOR('',#8116,1.);
#8116 = DIRECTION('',(-0.8,0.,0.6));
#8117 = PCURVE('',#8072,#8118);
#8118 = DEFINITIONAL_REPRESENTATION('',(#8119),#8123);
#8119 = LINE('',#8120,#8121);
#8120 = CARTESIAN_POINT('',(0.,-0.3));
#8121 = VECTOR('',#8122,1.);
#8122 = DIRECTION('',(1.,0.));
#8123 = ( GEOMETRIC_REPRESENTATION_CONTEXT(2) 
PARAMETRIC_REPRESENTATION_CONTEXT() REPRESENTATION_CONTEXT('2D SPACE',''
  ) );
#8124 = PCURVE('',#7431,#8125);
#8125 = DEFINITIONAL_REPRESENTATION('',(#8126),#8130);
#8126 = LINE('',#8127,#8128);
#8127 = CARTESIAN_POINT('',(0.115902387933,-0.156157906357));
#8128 = VECTOR('',#8129,1.);
#8129 = DIRECTION('',(0.6,-0.8));
#8130 = ( GEOMETRIC_REPRESENTATION_CONTEXT(2) 
PARAMETRIC_REPRESENTATION_CONTEXT() REPRESENTATION_CONTEXT('2D SPACE',''
  ) );
#8131 = ORIENTED_EDGE('',*,*,#8132,.F.);
#8132 = EDGE_CURVE('',#8133,#8110,#8135,.T.);
#8133 = VERTEX_POINT('',#8134);
#8134 = CARTESIAN_POINT('',(0.84,-1.125,0.4));
#8135 = SURFACE_CURVE('',#8136,(#8140,#8147),.PCURVE_S1.);
#8136 = LINE('',#8137,#8138);
#8137 = CARTESIAN_POINT('',(0.84,-1.125,0.4));
#8138 = VECTOR('',#8139,1.);
#8139 = DIRECTION('',(0.,1.,0.));
#8140 = PCURVE('',#8072,#8141);
#8141 = DEFINITIONAL_REPRESENTATION('',(#8142),#8146);
#8142 = LINE('',#8143,#8144);
#8143 = CARTESIAN_POINT('',(5.E-02,0.));
#8144 = VECTOR('',#8145,1.);
#8145 = DIRECTION('',(0.,-1.));
#8146 = ( GEOMETRIC_REPRESENTATION_CONTEXT(2) 
PARAMETRIC_REPRESENTATION_CONTEXT() REPRESENTATION_CONTEXT('2D SPACE',''
  ) );
#8147 = PCURVE('',#8148,#8153);
#8148 = PLANE('',#8149);
#8149 = AXIS2_PLACEMENT_3D('',#8150,#8151,#8152);
#8150 = CARTESIAN_POINT('',(0.84,-1.125,0.4));
#8151 = DIRECTION('',(0.,-0.,1.));
#8152 = DIRECTION('',(-1.,0.,0.));
#8153 = DEFINITIONAL_REPRESENTATION('',(#8154),#8158);
#8154 = LINE('',#8155,#8156);
#8155 = CARTESIAN_POINT('',(0.,0.));
#8156 = VECTOR('',#8157,1.);
#8157 = DIRECTION('',(0.,-1.));
#8158 = ( GEOMETRIC_REPRESENTATION_CONTEXT(2) 
PARAMETRIC_REPRESENTATION_CONTEXT() REPRESENTATION_CONTEXT('2D SPACE',''
  ) );
#8159 = ORIENTED_EDGE('',*,*,#8160,.F.);
#8160 = EDGE_CURVE('',#8057,#8133,#8161,.T.);
#8161 = SURFACE_CURVE('',#8162,(#8166,#8173),.PCURVE_S1.);
#8162 = LINE('',#8163,#8164);
#8163 = CARTESIAN_POINT('',(0.88,-1.125,0.37));
#8164 = VECTOR('',#8165,1.);
#8165 = DIRECTION('',(-0.8,0.,0.6));
#8166 = PCURVE('',#8072,#8167);
#8167 = DEFINITIONAL_REPRESENTATION('',(#8168),#8172);
#8168 = LINE('',#8169,#8170);
#8169 = CARTESIAN_POINT('',(0.,0.));
#8170 = VECTOR('',#8171,1.);
#8171 = DIRECTION('',(1.,0.));
#8172 = ( GEOMETRIC_REPRESENTATION_CONTEXT(2) 
PARAMETRIC_REPRESENTATION_CONTEXT() REPRESENTATION_CONTEXT('2D SPACE',''
  ) );
#8173 = PCURVE('',#7485,#8174);
#8174 = DEFINITIONAL_REPRESENTATION('',(#8175),#8179);
#8175 = LINE('',#8176,#8177);
#8176 = CARTESIAN_POINT('',(0.115902387933,-0.156157906357));
#8177 = VECTOR('',#8178,1.);
#8178 = DIRECTION('',(0.6,-0.8));
#8179 = ( GEOMETRIC_REPRESENTATION_CONTEXT(2) 
PARAMETRIC_REPRESENTATION_CONTEXT() REPRESENTATION_CONTEXT('2D SPACE',''
  ) );
#8180 = ADVANCED_FACE('',(#8181),#8148,.F.);
#8181 = FACE_BOUND('',#8182,.F.);
#8182 = EDGE_LOOP('',(#8183,#8184,#8207,#8230));
#8183 = ORIENTED_EDGE('',*,*,#8132,.T.);
#8184 = ORIENTED_EDGE('',*,*,#8185,.T.);
#8185 = EDGE_CURVE('',#8110,#8186,#8188,.T.);
#8186 = VERTEX_POINT('',#8187);
#8187 = CARTESIAN_POINT('',(0.7,-0.825,0.4));
#8188 = SURFACE_CURVE('',#8189,(#8193,#8200),.PCURVE_S1.);
#8189 = LINE('',#8190,#8191);
#8190 = CARTESIAN_POINT('',(0.84,-0.825,0.4));
#8191 = VECTOR('',#8192,1.);
#8192 = DIRECTION('',(-1.,0.,0.));
#8193 = PCURVE('',#8148,#8194);
#8194 = DEFINITIONAL_REPRESENTATION('',(#8195),#8199);
#8195 = LINE('',#8196,#8197);
#8196 = CARTESIAN_POINT('',(0.,-0.3));
#8197 = VECTOR('',#8198,1.);
#8198 = DIRECTION('',(1.,0.));
#8199 = ( GEOMETRIC_REPRESENTATION_CONTEXT(2) 
PARAMETRIC_REPRESENTATION_CONTEXT() REPRESENTATION_CONTEXT('2D SPACE',''
  ) );
#8200 = PCURVE('',#7431,#8201);
#8201 = DEFINITIONAL_REPRESENTATION('',(#8202),#8206);
#8202 = LINE('',#8203,#8204);
#8203 = CARTESIAN_POINT('',(0.145902387933,-0.196157906357));
#8204 = VECTOR('',#8205,1.);
#8205 = DIRECTION('',(0.,-1.));
#8206 = ( GEOMETRIC_REPRESENTATION_CONTEXT(2) 
PARAMETRIC_REPRESENTATION_CONTEXT() REPRESENTATION_CONTEXT('2D SPACE',''
  ) );
#8207 = ORIENTED_EDGE('',*,*,#8208,.F.);
#8208 = EDGE_CURVE('',#8209,#8186,#8211,.T.);
#8209 = VERTEX_POINT('',#8210);
#8210 = CARTESIAN_POINT('',(0.7,-1.125,0.4));
#8211 = SURFACE_CURVE('',#8212,(#8216,#8223),.PCURVE_S1.);
#8212 = LINE('',#8213,#8214);
#8213 = CARTESIAN_POINT('',(0.7,-1.125,0.4));
#8214 = VECTOR('',#8215,1.);
#8215 = DIRECTION('',(0.,1.,0.));
#8216 = PCURVE('',#8148,#8217);
#8217 = DEFINITIONAL_REPRESENTATION('',(#8218),#8222);
#8218 = LINE('',#8219,#8220);
#8219 = CARTESIAN_POINT('',(0.14,0.));
#8220 = VECTOR('',#8221,1.);
#8221 = DIRECTION('',(0.,-1.));
#8222 = ( GEOMETRIC_REPRESENTATION_CONTEXT(2) 
PARAMETRIC_REPRESENTATION_CONTEXT() REPRESENTATION_CONTEXT('2D SPACE',''
  ) );
#8223 = PCURVE('',#7403,#8224);
#8224 = DEFINITIONAL_REPRESENTATION('',(#8225),#8229);
#8225 = LINE('',#8226,#8227);
#8226 = CARTESIAN_POINT('',(0.,0.));
#8227 = VECTOR('',#8228,1.);
#8228 = DIRECTION('',(0.,-1.));
#8229 = ( GEOMETRIC_REPRESENTATION_CONTEXT(2) 
PARAMETRIC_REPRESENTATION_CONTEXT() REPRESENTATION_CONTEXT('2D SPACE',''
  ) );
#8230 = ORIENTED_EDGE('',*,*,#8231,.F.);
#8231 = EDGE_CURVE('',#8133,#8209,#8232,.T.);
#8232 = SURFACE_CURVE('',#8233,(#8237,#8244),.PCURVE_S1.);
#8233 = LINE('',#8234,#8235);
#8234 = CARTESIAN_POINT('',(0.84,-1.125,0.4));
#8235 = VECTOR('',#8236,1.);
#8236 = DIRECTION('',(-1.,0.,0.));
#8237 = PCURVE('',#8148,#8238);
#8238 = DEFINITIONAL_REPRESENTATION('',(#8239),#8243);
#8239 = LINE('',#8240,#8241);
#8240 = CARTESIAN_POINT('',(0.,0.));
#8241 = VECTOR('',#8242,1.);
#8242 = DIRECTION('',(1.,0.));
#8243 = ( GEOMETRIC_REPRESENTATION_CONTEXT(2) 
PARAMETRIC_REPRESENTATION_CONTEXT() REPRESENTATION_CONTEXT('2D SPACE',''
  ) );
#8244 = PCURVE('',#7485,#8245);
#8245 = DEFINITIONAL_REPRESENTATION('',(#8246),#8250);
#8246 = LINE('',#8247,#8248);
#8247 = CARTESIAN_POINT('',(0.145902387933,-0.196157906357));
#8248 = VECTOR('',#8249,1.);
#8249 = DIRECTION('',(0.,-1.));
#8250 = ( GEOMETRIC_REPRESENTATION_CONTEXT(2) 
PARAMETRIC_REPRESENTATION_CONTEXT() REPRESENTATION_CONTEXT('2D SPACE',''
  ) );
#8251 = ADVANCED_FACE('',(#8252),#7403,.F.);
#8252 = FACE_BOUND('',#8253,.F.);
#8253 = EDGE_LOOP('',(#8254,#8255,#8276,#8277));
#8254 = ORIENTED_EDGE('',*,*,#8208,.T.);
#8255 = ORIENTED_EDGE('',*,*,#8256,.T.);
#8256 = EDGE_CURVE('',#8186,#7383,#8257,.T.);
#8257 = SURFACE_CURVE('',#8258,(#8262,#8269),.PCURVE_S1.);
#8258 = LINE('',#8259,#8260);
#8259 = CARTESIAN_POINT('',(0.7,-0.825,0.4));
#8260 = VECTOR('',#8261,1.);
#8261 = DIRECTION('',(0.,0.,1.));
#8262 = PCURVE('',#7403,#8263);
#8263 = DEFINITIONAL_REPRESENTATION('',(#8264),#8268);
#8264 = LINE('',#8265,#8266);
#8265 = CARTESIAN_POINT('',(0.,-0.3));
#8266 = VECTOR('',#8267,1.);
#8267 = DIRECTION('',(1.,0.));
#8268 = ( GEOMETRIC_REPRESENTATION_CONTEXT(2) 
PARAMETRIC_REPRESENTATION_CONTEXT() REPRESENTATION_CONTEXT('2D SPACE',''
  ) );
#8269 = PCURVE('',#7431,#8270);
#8270 = DEFINITIONAL_REPRESENTATION('',(#8271),#8275);
#8271 = LINE('',#8272,#8273);
#8272 = CARTESIAN_POINT('',(0.145902387933,-0.336157906357));
#8273 = VECTOR('',#8274,1.);
#8274 = DIRECTION('',(1.,0.));
#8275 = ( GEOMETRIC_REPRESENTATION_CONTEXT(2) 
PARAMETRIC_REPRESENTATION_CONTEXT() REPRESENTATION_CONTEXT('2D SPACE',''
  ) );
#8276 = ORIENTED_EDGE('',*,*,#7380,.F.);
#8277 = ORIENTED_EDGE('',*,*,#8278,.F.);
#8278 = EDGE_CURVE('',#8209,#7381,#8279,.T.);
#8279 = SURFACE_CURVE('',#8280,(#8284,#8291),.PCURVE_S1.);
#8280 = LINE('',#8281,#8282);
#8281 = CARTESIAN_POINT('',(0.7,-1.125,0.4));
#8282 = VECTOR('',#8283,1.);
#8283 = DIRECTION('',(0.,0.,1.));
#8284 = PCURVE('',#7403,#8285);
#8285 = DEFINITIONAL_REPRESENTATION('',(#8286),#8290);
#8286 = LINE('',#8287,#8288);
#8287 = CARTESIAN_POINT('',(0.,0.));
#8288 = VECTOR('',#8289,1.);
#8289 = DIRECTION('',(1.,0.));
#8290 = ( GEOMETRIC_REPRESENTATION_CONTEXT(2) 
PARAMETRIC_REPRESENTATION_CONTEXT() REPRESENTATION_CONTEXT('2D SPACE',''
  ) );
#8291 = PCURVE('',#7485,#8292);
#8292 = DEFINITIONAL_REPRESENTATION('',(#8293),#8297);
#8293 = LINE('',#8294,#8295);
#8294 = CARTESIAN_POINT('',(0.145902387933,-0.336157906357));
#8295 = VECTOR('',#8296,1.);
#8296 = DIRECTION('',(1.,0.));
#8297 = ( GEOMETRIC_REPRESENTATION_CONTEXT(2) 
PARAMETRIC_REPRESENTATION_CONTEXT() REPRESENTATION_CONTEXT('2D SPACE',''
  ) );
#8298 = ADVANCED_FACE('',(#8299),#7485,.F.);
#8299 = FACE_BOUND('',#8300,.F.);
#8300 = EDGE_LOOP('',(#8301,#8302,#8303,#8304,#8305,#8306,#8307,#8308,
    #8309,#8310,#8311,#8312));
#8301 = ORIENTED_EDGE('',*,*,#7471,.T.);
#8302 = ORIENTED_EDGE('',*,*,#7552,.T.);
#8303 = ORIENTED_EDGE('',*,*,#7628,.T.);
#8304 = ORIENTED_EDGE('',*,*,#7704,.T.);
#8305 = ORIENTED_EDGE('',*,*,#7780,.T.);
#8306 = ORIENTED_EDGE('',*,*,#7856,.T.);
#8307 = ORIENTED_EDGE('',*,*,#7932,.T.);
#8308 = ORIENTED_EDGE('',*,*,#8008,.T.);
#8309 = ORIENTED_EDGE('',*,*,#8084,.T.);
#8310 = ORIENTED_EDGE('',*,*,#8160,.T.);
#8311 = ORIENTED_EDGE('',*,*,#8231,.T.);
#8312 = ORIENTED_EDGE('',*,*,#8278,.T.);
#8313 = ADVANCED_FACE('',(#8314),#7431,.T.);
#8314 = FACE_BOUND('',#8315,.T.);
#8315 = EDGE_LOOP('',(#8316,#8317,#8318,#8319,#8320,#8321,#8322,#8323,
    #8324,#8325,#8326,#8327));
#8316 = ORIENTED_EDGE('',*,*,#7415,.T.);
#8317 = ORIENTED_EDGE('',*,*,#7501,.T.);
#8318 = ORIENTED_EDGE('',*,*,#7577,.T.);
#8319 = ORIENTED_EDGE('',*,*,#7653,.T.);
#8320 = ORIENTED_EDGE('',*,*,#7729,.T.);
#8321 = ORIENTED_EDGE('',*,*,#7805,.T.);
#8322 = ORIENTED_EDGE('',*,*,#7881,.T.);
#8323 = ORIENTED_EDGE('',*,*,#7957,.T.);
#8324 = ORIENTED_EDGE('',*,*,#8033,.T.);
#8325 = ORIENTED_EDGE('',*,*,#8109,.T.);
#8326 = ORIENTED_EDGE('',*,*,#8185,.T.);
#8327 = ORIENTED_EDGE('',*,*,#8256,.T.);
#8328 = ( GEOMETRIC_REPRESENTATION_CONTEXT(3) 
GLOBAL_UNCERTAINTY_ASSIGNED_CONTEXT((#8332)) 
GLOBAL_UNIT_ASSIGNED_CONTEXT((#8329,#8330,#8331)) REPRESENTATION_CONTEXT
('Context #1','3D Context with UNIT and UNCERTAINTY') );
#8329 = ( LENGTH_UNIT() NAMED_UNIT(*) SI_UNIT(.MILLI.,.METRE.) );
#8330 = ( NAMED_UNIT(*) PLANE_ANGLE_UNIT() SI_UNIT($,.RADIAN.) );
#8331 = ( NAMED_UNIT(*) SI_UNIT($,.STERADIAN.) SOLID_ANGLE_UNIT() );
#8332 = UNCERTAINTY_MEASURE_WITH_UNIT(LENGTH_MEASURE(1.E-07),#8329,
  'distance_accuracy_value','confusion accuracy');
#8333 = CONTEXT_DEPENDENT_SHAPE_REPRESENTATION(#8334,#8336);
#8334 = ( REPRESENTATION_RELATIONSHIP('','',#695,#10) 
REPRESENTATION_RELATIONSHIP_WITH_TRANSFORMATION(#8335) 
SHAPE_REPRESENTATION_RELATIONSHIP() );
#8335 = ITEM_DEFINED_TRANSFORMATION('','',#11,#19);
#8336 = PRODUCT_DEFINITION_SHAPE('Placement','Placement of an item',
  #8337);
#8337 = NEXT_ASSEMBLY_USAGE_OCCURRENCE('2','Leads','',#5,#690,$);
#8338 = PRODUCT_RELATED_PRODUCT_CATEGORY('part',$,(#692));
#8339 = SHAPE_DEFINITION_REPRESENTATION(#8340,#8346);
#8340 = PRODUCT_DEFINITION_SHAPE('','',#8341);
#8341 = PRODUCT_DEFINITION('design','',#8342,#8345);
#8342 = PRODUCT_DEFINITION_FORMATION('','',#8343);
#8343 = PRODUCT('Pin1','Pin1','',(#8344));
#8344 = PRODUCT_CONTEXT('',#2,'mechanical');
#8345 = PRODUCT_DEFINITION_CONTEXT('part definition',#2,'design');
#8346 = ADVANCED_BREP_SHAPE_REPRESENTATION('',(#11,#8347),#8445);
#8347 = MANIFOLD_SOLID_BREP('',#8348);
#8348 = CLOSED_SHELL('',(#8349,#8437,#8441));
#8349 = ADVANCED_FACE('',(#8350),#8363,.T.);
#8350 = FACE_BOUND('',#8351,.T.);
#8351 = EDGE_LOOP('',(#8352,#8386,#8409,#8436));
#8352 = ORIENTED_EDGE('',*,*,#8353,.F.);
#8353 = EDGE_CURVE('',#8354,#8354,#8356,.T.);
#8354 = VERTEX_POINT('',#8355);
#8355 = CARTESIAN_POINT('',(-0.27,1.05,0.982));
#8356 = SURFACE_CURVE('',#8357,(#8362,#8374),.PCURVE_S1.);
#8357 = CIRCLE('',#8358,0.15);
#8358 = AXIS2_PLACEMENT_3D('',#8359,#8360,#8361);
#8359 = CARTESIAN_POINT('',(-0.42,1.05,0.982));
#8360 = DIRECTION('',(0.,0.,1.));
#8361 = DIRECTION('',(1.,0.,-0.));
#8362 = PCURVE('',#8363,#8368);
#8363 = CYLINDRICAL_SURFACE('',#8364,0.15);
#8364 = AXIS2_PLACEMENT_3D('',#8365,#8366,#8367);
#8365 = CARTESIAN_POINT('',(-0.42,1.05,0.98));
#8366 = DIRECTION('',(0.,0.,1.));
#8367 = DIRECTION('',(1.,0.,-0.));
#8368 = DEFINITIONAL_REPRESENTATION('',(#8369),#8373);
#8369 = LINE('',#8370,#8371);
#8370 = CARTESIAN_POINT('',(0.,2.E-03));
#8371 = VECTOR('',#8372,1.);
#8372 = DIRECTION('',(1.,0.));
#8373 = ( GEOMETRIC_REPRESENTATION_CONTEXT(2) 
PARAMETRIC_REPRESENTATION_CONTEXT() REPRESENTATION_CONTEXT('2D SPACE',''
  ) );
#8374 = PCURVE('',#8375,#8380);
#8375 = PLANE('',#8376);
#8376 = AXIS2_PLACEMENT_3D('',#8377,#8378,#8379);
#8377 = CARTESIAN_POINT('',(-0.42,1.05,0.982));
#8378 = DIRECTION('',(0.,0.,1.));
#8379 = DIRECTION('',(1.,0.,-0.));
#8380 = DEFINITIONAL_REPRESENTATION('',(#8381),#8385);
#8381 = CIRCLE('',#8382,0.15);
#8382 = AXIS2_PLACEMENT_2D('',#8383,#8384);
#8383 = CARTESIAN_POINT('',(0.,0.));
#8384 = DIRECTION('',(1.,0.));
#8385 = ( GEOMETRIC_REPRESENTATION_CONTEXT(2) 
PARAMETRIC_REPRESENTATION_CONTEXT() REPRESENTATION_CONTEXT('2D SPACE',''
  ) );
#8386 = ORIENTED_EDGE('',*,*,#8387,.F.);
#8387 = EDGE_CURVE('',#8388,#8354,#8390,.T.);
#8388 = VERTEX_POINT('',#8389);
#8389 = CARTESIAN_POINT('',(-0.27,1.05,0.98));
#8390 = SEAM_CURVE('',#8391,(#8395,#8402),.PCURVE_S1.);
#8391 = LINE('',#8392,#8393);
#8392 = CARTESIAN_POINT('',(-0.27,1.05,0.98));
#8393 = VECTOR('',#8394,1.);
#8394 = DIRECTION('',(0.,0.,1.));
#8395 = PCURVE('',#8363,#8396);
#8396 = DEFINITIONAL_REPRESENTATION('',(#8397),#8401);
#8397 = LINE('',#8398,#8399);
#8398 = CARTESIAN_POINT('',(6.28318530718,-0.));
#8399 = VECTOR('',#8400,1.);
#8400 = DIRECTION('',(0.,1.));
#8401 = ( GEOMETRIC_REPRESENTATION_CONTEXT(2) 
PARAMETRIC_REPRESENTATION_CONTEXT() REPRESENTATION_CONTEXT('2D SPACE',''
  ) );
#8402 = PCURVE('',#8363,#8403);
#8403 = DEFINITIONAL_REPRESENTATION('',(#8404),#8408);
#8404 = LINE('',#8405,#8406);
#8405 = CARTESIAN_POINT('',(0.,-0.));
#8406 = VECTOR('',#8407,1.);
#8407 = DIRECTION('',(0.,1.));
#8408 = ( GEOMETRIC_REPRESENTATION_CONTEXT(2) 
PARAMETRIC_REPRESENTATION_CONTEXT() REPRESENTATION_CONTEXT('2D SPACE',''
  ) );
#8409 = ORIENTED_EDGE('',*,*,#8410,.T.);
#8410 = EDGE_CURVE('',#8388,#8388,#8411,.T.);
#8411 = SURFACE_CURVE('',#8412,(#8417,#8424),.PCURVE_S1.);
#8412 = CIRCLE('',#8413,0.15);
#8413 = AXIS2_PLACEMENT_3D('',#8414,#8415,#8416);
#8414 = CARTESIAN_POINT('',(-0.42,1.05,0.98));
#8415 = DIRECTION('',(0.,0.,1.));
#8416 = DIRECTION('',(1.,0.,-0.));
#8417 = PCURVE('',#8363,#8418);
#8418 = DEFINITIONAL_REPRESENTATION('',(#8419),#8423);
#8419 = LINE('',#8420,#8421);
#8420 = CARTESIAN_POINT('',(0.,0.));
#8421 = VECTOR('',#8422,1.);
#8422 = DIRECTION('',(1.,0.));
#8423 = ( GEOMETRIC_REPRESENTATION_CONTEXT(2) 
PARAMETRIC_REPRESENTATION_CONTEXT() REPRESENTATION_CONTEXT('2D SPACE',''
  ) );
#8424 = PCURVE('',#8425,#8430);
#8425 = PLANE('',#8426);
#8426 = AXIS2_PLACEMENT_3D('',#8427,#8428,#8429);
#8427 = CARTESIAN_POINT('',(-0.42,1.05,0.98));
#8428 = DIRECTION('',(0.,0.,1.));
#8429 = DIRECTION('',(1.,0.,-0.));
#8430 = DEFINITIONAL_REPRESENTATION('',(#8431),#8435);
#8431 = CIRCLE('',#8432,0.15);
#8432 = AXIS2_PLACEMENT_2D('',#8433,#8434);
#8433 = CARTESIAN_POINT('',(0.,0.));
#8434 = DIRECTION('',(1.,0.));
#8435 = ( GEOMETRIC_REPRESENTATION_CONTEXT(2) 
PARAMETRIC_REPRESENTATION_CONTEXT() REPRESENTATION_CONTEXT('2D SPACE',''
  ) );
#8436 = ORIENTED_EDGE('',*,*,#8387,.T.);
#8437 = ADVANCED_FACE('',(#8438),#8375,.T.);
#8438 = FACE_BOUND('',#8439,.T.);
#8439 = EDGE_LOOP('',(#8440));
#8440 = ORIENTED_EDGE('',*,*,#8353,.T.);
#8441 = ADVANCED_FACE('',(#8442),#8425,.F.);
#8442 = FACE_BOUND('',#8443,.T.);
#8443 = EDGE_LOOP('',(#8444));
#8444 = ORIENTED_EDGE('',*,*,#8410,.F.);
#8445 = ( GEOMETRIC_REPRESENTATION_CONTEXT(3) 
GLOBAL_UNCERTAINTY_ASSIGNED_CONTEXT((#8449)) 
GLOBAL_UNIT_ASSIGNED_CONTEXT((#8446,#8447,#8448)) REPRESENTATION_CONTEXT
('Context #1','3D Context with UNIT and UNCERTAINTY') );
#8446 = ( LENGTH_UNIT() NAMED_UNIT(*) SI_UNIT(.MILLI.,.METRE.) );
#8447 = ( NAMED_UNIT(*) PLANE_ANGLE_UNIT() SI_UNIT($,.RADIAN.) );
#8448 = ( NAMED_UNIT(*) SI_UNIT($,.STERADIAN.) SOLID_ANGLE_UNIT() );
#8449 = UNCERTAINTY_MEASURE_WITH_UNIT(LENGTH_MEASURE(1.E-07),#8446,
  'distance_accuracy_value','confusion accuracy');
#8450 = CONTEXT_DEPENDENT_SHAPE_REPRESENTATION(#8451,#8453);
#8451 = ( REPRESENTATION_RELATIONSHIP('','',#8346,#10) 
REPRESENTATION_RELATIONSHIP_WITH_TRANSFORMATION(#8452) 
SHAPE_REPRESENTATION_RELATIONSHIP() );
#8452 = ITEM_DEFINED_TRANSFORMATION('','',#11,#23);
#8453 = PRODUCT_DEFINITION_SHAPE('Placement','Placement of an item',
  #8454);
#8454 = NEXT_ASSEMBLY_USAGE_OCCURRENCE('3','Pin1','',#5,#8341,$);
#8455 = PRODUCT_RELATED_PRODUCT_CATEGORY('part',$,(#8343));
#8456 = COLOUR_RGB('',0.1,0.1,0.1);
#8457 = FILL_AREA_STYLE_COLOUR('',#8456);
#8458 = FILL_AREA_STYLE('',(#8457));
#8459 = SURFACE_STYLE_FILL_AREA(#8458);
#8460 = SURFACE_SIDE_STYLE('',(#8459));
#8461 = SURFACE_STYLE_USAGE(.BOTH.,#8460);
#8462 = PRESENTATION_STYLE_ASSIGNMENT((#8461));
#8463 = STYLED_ITEM('color',(#8462),#41);
#8464 = MECHANICAL_DESIGN_GEOMETRIC_PRESENTATION_REPRESENTATION('',(#8463),#677);
#8465 = COLOUR_RGB('',0.82,0.82,0.85);
#8466 = FILL_AREA_STYLE_COLOUR('',#8465);
#8467 = FILL_AREA_STYLE('',(#8466));
#8468 = SURFACE_STYLE_FILL_AREA(#8467);
#8469 = SURFACE_SIDE_STYLE('',(#8468));
#8470 = SURFACE_STYLE_USAGE(.BOTH.,#8469);
#8471 = PRESENTATION_STYLE_ASSIGNMENT((#8470));
#8472 = STYLED_ITEM('color',(#8471),#696);
#8473 = MECHANICAL_DESIGN_GEOMETRIC_PRESENTATION_REPRESENTATION('',(#8472),#8328);
#8474 = COLOUR_RGB('',0.82,0.82,0.85);
#8475 = FILL_AREA_STYLE_COLOUR('',#8474);
#8476 = FILL_AREA_STYLE('',(#8475));
#8477 = SURFACE_STYLE_FILL_AREA(#8476);
#8478 = SURFACE_SIDE_STYLE('',(#8477));
#8479 = SURFACE_STYLE_USAGE(.BOTH.,#8478);
#8480 = PRESENTATION_STYLE_ASSIGNMENT((#8479));
#8481 = STYLED_ITEM('color',(#8480),#1650);
#8482 = MECHANICAL_DESIGN_GEOMETRIC_PRESENTATION_REPRESENTATION('',(#8481),#8328);
#8483 = COLOUR_RGB('',0.82,0.82,0.85);
#8484 = FILL_AREA_STYLE_COLOUR('',#8483);
#8485 = FILL_AREA_STYLE('',(#8484));
#8486 = SURFACE_STYLE_FILL_AREA(#8485);
#8487 = SURFACE_SIDE_STYLE('',(#8486));
#8488 = SURFACE_STYLE_USAGE(.BOTH.,#8487);
#8489 = PRESENTATION_STYLE_ASSIGNMENT((#8488));
#8490 = STYLED_ITEM('color',(#8489),#2604);
#8491 = MECHANICAL_DESIGN_GEOMETRIC_PRESENTATION_REPRESENTATION('',(#8490),#8328);
#8492 = COLOUR_RGB('',0.82,0.82,0.85);
#8493 = FILL_AREA_STYLE_COLOUR('',#8492);
#8494 = FILL_AREA_STYLE('',(#8493));
#8495 = SURFACE_STYLE_FILL_AREA(#8494);
#8496 = SURFACE_SIDE_STYLE('',(#8495));
#8497 = SURFACE_STYLE_USAGE(.BOTH.,#8496);
#8498 = PRESENTATION_STYLE_ASSIGNMENT((#8497));
#8499 = STYLED_ITEM('color',(#8498),#3558);
#8500 = MECHANICAL_DESIGN_GEOMETRIC_PRESENTATION_REPRESENTATION('',(#8499),#8328);
#8501 = COLOUR_RGB('',0.82,0.82,0.85);
#8502 = FILL_AREA_STYLE_COLOUR('',#8501);
#8503 = FILL_AREA_STYLE('',(#8502));
#8504 = SURFACE_STYLE_FILL_AREA(#8503);
#8505 = SURFACE_SIDE_STYLE('',(#8504));
#8506 = SURFACE_STYLE_USAGE(.BOTH.,#8505);
#8507 = PRESENTATION_STYLE_ASSIGNMENT((#8506));
#8508 = STYLED_ITEM('color',(#8507),#4512);
#8509 = MECHANICAL_DESIGN_GEOMETRIC_PRESENTATION_REPRESENTATION('',(#8508),#8328);
#8510 = COLOUR_RGB('',0.82,0.82,0.85);
#8511 = FILL_AREA_STYLE_COLOUR('',#8510);
#8512 = FILL_AREA_STYLE('',(#8511));
#8513 = SURFACE_STYLE_FILL_AREA(#8512);
#8514 = SURFACE_SIDE_STYLE('',(#8513));
#8515 = SURFACE_STYLE_USAGE(.BOTH.,#8514);
#8516 = PRESENTATION_STYLE_ASSIGNMENT((#8515));
#8517 = STYLED_ITEM('color',(#8516),#5466);
#8518 = MECHANICAL_DESIGN_GEOMETRIC_PRESENTATION_REPRESENTATION('',(#8517),#8328);
#8519 = COLOUR_RGB('',0.82,0.82,0.85);
#8520 = FILL_AREA_STYLE_COLOUR('',#8519);
#8521 = FILL_AREA_STYLE('',(#8520));
#8522 = SURFACE_STYLE_FILL_AREA(#8521);
#8523 = SURFACE_SIDE_STYLE('',(#8522));
#8524 = SURFACE_STYLE_USAGE(.BOTH.,#8523);
#8525 = PRESENTATION_STYLE_ASSIGNMENT((#8524));
#8526 = STYLED_ITEM('color',(#8525),#6420);
#8527 = MECHANICAL_DESIGN_GEOMETRIC_PRESENTATION_REPRESENTATION('',(#8526),#8328);
#8528 = COLOUR_RGB('',0.82,0.82,0.85);
#8529 = FILL_AREA_STYLE_COLOUR('',#8528);
#8530 = FILL_AREA_STYLE('',(#8529));
#8531 = SURFACE_STYLE_FILL_AREA(#8530);
#8532 = SURFACE_SIDE_STYLE('',(#8531));
#8533 = SURFACE_STYLE_USAGE(.BOTH.,#8532);
#8534 = PRESENTATION_STYLE_ASSIGNMENT((#8533));
#8535 = STYLED_ITEM('color',(#8534),#7374);
#8536 = MECHANICAL_DESIGN_GEOMETRIC_PRESENTATION_REPRESENTATION('',(#8535),#8328);
#8537 = COLOUR_RGB('',0.22,0.22,0.22);
#8538 = FILL_AREA_STYLE_COLOUR('',#8537);
#8539 = FILL_AREA_STYLE('',(#8538));
#8540 = SURFACE_STYLE_FILL_AREA(#8539);
#8541 = SURFACE_SIDE_STYLE('',(#8540));
#8542 = SURFACE_STYLE_USAGE(.BOTH.,#8541);
#8543 = PRESENTATION_STYLE_ASSIGNMENT((#8542));
#8544 = STYLED_ITEM('color',(#8543),#8347);
#8545 = MECHANICAL_DESIGN_GEOMETRIC_PRESENTATION_REPRESENTATION('',(#8544),#8445);
ENDSEC;
END-ISO-10303-21;
