ISO-10303-21;
HEADER;
FILE_DESCRIPTION(('FreeCAD Model'),'2;1');
FILE_NAME('Open CASCADE Shape Model','2026-09-24T20:32:39',(''),(''),
  'Open CASCADE STEP processor 7.8','FreeCAD','Unknown');
FILE_SCHEMA(('AUTOMOTIVE_DESIGN { 1 0 10303 214 1 1 1 1 }'));
ENDSEC;
DATA;
#1 = APPLICATION_PROTOCOL_DEFINITION('international standard',
  'automotive_design',2000,#2);
#2 = APPLICATION_CONTEXT(
  'core data for automotive mechanical design processes');
#3 = SHAPE_DEFINITION_REPRESENTATION(#4,#10);
#4 = PRODUCT_DEFINITION_SHAPE('','',#5);
#5 = PRODUCT_DEFINITION('design','',#6,#9);
#6 = PRODUCT_DEFINITION_FORMATION('','',#7);
#7 = PRODUCT('D','D','',(#8));
#8 = PRODUCT_CONTEXT('',#2,'mechanical');
#9 = PRODUCT_DEFINITION_CONTEXT('part definition',#2,'design');
#10 = SHAPE_REPRESENTATION('',(#11,#15,#19,#23,#27),#31);
#11 = AXIS2_PLACEMENT_3D('',#12,#13,#14);
#12 = CARTESIAN_POINT('',(0.,0.,0.));
#13 = DIRECTION('',(0.,0.,1.));
#14 = DIRECTION('',(1.,0.,-0.));
#15 = AXIS2_PLACEMENT_3D('',#16,#17,#18);
#16 = CARTESIAN_POINT('',(0.,0.,0.));
#17 = DIRECTION('',(0.,0.,1.));
#18 = DIRECTION('',(1.,0.,0.));
#19 = AXIS2_PLACEMENT_3D('',#20,#21,#22);
#20 = CARTESIAN_POINT('',(0.,0.,0.));
#21 = DIRECTION('',(0.,0.,1.));
#22 = DIRECTION('',(1.,0.,0.));
#23 = AXIS2_PLACEMENT_3D('',#24,#25,#26);
#24 = CARTESIAN_POINT('',(0.,0.,0.));
#25 = DIRECTION('',(0.,0.,1.));
#26 = DIRECTION('',(1.,0.,0.));
#27 = AXIS2_PLACEMENT_3D('',#28,#29,#30);
#28 = CARTESIAN_POINT('',(0.,0.,0.));
#29 = DIRECTION('',(0.,0.,1.));
#30 = DIRECTION('',(1.,0.,0.));
#31 = ( GEOMETRIC_REPRESENTATION_CONTEXT(3) 
GLOBAL_UNCERTAINTY_ASSIGNED_CONTEXT((#35)) GLOBAL_UNIT_ASSIGNED_CONTEXT(
(#32,#33,#34)) REPRESENTATION_CONTEXT('Context #1',
  '3D Context with UNIT and UNCERTAINTY') );
#32 = ( LENGTH_UNIT() NAMED_UNIT(*) SI_UNIT(.MILLI.,.METRE.) );
#33 = ( NAMED_UNIT(*) PLANE_ANGLE_UNIT() SI_UNIT($,.RADIAN.) );
#34 = ( NAMED_UNIT(*) SI_UNIT($,.STERADIAN.) SOLID_ANGLE_UNIT() );
#35 = UNCERTAINTY_MEASURE_WITH_UNIT(LENGTH_MEASURE(1.E-07),#32,
  'distance_accuracy_value','confusion accuracy');
#36 = PRODUCT_RELATED_PRODUCT_CATEGORY('part',$,(#7));
#37 = SHAPE_DEFINITION_REPRESENTATION(#38,#44);
#38 = PRODUCT_DEFINITION_SHAPE('','',#39);
#39 = PRODUCT_DEFINITION('design','',#40,#43);
#40 = PRODUCT_DEFINITION_FORMATION('','',#41);
#41 = PRODUCT('Body','Body','',(#42));
#42 = PRODUCT_CONTEXT('',#2,'mechanical');
#43 = PRODUCT_DEFINITION_CONTEXT('part definition',#2,'design');
#44 = ADVANCED_BREP_SHAPE_REPRESENTATION('',(#11,#45),#1191);
#45 = MANIFOLD_SOLID_BREP('',#46);
#46 = CLOSED_SHELL('',(#47,#268,#354,#430,#647,#696,#745,#772,#821,#875,
    #924,#951,#1045,#1052,#1101,#1150,#1177,#1184));
#47 = ADVANCED_FACE('',(#48),#62,.F.);
#48 = FACE_BOUND('',#49,.F.);
#49 = EDGE_LOOP('',(#50,#85,#113,#141,#167,#193,#219,#242));
#50 = ORIENTED_EDGE('',*,*,#51,.F.);
#51 = EDGE_CURVE('',#52,#54,#56,.T.);
#52 = VERTEX_POINT('',#53);
#53 = CARTESIAN_POINT('',(-0.6,-0.4,0.56));
#54 = VERTEX_POINT('',#55);
#55 = CARTESIAN_POINT('',(-0.6,0.4,0.56));
#56 = SURFACE_CURVE('',#57,(#61,#73),.PCURVE_S1.);
#57 = LINE('',#58,#59);
#58 = CARTESIAN_POINT('',(-0.6,-0.4,0.56));
#59 = VECTOR('',#60,1.);
#60 = DIRECTION('',(-0.,1.,0.));
#61 = PCURVE('',#62,#67);
#62 = PLANE('',#63);
#63 = AXIS2_PLACEMENT_3D('',#64,#65,#66);
#64 = CARTESIAN_POINT('',(-0.6,-0.4,2.E-02));
#65 = DIRECTION('',(1.,0.,-0.));
#66 = DIRECTION('',(0.,0.,1.));
#67 = DEFINITIONAL_REPRESENTATION('',(#68),#72);
#68 = LINE('',#69,#70);
#69 = CARTESIAN_POINT('',(0.54,0.));
#70 = VECTOR('',#71,1.);
#71 = DIRECTION('',(0.,-1.));
#72 = ( GEOMETRIC_REPRESENTATION_CONTEXT(2) 
PARAMETRIC_REPRESENTATION_CONTEXT() REPRESENTATION_CONTEXT('2D SPACE',''
  ) );
#73 = PCURVE('',#74,#79);
#74 = PLANE('',#75);
#75 = AXIS2_PLACEMENT_3D('',#76,#77,#78);
#76 = CARTESIAN_POINT('',(-0.57,-0.4,0.59));
#77 = DIRECTION('',(0.707106781187,3.183181674406E-19,-0.707106781187));
#78 = DIRECTION('',(-2.250849347721E-19,1.,2.250849347721E-19));
#79 = DEFINITIONAL_REPRESENTATION('',(#80),#84);
#80 = LINE('',#81,#82);
#81 = CARTESIAN_POINT('',(0.,-4.242640687119E-02));
#82 = VECTOR('',#83,1.);
#83 = DIRECTION('',(1.,0.));
#84 = ( GEOMETRIC_REPRESENTATION_CONTEXT(2) 
PARAMETRIC_REPRESENTATION_CONTEXT() REPRESENTATION_CONTEXT('2D SPACE',''
  ) );
#85 = ORIENTED_EDGE('',*,*,#86,.F.);
#86 = EDGE_CURVE('',#87,#52,#89,.T.);
#87 = VERTEX_POINT('',#88);
#88 = CARTESIAN_POINT('',(-0.6,-0.4,2.E-02));
#89 = SURFACE_CURVE('',#90,(#94,#101),.PCURVE_S1.);
#90 = LINE('',#91,#92);
#91 = CARTESIAN_POINT('',(-0.6,-0.4,2.E-02));
#92 = VECTOR('',#93,1.);
#93 = DIRECTION('',(0.,0.,1.));
#94 = PCURVE('',#62,#95);
#95 = DEFINITIONAL_REPRESENTATION('',(#96),#100);
#96 = LINE('',#97,#98);
#97 = CARTESIAN_POINT('',(0.,0.));
#98 = VECTOR('',#99,1.);
#99 = DIRECTION('',(1.,0.));
#100 = ( GEOMETRIC_REPRESENTATION_CONTEXT(2) 
PARAMETRIC_REPRESENTATION_CONTEXT() REPRESENTATION_CONTEXT('2D SPACE',''
  ) );
#101 = PCURVE('',#102,#107);
#102 = PLANE('',#103);
#103 = AXIS2_PLACEMENT_3D('',#104,#105,#106);
#104 = CARTESIAN_POINT('',(-0.6,-0.4,2.E-02));
#105 = DIRECTION('',(-0.,1.,0.));
#106 = DIRECTION('',(0.,0.,1.));
#107 = DEFINITIONAL_REPRESENTATION('',(#108),#112);
#108 = LINE('',#109,#110);
#109 = CARTESIAN_POINT('',(0.,0.));
#110 = VECTOR('',#111,1.);
#111 = DIRECTION('',(1.,0.));
#112 = ( GEOMETRIC_REPRESENTATION_CONTEXT(2) 
PARAMETRIC_REPRESENTATION_CONTEXT() REPRESENTATION_CONTEXT('2D SPACE',''
  ) );
#113 = ORIENTED_EDGE('',*,*,#114,.T.);
#114 = EDGE_CURVE('',#87,#115,#117,.T.);
#115 = VERTEX_POINT('',#116);
#116 = CARTESIAN_POINT('',(-0.6,-0.15,2.E-02));
#117 = SURFACE_CURVE('',#118,(#122,#129),.PCURVE_S1.);
#118 = LINE('',#119,#120);
#119 = CARTESIAN_POINT('',(-0.6,-0.4,2.E-02));
#120 = VECTOR('',#121,1.);
#121 = DIRECTION('',(-0.,1.,0.));
#122 = PCURVE('',#62,#123);
#123 = DEFINITIONAL_REPRESENTATION('',(#124),#128);
#124 = LINE('',#125,#126);
#125 = CARTESIAN_POINT('',(0.,0.));
#126 = VECTOR('',#127,1.);
#127 = DIRECTION('',(0.,-1.));
#128 = ( GEOMETRIC_REPRESENTATION_CONTEXT(2) 
PARAMETRIC_REPRESENTATION_CONTEXT() REPRESENTATION_CONTEXT('2D SPACE',''
  ) );
#129 = PCURVE('',#130,#135);
#130 = PLANE('',#131);
#131 = AXIS2_PLACEMENT_3D('',#132,#133,#134);
#132 = CARTESIAN_POINT('',(-0.6,-0.4,2.E-02));
#133 = DIRECTION('',(0.,0.,1.));
#134 = DIRECTION('',(1.,0.,-0.));
#135 = DEFINITIONAL_REPRESENTATION('',(#136),#140);
#136 = LINE('',#137,#138);
#137 = CARTESIAN_POINT('',(0.,0.));
#138 = VECTOR('',#139,1.);
#139 = DIRECTION('',(0.,1.));
#140 = ( GEOMETRIC_REPRESENTATION_CONTEXT(2) 
PARAMETRIC_REPRESENTATION_CONTEXT() REPRESENTATION_CONTEXT('2D SPACE',''
  ) );
#141 = ORIENTED_EDGE('',*,*,#142,.T.);
#142 = EDGE_CURVE('',#115,#143,#145,.T.);
#143 = VERTEX_POINT('',#144);
#144 = CARTESIAN_POINT('',(-0.6,-0.15,0.14));
#145 = SURFACE_CURVE('',#146,(#150,#156),.PCURVE_S1.);
#146 = LINE('',#147,#148);
#147 = CARTESIAN_POINT('',(-0.6,-0.15,1.E-02));
#148 = VECTOR('',#149,1.);
#149 = DIRECTION('',(0.,0.,1.));
#150 = PCURVE('',#62,#151);
#151 = DEFINITIONAL_REPRESENTATION('',(#152),#155);
#152 = B_SPLINE_CURVE_WITH_KNOTS('',1,(#153,#154),.UNSPECIFIED.,.F.,.F.,
  (2,2),(1.E-02,0.13),.PIECEWISE_BEZIER_KNOTS.);
#153 = CARTESIAN_POINT('',(0.,-0.25));
#154 = CARTESIAN_POINT('',(0.12,-0.25));
#155 = ( GEOMETRIC_REPRESENTATION_CONTEXT(2) 
PARAMETRIC_REPRESENTATION_CONTEXT() REPRESENTATION_CONTEXT('2D SPACE',''
  ) );
#156 = PCURVE('',#157,#162);
#157 = PLANE('',#158);
#158 = AXIS2_PLACEMENT_3D('',#159,#160,#161);
#159 = CARTESIAN_POINT('',(-0.81,-0.15,0.));
#160 = DIRECTION('',(-0.,1.,0.));
#161 = DIRECTION('',(0.,0.,1.));
#162 = DEFINITIONAL_REPRESENTATION('',(#163),#166);
#163 = B_SPLINE_CURVE_WITH_KNOTS('',1,(#164,#165),.UNSPECIFIED.,.F.,.F.,
  (2,2),(1.E-02,0.13),.PIECEWISE_BEZIER_KNOTS.);
#164 = CARTESIAN_POINT('',(2.E-02,0.21));
#165 = CARTESIAN_POINT('',(0.14,0.21));
#166 = ( GEOMETRIC_REPRESENTATION_CONTEXT(2) 
PARAMETRIC_REPRESENTATION_CONTEXT() REPRESENTATION_CONTEXT('2D SPACE',''
  ) );
#167 = ORIENTED_EDGE('',*,*,#168,.F.);
#168 = EDGE_CURVE('',#169,#143,#171,.T.);
#169 = VERTEX_POINT('',#170);
#170 = CARTESIAN_POINT('',(-0.6,0.15,0.14));
#171 = SURFACE_CURVE('',#172,(#176,#182),.PCURVE_S1.);
#172 = LINE('',#173,#174);
#173 = CARTESIAN_POINT('',(-0.6,-0.275,0.14));
#174 = VECTOR('',#175,1.);
#175 = DIRECTION('',(0.,-1.,0.));
#176 = PCURVE('',#62,#177);
#177 = DEFINITIONAL_REPRESENTATION('',(#178),#181);
#178 = B_SPLINE_CURVE_WITH_KNOTS('',1,(#179,#180),.UNSPECIFIED.,.F.,.F.,
  (2,2),(-0.425,-0.125),.PIECEWISE_BEZIER_KNOTS.);
#179 = CARTESIAN_POINT('',(0.12,-0.55));
#180 = CARTESIAN_POINT('',(0.12,-0.25));
#181 = ( GEOMETRIC_REPRESENTATION_CONTEXT(2) 
PARAMETRIC_REPRESENTATION_CONTEXT() REPRESENTATION_CONTEXT('2D SPACE',''
  ) );
#182 = PCURVE('',#183,#188);
#183 = PLANE('',#184);
#184 = AXIS2_PLACEMENT_3D('',#185,#186,#187);
#185 = CARTESIAN_POINT('',(-0.81,-0.15,0.14));
#186 = DIRECTION('',(0.,0.,1.));
#187 = DIRECTION('',(1.,0.,-0.));
#188 = DEFINITIONAL_REPRESENTATION('',(#189),#192);
#189 = B_SPLINE_CURVE_WITH_KNOTS('',1,(#190,#191),.UNSPECIFIED.,.F.,.F.,
  (2,2),(-0.425,-0.125),.PIECEWISE_BEZIER_KNOTS.);
#190 = CARTESIAN_POINT('',(0.21,0.3));
#191 = CARTESIAN_POINT('',(0.21,0.));
#192 = ( GEOMETRIC_REPRESENTATION_CONTEXT(2) 
PARAMETRIC_REPRESENTATION_CONTEXT() REPRESENTATION_CONTEXT('2D SPACE',''
  ) );
#193 = ORIENTED_EDGE('',*,*,#194,.F.);
#194 = EDGE_CURVE('',#195,#169,#197,.T.);
#195 = VERTEX_POINT('',#196);
#196 = CARTESIAN_POINT('',(-0.6,0.15,2.E-02));
#197 = SURFACE_CURVE('',#198,(#202,#208),.PCURVE_S1.);
#198 = LINE('',#199,#200);
#199 = CARTESIAN_POINT('',(-0.6,0.15,1.E-02));
#200 = VECTOR('',#201,1.);
#201 = DIRECTION('',(0.,0.,1.));
#202 = PCURVE('',#62,#203);
#203 = DEFINITIONAL_REPRESENTATION('',(#204),#207);
#204 = B_SPLINE_CURVE_WITH_KNOTS('',1,(#205,#206),.UNSPECIFIED.,.F.,.F.,
  (2,2),(1.E-02,0.13),.PIECEWISE_BEZIER_KNOTS.);
#205 = CARTESIAN_POINT('',(0.,-0.55));
#206 = CARTESIAN_POINT('',(0.12,-0.55));
#207 = ( GEOMETRIC_REPRESENTATION_CONTEXT(2) 
PARAMETRIC_REPRESENTATION_CONTEXT() REPRESENTATION_CONTEXT('2D SPACE',''
  ) );
#208 = PCURVE('',#209,#214);
#209 = PLANE('',#210);
#210 = AXIS2_PLACEMENT_3D('',#211,#212,#213);
#211 = CARTESIAN_POINT('',(-0.81,0.15,0.));
#212 = DIRECTION('',(-0.,1.,0.));
#213 = DIRECTION('',(0.,0.,1.));
#214 = DEFINITIONAL_REPRESENTATION('',(#215),#218);
#215 = B_SPLINE_CURVE_WITH_KNOTS('',1,(#216,#217),.UNSPECIFIED.,.F.,.F.,
  (2,2),(1.E-02,0.13),.PIECEWISE_BEZIER_KNOTS.);
#216 = CARTESIAN_POINT('',(2.E-02,0.21));
#217 = CARTESIAN_POINT('',(0.14,0.21));
#218 = ( GEOMETRIC_REPRESENTATION_CONTEXT(2) 
PARAMETRIC_REPRESENTATION_CONTEXT() REPRESENTATION_CONTEXT('2D SPACE',''
  ) );
#219 = ORIENTED_EDGE('',*,*,#220,.T.);
#220 = EDGE_CURVE('',#195,#221,#223,.T.);
#221 = VERTEX_POINT('',#222);
#222 = CARTESIAN_POINT('',(-0.6,0.4,2.E-02));
#223 = SURFACE_CURVE('',#224,(#228,#235),.PCURVE_S1.);
#224 = LINE('',#225,#226);
#225 = CARTESIAN_POINT('',(-0.6,-0.4,2.E-02));
#226 = VECTOR('',#227,1.);
#227 = DIRECTION('',(-0.,1.,0.));
#228 = PCURVE('',#62,#229);
#229 = DEFINITIONAL_REPRESENTATION('',(#230),#234);
#230 = LINE('',#231,#232);
#231 = CARTESIAN_POINT('',(0.,0.));
#232 = VECTOR('',#233,1.);
#233 = DIRECTION('',(0.,-1.));
#234 = ( GEOMETRIC_REPRESENTATION_CONTEXT(2) 
PARAMETRIC_REPRESENTATION_CONTEXT() REPRESENTATION_CONTEXT('2D SPACE',''
  ) );
#235 = PCURVE('',#130,#236);
#236 = DEFINITIONAL_REPRESENTATION('',(#237),#241);
#237 = LINE('',#238,#239);
#238 = CARTESIAN_POINT('',(0.,0.));
#239 = VECTOR('',#240,1.);
#240 = DIRECTION('',(0.,1.));
#241 = ( GEOMETRIC_REPRESENTATION_CONTEXT(2) 
PARAMETRIC_REPRESENTATION_CONTEXT() REPRESENTATION_CONTEXT('2D SPACE',''
  ) );
#242 = ORIENTED_EDGE('',*,*,#243,.T.);
#243 = EDGE_CURVE('',#221,#54,#244,.T.);
#244 = SURFACE_CURVE('',#245,(#249,#256),.PCURVE_S1.);
#245 = LINE('',#246,#247);
#246 = CARTESIAN_POINT('',(-0.6,0.4,2.E-02));
#247 = VECTOR('',#248,1.);
#248 = DIRECTION('',(0.,0.,1.));
#249 = PCURVE('',#62,#250);
#250 = DEFINITIONAL_REPRESENTATION('',(#251),#255);
#251 = LINE('',#252,#253);
#252 = CARTESIAN_POINT('',(0.,-0.8));
#253 = VECTOR('',#254,1.);
#254 = DIRECTION('',(1.,0.));
#255 = ( GEOMETRIC_REPRESENTATION_CONTEXT(2) 
PARAMETRIC_REPRESENTATION_CONTEXT() REPRESENTATION_CONTEXT('2D SPACE',''
  ) );
#256 = PCURVE('',#257,#262);
#257 = PLANE('',#258);
#258 = AXIS2_PLACEMENT_3D('',#259,#260,#261);
#259 = CARTESIAN_POINT('',(-0.6,0.4,2.E-02));
#260 = DIRECTION('',(-0.,1.,0.));
#261 = DIRECTION('',(0.,0.,1.));
#262 = DEFINITIONAL_REPRESENTATION('',(#263),#267);
#263 = LINE('',#264,#265);
#264 = CARTESIAN_POINT('',(0.,0.));
#265 = VECTOR('',#266,1.);
#266 = DIRECTION('',(1.,0.));
#267 = ( GEOMETRIC_REPRESENTATION_CONTEXT(2) 
PARAMETRIC_REPRESENTATION_CONTEXT() REPRESENTATION_CONTEXT('2D SPACE',''
  ) );
#268 = ADVANCED_FACE('',(#269),#74,.F.);
#269 = FACE_BOUND('',#270,.F.);
#270 = EDGE_LOOP('',(#271,#299,#300,#328));
#271 = ORIENTED_EDGE('',*,*,#272,.F.);
#272 = EDGE_CURVE('',#52,#273,#275,.T.);
#273 = VERTEX_POINT('',#274);
#274 = CARTESIAN_POINT('',(-0.54,-0.34,0.62));
#275 = SURFACE_CURVE('',#276,(#280,#287),.PCURVE_S1.);
#276 = LINE('',#277,#278);
#277 = CARTESIAN_POINT('',(-0.58,-0.38,0.58));
#278 = VECTOR('',#279,1.);
#279 = DIRECTION('',(0.57735026919,0.57735026919,0.57735026919));
#280 = PCURVE('',#74,#281);
#281 = DEFINITIONAL_REPRESENTATION('',(#282),#286);
#282 = LINE('',#283,#284);
#283 = CARTESIAN_POINT('',(2.E-02,-1.414213562373E-02));
#284 = VECTOR('',#285,1.);
#285 = DIRECTION('',(0.57735026919,0.816496580928));
#286 = ( GEOMETRIC_REPRESENTATION_CONTEXT(2) 
PARAMETRIC_REPRESENTATION_CONTEXT() REPRESENTATION_CONTEXT('2D SPACE',''
  ) );
#287 = PCURVE('',#288,#293);
#288 = PLANE('',#289);
#289 = AXIS2_PLACEMENT_3D('',#290,#291,#292);
#290 = CARTESIAN_POINT('',(-0.6,-0.37,0.59));
#291 = DIRECTION('',(5.81933686868E-19,0.707106781187,-0.707106781187));
#292 = DIRECTION('',(-1.,4.114892561852E-19,-4.114892561852E-19));
#293 = DEFINITIONAL_REPRESENTATION('',(#294),#298);
#294 = LINE('',#295,#296);
#295 = CARTESIAN_POINT('',(-2.E-02,-1.414213562373E-02));
#296 = VECTOR('',#297,1.);
#297 = DIRECTION('',(-0.57735026919,0.816496580928));
#298 = ( GEOMETRIC_REPRESENTATION_CONTEXT(2) 
PARAMETRIC_REPRESENTATION_CONTEXT() REPRESENTATION_CONTEXT('2D SPACE',''
  ) );
#299 = ORIENTED_EDGE('',*,*,#51,.T.);
#300 = ORIENTED_EDGE('',*,*,#301,.T.);
#301 = EDGE_CURVE('',#54,#302,#304,.T.);
#302 = VERTEX_POINT('',#303);
#303 = CARTESIAN_POINT('',(-0.54,0.34,0.62));
#304 = SURFACE_CURVE('',#305,(#309,#316),.PCURVE_S1.);
#305 = LINE('',#306,#307);
#306 = CARTESIAN_POINT('',(-0.446666666667,0.246666666667,0.713333333333
    ));
#307 = VECTOR('',#308,1.);
#308 = DIRECTION('',(0.57735026919,-0.57735026919,0.57735026919));
#309 = PCURVE('',#74,#310);
#310 = DEFINITIONAL_REPRESENTATION('',(#311),#315);
#311 = LINE('',#312,#313);
#312 = CARTESIAN_POINT('',(0.646666666667,0.174419672693));
#313 = VECTOR('',#314,1.);
#314 = DIRECTION('',(-0.57735026919,0.816496580928));
#315 = ( GEOMETRIC_REPRESENTATION_CONTEXT(2) 
PARAMETRIC_REPRESENTATION_CONTEXT() REPRESENTATION_CONTEXT('2D SPACE',''
  ) );
#316 = PCURVE('',#317,#322);
#317 = PLANE('',#318);
#318 = AXIS2_PLACEMENT_3D('',#319,#320,#321);
#319 = CARTESIAN_POINT('',(-0.6,0.37,0.59));
#320 = DIRECTION('',(-5.81933686868E-19,0.707106781187,0.707106781187));
#321 = DIRECTION('',(-1.,-4.114892561852E-19,-4.114892561852E-19));
#322 = DEFINITIONAL_REPRESENTATION('',(#323),#327);
#323 = LINE('',#324,#325);
#324 = CARTESIAN_POINT('',(-0.153333333333,0.174419672693));
#325 = VECTOR('',#326,1.);
#326 = DIRECTION('',(-0.57735026919,0.816496580928));
#327 = ( GEOMETRIC_REPRESENTATION_CONTEXT(2) 
PARAMETRIC_REPRESENTATION_CONTEXT() REPRESENTATION_CONTEXT('2D SPACE',''
  ) );
#328 = ORIENTED_EDGE('',*,*,#329,.F.);
#329 = EDGE_CURVE('',#273,#302,#330,.T.);
#330 = SURFACE_CURVE('',#331,(#335,#342),.PCURVE_S1.);
#331 = LINE('',#332,#333);
#332 = CARTESIAN_POINT('',(-0.54,-0.4,0.62));
#333 = VECTOR('',#334,1.);
#334 = DIRECTION('',(-0.,1.,0.));
#335 = PCURVE('',#74,#336);
#336 = DEFINITIONAL_REPRESENTATION('',(#337),#341);
#337 = LINE('',#338,#339);
#338 = CARTESIAN_POINT('',(0.,4.242640687119E-02));
#339 = VECTOR('',#340,1.);
#340 = DIRECTION('',(1.,0.));
#341 = ( GEOMETRIC_REPRESENTATION_CONTEXT(2) 
PARAMETRIC_REPRESENTATION_CONTEXT() REPRESENTATION_CONTEXT('2D SPACE',''
  ) );
#342 = PCURVE('',#343,#348);
#343 = PLANE('',#344);
#344 = AXIS2_PLACEMENT_3D('',#345,#346,#347);
#345 = CARTESIAN_POINT('',(-0.6,-0.4,0.62));
#346 = DIRECTION('',(0.,0.,1.));
#347 = DIRECTION('',(1.,0.,-0.));
#348 = DEFINITIONAL_REPRESENTATION('',(#349),#353);
#349 = LINE('',#350,#351);
#350 = CARTESIAN_POINT('',(6.E-02,0.));
#351 = VECTOR('',#352,1.);
#352 = DIRECTION('',(0.,1.));
#353 = ( GEOMETRIC_REPRESENTATION_CONTEXT(2) 
PARAMETRIC_REPRESENTATION_CONTEXT() REPRESENTATION_CONTEXT('2D SPACE',''
  ) );
#354 = ADVANCED_FACE('',(#355),#257,.T.);
#355 = FACE_BOUND('',#356,.T.);
#356 = EDGE_LOOP('',(#357,#387,#408,#409));
#357 = ORIENTED_EDGE('',*,*,#358,.F.);
#358 = EDGE_CURVE('',#359,#361,#363,.T.);
#359 = VERTEX_POINT('',#360);
#360 = CARTESIAN_POINT('',(0.6,0.4,2.E-02));
#361 = VERTEX_POINT('',#362);
#362 = CARTESIAN_POINT('',(0.6,0.4,0.56));
#363 = SURFACE_CURVE('',#364,(#368,#375),.PCURVE_S1.);
#364 = LINE('',#365,#366);
#365 = CARTESIAN_POINT('',(0.6,0.4,2.E-02));
#366 = VECTOR('',#367,1.);
#367 = DIRECTION('',(0.,0.,1.));
#368 = PCURVE('',#257,#369);
#369 = DEFINITIONAL_REPRESENTATION('',(#370),#374);
#370 = LINE('',#371,#372);
#371 = CARTESIAN_POINT('',(0.,1.2));
#372 = VECTOR('',#373,1.);
#373 = DIRECTION('',(1.,0.));
#374 = ( GEOMETRIC_REPRESENTATION_CONTEXT(2) 
PARAMETRIC_REPRESENTATION_CONTEXT() REPRESENTATION_CONTEXT('2D SPACE',''
  ) );
#375 = PCURVE('',#376,#381);
#376 = PLANE('',#377);
#377 = AXIS2_PLACEMENT_3D('',#378,#379,#380);
#378 = CARTESIAN_POINT('',(0.6,-0.4,2.E-02));
#379 = DIRECTION('',(1.,0.,-0.));
#380 = DIRECTION('',(0.,0.,1.));
#381 = DEFINITIONAL_REPRESENTATION('',(#382),#386);
#382 = LINE('',#383,#384);
#383 = CARTESIAN_POINT('',(0.,-0.8));
#384 = VECTOR('',#385,1.);
#385 = DIRECTION('',(1.,0.));
#386 = ( GEOMETRIC_REPRESENTATION_CONTEXT(2) 
PARAMETRIC_REPRESENTATION_CONTEXT() REPRESENTATION_CONTEXT('2D SPACE',''
  ) );
#387 = ORIENTED_EDGE('',*,*,#388,.F.);
#388 = EDGE_CURVE('',#221,#359,#389,.T.);
#389 = SURFACE_CURVE('',#390,(#394,#401),.PCURVE_S1.);
#390 = LINE('',#391,#392);
#391 = CARTESIAN_POINT('',(-0.6,0.4,2.E-02));
#392 = VECTOR('',#393,1.);
#393 = DIRECTION('',(1.,0.,-0.));
#394 = PCURVE('',#257,#395);
#395 = DEFINITIONAL_REPRESENTATION('',(#396),#400);
#396 = LINE('',#397,#398);
#397 = CARTESIAN_POINT('',(0.,0.));
#398 = VECTOR('',#399,1.);
#399 = DIRECTION('',(0.,1.));
#400 = ( GEOMETRIC_REPRESENTATION_CONTEXT(2) 
PARAMETRIC_REPRESENTATION_CONTEXT() REPRESENTATION_CONTEXT('2D SPACE',''
  ) );
#401 = PCURVE('',#130,#402);
#402 = DEFINITIONAL_REPRESENTATION('',(#403),#407);
#403 = LINE('',#404,#405);
#404 = CARTESIAN_POINT('',(0.,0.8));
#405 = VECTOR('',#406,1.);
#406 = DIRECTION('',(1.,0.));
#407 = ( GEOMETRIC_REPRESENTATION_CONTEXT(2) 
PARAMETRIC_REPRESENTATION_CONTEXT() REPRESENTATION_CONTEXT('2D SPACE',''
  ) );
#408 = ORIENTED_EDGE('',*,*,#243,.T.);
#409 = ORIENTED_EDGE('',*,*,#410,.T.);
#410 = EDGE_CURVE('',#54,#361,#411,.T.);
#411 = SURFACE_CURVE('',#412,(#416,#423),.PCURVE_S1.);
#412 = LINE('',#413,#414);
#413 = CARTESIAN_POINT('',(-0.6,0.4,0.56));
#414 = VECTOR('',#415,1.);
#415 = DIRECTION('',(1.,0.,-0.));
#416 = PCURVE('',#257,#417);
#417 = DEFINITIONAL_REPRESENTATION('',(#418),#422);
#418 = LINE('',#419,#420);
#419 = CARTESIAN_POINT('',(0.54,0.));
#420 = VECTOR('',#421,1.);
#421 = DIRECTION('',(0.,1.));
#422 = ( GEOMETRIC_REPRESENTATION_CONTEXT(2) 
PARAMETRIC_REPRESENTATION_CONTEXT() REPRESENTATION_CONTEXT('2D SPACE',''
  ) );
#423 = PCURVE('',#317,#424);
#424 = DEFINITIONAL_REPRESENTATION('',(#425),#429);
#425 = LINE('',#426,#427);
#426 = CARTESIAN_POINT('',(-0.,-4.242640687119E-02));
#427 = VECTOR('',#428,1.);
#428 = DIRECTION('',(-1.,0.));
#429 = ( GEOMETRIC_REPRESENTATION_CONTEXT(2) 
PARAMETRIC_REPRESENTATION_CONTEXT() REPRESENTATION_CONTEXT('2D SPACE',''
  ) );
#430 = ADVANCED_FACE('',(#431),#130,.F.);
#431 = FACE_BOUND('',#432,.F.);
#432 = EDGE_LOOP('',(#433,#434,#457,#480,#506,#532,#558,#579,#580,#581,
    #602,#628));
#433 = ORIENTED_EDGE('',*,*,#114,.F.);
#434 = ORIENTED_EDGE('',*,*,#435,.T.);
#435 = EDGE_CURVE('',#87,#436,#438,.T.);
#436 = VERTEX_POINT('',#437);
#437 = CARTESIAN_POINT('',(0.6,-0.4,2.E-02));
#438 = SURFACE_CURVE('',#439,(#443,#450),.PCURVE_S1.);
#439 = LINE('',#440,#441);
#440 = CARTESIAN_POINT('',(-0.6,-0.4,2.E-02));
#441 = VECTOR('',#442,1.);
#442 = DIRECTION('',(1.,0.,-0.));
#443 = PCURVE('',#130,#444);
#444 = DEFINITIONAL_REPRESENTATION('',(#445),#449);
#445 = LINE('',#446,#447);
#446 = CARTESIAN_POINT('',(0.,0.));
#447 = VECTOR('',#448,1.);
#448 = DIRECTION('',(1.,0.));
#449 = ( GEOMETRIC_REPRESENTATION_CONTEXT(2) 
PARAMETRIC_REPRESENTATION_CONTEXT() REPRESENTATION_CONTEXT('2D SPACE',''
  ) );
#450 = PCURVE('',#102,#451);
#451 = DEFINITIONAL_REPRESENTATION('',(#452),#456);
#452 = LINE('',#453,#454);
#453 = CARTESIAN_POINT('',(0.,0.));
#454 = VECTOR('',#455,1.);
#455 = DIRECTION('',(0.,1.));
#456 = ( GEOMETRIC_REPRESENTATION_CONTEXT(2) 
PARAMETRIC_REPRESENTATION_CONTEXT() REPRESENTATION_CONTEXT('2D SPACE',''
  ) );
#457 = ORIENTED_EDGE('',*,*,#458,.T.);
#458 = EDGE_CURVE('',#436,#459,#461,.T.);
#459 = VERTEX_POINT('',#460);
#460 = CARTESIAN_POINT('',(0.6,-0.15,2.E-02));
#461 = SURFACE_CURVE('',#462,(#466,#473),.PCURVE_S1.);
#462 = LINE('',#463,#464);
#463 = CARTESIAN_POINT('',(0.6,-0.4,2.E-02));
#464 = VECTOR('',#465,1.);
#465 = DIRECTION('',(-0.,1.,0.));
#466 = PCURVE('',#130,#467);
#467 = DEFINITIONAL_REPRESENTATION('',(#468),#472);
#468 = LINE('',#469,#470);
#469 = CARTESIAN_POINT('',(1.2,0.));
#470 = VECTOR('',#471,1.);
#471 = DIRECTION('',(0.,1.));
#472 = ( GEOMETRIC_REPRESENTATION_CONTEXT(2) 
PARAMETRIC_REPRESENTATION_CONTEXT() REPRESENTATION_CONTEXT('2D SPACE',''
  ) );
#473 = PCURVE('',#376,#474);
#474 = DEFINITIONAL_REPRESENTATION('',(#475),#479);
#475 = LINE('',#476,#477);
#476 = CARTESIAN_POINT('',(0.,0.));
#477 = VECTOR('',#478,1.);
#478 = DIRECTION('',(0.,-1.));
#479 = ( GEOMETRIC_REPRESENTATION_CONTEXT(2) 
PARAMETRIC_REPRESENTATION_CONTEXT() REPRESENTATION_CONTEXT('2D SPACE',''
  ) );
#480 = ORIENTED_EDGE('',*,*,#481,.T.);
#481 = EDGE_CURVE('',#459,#482,#484,.T.);
#482 = VERTEX_POINT('',#483);
#483 = CARTESIAN_POINT('',(0.35,-0.15,2.E-02));
#484 = SURFACE_CURVE('',#485,(#489,#495),.PCURVE_S1.);
#485 = LINE('',#486,#487);
#486 = CARTESIAN_POINT('',(-0.125,-0.15,2.E-02));
#487 = VECTOR('',#488,1.);
#488 = DIRECTION('',(-1.,-0.,0.));
#489 = PCURVE('',#130,#490);
#490 = DEFINITIONAL_REPRESENTATION('',(#491),#494);
#491 = B_SPLINE_CURVE_WITH_KNOTS('',1,(#492,#493),.UNSPECIFIED.,.F.,.F.,
  (2,2),(-0.725,-0.475),.PIECEWISE_BEZIER_KNOTS.);
#492 = CARTESIAN_POINT('',(1.2,0.25));
#493 = CARTESIAN_POINT('',(0.95,0.25));
#494 = ( GEOMETRIC_REPRESENTATION_CONTEXT(2) 
PARAMETRIC_REPRESENTATION_CONTEXT() REPRESENTATION_CONTEXT('2D SPACE',''
  ) );
#495 = PCURVE('',#496,#501);
#496 = PLANE('',#497);
#497 = AXIS2_PLACEMENT_3D('',#498,#499,#500);
#498 = CARTESIAN_POINT('',(0.35,-0.15,0.));
#499 = DIRECTION('',(-0.,1.,0.));
#500 = DIRECTION('',(0.,0.,1.));
#501 = DEFINITIONAL_REPRESENTATION('',(#502),#505);
#502 = B_SPLINE_CURVE_WITH_KNOTS('',1,(#503,#504),.UNSPECIFIED.,.F.,.F.,
  (2,2),(-0.725,-0.475),.PIECEWISE_BEZIER_KNOTS.);
#503 = CARTESIAN_POINT('',(2.E-02,0.25));
#504 = CARTESIAN_POINT('',(2.E-02,0.));
#505 = ( GEOMETRIC_REPRESENTATION_CONTEXT(2) 
PARAMETRIC_REPRESENTATION_CONTEXT() REPRESENTATION_CONTEXT('2D SPACE',''
  ) );
#506 = ORIENTED_EDGE('',*,*,#507,.T.);
#507 = EDGE_CURVE('',#482,#508,#510,.T.);
#508 = VERTEX_POINT('',#509);
#509 = CARTESIAN_POINT('',(0.35,0.15,2.E-02));
#510 = SURFACE_CURVE('',#511,(#515,#521),.PCURVE_S1.);
#511 = LINE('',#512,#513);
#512 = CARTESIAN_POINT('',(0.35,-0.275,2.E-02));
#513 = VECTOR('',#514,1.);
#514 = DIRECTION('',(-0.,1.,0.));
#515 = PCURVE('',#130,#516);
#516 = DEFINITIONAL_REPRESENTATION('',(#517),#520);
#517 = B_SPLINE_CURVE_WITH_KNOTS('',1,(#518,#519),.UNSPECIFIED.,.F.,.F.,
  (2,2),(0.125,0.425),.PIECEWISE_BEZIER_KNOTS.);
#518 = CARTESIAN_POINT('',(0.95,0.25));
#519 = CARTESIAN_POINT('',(0.95,0.55));
#520 = ( GEOMETRIC_REPRESENTATION_CONTEXT(2) 
PARAMETRIC_REPRESENTATION_CONTEXT() REPRESENTATION_CONTEXT('2D SPACE',''
  ) );
#521 = PCURVE('',#522,#527);
#522 = PLANE('',#523);
#523 = AXIS2_PLACEMENT_3D('',#524,#525,#526);
#524 = CARTESIAN_POINT('',(0.35,-0.15,0.));
#525 = DIRECTION('',(1.,0.,-0.));
#526 = DIRECTION('',(0.,0.,1.));
#527 = DEFINITIONAL_REPRESENTATION('',(#528),#531);
#528 = B_SPLINE_CURVE_WITH_KNOTS('',1,(#529,#530),.UNSPECIFIED.,.F.,.F.,
  (2,2),(0.125,0.425),.PIECEWISE_BEZIER_KNOTS.);
#529 = CARTESIAN_POINT('',(2.E-02,0.));
#530 = CARTESIAN_POINT('',(2.E-02,-0.3));
#531 = ( GEOMETRIC_REPRESENTATION_CONTEXT(2) 
PARAMETRIC_REPRESENTATION_CONTEXT() REPRESENTATION_CONTEXT('2D SPACE',''
  ) );
#532 = ORIENTED_EDGE('',*,*,#533,.F.);
#533 = EDGE_CURVE('',#534,#508,#536,.T.);
#534 = VERTEX_POINT('',#535);
#535 = CARTESIAN_POINT('',(0.6,0.15,2.E-02));
#536 = SURFACE_CURVE('',#537,(#541,#547),.PCURVE_S1.);
#537 = LINE('',#538,#539);
#538 = CARTESIAN_POINT('',(-0.125,0.15,2.E-02));
#539 = VECTOR('',#540,1.);
#540 = DIRECTION('',(-1.,-0.,0.));
#541 = PCURVE('',#130,#542);
#542 = DEFINITIONAL_REPRESENTATION('',(#543),#546);
#543 = B_SPLINE_CURVE_WITH_KNOTS('',1,(#544,#545),.UNSPECIFIED.,.F.,.F.,
  (2,2),(-0.725,-0.475),.PIECEWISE_BEZIER_KNOTS.);
#544 = CARTESIAN_POINT('',(1.2,0.55));
#545 = CARTESIAN_POINT('',(0.95,0.55));
#546 = ( GEOMETRIC_REPRESENTATION_CONTEXT(2) 
PARAMETRIC_REPRESENTATION_CONTEXT() REPRESENTATION_CONTEXT('2D SPACE',''
  ) );
#547 = PCURVE('',#548,#553);
#548 = PLANE('',#549);
#549 = AXIS2_PLACEMENT_3D('',#550,#551,#552);
#550 = CARTESIAN_POINT('',(0.35,0.15,0.));
#551 = DIRECTION('',(-0.,1.,0.));
#552 = DIRECTION('',(0.,0.,1.));
#553 = DEFINITIONAL_REPRESENTATION('',(#554),#557);
#554 = B_SPLINE_CURVE_WITH_KNOTS('',1,(#555,#556),.UNSPECIFIED.,.F.,.F.,
  (2,2),(-0.725,-0.475),.PIECEWISE_BEZIER_KNOTS.);
#555 = CARTESIAN_POINT('',(2.E-02,0.25));
#556 = CARTESIAN_POINT('',(2.E-02,0.));
#557 = ( GEOMETRIC_REPRESENTATION_CONTEXT(2) 
PARAMETRIC_REPRESENTATION_CONTEXT() REPRESENTATION_CONTEXT('2D SPACE',''
  ) );
#558 = ORIENTED_EDGE('',*,*,#559,.T.);
#559 = EDGE_CURVE('',#534,#359,#560,.T.);
#560 = SURFACE_CURVE('',#561,(#565,#572),.PCURVE_S1.);
#561 = LINE('',#562,#563);
#562 = CARTESIAN_POINT('',(0.6,-0.4,2.E-02));
#563 = VECTOR('',#564,1.);
#564 = DIRECTION('',(-0.,1.,0.));
#565 = PCURVE('',#130,#566);
#566 = DEFINITIONAL_REPRESENTATION('',(#567),#571);
#567 = LINE('',#568,#569);
#568 = CARTESIAN_POINT('',(1.2,0.));
#569 = VECTOR('',#570,1.);
#570 = DIRECTION('',(0.,1.));
#571 = ( GEOMETRIC_REPRESENTATION_CONTEXT(2) 
PARAMETRIC_REPRESENTATION_CONTEXT() REPRESENTATION_CONTEXT('2D SPACE',''
  ) );
#572 = PCURVE('',#376,#573);
#573 = DEFINITIONAL_REPRESENTATION('',(#574),#578);
#574 = LINE('',#575,#576);
#575 = CARTESIAN_POINT('',(0.,0.));
#576 = VECTOR('',#577,1.);
#577 = DIRECTION('',(0.,-1.));
#578 = ( GEOMETRIC_REPRESENTATION_CONTEXT(2) 
PARAMETRIC_REPRESENTATION_CONTEXT() REPRESENTATION_CONTEXT('2D SPACE',''
  ) );
#579 = ORIENTED_EDGE('',*,*,#388,.F.);
#580 = ORIENTED_EDGE('',*,*,#220,.F.);
#581 = ORIENTED_EDGE('',*,*,#582,.F.);
#582 = EDGE_CURVE('',#583,#195,#585,.T.);
#583 = VERTEX_POINT('',#584);
#584 = CARTESIAN_POINT('',(-0.35,0.15,2.E-02));
#585 = SURFACE_CURVE('',#586,(#590,#596),.PCURVE_S1.);
#586 = LINE('',#587,#588);
#587 = CARTESIAN_POINT('',(-0.705,0.15,2.E-02));
#588 = VECTOR('',#589,1.);
#589 = DIRECTION('',(-1.,-0.,0.));
#590 = PCURVE('',#130,#591);
#591 = DEFINITIONAL_REPRESENTATION('',(#592),#595);
#592 = B_SPLINE_CURVE_WITH_KNOTS('',1,(#593,#594),.UNSPECIFIED.,.F.,.F.,
  (2,2),(-0.355,-0.105),.PIECEWISE_BEZIER_KNOTS.);
#593 = CARTESIAN_POINT('',(0.25,0.55));
#594 = CARTESIAN_POINT('',(0.,0.55));
#595 = ( GEOMETRIC_REPRESENTATION_CONTEXT(2) 
PARAMETRIC_REPRESENTATION_CONTEXT() REPRESENTATION_CONTEXT('2D SPACE',''
  ) );
#596 = PCURVE('',#209,#597);
#597 = DEFINITIONAL_REPRESENTATION('',(#598),#601);
#598 = B_SPLINE_CURVE_WITH_KNOTS('',1,(#599,#600),.UNSPECIFIED.,.F.,.F.,
  (2,2),(-0.355,-0.105),.PIECEWISE_BEZIER_KNOTS.);
#599 = CARTESIAN_POINT('',(2.E-02,0.46));
#600 = CARTESIAN_POINT('',(2.E-02,0.21));
#601 = ( GEOMETRIC_REPRESENTATION_CONTEXT(2) 
PARAMETRIC_REPRESENTATION_CONTEXT() REPRESENTATION_CONTEXT('2D SPACE',''
  ) );
#602 = ORIENTED_EDGE('',*,*,#603,.F.);
#603 = EDGE_CURVE('',#604,#583,#606,.T.);
#604 = VERTEX_POINT('',#605);
#605 = CARTESIAN_POINT('',(-0.35,-0.15,2.E-02));
#606 = SURFACE_CURVE('',#607,(#611,#617),.PCURVE_S1.);
#607 = LINE('',#608,#609);
#608 = CARTESIAN_POINT('',(-0.35,-0.275,2.E-02));
#609 = VECTOR('',#610,1.);
#610 = DIRECTION('',(-0.,1.,0.));
#611 = PCURVE('',#130,#612);
#612 = DEFINITIONAL_REPRESENTATION('',(#613),#616);
#613 = B_SPLINE_CURVE_WITH_KNOTS('',1,(#614,#615),.UNSPECIFIED.,.F.,.F.,
  (2,2),(0.125,0.425),.PIECEWISE_BEZIER_KNOTS.);
#614 = CARTESIAN_POINT('',(0.25,0.25));
#615 = CARTESIAN_POINT('',(0.25,0.55));
#616 = ( GEOMETRIC_REPRESENTATION_CONTEXT(2) 
PARAMETRIC_REPRESENTATION_CONTEXT() REPRESENTATION_CONTEXT('2D SPACE',''
  ) );
#617 = PCURVE('',#618,#623);
#618 = PLANE('',#619);
#619 = AXIS2_PLACEMENT_3D('',#620,#621,#622);
#620 = CARTESIAN_POINT('',(-0.35,-0.15,0.));
#621 = DIRECTION('',(1.,0.,-0.));
#622 = DIRECTION('',(0.,0.,1.));
#623 = DEFINITIONAL_REPRESENTATION('',(#624),#627);
#624 = B_SPLINE_CURVE_WITH_KNOTS('',1,(#625,#626),.UNSPECIFIED.,.F.,.F.,
  (2,2),(0.125,0.425),.PIECEWISE_BEZIER_KNOTS.);
#625 = CARTESIAN_POINT('',(2.E-02,0.));
#626 = CARTESIAN_POINT('',(2.E-02,-0.3));
#627 = ( GEOMETRIC_REPRESENTATION_CONTEXT(2) 
PARAMETRIC_REPRESENTATION_CONTEXT() REPRESENTATION_CONTEXT('2D SPACE',''
  ) );
#628 = ORIENTED_EDGE('',*,*,#629,.T.);
#629 = EDGE_CURVE('',#604,#115,#630,.T.);
#630 = SURFACE_CURVE('',#631,(#635,#641),.PCURVE_S1.);
#631 = LINE('',#632,#633);
#632 = CARTESIAN_POINT('',(-0.705,-0.15,2.E-02));
#633 = VECTOR('',#634,1.);
#634 = DIRECTION('',(-1.,-0.,0.));
#635 = PCURVE('',#130,#636);
#636 = DEFINITIONAL_REPRESENTATION('',(#637),#640);
#637 = B_SPLINE_CURVE_WITH_KNOTS('',1,(#638,#639),.UNSPECIFIED.,.F.,.F.,
  (2,2),(-0.355,-0.105),.PIECEWISE_BEZIER_KNOTS.);
#638 = CARTESIAN_POINT('',(0.25,0.25));
#639 = CARTESIAN_POINT('',(0.,0.25));
#640 = ( GEOMETRIC_REPRESENTATION_CONTEXT(2) 
PARAMETRIC_REPRESENTATION_CONTEXT() REPRESENTATION_CONTEXT('2D SPACE',''
  ) );
#641 = PCURVE('',#157,#642);
#642 = DEFINITIONAL_REPRESENTATION('',(#643),#646);
#643 = B_SPLINE_CURVE_WITH_KNOTS('',1,(#644,#645),.UNSPECIFIED.,.F.,.F.,
  (2,2),(-0.355,-0.105),.PIECEWISE_BEZIER_KNOTS.);
#644 = CARTESIAN_POINT('',(2.E-02,0.46));
#645 = CARTESIAN_POINT('',(2.E-02,0.21));
#646 = ( GEOMETRIC_REPRESENTATION_CONTEXT(2) 
PARAMETRIC_REPRESENTATION_CONTEXT() REPRESENTATION_CONTEXT('2D SPACE',''
  ) );
#647 = ADVANCED_FACE('',(#648),#209,.F.);
#648 = FACE_BOUND('',#649,.F.);
#649 = EDGE_LOOP('',(#650,#673,#674,#675));
#650 = ORIENTED_EDGE('',*,*,#651,.F.);
#651 = EDGE_CURVE('',#583,#652,#654,.T.);
#652 = VERTEX_POINT('',#653);
#653 = CARTESIAN_POINT('',(-0.35,0.15,0.14));
#654 = SURFACE_CURVE('',#655,(#659,#666),.PCURVE_S1.);
#655 = LINE('',#656,#657);
#656 = CARTESIAN_POINT('',(-0.35,0.15,0.));
#657 = VECTOR('',#658,1.);
#658 = DIRECTION('',(0.,0.,1.));
#659 = PCURVE('',#209,#660);
#660 = DEFINITIONAL_REPRESENTATION('',(#661),#665);
#661 = LINE('',#662,#663);
#662 = CARTESIAN_POINT('',(0.,0.46));
#663 = VECTOR('',#664,1.);
#664 = DIRECTION('',(1.,0.));
#665 = ( GEOMETRIC_REPRESENTATION_CONTEXT(2) 
PARAMETRIC_REPRESENTATION_CONTEXT() REPRESENTATION_CONTEXT('2D SPACE',''
  ) );
#666 = PCURVE('',#618,#667);
#667 = DEFINITIONAL_REPRESENTATION('',(#668),#672);
#668 = LINE('',#669,#670);
#669 = CARTESIAN_POINT('',(0.,-0.3));
#670 = VECTOR('',#671,1.);
#671 = DIRECTION('',(1.,0.));
#672 = ( GEOMETRIC_REPRESENTATION_CONTEXT(2) 
PARAMETRIC_REPRESENTATION_CONTEXT() REPRESENTATION_CONTEXT('2D SPACE',''
  ) );
#673 = ORIENTED_EDGE('',*,*,#582,.T.);
#674 = ORIENTED_EDGE('',*,*,#194,.T.);
#675 = ORIENTED_EDGE('',*,*,#676,.T.);
#676 = EDGE_CURVE('',#169,#652,#677,.T.);
#677 = SURFACE_CURVE('',#678,(#682,#689),.PCURVE_S1.);
#678 = LINE('',#679,#680);
#679 = CARTESIAN_POINT('',(-0.81,0.15,0.14));
#680 = VECTOR('',#681,1.);
#681 = DIRECTION('',(1.,0.,-0.));
#682 = PCURVE('',#209,#683);
#683 = DEFINITIONAL_REPRESENTATION('',(#684),#688);
#684 = LINE('',#685,#686);
#685 = CARTESIAN_POINT('',(0.14,0.));
#686 = VECTOR('',#687,1.);
#687 = DIRECTION('',(0.,1.));
#688 = ( GEOMETRIC_REPRESENTATION_CONTEXT(2) 
PARAMETRIC_REPRESENTATION_CONTEXT() REPRESENTATION_CONTEXT('2D SPACE',''
  ) );
#689 = PCURVE('',#183,#690);
#690 = DEFINITIONAL_REPRESENTATION('',(#691),#695);
#691 = LINE('',#692,#693);
#692 = CARTESIAN_POINT('',(0.,0.3));
#693 = VECTOR('',#694,1.);
#694 = DIRECTION('',(1.,0.));
#695 = ( GEOMETRIC_REPRESENTATION_CONTEXT(2) 
PARAMETRIC_REPRESENTATION_CONTEXT() REPRESENTATION_CONTEXT('2D SPACE',''
  ) );
#696 = ADVANCED_FACE('',(#697),#183,.F.);
#697 = FACE_BOUND('',#698,.F.);
#698 = EDGE_LOOP('',(#699,#700,#701,#724));
#699 = ORIENTED_EDGE('',*,*,#676,.F.);
#700 = ORIENTED_EDGE('',*,*,#168,.T.);
#701 = ORIENTED_EDGE('',*,*,#702,.T.);
#702 = EDGE_CURVE('',#143,#703,#705,.T.);
#703 = VERTEX_POINT('',#704);
#704 = CARTESIAN_POINT('',(-0.35,-0.15,0.14));
#705 = SURFACE_CURVE('',#706,(#710,#717),.PCURVE_S1.);
#706 = LINE('',#707,#708);
#707 = CARTESIAN_POINT('',(-0.81,-0.15,0.14));
#708 = VECTOR('',#709,1.);
#709 = DIRECTION('',(1.,0.,-0.));
#710 = PCURVE('',#183,#711);
#711 = DEFINITIONAL_REPRESENTATION('',(#712),#716);
#712 = LINE('',#713,#714);
#713 = CARTESIAN_POINT('',(0.,0.));
#714 = VECTOR('',#715,1.);
#715 = DIRECTION('',(1.,0.));
#716 = ( GEOMETRIC_REPRESENTATION_CONTEXT(2) 
PARAMETRIC_REPRESENTATION_CONTEXT() REPRESENTATION_CONTEXT('2D SPACE',''
  ) );
#717 = PCURVE('',#157,#718);
#718 = DEFINITIONAL_REPRESENTATION('',(#719),#723);
#719 = LINE('',#720,#721);
#720 = CARTESIAN_POINT('',(0.14,0.));
#721 = VECTOR('',#722,1.);
#722 = DIRECTION('',(0.,1.));
#723 = ( GEOMETRIC_REPRESENTATION_CONTEXT(2) 
PARAMETRIC_REPRESENTATION_CONTEXT() REPRESENTATION_CONTEXT('2D SPACE',''
  ) );
#724 = ORIENTED_EDGE('',*,*,#725,.T.);
#725 = EDGE_CURVE('',#703,#652,#726,.T.);
#726 = SURFACE_CURVE('',#727,(#731,#738),.PCURVE_S1.);
#727 = LINE('',#728,#729);
#728 = CARTESIAN_POINT('',(-0.35,-0.15,0.14));
#729 = VECTOR('',#730,1.);
#730 = DIRECTION('',(-0.,1.,0.));
#731 = PCURVE('',#183,#732);
#732 = DEFINITIONAL_REPRESENTATION('',(#733),#737);
#733 = LINE('',#734,#735);
#734 = CARTESIAN_POINT('',(0.46,0.));
#735 = VECTOR('',#736,1.);
#736 = DIRECTION('',(0.,1.));
#737 = ( GEOMETRIC_REPRESENTATION_CONTEXT(2) 
PARAMETRIC_REPRESENTATION_CONTEXT() REPRESENTATION_CONTEXT('2D SPACE',''
  ) );
#738 = PCURVE('',#618,#739);
#739 = DEFINITIONAL_REPRESENTATION('',(#740),#744);
#740 = LINE('',#741,#742);
#741 = CARTESIAN_POINT('',(0.14,0.));
#742 = VECTOR('',#743,1.);
#743 = DIRECTION('',(0.,-1.));
#744 = ( GEOMETRIC_REPRESENTATION_CONTEXT(2) 
PARAMETRIC_REPRESENTATION_CONTEXT() REPRESENTATION_CONTEXT('2D SPACE',''
  ) );
#745 = ADVANCED_FACE('',(#746),#157,.T.);
#746 = FACE_BOUND('',#747,.T.);
#747 = EDGE_LOOP('',(#748,#769,#770,#771));
#748 = ORIENTED_EDGE('',*,*,#749,.F.);
#749 = EDGE_CURVE('',#604,#703,#750,.T.);
#750 = SURFACE_CURVE('',#751,(#755,#762),.PCURVE_S1.);
#751 = LINE('',#752,#753);
#752 = CARTESIAN_POINT('',(-0.35,-0.15,0.));
#753 = VECTOR('',#754,1.);
#754 = DIRECTION('',(0.,0.,1.));
#755 = PCURVE('',#157,#756);
#756 = DEFINITIONAL_REPRESENTATION('',(#757),#761);
#757 = LINE('',#758,#759);
#758 = CARTESIAN_POINT('',(0.,0.46));
#759 = VECTOR('',#760,1.);
#760 = DIRECTION('',(1.,0.));
#761 = ( GEOMETRIC_REPRESENTATION_CONTEXT(2) 
PARAMETRIC_REPRESENTATION_CONTEXT() REPRESENTATION_CONTEXT('2D SPACE',''
  ) );
#762 = PCURVE('',#618,#763);
#763 = DEFINITIONAL_REPRESENTATION('',(#764),#768);
#764 = LINE('',#765,#766);
#765 = CARTESIAN_POINT('',(0.,0.));
#766 = VECTOR('',#767,1.);
#767 = DIRECTION('',(1.,0.));
#768 = ( GEOMETRIC_REPRESENTATION_CONTEXT(2) 
PARAMETRIC_REPRESENTATION_CONTEXT() REPRESENTATION_CONTEXT('2D SPACE',''
  ) );
#769 = ORIENTED_EDGE('',*,*,#629,.T.);
#770 = ORIENTED_EDGE('',*,*,#142,.T.);
#771 = ORIENTED_EDGE('',*,*,#702,.T.);
#772 = ADVANCED_FACE('',(#773),#102,.F.);
#773 = FACE_BOUND('',#774,.F.);
#774 = EDGE_LOOP('',(#775,#798,#799,#800));
#775 = ORIENTED_EDGE('',*,*,#776,.F.);
#776 = EDGE_CURVE('',#436,#777,#779,.T.);
#777 = VERTEX_POINT('',#778);
#778 = CARTESIAN_POINT('',(0.6,-0.4,0.56));
#779 = SURFACE_CURVE('',#780,(#784,#791),.PCURVE_S1.);
#780 = LINE('',#781,#782);
#781 = CARTESIAN_POINT('',(0.6,-0.4,2.E-02));
#782 = VECTOR('',#783,1.);
#783 = DIRECTION('',(0.,0.,1.));
#784 = PCURVE('',#102,#785);
#785 = DEFINITIONAL_REPRESENTATION('',(#786),#790);
#786 = LINE('',#787,#788);
#787 = CARTESIAN_POINT('',(0.,1.2));
#788 = VECTOR('',#789,1.);
#789 = DIRECTION('',(1.,0.));
#790 = ( GEOMETRIC_REPRESENTATION_CONTEXT(2) 
PARAMETRIC_REPRESENTATION_CONTEXT() REPRESENTATION_CONTEXT('2D SPACE',''
  ) );
#791 = PCURVE('',#376,#792);
#792 = DEFINITIONAL_REPRESENTATION('',(#793),#797);
#793 = LINE('',#794,#795);
#794 = CARTESIAN_POINT('',(0.,0.));
#795 = VECTOR('',#796,1.);
#796 = DIRECTION('',(1.,0.));
#797 = ( GEOMETRIC_REPRESENTATION_CONTEXT(2) 
PARAMETRIC_REPRESENTATION_CONTEXT() REPRESENTATION_CONTEXT('2D SPACE',''
  ) );
#798 = ORIENTED_EDGE('',*,*,#435,.F.);
#799 = ORIENTED_EDGE('',*,*,#86,.T.);
#800 = ORIENTED_EDGE('',*,*,#801,.T.);
#801 = EDGE_CURVE('',#52,#777,#802,.T.);
#802 = SURFACE_CURVE('',#803,(#807,#814),.PCURVE_S1.);
#803 = LINE('',#804,#805);
#804 = CARTESIAN_POINT('',(-0.6,-0.4,0.56));
#805 = VECTOR('',#806,1.);
#806 = DIRECTION('',(1.,0.,-0.));
#807 = PCURVE('',#102,#808);
#808 = DEFINITIONAL_REPRESENTATION('',(#809),#813);
#809 = LINE('',#810,#811);
#810 = CARTESIAN_POINT('',(0.54,0.));
#811 = VECTOR('',#812,1.);
#812 = DIRECTION('',(0.,1.));
#813 = ( GEOMETRIC_REPRESENTATION_CONTEXT(2) 
PARAMETRIC_REPRESENTATION_CONTEXT() REPRESENTATION_CONTEXT('2D SPACE',''
  ) );
#814 = PCURVE('',#288,#815);
#815 = DEFINITIONAL_REPRESENTATION('',(#816),#820);
#816 = LINE('',#817,#818);
#817 = CARTESIAN_POINT('',(-0.,-4.242640687119E-02));
#818 = VECTOR('',#819,1.);
#819 = DIRECTION('',(-1.,0.));
#820 = ( GEOMETRIC_REPRESENTATION_CONTEXT(2) 
PARAMETRIC_REPRESENTATION_CONTEXT() REPRESENTATION_CONTEXT('2D SPACE',''
  ) );
#821 = ADVANCED_FACE('',(#822),#288,.F.);
#822 = FACE_BOUND('',#823,.T.);
#823 = EDGE_LOOP('',(#824,#825,#826,#854));
#824 = ORIENTED_EDGE('',*,*,#272,.F.);
#825 = ORIENTED_EDGE('',*,*,#801,.T.);
#826 = ORIENTED_EDGE('',*,*,#827,.T.);
#827 = EDGE_CURVE('',#777,#828,#830,.T.);
#828 = VERTEX_POINT('',#829);
#829 = CARTESIAN_POINT('',(0.54,-0.34,0.62));
#830 = SURFACE_CURVE('',#831,(#835,#842),.PCURVE_S1.);
#831 = LINE('',#832,#833);
#832 = CARTESIAN_POINT('',(0.38,-0.18,0.78));
#833 = VECTOR('',#834,1.);
#834 = DIRECTION('',(-0.57735026919,0.57735026919,0.57735026919));
#835 = PCURVE('',#288,#836);
#836 = DEFINITIONAL_REPRESENTATION('',(#837),#841);
#837 = LINE('',#838,#839);
#838 = CARTESIAN_POINT('',(-0.98,0.268700576851));
#839 = VECTOR('',#840,1.);
#840 = DIRECTION('',(0.57735026919,0.816496580928));
#841 = ( GEOMETRIC_REPRESENTATION_CONTEXT(2) 
PARAMETRIC_REPRESENTATION_CONTEXT() REPRESENTATION_CONTEXT('2D SPACE',''
  ) );
#842 = PCURVE('',#843,#848);
#843 = PLANE('',#844);
#844 = AXIS2_PLACEMENT_3D('',#845,#846,#847);
#845 = CARTESIAN_POINT('',(0.57,-0.4,0.59));
#846 = DIRECTION('',(0.707106781187,-3.183181674406E-19,0.707106781187)
  );
#847 = DIRECTION('',(2.250849347721E-19,1.,2.250849347721E-19));
#848 = DEFINITIONAL_REPRESENTATION('',(#849),#853);
#849 = LINE('',#850,#851);
#850 = CARTESIAN_POINT('',(0.22,0.268700576851));
#851 = VECTOR('',#852,1.);
#852 = DIRECTION('',(0.57735026919,0.816496580928));
#853 = ( GEOMETRIC_REPRESENTATION_CONTEXT(2) 
PARAMETRIC_REPRESENTATION_CONTEXT() REPRESENTATION_CONTEXT('2D SPACE',''
  ) );
#854 = ORIENTED_EDGE('',*,*,#855,.F.);
#855 = EDGE_CURVE('',#273,#828,#856,.T.);
#856 = SURFACE_CURVE('',#857,(#861,#868),.PCURVE_S1.);
#857 = LINE('',#858,#859);
#858 = CARTESIAN_POINT('',(-0.6,-0.34,0.62));
#859 = VECTOR('',#860,1.);
#860 = DIRECTION('',(1.,0.,-0.));
#861 = PCURVE('',#288,#862);
#862 = DEFINITIONAL_REPRESENTATION('',(#863),#867);
#863 = LINE('',#864,#865);
#864 = CARTESIAN_POINT('',(-0.,4.242640687119E-02));
#865 = VECTOR('',#866,1.);
#866 = DIRECTION('',(-1.,0.));
#867 = ( GEOMETRIC_REPRESENTATION_CONTEXT(2) 
PARAMETRIC_REPRESENTATION_CONTEXT() REPRESENTATION_CONTEXT('2D SPACE',''
  ) );
#868 = PCURVE('',#343,#869);
#869 = DEFINITIONAL_REPRESENTATION('',(#870),#874);
#870 = LINE('',#871,#872);
#871 = CARTESIAN_POINT('',(0.,6.E-02));
#872 = VECTOR('',#873,1.);
#873 = DIRECTION('',(1.,0.));
#874 = ( GEOMETRIC_REPRESENTATION_CONTEXT(2) 
PARAMETRIC_REPRESENTATION_CONTEXT() REPRESENTATION_CONTEXT('2D SPACE',''
  ) );
#875 = ADVANCED_FACE('',(#876),#343,.T.);
#876 = FACE_BOUND('',#877,.T.);
#877 = EDGE_LOOP('',(#878,#879,#880,#903));
#878 = ORIENTED_EDGE('',*,*,#329,.F.);
#879 = ORIENTED_EDGE('',*,*,#855,.T.);
#880 = ORIENTED_EDGE('',*,*,#881,.T.);
#881 = EDGE_CURVE('',#828,#882,#884,.T.);
#882 = VERTEX_POINT('',#883);
#883 = CARTESIAN_POINT('',(0.54,0.34,0.62));
#884 = SURFACE_CURVE('',#885,(#889,#896),.PCURVE_S1.);
#885 = LINE('',#886,#887);
#886 = CARTESIAN_POINT('',(0.54,-0.4,0.62));
#887 = VECTOR('',#888,1.);
#888 = DIRECTION('',(-0.,1.,0.));
#889 = PCURVE('',#343,#890);
#890 = DEFINITIONAL_REPRESENTATION('',(#891),#895);
#891 = LINE('',#892,#893);
#892 = CARTESIAN_POINT('',(1.14,0.));
#893 = VECTOR('',#894,1.);
#894 = DIRECTION('',(0.,1.));
#895 = ( GEOMETRIC_REPRESENTATION_CONTEXT(2) 
PARAMETRIC_REPRESENTATION_CONTEXT() REPRESENTATION_CONTEXT('2D SPACE',''
  ) );
#896 = PCURVE('',#843,#897);
#897 = DEFINITIONAL_REPRESENTATION('',(#898),#902);
#898 = LINE('',#899,#900);
#899 = CARTESIAN_POINT('',(0.,4.242640687119E-02));
#900 = VECTOR('',#901,1.);
#901 = DIRECTION('',(1.,0.));
#902 = ( GEOMETRIC_REPRESENTATION_CONTEXT(2) 
PARAMETRIC_REPRESENTATION_CONTEXT() REPRESENTATION_CONTEXT('2D SPACE',''
  ) );
#903 = ORIENTED_EDGE('',*,*,#904,.F.);
#904 = EDGE_CURVE('',#302,#882,#905,.T.);
#905 = SURFACE_CURVE('',#906,(#910,#917),.PCURVE_S1.);
#906 = LINE('',#907,#908);
#907 = CARTESIAN_POINT('',(-0.6,0.34,0.62));
#908 = VECTOR('',#909,1.);
#909 = DIRECTION('',(1.,0.,-0.));
#910 = PCURVE('',#343,#911);
#911 = DEFINITIONAL_REPRESENTATION('',(#912),#916);
#912 = LINE('',#913,#914);
#913 = CARTESIAN_POINT('',(0.,0.74));
#914 = VECTOR('',#915,1.);
#915 = DIRECTION('',(1.,0.));
#916 = ( GEOMETRIC_REPRESENTATION_CONTEXT(2) 
PARAMETRIC_REPRESENTATION_CONTEXT() REPRESENTATION_CONTEXT('2D SPACE',''
  ) );
#917 = PCURVE('',#317,#918);
#918 = DEFINITIONAL_REPRESENTATION('',(#919),#923);
#919 = LINE('',#920,#921);
#920 = CARTESIAN_POINT('',(-0.,4.242640687119E-02));
#921 = VECTOR('',#922,1.);
#922 = DIRECTION('',(-1.,0.));
#923 = ( GEOMETRIC_REPRESENTATION_CONTEXT(2) 
PARAMETRIC_REPRESENTATION_CONTEXT() REPRESENTATION_CONTEXT('2D SPACE',''
  ) );
#924 = ADVANCED_FACE('',(#925),#317,.T.);
#925 = FACE_BOUND('',#926,.F.);
#926 = EDGE_LOOP('',(#927,#928,#929,#950));
#927 = ORIENTED_EDGE('',*,*,#301,.F.);
#928 = ORIENTED_EDGE('',*,*,#410,.T.);
#929 = ORIENTED_EDGE('',*,*,#930,.T.);
#930 = EDGE_CURVE('',#361,#882,#931,.T.);
#931 = SURFACE_CURVE('',#932,(#936,#943),.PCURVE_S1.);
#932 = LINE('',#933,#934);
#933 = CARTESIAN_POINT('',(0.246666666667,4.666666666667E-02,
    0.913333333333));
#934 = VECTOR('',#935,1.);
#935 = DIRECTION('',(-0.57735026919,-0.57735026919,0.57735026919));
#936 = PCURVE('',#317,#937);
#937 = DEFINITIONAL_REPRESENTATION('',(#938),#942);
#938 = LINE('',#939,#940);
#939 = CARTESIAN_POINT('',(-0.846666666667,0.457262385167));
#940 = VECTOR('',#941,1.);
#941 = DIRECTION('',(0.57735026919,0.816496580928));
#942 = ( GEOMETRIC_REPRESENTATION_CONTEXT(2) 
PARAMETRIC_REPRESENTATION_CONTEXT() REPRESENTATION_CONTEXT('2D SPACE',''
  ) );
#943 = PCURVE('',#843,#944);
#944 = DEFINITIONAL_REPRESENTATION('',(#945),#949);
#945 = LINE('',#946,#947);
#946 = CARTESIAN_POINT('',(0.446666666667,0.457262385167));
#947 = VECTOR('',#948,1.);
#948 = DIRECTION('',(-0.57735026919,0.816496580928));
#949 = ( GEOMETRIC_REPRESENTATION_CONTEXT(2) 
PARAMETRIC_REPRESENTATION_CONTEXT() REPRESENTATION_CONTEXT('2D SPACE',''
  ) );
#950 = ORIENTED_EDGE('',*,*,#904,.F.);
#951 = ADVANCED_FACE('',(#952),#376,.T.);
#952 = FACE_BOUND('',#953,.T.);
#953 = EDGE_LOOP('',(#954,#975,#976,#977,#998,#1024,#1043,#1044));
#954 = ORIENTED_EDGE('',*,*,#955,.F.);
#955 = EDGE_CURVE('',#777,#361,#956,.T.);
#956 = SURFACE_CURVE('',#957,(#961,#968),.PCURVE_S1.);
#957 = LINE('',#958,#959);
#958 = CARTESIAN_POINT('',(0.6,-0.4,0.56));
#959 = VECTOR('',#960,1.);
#960 = DIRECTION('',(-0.,1.,0.));
#961 = PCURVE('',#376,#962);
#962 = DEFINITIONAL_REPRESENTATION('',(#963),#967);
#963 = LINE('',#964,#965);
#964 = CARTESIAN_POINT('',(0.54,0.));
#965 = VECTOR('',#966,1.);
#966 = DIRECTION('',(0.,-1.));
#967 = ( GEOMETRIC_REPRESENTATION_CONTEXT(2) 
PARAMETRIC_REPRESENTATION_CONTEXT() REPRESENTATION_CONTEXT('2D SPACE',''
  ) );
#968 = PCURVE('',#843,#969);
#969 = DEFINITIONAL_REPRESENTATION('',(#970),#974);
#970 = LINE('',#971,#972);
#971 = CARTESIAN_POINT('',(0.,-4.242640687119E-02));
#972 = VECTOR('',#973,1.);
#973 = DIRECTION('',(1.,0.));
#974 = ( GEOMETRIC_REPRESENTATION_CONTEXT(2) 
PARAMETRIC_REPRESENTATION_CONTEXT() REPRESENTATION_CONTEXT('2D SPACE',''
  ) );
#975 = ORIENTED_EDGE('',*,*,#776,.F.);
#976 = ORIENTED_EDGE('',*,*,#458,.T.);
#977 = ORIENTED_EDGE('',*,*,#978,.T.);
#978 = EDGE_CURVE('',#459,#979,#981,.T.);
#979 = VERTEX_POINT('',#980);
#980 = CARTESIAN_POINT('',(0.6,-0.15,0.14));
#981 = SURFACE_CURVE('',#982,(#986,#992),.PCURVE_S1.);
#982 = LINE('',#983,#984);
#983 = CARTESIAN_POINT('',(0.6,-0.15,1.E-02));
#984 = VECTOR('',#985,1.);
#985 = DIRECTION('',(0.,0.,1.));
#986 = PCURVE('',#376,#987);
#987 = DEFINITIONAL_REPRESENTATION('',(#988),#991);
#988 = B_SPLINE_CURVE_WITH_KNOTS('',1,(#989,#990),.UNSPECIFIED.,.F.,.F.,
  (2,2),(1.E-02,0.13),.PIECEWISE_BEZIER_KNOTS.);
#989 = CARTESIAN_POINT('',(0.,-0.25));
#990 = CARTESIAN_POINT('',(0.12,-0.25));
#991 = ( GEOMETRIC_REPRESENTATION_CONTEXT(2) 
PARAMETRIC_REPRESENTATION_CONTEXT() REPRESENTATION_CONTEXT('2D SPACE',''
  ) );
#992 = PCURVE('',#496,#993);
#993 = DEFINITIONAL_REPRESENTATION('',(#994),#997);
#994 = B_SPLINE_CURVE_WITH_KNOTS('',1,(#995,#996),.UNSPECIFIED.,.F.,.F.,
  (2,2),(1.E-02,0.13),.PIECEWISE_BEZIER_KNOTS.);
#995 = CARTESIAN_POINT('',(2.E-02,0.25));
#996 = CARTESIAN_POINT('',(0.14,0.25));
#997 = ( GEOMETRIC_REPRESENTATION_CONTEXT(2) 
PARAMETRIC_REPRESENTATION_CONTEXT() REPRESENTATION_CONTEXT('2D SPACE',''
  ) );
#998 = ORIENTED_EDGE('',*,*,#999,.F.);
#999 = EDGE_CURVE('',#1000,#979,#1002,.T.);
#1000 = VERTEX_POINT('',#1001);
#1001 = CARTESIAN_POINT('',(0.6,0.15,0.14));
#1002 = SURFACE_CURVE('',#1003,(#1007,#1013),.PCURVE_S1.);
#1003 = LINE('',#1004,#1005);
#1004 = CARTESIAN_POINT('',(0.6,-0.275,0.14));
#1005 = VECTOR('',#1006,1.);
#1006 = DIRECTION('',(0.,-1.,0.));
#1007 = PCURVE('',#376,#1008);
#1008 = DEFINITIONAL_REPRESENTATION('',(#1009),#1012);
#1009 = B_SPLINE_CURVE_WITH_KNOTS('',1,(#1010,#1011),.UNSPECIFIED.,.F.,
  .F.,(2,2),(-0.425,-0.125),.PIECEWISE_BEZIER_KNOTS.);
#1010 = CARTESIAN_POINT('',(0.12,-0.55));
#1011 = CARTESIAN_POINT('',(0.12,-0.25));
#1012 = ( GEOMETRIC_REPRESENTATION_CONTEXT(2) 
PARAMETRIC_REPRESENTATION_CONTEXT() REPRESENTATION_CONTEXT('2D SPACE',''
  ) );
#1013 = PCURVE('',#1014,#1019);
#1014 = PLANE('',#1015);
#1015 = AXIS2_PLACEMENT_3D('',#1016,#1017,#1018);
#1016 = CARTESIAN_POINT('',(0.35,-0.15,0.14));
#1017 = DIRECTION('',(0.,0.,1.));
#1018 = DIRECTION('',(1.,0.,-0.));
#1019 = DEFINITIONAL_REPRESENTATION('',(#1020),#1023);
#1020 = B_SPLINE_CURVE_WITH_KNOTS('',1,(#1021,#1022),.UNSPECIFIED.,.F.,
  .F.,(2,2),(-0.425,-0.125),.PIECEWISE_BEZIER_KNOTS.);
#1021 = CARTESIAN_POINT('',(0.25,0.3));
#1022 = CARTESIAN_POINT('',(0.25,0.));
#1023 = ( GEOMETRIC_REPRESENTATION_CONTEXT(2) 
PARAMETRIC_REPRESENTATION_CONTEXT() REPRESENTATION_CONTEXT('2D SPACE',''
  ) );
#1024 = ORIENTED_EDGE('',*,*,#1025,.F.);
#1025 = EDGE_CURVE('',#534,#1000,#1026,.T.);
#1026 = SURFACE_CURVE('',#1027,(#1031,#1037),.PCURVE_S1.);
#1027 = LINE('',#1028,#1029);
#1028 = CARTESIAN_POINT('',(0.6,0.15,1.E-02));
#1029 = VECTOR('',#1030,1.);
#1030 = DIRECTION('',(0.,0.,1.));
#1031 = PCURVE('',#376,#1032);
#1032 = DEFINITIONAL_REPRESENTATION('',(#1033),#1036);
#1033 = B_SPLINE_CURVE_WITH_KNOTS('',1,(#1034,#1035),.UNSPECIFIED.,.F.,
  .F.,(2,2),(1.E-02,0.13),.PIECEWISE_BEZIER_KNOTS.);
#1034 = CARTESIAN_POINT('',(0.,-0.55));
#1035 = CARTESIAN_POINT('',(0.12,-0.55));
#1036 = ( GEOMETRIC_REPRESENTATION_CONTEXT(2) 
PARAMETRIC_REPRESENTATION_CONTEXT() REPRESENTATION_CONTEXT('2D SPACE',''
  ) );
#1037 = PCURVE('',#548,#1038);
#1038 = DEFINITIONAL_REPRESENTATION('',(#1039),#1042);
#1039 = B_SPLINE_CURVE_WITH_KNOTS('',1,(#1040,#1041),.UNSPECIFIED.,.F.,
  .F.,(2,2),(1.E-02,0.13),.PIECEWISE_BEZIER_KNOTS.);
#1040 = CARTESIAN_POINT('',(2.E-02,0.25));
#1041 = CARTESIAN_POINT('',(0.14,0.25));
#1042 = ( GEOMETRIC_REPRESENTATION_CONTEXT(2) 
PARAMETRIC_REPRESENTATION_CONTEXT() REPRESENTATION_CONTEXT('2D SPACE',''
  ) );
#1043 = ORIENTED_EDGE('',*,*,#559,.T.);
#1044 = ORIENTED_EDGE('',*,*,#358,.T.);
#1045 = ADVANCED_FACE('',(#1046),#618,.F.);
#1046 = FACE_BOUND('',#1047,.F.);
#1047 = EDGE_LOOP('',(#1048,#1049,#1050,#1051));
#1048 = ORIENTED_EDGE('',*,*,#749,.F.);
#1049 = ORIENTED_EDGE('',*,*,#603,.T.);
#1050 = ORIENTED_EDGE('',*,*,#651,.T.);
#1051 = ORIENTED_EDGE('',*,*,#725,.F.);
#1052 = ADVANCED_FACE('',(#1053),#548,.F.);
#1053 = FACE_BOUND('',#1054,.F.);
#1054 = EDGE_LOOP('',(#1055,#1056,#1079,#1100));
#1055 = ORIENTED_EDGE('',*,*,#533,.T.);
#1056 = ORIENTED_EDGE('',*,*,#1057,.T.);
#1057 = EDGE_CURVE('',#508,#1058,#1060,.T.);
#1058 = VERTEX_POINT('',#1059);
#1059 = CARTESIAN_POINT('',(0.35,0.15,0.14));
#1060 = SURFACE_CURVE('',#1061,(#1065,#1072),.PCURVE_S1.);
#1061 = LINE('',#1062,#1063);
#1062 = CARTESIAN_POINT('',(0.35,0.15,0.));
#1063 = VECTOR('',#1064,1.);
#1064 = DIRECTION('',(0.,0.,1.));
#1065 = PCURVE('',#548,#1066);
#1066 = DEFINITIONAL_REPRESENTATION('',(#1067),#1071);
#1067 = LINE('',#1068,#1069);
#1068 = CARTESIAN_POINT('',(0.,0.));
#1069 = VECTOR('',#1070,1.);
#1070 = DIRECTION('',(1.,0.));
#1071 = ( GEOMETRIC_REPRESENTATION_CONTEXT(2) 
PARAMETRIC_REPRESENTATION_CONTEXT() REPRESENTATION_CONTEXT('2D SPACE',''
  ) );
#1072 = PCURVE('',#522,#1073);
#1073 = DEFINITIONAL_REPRESENTATION('',(#1074),#1078);
#1074 = LINE('',#1075,#1076);
#1075 = CARTESIAN_POINT('',(0.,-0.3));
#1076 = VECTOR('',#1077,1.);
#1077 = DIRECTION('',(1.,0.));
#1078 = ( GEOMETRIC_REPRESENTATION_CONTEXT(2) 
PARAMETRIC_REPRESENTATION_CONTEXT() REPRESENTATION_CONTEXT('2D SPACE',''
  ) );
#1079 = ORIENTED_EDGE('',*,*,#1080,.T.);
#1080 = EDGE_CURVE('',#1058,#1000,#1081,.T.);
#1081 = SURFACE_CURVE('',#1082,(#1086,#1093),.PCURVE_S1.);
#1082 = LINE('',#1083,#1084);
#1083 = CARTESIAN_POINT('',(0.35,0.15,0.14));
#1084 = VECTOR('',#1085,1.);
#1085 = DIRECTION('',(1.,0.,-0.));
#1086 = PCURVE('',#548,#1087);
#1087 = DEFINITIONAL_REPRESENTATION('',(#1088),#1092);
#1088 = LINE('',#1089,#1090);
#1089 = CARTESIAN_POINT('',(0.14,0.));
#1090 = VECTOR('',#1091,1.);
#1091 = DIRECTION('',(0.,1.));
#1092 = ( GEOMETRIC_REPRESENTATION_CONTEXT(2) 
PARAMETRIC_REPRESENTATION_CONTEXT() REPRESENTATION_CONTEXT('2D SPACE',''
  ) );
#1093 = PCURVE('',#1014,#1094);
#1094 = DEFINITIONAL_REPRESENTATION('',(#1095),#1099);
#1095 = LINE('',#1096,#1097);
#1096 = CARTESIAN_POINT('',(0.,0.3));
#1097 = VECTOR('',#1098,1.);
#1098 = DIRECTION('',(1.,0.));
#1099 = ( GEOMETRIC_REPRESENTATION_CONTEXT(2) 
PARAMETRIC_REPRESENTATION_CONTEXT() REPRESENTATION_CONTEXT('2D SPACE',''
  ) );
#1100 = ORIENTED_EDGE('',*,*,#1025,.F.);
#1101 = ADVANCED_FACE('',(#1102),#522,.T.);
#1102 = FACE_BOUND('',#1103,.T.);
#1103 = EDGE_LOOP('',(#1104,#1127,#1128,#1129));
#1104 = ORIENTED_EDGE('',*,*,#1105,.F.);
#1105 = EDGE_CURVE('',#482,#1106,#1108,.T.);
#1106 = VERTEX_POINT('',#1107);
#1107 = CARTESIAN_POINT('',(0.35,-0.15,0.14));
#1108 = SURFACE_CURVE('',#1109,(#1113,#1120),.PCURVE_S1.);
#1109 = LINE('',#1110,#1111);
#1110 = CARTESIAN_POINT('',(0.35,-0.15,0.));
#1111 = VECTOR('',#1112,1.);
#1112 = DIRECTION('',(0.,0.,1.));
#1113 = PCURVE('',#522,#1114);
#1114 = DEFINITIONAL_REPRESENTATION('',(#1115),#1119);
#1115 = LINE('',#1116,#1117);
#1116 = CARTESIAN_POINT('',(0.,0.));
#1117 = VECTOR('',#1118,1.);
#1118 = DIRECTION('',(1.,0.));
#1119 = ( GEOMETRIC_REPRESENTATION_CONTEXT(2) 
PARAMETRIC_REPRESENTATION_CONTEXT() REPRESENTATION_CONTEXT('2D SPACE',''
  ) );
#1120 = PCURVE('',#496,#1121);
#1121 = DEFINITIONAL_REPRESENTATION('',(#1122),#1126);
#1122 = LINE('',#1123,#1124);
#1123 = CARTESIAN_POINT('',(0.,0.));
#1124 = VECTOR('',#1125,1.);
#1125 = DIRECTION('',(1.,0.));
#1126 = ( GEOMETRIC_REPRESENTATION_CONTEXT(2) 
PARAMETRIC_REPRESENTATION_CONTEXT() REPRESENTATION_CONTEXT('2D SPACE',''
  ) );
#1127 = ORIENTED_EDGE('',*,*,#507,.T.);
#1128 = ORIENTED_EDGE('',*,*,#1057,.T.);
#1129 = ORIENTED_EDGE('',*,*,#1130,.F.);
#1130 = EDGE_CURVE('',#1106,#1058,#1131,.T.);
#1131 = SURFACE_CURVE('',#1132,(#1136,#1143),.PCURVE_S1.);
#1132 = LINE('',#1133,#1134);
#1133 = CARTESIAN_POINT('',(0.35,-0.15,0.14));
#1134 = VECTOR('',#1135,1.);
#1135 = DIRECTION('',(-0.,1.,0.));
#1136 = PCURVE('',#522,#1137);
#1137 = DEFINITIONAL_REPRESENTATION('',(#1138),#1142);
#1138 = LINE('',#1139,#1140);
#1139 = CARTESIAN_POINT('',(0.14,0.));
#1140 = VECTOR('',#1141,1.);
#1141 = DIRECTION('',(0.,-1.));
#1142 = ( GEOMETRIC_REPRESENTATION_CONTEXT(2) 
PARAMETRIC_REPRESENTATION_CONTEXT() REPRESENTATION_CONTEXT('2D SPACE',''
  ) );
#1143 = PCURVE('',#1014,#1144);
#1144 = DEFINITIONAL_REPRESENTATION('',(#1145),#1149);
#1145 = LINE('',#1146,#1147);
#1146 = CARTESIAN_POINT('',(0.,0.));
#1147 = VECTOR('',#1148,1.);
#1148 = DIRECTION('',(0.,1.));
#1149 = ( GEOMETRIC_REPRESENTATION_CONTEXT(2) 
PARAMETRIC_REPRESENTATION_CONTEXT() REPRESENTATION_CONTEXT('2D SPACE',''
  ) );
#1150 = ADVANCED_FACE('',(#1151),#496,.T.);
#1151 = FACE_BOUND('',#1152,.T.);
#1152 = EDGE_LOOP('',(#1153,#1154,#1155,#1176));
#1153 = ORIENTED_EDGE('',*,*,#481,.T.);
#1154 = ORIENTED_EDGE('',*,*,#1105,.T.);
#1155 = ORIENTED_EDGE('',*,*,#1156,.T.);
#1156 = EDGE_CURVE('',#1106,#979,#1157,.T.);
#1157 = SURFACE_CURVE('',#1158,(#1162,#1169),.PCURVE_S1.);
#1158 = LINE('',#1159,#1160);
#1159 = CARTESIAN_POINT('',(0.35,-0.15,0.14));
#1160 = VECTOR('',#1161,1.);
#1161 = DIRECTION('',(1.,0.,-0.));
#1162 = PCURVE('',#496,#1163);
#1163 = DEFINITIONAL_REPRESENTATION('',(#1164),#1168);
#1164 = LINE('',#1165,#1166);
#1165 = CARTESIAN_POINT('',(0.14,0.));
#1166 = VECTOR('',#1167,1.);
#1167 = DIRECTION('',(0.,1.));
#1168 = ( GEOMETRIC_REPRESENTATION_CONTEXT(2) 
PARAMETRIC_REPRESENTATION_CONTEXT() REPRESENTATION_CONTEXT('2D SPACE',''
  ) );
#1169 = PCURVE('',#1014,#1170);
#1170 = DEFINITIONAL_REPRESENTATION('',(#1171),#1175);
#1171 = LINE('',#1172,#1173);
#1172 = CARTESIAN_POINT('',(0.,0.));
#1173 = VECTOR('',#1174,1.);
#1174 = DIRECTION('',(1.,0.));
#1175 = ( GEOMETRIC_REPRESENTATION_CONTEXT(2) 
PARAMETRIC_REPRESENTATION_CONTEXT() REPRESENTATION_CONTEXT('2D SPACE',''
  ) );
#1176 = ORIENTED_EDGE('',*,*,#978,.F.);
#1177 = ADVANCED_FACE('',(#1178),#843,.T.);
#1178 = FACE_BOUND('',#1179,.T.);
#1179 = EDGE_LOOP('',(#1180,#1181,#1182,#1183));
#1180 = ORIENTED_EDGE('',*,*,#827,.F.);
#1181 = ORIENTED_EDGE('',*,*,#955,.T.);
#1182 = ORIENTED_EDGE('',*,*,#930,.T.);
#1183 = ORIENTED_EDGE('',*,*,#881,.F.);
#1184 = ADVANCED_FACE('',(#1185),#1014,.F.);
#1185 = FACE_BOUND('',#1186,.F.);
#1186 = EDGE_LOOP('',(#1187,#1188,#1189,#1190));
#1187 = ORIENTED_EDGE('',*,*,#1080,.F.);
#1188 = ORIENTED_EDGE('',*,*,#1130,.F.);
#1189 = ORIENTED_EDGE('',*,*,#1156,.T.);
#1190 = ORIENTED_EDGE('',*,*,#999,.F.);
#1191 = ( GEOMETRIC_REPRESENTATION_CONTEXT(3) 
GLOBAL_UNCERTAINTY_ASSIGNED_CONTEXT((#1195)) 
GLOBAL_UNIT_ASSIGNED_CONTEXT((#1192,#1193,#1194)) REPRESENTATION_CONTEXT
('Context #1','3D Context with UNIT and UNCERTAINTY') );
#1192 = ( LENGTH_UNIT() NAMED_UNIT(*) SI_UNIT(.MILLI.,.METRE.) );
#1193 = ( NAMED_UNIT(*) PLANE_ANGLE_UNIT() SI_UNIT($,.RADIAN.) );
#1194 = ( NAMED_UNIT(*) SI_UNIT($,.STERADIAN.) SOLID_ANGLE_UNIT() );
#1195 = UNCERTAINTY_MEASURE_WITH_UNIT(LENGTH_MEASURE(1.E-07),#1192,
  'distance_accuracy_value','confusion accuracy');
#1196 = CONTEXT_DEPENDENT_SHAPE_REPRESENTATION(#1197,#1199);
#1197 = ( REPRESENTATION_RELATIONSHIP('','',#44,#10) 
REPRESENTATION_RELATIONSHIP_WITH_TRANSFORMATION(#1198) 
SHAPE_REPRESENTATION_RELATIONSHIP() );
#1198 = ITEM_DEFINED_TRANSFORMATION('','',#11,#15);
#1199 = PRODUCT_DEFINITION_SHAPE('Placement','Placement of an item',
  #1200);
#1200 = NEXT_ASSEMBLY_USAGE_OCCURRENCE('1','Body','',#5,#39,$);
#1201 = PRODUCT_RELATED_PRODUCT_CATEGORY('part',$,(#41));
#1202 = SHAPE_DEFINITION_REPRESENTATION(#1203,#1209);
#1203 = PRODUCT_DEFINITION_SHAPE('','',#1204);
#1204 = PRODUCT_DEFINITION('design','',#1205,#1208);
#1205 = PRODUCT_DEFINITION_FORMATION('','',#1206);
#1206 = PRODUCT('Band','Band','',(#1207));
#1207 = PRODUCT_CONTEXT('',#2,'mechanical');
#1208 = PRODUCT_DEFINITION_CONTEXT('part definition',#2,'design');
#1209 = ADVANCED_BREP_SHAPE_REPRESENTATION('',(#11,#1210),#1540);
#1210 = MANIFOLD_SOLID_BREP('',#1211);
#1211 = CLOSED_SHELL('',(#1212,#1332,#1432,#1479,#1526,#1533));
#1212 = ADVANCED_FACE('',(#1213),#1227,.F.);
#1213 = FACE_BOUND('',#1214,.F.);
#1214 = EDGE_LOOP('',(#1215,#1250,#1278,#1306));
#1215 = ORIENTED_EDGE('',*,*,#1216,.F.);
#1216 = EDGE_CURVE('',#1217,#1219,#1221,.T.);
#1217 = VERTEX_POINT('',#1218);
#1218 = CARTESIAN_POINT('',(-0.5,-0.32,0.62));
#1219 = VERTEX_POINT('',#1220);
#1220 = CARTESIAN_POINT('',(-0.5,-0.32,0.625));
#1221 = SURFACE_CURVE('',#1222,(#1226,#1238),.PCURVE_S1.);
#1222 = LINE('',#1223,#1224);
#1223 = CARTESIAN_POINT('',(-0.5,-0.32,0.62));
#1224 = VECTOR('',#1225,1.);
#1225 = DIRECTION('',(0.,0.,1.));
#1226 = PCURVE('',#1227,#1232);
#1227 = PLANE('',#1228);
#1228 = AXIS2_PLACEMENT_3D('',#1229,#1230,#1231);
#1229 = CARTESIAN_POINT('',(-0.5,-0.32,0.62));
#1230 = DIRECTION('',(1.,0.,-0.));
#1231 = DIRECTION('',(0.,0.,1.));
#1232 = DEFINITIONAL_REPRESENTATION('',(#1233),#1237);
#1233 = LINE('',#1234,#1235);
#1234 = CARTESIAN_POINT('',(0.,0.));
#1235 = VECTOR('',#1236,1.);
#1236 = DIRECTION('',(1.,0.));
#1237 = ( GEOMETRIC_REPRESENTATION_CONTEXT(2) 
PARAMETRIC_REPRESENTATION_CONTEXT() REPRESENTATION_CONTEXT('2D SPACE',''
  ) );
#1238 = PCURVE('',#1239,#1244);
#1239 = PLANE('',#1240);
#1240 = AXIS2_PLACEMENT_3D('',#1241,#1242,#1243);
#1241 = CARTESIAN_POINT('',(-0.5,-0.32,0.62));
#1242 = DIRECTION('',(-0.,1.,0.));
#1243 = DIRECTION('',(0.,0.,1.));
#1244 = DEFINITIONAL_REPRESENTATION('',(#1245),#1249);
#1245 = LINE('',#1246,#1247);
#1246 = CARTESIAN_POINT('',(0.,0.));
#1247 = VECTOR('',#1248,1.);
#1248 = DIRECTION('',(1.,0.));
#1249 = ( GEOMETRIC_REPRESENTATION_CONTEXT(2) 
PARAMETRIC_REPRESENTATION_CONTEXT() REPRESENTATION_CONTEXT('2D SPACE',''
  ) );
#1250 = ORIENTED_EDGE('',*,*,#1251,.T.);
#1251 = EDGE_CURVE('',#1217,#1252,#1254,.T.);
#1252 = VERTEX_POINT('',#1253);
#1253 = CARTESIAN_POINT('',(-0.5,0.32,0.62));
#1254 = SURFACE_CURVE('',#1255,(#1259,#1266),.PCURVE_S1.);
#1255 = LINE('',#1256,#1257);
#1256 = CARTESIAN_POINT('',(-0.5,-0.32,0.62));
#1257 = VECTOR('',#1258,1.);
#1258 = DIRECTION('',(-0.,1.,0.));
#1259 = PCURVE('',#1227,#1260);
#1260 = DEFINITIONAL_REPRESENTATION('',(#1261),#1265);
#1261 = LINE('',#1262,#1263);
#1262 = CARTESIAN_POINT('',(0.,0.));
#1263 = VECTOR('',#1264,1.);
#1264 = DIRECTION('',(0.,-1.));
#1265 = ( GEOMETRIC_REPRESENTATION_CONTEXT(2) 
PARAMETRIC_REPRESENTATION_CONTEXT() REPRESENTATION_CONTEXT('2D SPACE',''
  ) );
#1266 = PCURVE('',#1267,#1272);
#1267 = PLANE('',#1268);
#1268 = AXIS2_PLACEMENT_3D('',#1269,#1270,#1271);
#1269 = CARTESIAN_POINT('',(-0.5,-0.32,0.62));
#1270 = DIRECTION('',(0.,0.,1.));
#1271 = DIRECTION('',(1.,0.,-0.));
#1272 = DEFINITIONAL_REPRESENTATION('',(#1273),#1277);
#1273 = LINE('',#1274,#1275);
#1274 = CARTESIAN_POINT('',(0.,0.));
#1275 = VECTOR('',#1276,1.);
#1276 = DIRECTION('',(0.,1.));
#1277 = ( GEOMETRIC_REPRESENTATION_CONTEXT(2) 
PARAMETRIC_REPRESENTATION_CONTEXT() REPRESENTATION_CONTEXT('2D SPACE',''
  ) );
#1278 = ORIENTED_EDGE('',*,*,#1279,.T.);
#1279 = EDGE_CURVE('',#1252,#1280,#1282,.T.);
#1280 = VERTEX_POINT('',#1281);
#1281 = CARTESIAN_POINT('',(-0.5,0.32,0.625));
#1282 = SURFACE_CURVE('',#1283,(#1287,#1294),.PCURVE_S1.);
#1283 = LINE('',#1284,#1285);
#1284 = CARTESIAN_POINT('',(-0.5,0.32,0.62));
#1285 = VECTOR('',#1286,1.);
#1286 = DIRECTION('',(0.,0.,1.));
#1287 = PCURVE('',#1227,#1288);
#1288 = DEFINITIONAL_REPRESENTATION('',(#1289),#1293);
#1289 = LINE('',#1290,#1291);
#1290 = CARTESIAN_POINT('',(0.,-0.64));
#1291 = VECTOR('',#1292,1.);
#1292 = DIRECTION('',(1.,0.));
#1293 = ( GEOMETRIC_REPRESENTATION_CONTEXT(2) 
PARAMETRIC_REPRESENTATION_CONTEXT() REPRESENTATION_CONTEXT('2D SPACE',''
  ) );
#1294 = PCURVE('',#1295,#1300);
#1295 = PLANE('',#1296);
#1296 = AXIS2_PLACEMENT_3D('',#1297,#1298,#1299);
#1297 = CARTESIAN_POINT('',(-0.5,0.32,0.62));
#1298 = DIRECTION('',(-0.,1.,0.));
#1299 = DIRECTION('',(0.,0.,1.));
#1300 = DEFINITIONAL_REPRESENTATION('',(#1301),#1305);
#1301 = LINE('',#1302,#1303);
#1302 = CARTESIAN_POINT('',(0.,0.));
#1303 = VECTOR('',#1304,1.);
#1304 = DIRECTION('',(1.,0.));
#1305 = ( GEOMETRIC_REPRESENTATION_CONTEXT(2) 
PARAMETRIC_REPRESENTATION_CONTEXT() REPRESENTATION_CONTEXT('2D SPACE',''
  ) );
#1306 = ORIENTED_EDGE('',*,*,#1307,.F.);
#1307 = EDGE_CURVE('',#1219,#1280,#1308,.T.);
#1308 = SURFACE_CURVE('',#1309,(#1313,#1320),.PCURVE_S1.);
#1309 = LINE('',#1310,#1311);
#1310 = CARTESIAN_POINT('',(-0.5,-0.32,0.625));
#1311 = VECTOR('',#1312,1.);
#1312 = DIRECTION('',(-0.,1.,0.));
#1313 = PCURVE('',#1227,#1314);
#1314 = DEFINITIONAL_REPRESENTATION('',(#1315),#1319);
#1315 = LINE('',#1316,#1317);
#1316 = CARTESIAN_POINT('',(5.E-03,0.));
#1317 = VECTOR('',#1318,1.);
#1318 = DIRECTION('',(0.,-1.));
#1319 = ( GEOMETRIC_REPRESENTATION_CONTEXT(2) 
PARAMETRIC_REPRESENTATION_CONTEXT() REPRESENTATION_CONTEXT('2D SPACE',''
  ) );
#1320 = PCURVE('',#1321,#1326);
#1321 = PLANE('',#1322);
#1322 = AXIS2_PLACEMENT_3D('',#1323,#1324,#1325);
#1323 = CARTESIAN_POINT('',(-0.5,-0.32,0.625));
#1324 = DIRECTION('',(0.,0.,1.));
#1325 = DIRECTION('',(1.,0.,-0.));
#1326 = DEFINITIONAL_REPRESENTATION('',(#1327),#1331);
#1327 = LINE('',#1328,#1329);
#1328 = CARTESIAN_POINT('',(0.,0.));
#1329 = VECTOR('',#1330,1.);
#1330 = DIRECTION('',(0.,1.));
#1331 = ( GEOMETRIC_REPRESENTATION_CONTEXT(2) 
PARAMETRIC_REPRESENTATION_CONTEXT() REPRESENTATION_CONTEXT('2D SPACE',''
  ) );
#1332 = ADVANCED_FACE('',(#1333),#1347,.T.);
#1333 = FACE_BOUND('',#1334,.T.);
#1334 = EDGE_LOOP('',(#1335,#1365,#1388,#1411));
#1335 = ORIENTED_EDGE('',*,*,#1336,.F.);
#1336 = EDGE_CURVE('',#1337,#1339,#1341,.T.);
#1337 = VERTEX_POINT('',#1338);
#1338 = CARTESIAN_POINT('',(-0.3,-0.32,0.62));
#1339 = VERTEX_POINT('',#1340);
#1340 = CARTESIAN_POINT('',(-0.3,-0.32,0.625));
#1341 = SURFACE_CURVE('',#1342,(#1346,#1358),.PCURVE_S1.);
#1342 = LINE('',#1343,#1344);
#1343 = CARTESIAN_POINT('',(-0.3,-0.32,0.62));
#1344 = VECTOR('',#1345,1.);
#1345 = DIRECTION('',(0.,0.,1.));
#1346 = PCURVE('',#1347,#1352);
#1347 = PLANE('',#1348);
#1348 = AXIS2_PLACEMENT_3D('',#1349,#1350,#1351);
#1349 = CARTESIAN_POINT('',(-0.3,-0.32,0.62));
#1350 = DIRECTION('',(1.,0.,-0.));
#1351 = DIRECTION('',(0.,0.,1.));
#1352 = DEFINITIONAL_REPRESENTATION('',(#1353),#1357);
#1353 = LINE('',#1354,#1355);
#1354 = CARTESIAN_POINT('',(0.,0.));
#1355 = VECTOR('',#1356,1.);
#1356 = DIRECTION('',(1.,0.));
#1357 = ( GEOMETRIC_REPRESENTATION_CONTEXT(2) 
PARAMETRIC_REPRESENTATION_CONTEXT() REPRESENTATION_CONTEXT('2D SPACE',''
  ) );
#1358 = PCURVE('',#1239,#1359);
#1359 = DEFINITIONAL_REPRESENTATION('',(#1360),#1364);
#1360 = LINE('',#1361,#1362);
#1361 = CARTESIAN_POINT('',(0.,0.2));
#1362 = VECTOR('',#1363,1.);
#1363 = DIRECTION('',(1.,0.));
#1364 = ( GEOMETRIC_REPRESENTATION_CONTEXT(2) 
PARAMETRIC_REPRESENTATION_CONTEXT() REPRESENTATION_CONTEXT('2D SPACE',''
  ) );
#1365 = ORIENTED_EDGE('',*,*,#1366,.T.);
#1366 = EDGE_CURVE('',#1337,#1367,#1369,.T.);
#1367 = VERTEX_POINT('',#1368);
#1368 = CARTESIAN_POINT('',(-0.3,0.32,0.62));
#1369 = SURFACE_CURVE('',#1370,(#1374,#1381),.PCURVE_S1.);
#1370 = LINE('',#1371,#1372);
#1371 = CARTESIAN_POINT('',(-0.3,-0.32,0.62));
#1372 = VECTOR('',#1373,1.);
#1373 = DIRECTION('',(-0.,1.,0.));
#1374 = PCURVE('',#1347,#1375);
#1375 = DEFINITIONAL_REPRESENTATION('',(#1376),#1380);
#1376 = LINE('',#1377,#1378);
#1377 = CARTESIAN_POINT('',(0.,0.));
#1378 = VECTOR('',#1379,1.);
#1379 = DIRECTION('',(0.,-1.));
#1380 = ( GEOMETRIC_REPRESENTATION_CONTEXT(2) 
PARAMETRIC_REPRESENTATION_CONTEXT() REPRESENTATION_CONTEXT('2D SPACE',''
  ) );
#1381 = PCURVE('',#1267,#1382);
#1382 = DEFINITIONAL_REPRESENTATION('',(#1383),#1387);
#1383 = LINE('',#1384,#1385);
#1384 = CARTESIAN_POINT('',(0.2,0.));
#1385 = VECTOR('',#1386,1.);
#1386 = DIRECTION('',(0.,1.));
#1387 = ( GEOMETRIC_REPRESENTATION_CONTEXT(2) 
PARAMETRIC_REPRESENTATION_CONTEXT() REPRESENTATION_CONTEXT('2D SPACE',''
  ) );
#1388 = ORIENTED_EDGE('',*,*,#1389,.T.);
#1389 = EDGE_CURVE('',#1367,#1390,#1392,.T.);
#1390 = VERTEX_POINT('',#1391);
#1391 = CARTESIAN_POINT('',(-0.3,0.32,0.625));
#1392 = SURFACE_CURVE('',#1393,(#1397,#1404),.PCURVE_S1.);
#1393 = LINE('',#1394,#1395);
#1394 = CARTESIAN_POINT('',(-0.3,0.32,0.62));
#1395 = VECTOR('',#1396,1.);
#1396 = DIRECTION('',(0.,0.,1.));
#1397 = PCURVE('',#1347,#1398);
#1398 = DEFINITIONAL_REPRESENTATION('',(#1399),#1403);
#1399 = LINE('',#1400,#1401);
#1400 = CARTESIAN_POINT('',(0.,-0.64));
#1401 = VECTOR('',#1402,1.);
#1402 = DIRECTION('',(1.,0.));
#1403 = ( GEOMETRIC_REPRESENTATION_CONTEXT(2) 
PARAMETRIC_REPRESENTATION_CONTEXT() REPRESENTATION_CONTEXT('2D SPACE',''
  ) );
#1404 = PCURVE('',#1295,#1405);
#1405 = DEFINITIONAL_REPRESENTATION('',(#1406),#1410);
#1406 = LINE('',#1407,#1408);
#1407 = CARTESIAN_POINT('',(0.,0.2));
#1408 = VECTOR('',#1409,1.);
#1409 = DIRECTION('',(1.,0.));
#1410 = ( GEOMETRIC_REPRESENTATION_CONTEXT(2) 
PARAMETRIC_REPRESENTATION_CONTEXT() REPRESENTATION_CONTEXT('2D SPACE',''
  ) );
#1411 = ORIENTED_EDGE('',*,*,#1412,.F.);
#1412 = EDGE_CURVE('',#1339,#1390,#1413,.T.);
#1413 = SURFACE_CURVE('',#1414,(#1418,#1425),.PCURVE_S1.);
#1414 = LINE('',#1415,#1416);
#1415 = CARTESIAN_POINT('',(-0.3,-0.32,0.625));
#1416 = VECTOR('',#1417,1.);
#1417 = DIRECTION('',(-0.,1.,0.));
#1418 = PCURVE('',#1347,#1419);
#1419 = DEFINITIONAL_REPRESENTATION('',(#1420),#1424);
#1420 = LINE('',#1421,#1422);
#1421 = CARTESIAN_POINT('',(5.E-03,0.));
#1422 = VECTOR('',#1423,1.);
#1423 = DIRECTION('',(0.,-1.));
#1424 = ( GEOMETRIC_REPRESENTATION_CONTEXT(2) 
PARAMETRIC_REPRESENTATION_CONTEXT() REPRESENTATION_CONTEXT('2D SPACE',''
  ) );
#1425 = PCURVE('',#1321,#1426);
#1426 = DEFINITIONAL_REPRESENTATION('',(#1427),#1431);
#1427 = LINE('',#1428,#1429);
#1428 = CARTESIAN_POINT('',(0.2,0.));
#1429 = VECTOR('',#1430,1.);
#1430 = DIRECTION('',(0.,1.));
#1431 = ( GEOMETRIC_REPRESENTATION_CONTEXT(2) 
PARAMETRIC_REPRESENTATION_CONTEXT() REPRESENTATION_CONTEXT('2D SPACE',''
  ) );
#1432 = ADVANCED_FACE('',(#1433),#1239,.F.);
#1433 = FACE_BOUND('',#1434,.F.);
#1434 = EDGE_LOOP('',(#1435,#1456,#1457,#1478));
#1435 = ORIENTED_EDGE('',*,*,#1436,.F.);
#1436 = EDGE_CURVE('',#1217,#1337,#1437,.T.);
#1437 = SURFACE_CURVE('',#1438,(#1442,#1449),.PCURVE_S1.);
#1438 = LINE('',#1439,#1440);
#1439 = CARTESIAN_POINT('',(-0.5,-0.32,0.62));
#1440 = VECTOR('',#1441,1.);
#1441 = DIRECTION('',(1.,0.,-0.));
#1442 = PCURVE('',#1239,#1443);
#1443 = DEFINITIONAL_REPRESENTATION('',(#1444),#1448);
#1444 = LINE('',#1445,#1446);
#1445 = CARTESIAN_POINT('',(0.,0.));
#1446 = VECTOR('',#1447,1.);
#1447 = DIRECTION('',(0.,1.));
#1448 = ( GEOMETRIC_REPRESENTATION_CONTEXT(2) 
PARAMETRIC_REPRESENTATION_CONTEXT() REPRESENTATION_CONTEXT('2D SPACE',''
  ) );
#1449 = PCURVE('',#1267,#1450);
#1450 = DEFINITIONAL_REPRESENTATION('',(#1451),#1455);
#1451 = LINE('',#1452,#1453);
#1452 = CARTESIAN_POINT('',(0.,0.));
#1453 = VECTOR('',#1454,1.);
#1454 = DIRECTION('',(1.,0.));
#1455 = ( GEOMETRIC_REPRESENTATION_CONTEXT(2) 
PARAMETRIC_REPRESENTATION_CONTEXT() REPRESENTATION_CONTEXT('2D SPACE',''
  ) );
#1456 = ORIENTED_EDGE('',*,*,#1216,.T.);
#1457 = ORIENTED_EDGE('',*,*,#1458,.T.);
#1458 = EDGE_CURVE('',#1219,#1339,#1459,.T.);
#1459 = SURFACE_CURVE('',#1460,(#1464,#1471),.PCURVE_S1.);
#1460 = LINE('',#1461,#1462);
#1461 = CARTESIAN_POINT('',(-0.5,-0.32,0.625));
#1462 = VECTOR('',#1463,1.);
#1463 = DIRECTION('',(1.,0.,-0.));
#1464 = PCURVE('',#1239,#1465);
#1465 = DEFINITIONAL_REPRESENTATION('',(#1466),#1470);
#1466 = LINE('',#1467,#1468);
#1467 = CARTESIAN_POINT('',(5.E-03,0.));
#1468 = VECTOR('',#1469,1.);
#1469 = DIRECTION('',(0.,1.));
#1470 = ( GEOMETRIC_REPRESENTATION_CONTEXT(2) 
PARAMETRIC_REPRESENTATION_CONTEXT() REPRESENTATION_CONTEXT('2D SPACE',''
  ) );
#1471 = PCURVE('',#1321,#1472);
#1472 = DEFINITIONAL_REPRESENTATION('',(#1473),#1477);
#1473 = LINE('',#1474,#1475);
#1474 = CARTESIAN_POINT('',(0.,0.));
#1475 = VECTOR('',#1476,1.);
#1476 = DIRECTION('',(1.,0.));
#1477 = ( GEOMETRIC_REPRESENTATION_CONTEXT(2) 
PARAMETRIC_REPRESENTATION_CONTEXT() REPRESENTATION_CONTEXT('2D SPACE',''
  ) );
#1478 = ORIENTED_EDGE('',*,*,#1336,.F.);
#1479 = ADVANCED_FACE('',(#1480),#1295,.T.);
#1480 = FACE_BOUND('',#1481,.T.);
#1481 = EDGE_LOOP('',(#1482,#1503,#1504,#1525));
#1482 = ORIENTED_EDGE('',*,*,#1483,.F.);
#1483 = EDGE_CURVE('',#1252,#1367,#1484,.T.);
#1484 = SURFACE_CURVE('',#1485,(#1489,#1496),.PCURVE_S1.);
#1485 = LINE('',#1486,#1487);
#1486 = CARTESIAN_POINT('',(-0.5,0.32,0.62));
#1487 = VECTOR('',#1488,1.);
#1488 = DIRECTION('',(1.,0.,-0.));
#1489 = PCURVE('',#1295,#1490);
#1490 = DEFINITIONAL_REPRESENTATION('',(#1491),#1495);
#1491 = LINE('',#1492,#1493);
#1492 = CARTESIAN_POINT('',(0.,0.));
#1493 = VECTOR('',#1494,1.);
#1494 = DIRECTION('',(0.,1.));
#1495 = ( GEOMETRIC_REPRESENTATION_CONTEXT(2) 
PARAMETRIC_REPRESENTATION_CONTEXT() REPRESENTATION_CONTEXT('2D SPACE',''
  ) );
#1496 = PCURVE('',#1267,#1497);
#1497 = DEFINITIONAL_REPRESENTATION('',(#1498),#1502);
#1498 = LINE('',#1499,#1500);
#1499 = CARTESIAN_POINT('',(0.,0.64));
#1500 = VECTOR('',#1501,1.);
#1501 = DIRECTION('',(1.,0.));
#1502 = ( GEOMETRIC_REPRESENTATION_CONTEXT(2) 
PARAMETRIC_REPRESENTATION_CONTEXT() REPRESENTATION_CONTEXT('2D SPACE',''
  ) );
#1503 = ORIENTED_EDGE('',*,*,#1279,.T.);
#1504 = ORIENTED_EDGE('',*,*,#1505,.T.);
#1505 = EDGE_CURVE('',#1280,#1390,#1506,.T.);
#1506 = SURFACE_CURVE('',#1507,(#1511,#1518),.PCURVE_S1.);
#1507 = LINE('',#1508,#1509);
#1508 = CARTESIAN_POINT('',(-0.5,0.32,0.625));
#1509 = VECTOR('',#1510,1.);
#1510 = DIRECTION('',(1.,0.,-0.));
#1511 = PCURVE('',#1295,#1512);
#1512 = DEFINITIONAL_REPRESENTATION('',(#1513),#1517);
#1513 = LINE('',#1514,#1515);
#1514 = CARTESIAN_POINT('',(5.E-03,0.));
#1515 = VECTOR('',#1516,1.);
#1516 = DIRECTION('',(0.,1.));
#1517 = ( GEOMETRIC_REPRESENTATION_CONTEXT(2) 
PARAMETRIC_REPRESENTATION_CONTEXT() REPRESENTATION_CONTEXT('2D SPACE',''
  ) );
#1518 = PCURVE('',#1321,#1519);
#1519 = DEFINITIONAL_REPRESENTATION('',(#1520),#1524);
#1520 = LINE('',#1521,#1522);
#1521 = CARTESIAN_POINT('',(0.,0.64));
#1522 = VECTOR('',#1523,1.);
#1523 = DIRECTION('',(1.,0.));
#1524 = ( GEOMETRIC_REPRESENTATION_CONTEXT(2) 
PARAMETRIC_REPRESENTATION_CONTEXT() REPRESENTATION_CONTEXT('2D SPACE',''
  ) );
#1525 = ORIENTED_EDGE('',*,*,#1389,.F.);
#1526 = ADVANCED_FACE('',(#1527),#1267,.F.);
#1527 = FACE_BOUND('',#1528,.F.);
#1528 = EDGE_LOOP('',(#1529,#1530,#1531,#1532));
#1529 = ORIENTED_EDGE('',*,*,#1251,.F.);
#1530 = ORIENTED_EDGE('',*,*,#1436,.T.);
#1531 = ORIENTED_EDGE('',*,*,#1366,.T.);
#1532 = ORIENTED_EDGE('',*,*,#1483,.F.);
#1533 = ADVANCED_FACE('',(#1534),#1321,.T.);
#1534 = FACE_BOUND('',#1535,.T.);
#1535 = EDGE_LOOP('',(#1536,#1537,#1538,#1539));
#1536 = ORIENTED_EDGE('',*,*,#1307,.F.);
#1537 = ORIENTED_EDGE('',*,*,#1458,.T.);
#1538 = ORIENTED_EDGE('',*,*,#1412,.T.);
#1539 = ORIENTED_EDGE('',*,*,#1505,.F.);
#1540 = ( GEOMETRIC_REPRESENTATION_CONTEXT(3) 
GLOBAL_UNCERTAINTY_ASSIGNED_CONTEXT((#1544)) 
GLOBAL_UNIT_ASSIGNED_CONTEXT((#1541,#1542,#1543)) REPRESENTATION_CONTEXT
('Context #1','3D Context with UNIT and UNCERTAINTY') );
#1541 = ( LENGTH_UNIT() NAMED_UNIT(*) SI_UNIT(.MILLI.,.METRE.) );
#1542 = ( NAMED_UNIT(*) PLANE_ANGLE_UNIT() SI_UNIT($,.RADIAN.) );
#1543 = ( NAMED_UNIT(*) SI_UNIT($,.STERADIAN.) SOLID_ANGLE_UNIT() );
#1544 = UNCERTAINTY_MEASURE_WITH_UNIT(LENGTH_MEASURE(1.E-07),#1541,
  'distance_accuracy_value','confusion accuracy');
#1545 = CONTEXT_DEPENDENT_SHAPE_REPRESENTATION(#1546,#1548);
#1546 = ( REPRESENTATION_RELATIONSHIP('','',#1209,#10) 
REPRESENTATION_RELATIONSHIP_WITH_TRANSFORMATION(#1547) 
SHAPE_REPRESENTATION_RELATIONSHIP() );
#1547 = ITEM_DEFINED_TRANSFORMATION('','',#11,#19);
#1548 = PRODUCT_DEFINITION_SHAPE('Placement','Placement of an item',
  #1549);
#1549 = NEXT_ASSEMBLY_USAGE_OCCURRENCE('2','Band','',#5,#1204,$);
#1550 = PRODUCT_RELATED_PRODUCT_CATEGORY('part',$,(#1206));
#1551 = SHAPE_DEFINITION_REPRESENTATION(#1552,#1558);
#1552 = PRODUCT_DEFINITION_SHAPE('','',#1553);
#1553 = PRODUCT_DEFINITION('design','',#1554,#1557);
#1554 = PRODUCT_DEFINITION_FORMATION('','',#1555);
#1555 = PRODUCT('Pin1','Pin1','',(#1556));
#1556 = PRODUCT_CONTEXT('',#2,'mechanical');
#1557 = PRODUCT_DEFINITION_CONTEXT('part definition',#2,'design');
#1558 = ADVANCED_BREP_SHAPE_REPRESENTATION('',(#11,#1559),#1889);
#1559 = MANIFOLD_SOLID_BREP('',#1560);
#1560 = CLOSED_SHELL('',(#1561,#1681,#1781,#1828,#1875,#1882));
#1561 = ADVANCED_FACE('',(#1562),#1576,.F.);
#1562 = FACE_BOUND('',#1563,.F.);
#1563 = EDGE_LOOP('',(#1564,#1599,#1627,#1655));
#1564 = ORIENTED_EDGE('',*,*,#1565,.F.);
#1565 = EDGE_CURVE('',#1566,#1568,#1570,.T.);
#1566 = VERTEX_POINT('',#1567);
#1567 = CARTESIAN_POINT('',(-0.81,-0.15,0.));
#1568 = VERTEX_POINT('',#1569);
#1569 = CARTESIAN_POINT('',(-0.81,-0.15,0.14));
#1570 = SURFACE_CURVE('',#1571,(#1575,#1587),.PCURVE_S1.);
#1571 = LINE('',#1572,#1573);
#1572 = CARTESIAN_POINT('',(-0.81,-0.15,0.));
#1573 = VECTOR('',#1574,1.);
#1574 = DIRECTION('',(0.,0.,1.));
#1575 = PCURVE('',#1576,#1581);
#1576 = PLANE('',#1577);
#1577 = AXIS2_PLACEMENT_3D('',#1578,#1579,#1580);
#1578 = CARTESIAN_POINT('',(-0.81,-0.15,0.));
#1579 = DIRECTION('',(1.,0.,-0.));
#1580 = DIRECTION('',(0.,0.,1.));
#1581 = DEFINITIONAL_REPRESENTATION('',(#1582),#1586);
#1582 = LINE('',#1583,#1584);
#1583 = CARTESIAN_POINT('',(0.,0.));
#1584 = VECTOR('',#1585,1.);
#1585 = DIRECTION('',(1.,0.));
#1586 = ( GEOMETRIC_REPRESENTATION_CONTEXT(2) 
PARAMETRIC_REPRESENTATION_CONTEXT() REPRESENTATION_CONTEXT('2D SPACE',''
  ) );
#1587 = PCURVE('',#1588,#1593);
#1588 = PLANE('',#1589);
#1589 = AXIS2_PLACEMENT_3D('',#1590,#1591,#1592);
#1590 = CARTESIAN_POINT('',(-0.81,-0.15,0.));
#1591 = DIRECTION('',(-0.,1.,0.));
#1592 = DIRECTION('',(0.,0.,1.));
#1593 = DEFINITIONAL_REPRESENTATION('',(#1594),#1598);
#1594 = LINE('',#1595,#1596);
#1595 = CARTESIAN_POINT('',(0.,0.));
#1596 = VECTOR('',#1597,1.);
#1597 = DIRECTION('',(1.,0.));
#1598 = ( GEOMETRIC_REPRESENTATION_CONTEXT(2) 
PARAMETRIC_REPRESENTATION_CONTEXT() REPRESENTATION_CONTEXT('2D SPACE',''
  ) );
#1599 = ORIENTED_EDGE('',*,*,#1600,.T.);
#1600 = EDGE_CURVE('',#1566,#1601,#1603,.T.);
#1601 = VERTEX_POINT('',#1602);
#1602 = CARTESIAN_POINT('',(-0.81,0.15,0.));
#1603 = SURFACE_CURVE('',#1604,(#1608,#1615),.PCURVE_S1.);
#1604 = LINE('',#1605,#1606);
#1605 = CARTESIAN_POINT('',(-0.81,-0.15,0.));
#1606 = VECTOR('',#1607,1.);
#1607 = DIRECTION('',(-0.,1.,0.));
#1608 = PCURVE('',#1576,#1609);
#1609 = DEFINITIONAL_REPRESENTATION('',(#1610),#1614);
#1610 = LINE('',#1611,#1612);
#1611 = CARTESIAN_POINT('',(0.,0.));
#1612 = VECTOR('',#1613,1.);
#1613 = DIRECTION('',(0.,-1.));
#1614 = ( GEOMETRIC_REPRESENTATION_CONTEXT(2) 
PARAMETRIC_REPRESENTATION_CONTEXT() REPRESENTATION_CONTEXT('2D SPACE',''
  ) );
#1615 = PCURVE('',#1616,#1621);
#1616 = PLANE('',#1617);
#1617 = AXIS2_PLACEMENT_3D('',#1618,#1619,#1620);
#1618 = CARTESIAN_POINT('',(-0.81,-0.15,0.));
#1619 = DIRECTION('',(0.,0.,1.));
#1620 = DIRECTION('',(1.,0.,-0.));
#1621 = DEFINITIONAL_REPRESENTATION('',(#1622),#1626);
#1622 = LINE('',#1623,#1624);
#1623 = CARTESIAN_POINT('',(0.,0.));
#1624 = VECTOR('',#1625,1.);
#1625 = DIRECTION('',(0.,1.));
#1626 = ( GEOMETRIC_REPRESENTATION_CONTEXT(2) 
PARAMETRIC_REPRESENTATION_CONTEXT() REPRESENTATION_CONTEXT('2D SPACE',''
  ) );
#1627 = ORIENTED_EDGE('',*,*,#1628,.T.);
#1628 = EDGE_CURVE('',#1601,#1629,#1631,.T.);
#1629 = VERTEX_POINT('',#1630);
#1630 = CARTESIAN_POINT('',(-0.81,0.15,0.14));
#1631 = SURFACE_CURVE('',#1632,(#1636,#1643),.PCURVE_S1.);
#1632 = LINE('',#1633,#1634);
#1633 = CARTESIAN_POINT('',(-0.81,0.15,0.));
#1634 = VECTOR('',#1635,1.);
#1635 = DIRECTION('',(0.,0.,1.));
#1636 = PCURVE('',#1576,#1637);
#1637 = DEFINITIONAL_REPRESENTATION('',(#1638),#1642);
#1638 = LINE('',#1639,#1640);
#1639 = CARTESIAN_POINT('',(0.,-0.3));
#1640 = VECTOR('',#1641,1.);
#1641 = DIRECTION('',(1.,0.));
#1642 = ( GEOMETRIC_REPRESENTATION_CONTEXT(2) 
PARAMETRIC_REPRESENTATION_CONTEXT() REPRESENTATION_CONTEXT('2D SPACE',''
  ) );
#1643 = PCURVE('',#1644,#1649);
#1644 = PLANE('',#1645);
#1645 = AXIS2_PLACEMENT_3D('',#1646,#1647,#1648);
#1646 = CARTESIAN_POINT('',(-0.81,0.15,0.));
#1647 = DIRECTION('',(-0.,1.,0.));
#1648 = DIRECTION('',(0.,0.,1.));
#1649 = DEFINITIONAL_REPRESENTATION('',(#1650),#1654);
#1650 = LINE('',#1651,#1652);
#1651 = CARTESIAN_POINT('',(0.,0.));
#1652 = VECTOR('',#1653,1.);
#1653 = DIRECTION('',(1.,0.));
#1654 = ( GEOMETRIC_REPRESENTATION_CONTEXT(2) 
PARAMETRIC_REPRESENTATION_CONTEXT() REPRESENTATION_CONTEXT('2D SPACE',''
  ) );
#1655 = ORIENTED_EDGE('',*,*,#1656,.F.);
#1656 = EDGE_CURVE('',#1568,#1629,#1657,.T.);
#1657 = SURFACE_CURVE('',#1658,(#1662,#1669),.PCURVE_S1.);
#1658 = LINE('',#1659,#1660);
#1659 = CARTESIAN_POINT('',(-0.81,-0.15,0.14));
#1660 = VECTOR('',#1661,1.);
#1661 = DIRECTION('',(-0.,1.,0.));
#1662 = PCURVE('',#1576,#1663);
#1663 = DEFINITIONAL_REPRESENTATION('',(#1664),#1668);
#1664 = LINE('',#1665,#1666);
#1665 = CARTESIAN_POINT('',(0.14,0.));
#1666 = VECTOR('',#1667,1.);
#1667 = DIRECTION('',(0.,-1.));
#1668 = ( GEOMETRIC_REPRESENTATION_CONTEXT(2) 
PARAMETRIC_REPRESENTATION_CONTEXT() REPRESENTATION_CONTEXT('2D SPACE',''
  ) );
#1669 = PCURVE('',#1670,#1675);
#1670 = PLANE('',#1671);
#1671 = AXIS2_PLACEMENT_3D('',#1672,#1673,#1674);
#1672 = CARTESIAN_POINT('',(-0.81,-0.15,0.14));
#1673 = DIRECTION('',(0.,0.,1.));
#1674 = DIRECTION('',(1.,0.,-0.));
#1675 = DEFINITIONAL_REPRESENTATION('',(#1676),#1680);
#1676 = LINE('',#1677,#1678);
#1677 = CARTESIAN_POINT('',(0.,0.));
#1678 = VECTOR('',#1679,1.);
#1679 = DIRECTION('',(0.,1.));
#1680 = ( GEOMETRIC_REPRESENTATION_CONTEXT(2) 
PARAMETRIC_REPRESENTATION_CONTEXT() REPRESENTATION_CONTEXT('2D SPACE',''
  ) );
#1681 = ADVANCED_FACE('',(#1682),#1696,.T.);
#1682 = FACE_BOUND('',#1683,.T.);
#1683 = EDGE_LOOP('',(#1684,#1714,#1737,#1760));
#1684 = ORIENTED_EDGE('',*,*,#1685,.F.);
#1685 = EDGE_CURVE('',#1686,#1688,#1690,.T.);
#1686 = VERTEX_POINT('',#1687);
#1687 = CARTESIAN_POINT('',(-0.35,-0.15,0.));
#1688 = VERTEX_POINT('',#1689);
#1689 = CARTESIAN_POINT('',(-0.35,-0.15,0.14));
#1690 = SURFACE_CURVE('',#1691,(#1695,#1707),.PCURVE_S1.);
#1691 = LINE('',#1692,#1693);
#1692 = CARTESIAN_POINT('',(-0.35,-0.15,0.));
#1693 = VECTOR('',#1694,1.);
#1694 = DIRECTION('',(0.,0.,1.));
#1695 = PCURVE('',#1696,#1701);
#1696 = PLANE('',#1697);
#1697 = AXIS2_PLACEMENT_3D('',#1698,#1699,#1700);
#1698 = CARTESIAN_POINT('',(-0.35,-0.15,0.));
#1699 = DIRECTION('',(1.,0.,-0.));
#1700 = DIRECTION('',(0.,0.,1.));
#1701 = DEFINITIONAL_REPRESENTATION('',(#1702),#1706);
#1702 = LINE('',#1703,#1704);
#1703 = CARTESIAN_POINT('',(0.,0.));
#1704 = VECTOR('',#1705,1.);
#1705 = DIRECTION('',(1.,0.));
#1706 = ( GEOMETRIC_REPRESENTATION_CONTEXT(2) 
PARAMETRIC_REPRESENTATION_CONTEXT() REPRESENTATION_CONTEXT('2D SPACE',''
  ) );
#1707 = PCURVE('',#1588,#1708);
#1708 = DEFINITIONAL_REPRESENTATION('',(#1709),#1713);
#1709 = LINE('',#1710,#1711);
#1710 = CARTESIAN_POINT('',(0.,0.46));
#1711 = VECTOR('',#1712,1.);
#1712 = DIRECTION('',(1.,0.));
#1713 = ( GEOMETRIC_REPRESENTATION_CONTEXT(2) 
PARAMETRIC_REPRESENTATION_CONTEXT() REPRESENTATION_CONTEXT('2D SPACE',''
  ) );
#1714 = ORIENTED_EDGE('',*,*,#1715,.T.);
#1715 = EDGE_CURVE('',#1686,#1716,#1718,.T.);
#1716 = VERTEX_POINT('',#1717);
#1717 = CARTESIAN_POINT('',(-0.35,0.15,0.));
#1718 = SURFACE_CURVE('',#1719,(#1723,#1730),.PCURVE_S1.);
#1719 = LINE('',#1720,#1721);
#1720 = CARTESIAN_POINT('',(-0.35,-0.15,0.));
#1721 = VECTOR('',#1722,1.);
#1722 = DIRECTION('',(-0.,1.,0.));
#1723 = PCURVE('',#1696,#1724);
#1724 = DEFINITIONAL_REPRESENTATION('',(#1725),#1729);
#1725 = LINE('',#1726,#1727);
#1726 = CARTESIAN_POINT('',(0.,0.));
#1727 = VECTOR('',#1728,1.);
#1728 = DIRECTION('',(0.,-1.));
#1729 = ( GEOMETRIC_REPRESENTATION_CONTEXT(2) 
PARAMETRIC_REPRESENTATION_CONTEXT() REPRESENTATION_CONTEXT('2D SPACE',''
  ) );
#1730 = PCURVE('',#1616,#1731);
#1731 = DEFINITIONAL_REPRESENTATION('',(#1732),#1736);
#1732 = LINE('',#1733,#1734);
#1733 = CARTESIAN_POINT('',(0.46,0.));
#1734 = VECTOR('',#1735,1.);
#1735 = DIRECTION('',(0.,1.));
#1736 = ( GEOMETRIC_REPRESENTATION_CONTEXT(2) 
PARAMETRIC_REPRESENTATION_CONTEXT() REPRESENTATION_CONTEXT('2D SPACE',''
  ) );
#1737 = ORIENTED_EDGE('',*,*,#1738,.T.);
#1738 = EDGE_CURVE('',#1716,#1739,#1741,.T.);
#1739 = VERTEX_POINT('',#1740);
#1740 = CARTESIAN_POINT('',(-0.35,0.15,0.14));
#1741 = SURFACE_CURVE('',#1742,(#1746,#1753),.PCURVE_S1.);
#1742 = LINE('',#1743,#1744);
#1743 = CARTESIAN_POINT('',(-0.35,0.15,0.));
#1744 = VECTOR('',#1745,1.);
#1745 = DIRECTION('',(0.,0.,1.));
#1746 = PCURVE('',#1696,#1747);
#1747 = DEFINITIONAL_REPRESENTATION('',(#1748),#1752);
#1748 = LINE('',#1749,#1750);
#1749 = CARTESIAN_POINT('',(0.,-0.3));
#1750 = VECTOR('',#1751,1.);
#1751 = DIRECTION('',(1.,0.));
#1752 = ( GEOMETRIC_REPRESENTATION_CONTEXT(2) 
PARAMETRIC_REPRESENTATION_CONTEXT() REPRESENTATION_CONTEXT('2D SPACE',''
  ) );
#1753 = PCURVE('',#1644,#1754);
#1754 = DEFINITIONAL_REPRESENTATION('',(#1755),#1759);
#1755 = LINE('',#1756,#1757);
#1756 = CARTESIAN_POINT('',(0.,0.46));
#1757 = VECTOR('',#1758,1.);
#1758 = DIRECTION('',(1.,0.));
#1759 = ( GEOMETRIC_REPRESENTATION_CONTEXT(2) 
PARAMETRIC_REPRESENTATION_CONTEXT() REPRESENTATION_CONTEXT('2D SPACE',''
  ) );
#1760 = ORIENTED_EDGE('',*,*,#1761,.F.);
#1761 = EDGE_CURVE('',#1688,#1739,#1762,.T.);
#1762 = SURFACE_CURVE('',#1763,(#1767,#1774),.PCURVE_S1.);
#1763 = LINE('',#1764,#1765);
#1764 = CARTESIAN_POINT('',(-0.35,-0.15,0.14));
#1765 = VECTOR('',#1766,1.);
#1766 = DIRECTION('',(-0.,1.,0.));
#1767 = PCURVE('',#1696,#1768);
#1768 = DEFINITIONAL_REPRESENTATION('',(#1769),#1773);
#1769 = LINE('',#1770,#1771);
#1770 = CARTESIAN_POINT('',(0.14,0.));
#1771 = VECTOR('',#1772,1.);
#1772 = DIRECTION('',(0.,-1.));
#1773 = ( GEOMETRIC_REPRESENTATION_CONTEXT(2) 
PARAMETRIC_REPRESENTATION_CONTEXT() REPRESENTATION_CONTEXT('2D SPACE',''
  ) );
#1774 = PCURVE('',#1670,#1775);
#1775 = DEFINITIONAL_REPRESENTATION('',(#1776),#1780);
#1776 = LINE('',#1777,#1778);
#1777 = CARTESIAN_POINT('',(0.46,0.));
#1778 = VECTOR('',#1779,1.);
#1779 = DIRECTION('',(0.,1.));
#1780 = ( GEOMETRIC_REPRESENTATION_CONTEXT(2) 
PARAMETRIC_REPRESENTATION_CONTEXT() REPRESENTATION_CONTEXT('2D SPACE',''
  ) );
#1781 = ADVANCED_FACE('',(#1782),#1588,.F.);
#1782 = FACE_BOUND('',#1783,.F.);
#1783 = EDGE_LOOP('',(#1784,#1805,#1806,#1827));
#1784 = ORIENTED_EDGE('',*,*,#1785,.F.);
#1785 = EDGE_CURVE('',#1566,#1686,#1786,.T.);
#1786 = SURFACE_CURVE('',#1787,(#1791,#1798),.PCURVE_S1.);
#1787 = LINE('',#1788,#1789);
#1788 = CARTESIAN_POINT('',(-0.81,-0.15,0.));
#1789 = VECTOR('',#1790,1.);
#1790 = DIRECTION('',(1.,0.,-0.));
#1791 = PCURVE('',#1588,#1792);
#1792 = DEFINITIONAL_REPRESENTATION('',(#1793),#1797);
#1793 = LINE('',#1794,#1795);
#1794 = CARTESIAN_POINT('',(0.,0.));
#1795 = VECTOR('',#1796,1.);
#1796 = DIRECTION('',(0.,1.));
#1797 = ( GEOMETRIC_REPRESENTATION_CONTEXT(2) 
PARAMETRIC_REPRESENTATION_CONTEXT() REPRESENTATION_CONTEXT('2D SPACE',''
  ) );
#1798 = PCURVE('',#1616,#1799);
#1799 = DEFINITIONAL_REPRESENTATION('',(#1800),#1804);
#1800 = LINE('',#1801,#1802);
#1801 = CARTESIAN_POINT('',(0.,0.));
#1802 = VECTOR('',#1803,1.);
#1803 = DIRECTION('',(1.,0.));
#1804 = ( GEOMETRIC_REPRESENTATION_CONTEXT(2) 
PARAMETRIC_REPRESENTATION_CONTEXT() REPRESENTATION_CONTEXT('2D SPACE',''
  ) );
#1805 = ORIENTED_EDGE('',*,*,#1565,.T.);
#1806 = ORIENTED_EDGE('',*,*,#1807,.T.);
#1807 = EDGE_CURVE('',#1568,#1688,#1808,.T.);
#1808 = SURFACE_CURVE('',#1809,(#1813,#1820),.PCURVE_S1.);
#1809 = LINE('',#1810,#1811);
#1810 = CARTESIAN_POINT('',(-0.81,-0.15,0.14));
#1811 = VECTOR('',#1812,1.);
#1812 = DIRECTION('',(1.,0.,-0.));
#1813 = PCURVE('',#1588,#1814);
#1814 = DEFINITIONAL_REPRESENTATION('',(#1815),#1819);
#1815 = LINE('',#1816,#1817);
#1816 = CARTESIAN_POINT('',(0.14,0.));
#1817 = VECTOR('',#1818,1.);
#1818 = DIRECTION('',(0.,1.));
#1819 = ( GEOMETRIC_REPRESENTATION_CONTEXT(2) 
PARAMETRIC_REPRESENTATION_CONTEXT() REPRESENTATION_CONTEXT('2D SPACE',''
  ) );
#1820 = PCURVE('',#1670,#1821);
#1821 = DEFINITIONAL_REPRESENTATION('',(#1822),#1826);
#1822 = LINE('',#1823,#1824);
#1823 = CARTESIAN_POINT('',(0.,0.));
#1824 = VECTOR('',#1825,1.);
#1825 = DIRECTION('',(1.,0.));
#1826 = ( GEOMETRIC_REPRESENTATION_CONTEXT(2) 
PARAMETRIC_REPRESENTATION_CONTEXT() REPRESENTATION_CONTEXT('2D SPACE',''
  ) );
#1827 = ORIENTED_EDGE('',*,*,#1685,.F.);
#1828 = ADVANCED_FACE('',(#1829),#1644,.T.);
#1829 = FACE_BOUND('',#1830,.T.);
#1830 = EDGE_LOOP('',(#1831,#1852,#1853,#1874));
#1831 = ORIENTED_EDGE('',*,*,#1832,.F.);
#1832 = EDGE_CURVE('',#1601,#1716,#1833,.T.);
#1833 = SURFACE_CURVE('',#1834,(#1838,#1845),.PCURVE_S1.);
#1834 = LINE('',#1835,#1836);
#1835 = CARTESIAN_POINT('',(-0.81,0.15,0.));
#1836 = VECTOR('',#1837,1.);
#1837 = DIRECTION('',(1.,0.,-0.));
#1838 = PCURVE('',#1644,#1839);
#1839 = DEFINITIONAL_REPRESENTATION('',(#1840),#1844);
#1840 = LINE('',#1841,#1842);
#1841 = CARTESIAN_POINT('',(0.,0.));
#1842 = VECTOR('',#1843,1.);
#1843 = DIRECTION('',(0.,1.));
#1844 = ( GEOMETRIC_REPRESENTATION_CONTEXT(2) 
PARAMETRIC_REPRESENTATION_CONTEXT() REPRESENTATION_CONTEXT('2D SPACE',''
  ) );
#1845 = PCURVE('',#1616,#1846);
#1846 = DEFINITIONAL_REPRESENTATION('',(#1847),#1851);
#1847 = LINE('',#1848,#1849);
#1848 = CARTESIAN_POINT('',(0.,0.3));
#1849 = VECTOR('',#1850,1.);
#1850 = DIRECTION('',(1.,0.));
#1851 = ( GEOMETRIC_REPRESENTATION_CONTEXT(2) 
PARAMETRIC_REPRESENTATION_CONTEXT() REPRESENTATION_CONTEXT('2D SPACE',''
  ) );
#1852 = ORIENTED_EDGE('',*,*,#1628,.T.);
#1853 = ORIENTED_EDGE('',*,*,#1854,.T.);
#1854 = EDGE_CURVE('',#1629,#1739,#1855,.T.);
#1855 = SURFACE_CURVE('',#1856,(#1860,#1867),.PCURVE_S1.);
#1856 = LINE('',#1857,#1858);
#1857 = CARTESIAN_POINT('',(-0.81,0.15,0.14));
#1858 = VECTOR('',#1859,1.);
#1859 = DIRECTION('',(1.,0.,-0.));
#1860 = PCURVE('',#1644,#1861);
#1861 = DEFINITIONAL_REPRESENTATION('',(#1862),#1866);
#1862 = LINE('',#1863,#1864);
#1863 = CARTESIAN_POINT('',(0.14,0.));
#1864 = VECTOR('',#1865,1.);
#1865 = DIRECTION('',(0.,1.));
#1866 = ( GEOMETRIC_REPRESENTATION_CONTEXT(2) 
PARAMETRIC_REPRESENTATION_CONTEXT() REPRESENTATION_CONTEXT('2D SPACE',''
  ) );
#1867 = PCURVE('',#1670,#1868);
#1868 = DEFINITIONAL_REPRESENTATION('',(#1869),#1873);
#1869 = LINE('',#1870,#1871);
#1870 = CARTESIAN_POINT('',(0.,0.3));
#1871 = VECTOR('',#1872,1.);
#1872 = DIRECTION('',(1.,0.));
#1873 = ( GEOMETRIC_REPRESENTATION_CONTEXT(2) 
PARAMETRIC_REPRESENTATION_CONTEXT() REPRESENTATION_CONTEXT('2D SPACE',''
  ) );
#1874 = ORIENTED_EDGE('',*,*,#1738,.F.);
#1875 = ADVANCED_FACE('',(#1876),#1616,.F.);
#1876 = FACE_BOUND('',#1877,.F.);
#1877 = EDGE_LOOP('',(#1878,#1879,#1880,#1881));
#1878 = ORIENTED_EDGE('',*,*,#1600,.F.);
#1879 = ORIENTED_EDGE('',*,*,#1785,.T.);
#1880 = ORIENTED_EDGE('',*,*,#1715,.T.);
#1881 = ORIENTED_EDGE('',*,*,#1832,.F.);
#1882 = ADVANCED_FACE('',(#1883),#1670,.T.);
#1883 = FACE_BOUND('',#1884,.T.);
#1884 = EDGE_LOOP('',(#1885,#1886,#1887,#1888));
#1885 = ORIENTED_EDGE('',*,*,#1656,.F.);
#1886 = ORIENTED_EDGE('',*,*,#1807,.T.);
#1887 = ORIENTED_EDGE('',*,*,#1761,.T.);
#1888 = ORIENTED_EDGE('',*,*,#1854,.F.);
#1889 = ( GEOMETRIC_REPRESENTATION_CONTEXT(3) 
GLOBAL_UNCERTAINTY_ASSIGNED_CONTEXT((#1893)) 
GLOBAL_UNIT_ASSIGNED_CONTEXT((#1890,#1891,#1892)) REPRESENTATION_CONTEXT
('Context #1','3D Context with UNIT and UNCERTAINTY') );
#1890 = ( LENGTH_UNIT() NAMED_UNIT(*) SI_UNIT(.MILLI.,.METRE.) );
#1891 = ( NAMED_UNIT(*) PLANE_ANGLE_UNIT() SI_UNIT($,.RADIAN.) );
#1892 = ( NAMED_UNIT(*) SI_UNIT($,.STERADIAN.) SOLID_ANGLE_UNIT() );
#1893 = UNCERTAINTY_MEASURE_WITH_UNIT(LENGTH_MEASURE(1.E-07),#1890,
  'distance_accuracy_value','confusion accuracy');
#1894 = CONTEXT_DEPENDENT_SHAPE_REPRESENTATION(#1895,#1897);
#1895 = ( REPRESENTATION_RELATIONSHIP('','',#1558,#10) 
REPRESENTATION_RELATIONSHIP_WITH_TRANSFORMATION(#1896) 
SHAPE_REPRESENTATION_RELATIONSHIP() );
#1896 = ITEM_DEFINED_TRANSFORMATION('','',#11,#23);
#1897 = PRODUCT_DEFINITION_SHAPE('Placement','Placement of an item',
  #1898);
#1898 = NEXT_ASSEMBLY_USAGE_OCCURRENCE('3','Pin1','',#5,#1553,$);
#1899 = PRODUCT_RELATED_PRODUCT_CATEGORY('part',$,(#1555));
#1900 = SHAPE_DEFINITION_REPRESENTATION(#1901,#1907);
#1901 = PRODUCT_DEFINITION_SHAPE('','',#1902);
#1902 = PRODUCT_DEFINITION('design','',#1903,#1906);
#1903 = PRODUCT_DEFINITION_FORMATION('','',#1904);
#1904 = PRODUCT('Pin2','Pin2','',(#1905));
#1905 = PRODUCT_CONTEXT('',#2,'mechanical');
#1906 = PRODUCT_DEFINITION_CONTEXT('part definition',#2,'design');
#1907 = ADVANCED_BREP_SHAPE_REPRESENTATION('',(#11,#1908),#2238);
#1908 = MANIFOLD_SOLID_BREP('',#1909);
#1909 = CLOSED_SHELL('',(#1910,#2030,#2130,#2177,#2224,#2231));
#1910 = ADVANCED_FACE('',(#1911),#1925,.F.);
#1911 = FACE_BOUND('',#1912,.F.);
#1912 = EDGE_LOOP('',(#1913,#1948,#1976,#2004));
#1913 = ORIENTED_EDGE('',*,*,#1914,.F.);
#1914 = EDGE_CURVE('',#1915,#1917,#1919,.T.);
#1915 = VERTEX_POINT('',#1916);
#1916 = CARTESIAN_POINT('',(0.35,-0.15,0.));
#1917 = VERTEX_POINT('',#1918);
#1918 = CARTESIAN_POINT('',(0.35,-0.15,0.14));
#1919 = SURFACE_CURVE('',#1920,(#1924,#1936),.PCURVE_S1.);
#1920 = LINE('',#1921,#1922);
#1921 = CARTESIAN_POINT('',(0.35,-0.15,0.));
#1922 = VECTOR('',#1923,1.);
#1923 = DIRECTION('',(0.,0.,1.));
#1924 = PCURVE('',#1925,#1930);
#1925 = PLANE('',#1926);
#1926 = AXIS2_PLACEMENT_3D('',#1927,#1928,#1929);
#1927 = CARTESIAN_POINT('',(0.35,-0.15,0.));
#1928 = DIRECTION('',(1.,0.,-0.));
#1929 = DIRECTION('',(0.,0.,1.));
#1930 = DEFINITIONAL_REPRESENTATION('',(#1931),#1935);
#1931 = LINE('',#1932,#1933);
#1932 = CARTESIAN_POINT('',(0.,0.));
#1933 = VECTOR('',#1934,1.);
#1934 = DIRECTION('',(1.,0.));
#1935 = ( GEOMETRIC_REPRESENTATION_CONTEXT(2) 
PARAMETRIC_REPRESENTATION_CONTEXT() REPRESENTATION_CONTEXT('2D SPACE',''
  ) );
#1936 = PCURVE('',#1937,#1942);
#1937 = PLANE('',#1938);
#1938 = AXIS2_PLACEMENT_3D('',#1939,#1940,#1941);
#1939 = CARTESIAN_POINT('',(0.35,-0.15,0.));
#1940 = DIRECTION('',(-0.,1.,0.));
#1941 = DIRECTION('',(0.,0.,1.));
#1942 = DEFINITIONAL_REPRESENTATION('',(#1943),#1947);
#1943 = LINE('',#1944,#1945);
#1944 = CARTESIAN_POINT('',(0.,0.));
#1945 = VECTOR('',#1946,1.);
#1946 = DIRECTION('',(1.,0.));
#1947 = ( GEOMETRIC_REPRESENTATION_CONTEXT(2) 
PARAMETRIC_REPRESENTATION_CONTEXT() REPRESENTATION_CONTEXT('2D SPACE',''
  ) );
#1948 = ORIENTED_EDGE('',*,*,#1949,.T.);
#1949 = EDGE_CURVE('',#1915,#1950,#1952,.T.);
#1950 = VERTEX_POINT('',#1951);
#1951 = CARTESIAN_POINT('',(0.35,0.15,0.));
#1952 = SURFACE_CURVE('',#1953,(#1957,#1964),.PCURVE_S1.);
#1953 = LINE('',#1954,#1955);
#1954 = CARTESIAN_POINT('',(0.35,-0.15,0.));
#1955 = VECTOR('',#1956,1.);
#1956 = DIRECTION('',(-0.,1.,0.));
#1957 = PCURVE('',#1925,#1958);
#1958 = DEFINITIONAL_REPRESENTATION('',(#1959),#1963);
#1959 = LINE('',#1960,#1961);
#1960 = CARTESIAN_POINT('',(0.,0.));
#1961 = VECTOR('',#1962,1.);
#1962 = DIRECTION('',(0.,-1.));
#1963 = ( GEOMETRIC_REPRESENTATION_CONTEXT(2) 
PARAMETRIC_REPRESENTATION_CONTEXT() REPRESENTATION_CONTEXT('2D SPACE',''
  ) );
#1964 = PCURVE('',#1965,#1970);
#1965 = PLANE('',#1966);
#1966 = AXIS2_PLACEMENT_3D('',#1967,#1968,#1969);
#1967 = CARTESIAN_POINT('',(0.35,-0.15,0.));
#1968 = DIRECTION('',(0.,0.,1.));
#1969 = DIRECTION('',(1.,0.,-0.));
#1970 = DEFINITIONAL_REPRESENTATION('',(#1971),#1975);
#1971 = LINE('',#1972,#1973);
#1972 = CARTESIAN_POINT('',(0.,0.));
#1973 = VECTOR('',#1974,1.);
#1974 = DIRECTION('',(0.,1.));
#1975 = ( GEOMETRIC_REPRESENTATION_CONTEXT(2) 
PARAMETRIC_REPRESENTATION_CONTEXT() REPRESENTATION_CONTEXT('2D SPACE',''
  ) );
#1976 = ORIENTED_EDGE('',*,*,#1977,.T.);
#1977 = EDGE_CURVE('',#1950,#1978,#1980,.T.);
#1978 = VERTEX_POINT('',#1979);
#1979 = CARTESIAN_POINT('',(0.35,0.15,0.14));
#1980 = SURFACE_CURVE('',#1981,(#1985,#1992),.PCURVE_S1.);
#1981 = LINE('',#1982,#1983);
#1982 = CARTESIAN_POINT('',(0.35,0.15,0.));
#1983 = VECTOR('',#1984,1.);
#1984 = DIRECTION('',(0.,0.,1.));
#1985 = PCURVE('',#1925,#1986);
#1986 = DEFINITIONAL_REPRESENTATION('',(#1987),#1991);
#1987 = LINE('',#1988,#1989);
#1988 = CARTESIAN_POINT('',(0.,-0.3));
#1989 = VECTOR('',#1990,1.);
#1990 = DIRECTION('',(1.,0.));
#1991 = ( GEOMETRIC_REPRESENTATION_CONTEXT(2) 
PARAMETRIC_REPRESENTATION_CONTEXT() REPRESENTATION_CONTEXT('2D SPACE',''
  ) );
#1992 = PCURVE('',#1993,#1998);
#1993 = PLANE('',#1994);
#1994 = AXIS2_PLACEMENT_3D('',#1995,#1996,#1997);
#1995 = CARTESIAN_POINT('',(0.35,0.15,0.));
#1996 = DIRECTION('',(-0.,1.,0.));
#1997 = DIRECTION('',(0.,0.,1.));
#1998 = DEFINITIONAL_REPRESENTATION('',(#1999),#2003);
#1999 = LINE('',#2000,#2001);
#2000 = CARTESIAN_POINT('',(0.,0.));
#2001 = VECTOR('',#2002,1.);
#2002 = DIRECTION('',(1.,0.));
#2003 = ( GEOMETRIC_REPRESENTATION_CONTEXT(2) 
PARAMETRIC_REPRESENTATION_CONTEXT() REPRESENTATION_CONTEXT('2D SPACE',''
  ) );
#2004 = ORIENTED_EDGE('',*,*,#2005,.F.);
#2005 = EDGE_CURVE('',#1917,#1978,#2006,.T.);
#2006 = SURFACE_CURVE('',#2007,(#2011,#2018),.PCURVE_S1.);
#2007 = LINE('',#2008,#2009);
#2008 = CARTESIAN_POINT('',(0.35,-0.15,0.14));
#2009 = VECTOR('',#2010,1.);
#2010 = DIRECTION('',(-0.,1.,0.));
#2011 = PCURVE('',#1925,#2012);
#2012 = DEFINITIONAL_REPRESENTATION('',(#2013),#2017);
#2013 = LINE('',#2014,#2015);
#2014 = CARTESIAN_POINT('',(0.14,0.));
#2015 = VECTOR('',#2016,1.);
#2016 = DIRECTION('',(0.,-1.));
#2017 = ( GEOMETRIC_REPRESENTATION_CONTEXT(2) 
PARAMETRIC_REPRESENTATION_CONTEXT() REPRESENTATION_CONTEXT('2D SPACE',''
  ) );
#2018 = PCURVE('',#2019,#2024);
#2019 = PLANE('',#2020);
#2020 = AXIS2_PLACEMENT_3D('',#2021,#2022,#2023);
#2021 = CARTESIAN_POINT('',(0.35,-0.15,0.14));
#2022 = DIRECTION('',(0.,0.,1.));
#2023 = DIRECTION('',(1.,0.,-0.));
#2024 = DEFINITIONAL_REPRESENTATION('',(#2025),#2029);
#2025 = LINE('',#2026,#2027);
#2026 = CARTESIAN_POINT('',(0.,0.));
#2027 = VECTOR('',#2028,1.);
#2028 = DIRECTION('',(0.,1.));
#2029 = ( GEOMETRIC_REPRESENTATION_CONTEXT(2) 
PARAMETRIC_REPRESENTATION_CONTEXT() REPRESENTATION_CONTEXT('2D SPACE',''
  ) );
#2030 = ADVANCED_FACE('',(#2031),#2045,.T.);
#2031 = FACE_BOUND('',#2032,.T.);
#2032 = EDGE_LOOP('',(#2033,#2063,#2086,#2109));
#2033 = ORIENTED_EDGE('',*,*,#2034,.F.);
#2034 = EDGE_CURVE('',#2035,#2037,#2039,.T.);
#2035 = VERTEX_POINT('',#2036);
#2036 = CARTESIAN_POINT('',(0.81,-0.15,0.));
#2037 = VERTEX_POINT('',#2038);
#2038 = CARTESIAN_POINT('',(0.81,-0.15,0.14));
#2039 = SURFACE_CURVE('',#2040,(#2044,#2056),.PCURVE_S1.);
#2040 = LINE('',#2041,#2042);
#2041 = CARTESIAN_POINT('',(0.81,-0.15,0.));
#2042 = VECTOR('',#2043,1.);
#2043 = DIRECTION('',(0.,0.,1.));
#2044 = PCURVE('',#2045,#2050);
#2045 = PLANE('',#2046);
#2046 = AXIS2_PLACEMENT_3D('',#2047,#2048,#2049);
#2047 = CARTESIAN_POINT('',(0.81,-0.15,0.));
#2048 = DIRECTION('',(1.,0.,-0.));
#2049 = DIRECTION('',(0.,0.,1.));
#2050 = DEFINITIONAL_REPRESENTATION('',(#2051),#2055);
#2051 = LINE('',#2052,#2053);
#2052 = CARTESIAN_POINT('',(0.,0.));
#2053 = VECTOR('',#2054,1.);
#2054 = DIRECTION('',(1.,0.));
#2055 = ( GEOMETRIC_REPRESENTATION_CONTEXT(2) 
PARAMETRIC_REPRESENTATION_CONTEXT() REPRESENTATION_CONTEXT('2D SPACE',''
  ) );
#2056 = PCURVE('',#1937,#2057);
#2057 = DEFINITIONAL_REPRESENTATION('',(#2058),#2062);
#2058 = LINE('',#2059,#2060);
#2059 = CARTESIAN_POINT('',(0.,0.46));
#2060 = VECTOR('',#2061,1.);
#2061 = DIRECTION('',(1.,0.));
#2062 = ( GEOMETRIC_REPRESENTATION_CONTEXT(2) 
PARAMETRIC_REPRESENTATION_CONTEXT() REPRESENTATION_CONTEXT('2D SPACE',''
  ) );
#2063 = ORIENTED_EDGE('',*,*,#2064,.T.);
#2064 = EDGE_CURVE('',#2035,#2065,#2067,.T.);
#2065 = VERTEX_POINT('',#2066);
#2066 = CARTESIAN_POINT('',(0.81,0.15,0.));
#2067 = SURFACE_CURVE('',#2068,(#2072,#2079),.PCURVE_S1.);
#2068 = LINE('',#2069,#2070);
#2069 = CARTESIAN_POINT('',(0.81,-0.15,0.));
#2070 = VECTOR('',#2071,1.);
#2071 = DIRECTION('',(-0.,1.,0.));
#2072 = PCURVE('',#2045,#2073);
#2073 = DEFINITIONAL_REPRESENTATION('',(#2074),#2078);
#2074 = LINE('',#2075,#2076);
#2075 = CARTESIAN_POINT('',(0.,0.));
#2076 = VECTOR('',#2077,1.);
#2077 = DIRECTION('',(0.,-1.));
#2078 = ( GEOMETRIC_REPRESENTATION_CONTEXT(2) 
PARAMETRIC_REPRESENTATION_CONTEXT() REPRESENTATION_CONTEXT('2D SPACE',''
  ) );
#2079 = PCURVE('',#1965,#2080);
#2080 = DEFINITIONAL_REPRESENTATION('',(#2081),#2085);
#2081 = LINE('',#2082,#2083);
#2082 = CARTESIAN_POINT('',(0.46,0.));
#2083 = VECTOR('',#2084,1.);
#2084 = DIRECTION('',(0.,1.));
#2085 = ( GEOMETRIC_REPRESENTATION_CONTEXT(2) 
PARAMETRIC_REPRESENTATION_CONTEXT() REPRESENTATION_CONTEXT('2D SPACE',''
  ) );
#2086 = ORIENTED_EDGE('',*,*,#2087,.T.);
#2087 = EDGE_CURVE('',#2065,#2088,#2090,.T.);
#2088 = VERTEX_POINT('',#2089);
#2089 = CARTESIAN_POINT('',(0.81,0.15,0.14));
#2090 = SURFACE_CURVE('',#2091,(#2095,#2102),.PCURVE_S1.);
#2091 = LINE('',#2092,#2093);
#2092 = CARTESIAN_POINT('',(0.81,0.15,0.));
#2093 = VECTOR('',#2094,1.);
#2094 = DIRECTION('',(0.,0.,1.));
#2095 = PCURVE('',#2045,#2096);
#2096 = DEFINITIONAL_REPRESENTATION('',(#2097),#2101);
#2097 = LINE('',#2098,#2099);
#2098 = CARTESIAN_POINT('',(0.,-0.3));
#2099 = VECTOR('',#2100,1.);
#2100 = DIRECTION('',(1.,0.));
#2101 = ( GEOMETRIC_REPRESENTATION_CONTEXT(2) 
PARAMETRIC_REPRESENTATION_CONTEXT() REPRESENTATION_CONTEXT('2D SPACE',''
  ) );
#2102 = PCURVE('',#1993,#2103);
#2103 = DEFINITIONAL_REPRESENTATION('',(#2104),#2108);
#2104 = LINE('',#2105,#2106);
#2105 = CARTESIAN_POINT('',(0.,0.46));
#2106 = VECTOR('',#2107,1.);
#2107 = DIRECTION('',(1.,0.));
#2108 = ( GEOMETRIC_REPRESENTATION_CONTEXT(2) 
PARAMETRIC_REPRESENTATION_CONTEXT() REPRESENTATION_CONTEXT('2D SPACE',''
  ) );
#2109 = ORIENTED_EDGE('',*,*,#2110,.F.);
#2110 = EDGE_CURVE('',#2037,#2088,#2111,.T.);
#2111 = SURFACE_CURVE('',#2112,(#2116,#2123),.PCURVE_S1.);
#2112 = LINE('',#2113,#2114);
#2113 = CARTESIAN_POINT('',(0.81,-0.15,0.14));
#2114 = VECTOR('',#2115,1.);
#2115 = DIRECTION('',(-0.,1.,0.));
#2116 = PCURVE('',#2045,#2117);
#2117 = DEFINITIONAL_REPRESENTATION('',(#2118),#2122);
#2118 = LINE('',#2119,#2120);
#2119 = CARTESIAN_POINT('',(0.14,0.));
#2120 = VECTOR('',#2121,1.);
#2121 = DIRECTION('',(0.,-1.));
#2122 = ( GEOMETRIC_REPRESENTATION_CONTEXT(2) 
PARAMETRIC_REPRESENTATION_CONTEXT() REPRESENTATION_CONTEXT('2D SPACE',''
  ) );
#2123 = PCURVE('',#2019,#2124);
#2124 = DEFINITIONAL_REPRESENTATION('',(#2125),#2129);
#2125 = LINE('',#2126,#2127);
#2126 = CARTESIAN_POINT('',(0.46,0.));
#2127 = VECTOR('',#2128,1.);
#2128 = DIRECTION('',(0.,1.));
#2129 = ( GEOMETRIC_REPRESENTATION_CONTEXT(2) 
PARAMETRIC_REPRESENTATION_CONTEXT() REPRESENTATION_CONTEXT('2D SPACE',''
  ) );
#2130 = ADVANCED_FACE('',(#2131),#1937,.F.);
#2131 = FACE_BOUND('',#2132,.F.);
#2132 = EDGE_LOOP('',(#2133,#2154,#2155,#2176));
#2133 = ORIENTED_EDGE('',*,*,#2134,.F.);
#2134 = EDGE_CURVE('',#1915,#2035,#2135,.T.);
#2135 = SURFACE_CURVE('',#2136,(#2140,#2147),.PCURVE_S1.);
#2136 = LINE('',#2137,#2138);
#2137 = CARTESIAN_POINT('',(0.35,-0.15,0.));
#2138 = VECTOR('',#2139,1.);
#2139 = DIRECTION('',(1.,0.,-0.));
#2140 = PCURVE('',#1937,#2141);
#2141 = DEFINITIONAL_REPRESENTATION('',(#2142),#2146);
#2142 = LINE('',#2143,#2144);
#2143 = CARTESIAN_POINT('',(0.,0.));
#2144 = VECTOR('',#2145,1.);
#2145 = DIRECTION('',(0.,1.));
#2146 = ( GEOMETRIC_REPRESENTATION_CONTEXT(2) 
PARAMETRIC_REPRESENTATION_CONTEXT() REPRESENTATION_CONTEXT('2D SPACE',''
  ) );
#2147 = PCURVE('',#1965,#2148);
#2148 = DEFINITIONAL_REPRESENTATION('',(#2149),#2153);
#2149 = LINE('',#2150,#2151);
#2150 = CARTESIAN_POINT('',(0.,0.));
#2151 = VECTOR('',#2152,1.);
#2152 = DIRECTION('',(1.,0.));
#2153 = ( GEOMETRIC_REPRESENTATION_CONTEXT(2) 
PARAMETRIC_REPRESENTATION_CONTEXT() REPRESENTATION_CONTEXT('2D SPACE',''
  ) );
#2154 = ORIENTED_EDGE('',*,*,#1914,.T.);
#2155 = ORIENTED_EDGE('',*,*,#2156,.T.);
#2156 = EDGE_CURVE('',#1917,#2037,#2157,.T.);
#2157 = SURFACE_CURVE('',#2158,(#2162,#2169),.PCURVE_S1.);
#2158 = LINE('',#2159,#2160);
#2159 = CARTESIAN_POINT('',(0.35,-0.15,0.14));
#2160 = VECTOR('',#2161,1.);
#2161 = DIRECTION('',(1.,0.,-0.));
#2162 = PCURVE('',#1937,#2163);
#2163 = DEFINITIONAL_REPRESENTATION('',(#2164),#2168);
#2164 = LINE('',#2165,#2166);
#2165 = CARTESIAN_POINT('',(0.14,0.));
#2166 = VECTOR('',#2167,1.);
#2167 = DIRECTION('',(0.,1.));
#2168 = ( GEOMETRIC_REPRESENTATION_CONTEXT(2) 
PARAMETRIC_REPRESENTATION_CONTEXT() REPRESENTATION_CONTEXT('2D SPACE',''
  ) );
#2169 = PCURVE('',#2019,#2170);
#2170 = DEFINITIONAL_REPRESENTATION('',(#2171),#2175);
#2171 = LINE('',#2172,#2173);
#2172 = CARTESIAN_POINT('',(0.,0.));
#2173 = VECTOR('',#2174,1.);
#2174 = DIRECTION('',(1.,0.));
#2175 = ( GEOMETRIC_REPRESENTATION_CONTEXT(2) 
PARAMETRIC_REPRESENTATION_CONTEXT() REPRESENTATION_CONTEXT('2D SPACE',''
  ) );
#2176 = ORIENTED_EDGE('',*,*,#2034,.F.);
#2177 = ADVANCED_FACE('',(#2178),#1993,.T.);
#2178 = FACE_BOUND('',#2179,.T.);
#2179 = EDGE_LOOP('',(#2180,#2201,#2202,#2223));
#2180 = ORIENTED_EDGE('',*,*,#2181,.F.);
#2181 = EDGE_CURVE('',#1950,#2065,#2182,.T.);
#2182 = SURFACE_CURVE('',#2183,(#2187,#2194),.PCURVE_S1.);
#2183 = LINE('',#2184,#2185);
#2184 = CARTESIAN_POINT('',(0.35,0.15,0.));
#2185 = VECTOR('',#2186,1.);
#2186 = DIRECTION('',(1.,0.,-0.));
#2187 = PCURVE('',#1993,#2188);
#2188 = DEFINITIONAL_REPRESENTATION('',(#2189),#2193);
#2189 = LINE('',#2190,#2191);
#2190 = CARTESIAN_POINT('',(0.,0.));
#2191 = VECTOR('',#2192,1.);
#2192 = DIRECTION('',(0.,1.));
#2193 = ( GEOMETRIC_REPRESENTATION_CONTEXT(2) 
PARAMETRIC_REPRESENTATION_CONTEXT() REPRESENTATION_CONTEXT('2D SPACE',''
  ) );
#2194 = PCURVE('',#1965,#2195);
#2195 = DEFINITIONAL_REPRESENTATION('',(#2196),#2200);
#2196 = LINE('',#2197,#2198);
#2197 = CARTESIAN_POINT('',(0.,0.3));
#2198 = VECTOR('',#2199,1.);
#2199 = DIRECTION('',(1.,0.));
#2200 = ( GEOMETRIC_REPRESENTATION_CONTEXT(2) 
PARAMETRIC_REPRESENTATION_CONTEXT() REPRESENTATION_CONTEXT('2D SPACE',''
  ) );
#2201 = ORIENTED_EDGE('',*,*,#1977,.T.);
#2202 = ORIENTED_EDGE('',*,*,#2203,.T.);
#2203 = EDGE_CURVE('',#1978,#2088,#2204,.T.);
#2204 = SURFACE_CURVE('',#2205,(#2209,#2216),.PCURVE_S1.);
#2205 = LINE('',#2206,#2207);
#2206 = CARTESIAN_POINT('',(0.35,0.15,0.14));
#2207 = VECTOR('',#2208,1.);
#2208 = DIRECTION('',(1.,0.,-0.));
#2209 = PCURVE('',#1993,#2210);
#2210 = DEFINITIONAL_REPRESENTATION('',(#2211),#2215);
#2211 = LINE('',#2212,#2213);
#2212 = CARTESIAN_POINT('',(0.14,0.));
#2213 = VECTOR('',#2214,1.);
#2214 = DIRECTION('',(0.,1.));
#2215 = ( GEOMETRIC_REPRESENTATION_CONTEXT(2) 
PARAMETRIC_REPRESENTATION_CONTEXT() REPRESENTATION_CONTEXT('2D SPACE',''
  ) );
#2216 = PCURVE('',#2019,#2217);
#2217 = DEFINITIONAL_REPRESENTATION('',(#2218),#2222);
#2218 = LINE('',#2219,#2220);
#2219 = CARTESIAN_POINT('',(0.,0.3));
#2220 = VECTOR('',#2221,1.);
#2221 = DIRECTION('',(1.,0.));
#2222 = ( GEOMETRIC_REPRESENTATION_CONTEXT(2) 
PARAMETRIC_REPRESENTATION_CONTEXT() REPRESENTATION_CONTEXT('2D SPACE',''
  ) );
#2223 = ORIENTED_EDGE('',*,*,#2087,.F.);
#2224 = ADVANCED_FACE('',(#2225),#1965,.F.);
#2225 = FACE_BOUND('',#2226,.F.);
#2226 = EDGE_LOOP('',(#2227,#2228,#2229,#2230));
#2227 = ORIENTED_EDGE('',*,*,#1949,.F.);
#2228 = ORIENTED_EDGE('',*,*,#2134,.T.);
#2229 = ORIENTED_EDGE('',*,*,#2064,.T.);
#2230 = ORIENTED_EDGE('',*,*,#2181,.F.);
#2231 = ADVANCED_FACE('',(#2232),#2019,.T.);
#2232 = FACE_BOUND('',#2233,.T.);
#2233 = EDGE_LOOP('',(#2234,#2235,#2236,#2237));
#2234 = ORIENTED_EDGE('',*,*,#2005,.F.);
#2235 = ORIENTED_EDGE('',*,*,#2156,.T.);
#2236 = ORIENTED_EDGE('',*,*,#2110,.T.);
#2237 = ORIENTED_EDGE('',*,*,#2203,.F.);
#2238 = ( GEOMETRIC_REPRESENTATION_CONTEXT(3) 
GLOBAL_UNCERTAINTY_ASSIGNED_CONTEXT((#2242)) 
GLOBAL_UNIT_ASSIGNED_CONTEXT((#2239,#2240,#2241)) REPRESENTATION_CONTEXT
('Context #1','3D Context with UNIT and UNCERTAINTY') );
#2239 = ( LENGTH_UNIT() NAMED_UNIT(*) SI_UNIT(.MILLI.,.METRE.) );
#2240 = ( NAMED_UNIT(*) PLANE_ANGLE_UNIT() SI_UNIT($,.RADIAN.) );
#2241 = ( NAMED_UNIT(*) SI_UNIT($,.STERADIAN.) SOLID_ANGLE_UNIT() );
#2242 = UNCERTAINTY_MEASURE_WITH_UNIT(LENGTH_MEASURE(1.E-07),#2239,
  'distance_accuracy_value','confusion accuracy');
#2243 = CONTEXT_DEPENDENT_SHAPE_REPRESENTATION(#2244,#2246);
#2244 = ( REPRESENTATION_RELATIONSHIP('','',#1907,#10) 
REPRESENTATION_RELATIONSHIP_WITH_TRANSFORMATION(#2245) 
SHAPE_REPRESENTATION_RELATIONSHIP() );
#2245 = ITEM_DEFINED_TRANSFORMATION('','',#11,#27);
#2246 = PRODUCT_DEFINITION_SHAPE('Placement','Placement of an item',
  #2247);
#2247 = NEXT_ASSEMBLY_USAGE_OCCURRENCE('4','Pin2','',#5,#1902,$);
#2248 = PRODUCT_RELATED_PRODUCT_CATEGORY('part',$,(#1904));
#2249 = COLOUR_RGB('',0.1,0.1,0.1);
#2250 = FILL_AREA_STYLE_COLOUR('',#2249);
#2251 = FILL_AREA_STYLE('',(#2250));
#2252 = SURFACE_STYLE_FILL_AREA(#2251);
#2253 = SURFACE_SIDE_STYLE('',(#2252));
#2254 = SURFACE_STYLE_USAGE(.BOTH.,#2253);
#2255 = PRESENTATION_STYLE_ASSIGNMENT((#2254));
#2256 = STYLED_ITEM('color',(#2255),#45);
#2257 = MECHANICAL_DESIGN_GEOMETRIC_PRESENTATION_REPRESENTATION('',(#2256),#1191);
#2258 = COLOUR_RGB('',0.85,0.85,0.85);
#2259 = FILL_AREA_STYLE_COLOUR('',#2258);
#2260 = FILL_AREA_STYLE('',(#2259));
#2261 = SURFACE_STYLE_FILL_AREA(#2260);
#2262 = SURFACE_SIDE_STYLE('',(#2261));
#2263 = SURFACE_STYLE_USAGE(.BOTH.,#2262);
#2264 = PRESENTATION_STYLE_ASSIGNMENT((#2263));
#2265 = STYLED_ITEM('color',(#2264),#1210);
#2266 = MECHANICAL_DESIGN_GEOMETRIC_PRESENTATION_REPRESENTATION('',(#2265),#1540);
#2267 = COLOUR_RGB('',0.82,0.82,0.85);
#2268 = FILL_AREA_STYLE_COLOUR('',#2267);
#2269 = FILL_AREA_STYLE('',(#2268));
#2270 = SURFACE_STYLE_FILL_AREA(#2269);
#2271 = SURFACE_SIDE_STYLE('',(#2270));
#2272 = SURFACE_STYLE_USAGE(.BOTH.,#2271);
#2273 = PRESENTATION_STYLE_ASSIGNMENT((#2272));
#2274 = STYLED_ITEM('color',(#2273),#1559);
#2275 = MECHANICAL_DESIGN_GEOMETRIC_PRESENTATION_REPRESENTATION('',(#2274),#1889);
#2276 = COLOUR_RGB('',0.82,0.82,0.85);
#2277 = FILL_AREA_STYLE_COLOUR('',#2276);
#2278 = FILL_AREA_STYLE('',(#2277));
#2279 = SURFACE_STYLE_FILL_AREA(#2278);
#2280 = SURFACE_SIDE_STYLE('',(#2279));
#2281 = SURFACE_STYLE_USAGE(.BOTH.,#2280);
#2282 = PRESENTATION_STYLE_ASSIGNMENT((#2281));
#2283 = STYLED_ITEM('color',(#2282),#1908);
#2284 = MECHANICAL_DESIGN_GEOMETRIC_PRESENTATION_REPRESENTATION('',(#2283),#2238);
ENDSEC;
END-ISO-10303-21;
